timestamp,rate,mark_price
2020-01-17 08:00:00,0.0001,
2020-01-17 16:00:00,0.00409343,
2020-01-18 00:00:00,0.00167371,
2020-01-18 08:00:00,0.00038697,
2020-01-18 16:00:00,0.0001,
2020-01-19 00:00:00,0.0001,
2020-01-19 08:00:00,0.0001,
2020-01-19 16:00:00,0.00024236,
2020-01-20 00:00:00,0.0001,
2020-01-20 08:00:00,0.0001,
2020-01-20 16:00:00,0.0001,
2020-01-21 00:00:00,0.0001,
2020-01-21 08:00:00,0.0001,
2020-01-21 16:00:00,0.0,
2020-01-22 00:00:00,0.0,
2020-01-22 08:00:00,0.0,
2020-01-22 16:00:00,0.0,
2020-01-23 00:00:00,0.00143734,
2020-01-23 08:00:00,0.00371786,
2020-01-23 16:00:00,0.00221705,
2020-01-24 00:00:00,0.00155528,
2020-01-24 08:00:00,0.00037708,
2020-01-24 16:00:00,0.0,
2020-01-25 00:00:00,0.0,
2020-01-25 08:00:00,0.0,
2020-01-25 16:00:00,0.00298262,
2020-01-26 00:00:00,0.00135796,
2020-01-26 08:00:00,0.00025309,
2020-01-26 16:00:00,0.0,
2020-01-27 00:00:00,0.0,
2020-01-27 08:00:00,0.0,
2020-01-27 16:00:00,0.0,
2020-01-28 00:00:00,0.0,
2020-01-28 08:00:00,0.0,
2020-01-28 16:00:00,0.0,
2020-01-29 00:00:00,0.00010548,
2020-01-29 08:00:00,0.00219522,
2020-01-29 16:00:00,0.00061622,
2020-01-30 00:00:00,0.0,
2020-01-30 08:00:00,0.00047883,
2020-01-30 16:00:00,0.0,
2020-01-31 00:00:00,0.0,
2020-01-31 08:00:00,0.00054312,
2020-01-31 16:00:00,0.00245159,
2020-02-01 00:00:00,0.00108462,
2020-02-01 08:00:00,0.0017312,
2020-02-01 16:00:00,0.00048394,
2020-02-02 00:00:00,0.0,
2020-02-02 08:00:00,0.0,
2020-02-02 16:00:00,0.0,
2020-02-03 00:00:00,0.00016181,
2020-02-03 08:00:00,0.0,
2020-02-03 16:00:00,0.0,
2020-02-04 00:00:00,0.00023249,
2020-02-04 08:00:00,0.00024878,
2020-02-04 16:00:00,0.00078991,
2020-02-05 00:00:00,0.00035389,
2020-02-05 08:00:00,0.00019977,
2020-02-05 16:00:00,7.234e-05,
2020-02-06 00:00:00,0.00069867,
2020-02-06 08:00:00,0.00106287,
2020-02-06 16:00:00,0.00248768,
2020-02-07 00:00:00,0.00236885,
2020-02-07 08:00:00,0.00187824,
2020-02-07 16:00:00,0.00019588,
2020-02-08 00:00:00,0.0,
2020-02-08 08:00:00,0.0,
2020-02-08 16:00:00,0.0,
2020-02-09 00:00:00,0.0,
2020-02-09 08:00:00,0.00118945,
2020-02-09 16:00:00,0.00314824,
2020-02-10 00:00:00,0.00227184,
2020-02-10 08:00:00,0.00181394,
2020-02-10 16:00:00,0.00107746,
2020-02-11 00:00:00,0.00095643,
2020-02-11 08:00:00,0.00045756,
2020-02-11 16:00:00,0.00017335,
2020-02-12 00:00:00,0.00286768,
2020-02-12 08:00:00,0.00321015,
2020-02-12 16:00:00,0.00104156,
2020-02-13 00:00:00,0.004444,
2020-02-13 08:00:00,0.00352039,
2020-02-13 16:00:00,0.00120184,
2020-02-14 00:00:00,0.00155127,
2020-02-14 08:00:00,0.00151322,
2020-02-14 16:00:00,0.00055468,
2020-02-15 00:00:00,0.00101008,
2020-02-15 08:00:00,0.00052831,
2020-02-15 16:00:00,0.00060642,
2020-02-16 00:00:00,0.0,
2020-02-16 08:00:00,0.0,
2020-02-16 16:00:00,0.0,
2020-02-17 00:00:00,-0.00071501,
2020-02-17 08:00:00,0.0,
2020-02-17 16:00:00,0.00069902,
2020-02-18 00:00:00,0.00087201,
2020-02-18 08:00:00,0.00046752,
2020-02-18 16:00:00,0.00025794,
2020-02-19 00:00:00,0.000355,
2020-02-19 08:00:00,0.00167673,
2020-02-19 16:00:00,0.00179558,
2020-02-20 00:00:00,0.00031796,
2020-02-20 08:00:00,0.0,
2020-02-20 16:00:00,0.0,
2020-02-21 00:00:00,0.0,
2020-02-21 08:00:00,0.0,
2020-02-21 16:00:00,0.0,
2020-02-22 00:00:00,0.0,
2020-02-22 08:00:00,0.0,
2020-02-22 16:00:00,0.0,
2020-02-23 00:00:00,0.0,
2020-02-23 08:00:00,0.0,
2020-02-23 16:00:00,0.0,
2020-02-24 00:00:00,6.393e-05,
2020-02-24 08:00:00,0.00031602,
2020-02-24 16:00:00,0.0,
2020-02-25 00:00:00,0.0,
2020-02-25 08:00:00,0.00013417,
2020-02-25 16:00:00,0.0,
2020-02-26 00:00:00,0.0,
2020-02-26 08:00:00,0.0,
2020-02-26 16:00:00,0.0,
2020-02-27 00:00:00,-0.00015148,
2020-02-27 08:00:00,0.0,
2020-02-27 16:00:00,-0.00104881,
2020-02-28 00:00:00,-0.00056683,
2020-02-28 08:00:00,-1.78e-05,
2020-02-28 16:00:00,0.0,
2020-02-29 00:00:00,0.0,
2020-02-29 08:00:00,-6.664e-05,
2020-02-29 16:00:00,-0.00128714,
2020-03-01 00:00:00,-0.00028419,
2020-03-01 08:00:00,0.0,
2020-03-01 16:00:00,0.0,
2020-03-02 00:00:00,0.0,
2020-03-02 08:00:00,-0.00103757,
2020-03-02 16:00:00,-0.00339958,
2020-03-03 00:00:00,-0.00215893,
2020-03-03 08:00:00,-0.00038958,
2020-03-03 16:00:00,0.0,
2020-03-04 00:00:00,0.0,
2020-03-04 08:00:00,0.0,
2020-03-04 16:00:00,-0.00103559,
2020-03-05 00:00:00,-0.0022364,
2020-03-05 08:00:00,-0.00031444,
2020-03-05 16:00:00,0.0,
2020-03-06 00:00:00,0.0,
2020-03-06 08:00:00,0.0,
2020-03-06 16:00:00,0.0,
2020-03-07 00:00:00,0.0,
2020-03-07 08:00:00,0.0,
2020-03-07 16:00:00,0.0,
2020-03-08 00:00:00,0.0,
2020-03-08 08:00:00,0.0,
2020-03-08 16:00:00,0.0,
2020-03-09 00:00:00,-0.00380973,
2020-03-09 08:00:00,-0.00014454,
2020-03-09 16:00:00,0.0,
2020-03-10 00:00:00,0.0,
2020-03-10 08:00:00,0.0,
2020-03-10 16:00:00,-0.00149536,
2020-03-11 00:00:00,-0.00091803,
2020-03-11 08:00:00,-1.674e-05,
2020-03-11 16:00:00,0.0,
2020-03-12 00:00:00,0.0,
2020-03-12 08:00:00,0.0,
2020-03-12 16:00:00,-0.00225138,
2020-03-13 00:00:00,-0.00108296,
2020-03-13 08:00:00,-0.00032812,
2020-03-13 16:00:00,-0.0002559,
2020-03-14 00:00:00,-0.00029488,
2020-03-14 08:00:00,-0.00076993,
2020-03-14 16:00:00,-0.00101128,
2020-03-15 00:00:00,-0.00037008,
2020-03-15 08:00:00,-0.00086663,
2020-03-15 16:00:00,-0.00063076,
2020-03-16 00:00:00,-0.00013914,
2020-03-16 08:00:00,-0.00059713,
2020-03-16 16:00:00,-0.00167373,
2020-03-17 00:00:00,-0.00023142,
2020-03-17 08:00:00,-0.00023393,
2020-03-17 16:00:00,-0.0007691,
2020-03-18 00:00:00,-0.00192197,
2020-03-18 08:00:00,-0.00213865,
2020-03-18 16:00:00,-0.00034239,
2020-03-19 00:00:00,0.0,
2020-03-19 08:00:00,0.0,
2020-03-19 16:00:00,-0.00010727,
2020-03-20 00:00:00,0.0,
2020-03-20 08:00:00,0.0,
2020-03-20 16:00:00,0.0,
2020-03-21 00:00:00,0.0,
2020-03-21 08:00:00,0.0,
2020-03-21 16:00:00,0.0,
2020-03-22 00:00:00,0.0,
2020-03-22 08:00:00,0.0,
2020-03-22 16:00:00,0.0,
2020-03-23 00:00:00,-0.00029747,
2020-03-23 08:00:00,0.0,
2020-03-23 16:00:00,-0.0003556,
2020-03-24 00:00:00,0.0,
2020-03-24 08:00:00,0.0,
2020-03-24 16:00:00,0.0,
2020-03-25 00:00:00,0.0,
2020-03-25 08:00:00,0.0,
2020-03-25 16:00:00,0.0,
2020-03-26 00:00:00,0.0,
2020-03-26 08:00:00,0.0,
2020-03-26 16:00:00,0.0,
2020-03-27 00:00:00,0.0,
2020-03-27 08:00:00,0.0,
2020-03-27 16:00:00,0.0,
2020-03-28 00:00:00,0.0,
2020-03-28 08:00:00,0.0,
2020-03-28 16:00:00,-0.00085164,
2020-03-29 00:00:00,-0.00146773,
2020-03-29 08:00:00,-0.00075994,
2020-03-29 16:00:00,-8.413e-05,
2020-03-30 00:00:00,0.0,
2020-03-30 08:00:00,-0.00042167,
2020-03-30 16:00:00,-0.00106751,
2020-03-31 00:00:00,-0.00086847,
2020-03-31 08:00:00,-4.5e-07,
2020-03-31 16:00:00,0.0,
2020-04-01 00:00:00,0.0,
2020-04-01 08:00:00,0.0,
2020-04-01 16:00:00,0.0,
2020-04-02 00:00:00,0.0,
2020-04-02 08:00:00,0.0,
2020-04-02 16:00:00,0.0,
2020-04-03 00:00:00,0.0,
2020-04-03 08:00:00,0.0,
2020-04-03 16:00:00,0.0,
2020-04-04 00:00:00,0.0,
2020-04-04 08:00:00,0.0,
2020-04-04 16:00:00,0.0,
2020-04-05 00:00:00,0.0,
2020-04-05 08:00:00,0.0,
2020-04-05 16:00:00,0.0,
2020-04-06 00:00:00,0.0,
2020-04-06 08:00:00,0.0,
2020-04-06 16:00:00,0.0,
2020-04-07 00:00:00,0.0,
2020-04-07 08:00:00,0.0,
2020-04-07 16:00:00,0.0,
2020-04-08 00:00:00,0.0,
2020-04-08 08:00:00,0.0,
2020-04-08 16:00:00,0.0,
2020-04-09 00:00:00,-6.112e-05,
2020-04-09 08:00:00,0.0,
2020-04-09 16:00:00,0.0,
2020-04-10 00:00:00,0.0,
2020-04-10 08:00:00,0.0,
2020-04-10 16:00:00,0.0,
2020-04-11 00:00:00,-0.00025236,
2020-04-11 08:00:00,-0.00017544,
2020-04-11 16:00:00,-0.00056368,
2020-04-12 00:00:00,-0.00049027,
2020-04-12 08:00:00,0.0,
2020-04-12 16:00:00,-0.00017472,
2020-04-13 00:00:00,-0.00122643,
2020-04-13 08:00:00,-0.00080059,
2020-04-13 16:00:00,-0.0016458,
2020-04-14 00:00:00,-0.00114753,
2020-04-14 08:00:00,-0.00057948,
2020-04-14 16:00:00,-0.00075944,
2020-04-15 00:00:00,-0.00075858,
2020-04-15 08:00:00,-0.00163899,
2020-04-15 16:00:00,-0.00056334,
2020-04-16 00:00:00,-0.00063007,
2020-04-16 08:00:00,-0.00138555,
2020-04-16 16:00:00,-4.836e-05,
2020-04-17 00:00:00,0.0,
2020-04-17 08:00:00,0.0,
2020-04-17 16:00:00,0.0,
2020-04-18 00:00:00,0.0,
2020-04-18 08:00:00,0.0,
2020-04-18 16:00:00,0.0,
2020-04-19 00:00:00,0.0,
2020-04-19 08:00:00,0.0,
2020-04-19 16:00:00,0.0,
2020-04-20 00:00:00,0.0,
2020-04-20 08:00:00,0.0,
2020-04-20 16:00:00,0.0,
2020-04-21 00:00:00,0.0,
2020-04-21 08:00:00,0.0,
2020-04-21 16:00:00,0.0,
2020-04-22 00:00:00,-3.54e-06,
2020-04-22 08:00:00,-0.00051167,
2020-04-22 16:00:00,-0.00053015,
2020-04-23 00:00:00,0.0,
2020-04-23 08:00:00,0.0,
2020-04-23 16:00:00,0.0,
2020-04-24 00:00:00,0.00112463,
2020-04-24 08:00:00,0.00025807,
2020-04-24 16:00:00,0.000369,
2020-04-25 00:00:00,0.00043908,
2020-04-25 08:00:00,0.00058927,
2020-04-25 16:00:00,3.336e-05,
2020-04-26 00:00:00,0.0,
2020-04-26 08:00:00,0.0,
2020-04-26 16:00:00,0.0,
2020-04-27 00:00:00,0.00030431,
2020-04-27 08:00:00,0.0,
2020-04-27 16:00:00,0.0,
2020-04-28 00:00:00,0.0,
2020-04-28 08:00:00,0.0,
2020-04-28 16:00:00,2.515e-05,
2020-04-29 00:00:00,1.456e-05,
2020-04-29 08:00:00,3.155e-05,
2020-04-29 16:00:00,0.0007955,
2020-04-30 00:00:00,0.00189799,
2020-04-30 08:00:00,0.00115048,
2020-04-30 16:00:00,0.00038593,
2020-05-01 00:00:00,0.00030771,
2020-05-01 08:00:00,0.00016749,
2020-05-01 16:00:00,0.00051263,
2020-05-02 00:00:00,0.00059411,
2020-05-02 08:00:00,0.00022322,
2020-05-02 16:00:00,0.00013678,
2020-05-03 00:00:00,0.00038359,
2020-05-03 08:00:00,0.00034626,
2020-05-03 16:00:00,0.0,
2020-05-04 00:00:00,0.0,
2020-05-04 08:00:00,0.00041725,
2020-05-04 16:00:00,1.27e-05,
2020-05-05 00:00:00,0.0,
2020-05-05 08:00:00,0.00046364,
2020-05-05 16:00:00,0.00033146,
2020-05-06 00:00:00,0.00025567,
2020-05-06 08:00:00,0.0,
2020-05-06 16:00:00,0.00080515,
2020-05-07 00:00:00,0.00037414,
2020-05-07 08:00:00,8.123e-05,
2020-05-07 16:00:00,0.00023597,
2020-05-08 00:00:00,0.00126485,
2020-05-08 08:00:00,0.00059952,
2020-05-08 16:00:00,0.00065908,
2020-05-09 00:00:00,0.00039577,
2020-05-09 08:00:00,0.0,
2020-05-09 16:00:00,0.00017669,
2020-05-10 00:00:00,0.00080157,
2020-05-10 08:00:00,0.0,
2020-05-10 16:00:00,0.0,
2020-05-11 00:00:00,0.0,
2020-05-11 08:00:00,5.225e-05,
2020-05-11 16:00:00,0.00010271,
2020-05-12 00:00:00,0.0,
2020-05-12 08:00:00,0.0,
2020-05-12 16:00:00,0.0,
2020-05-13 00:00:00,0.0,
2020-05-13 08:00:00,0.0,
2020-05-13 16:00:00,0.0,
2020-05-14 00:00:00,0.0,
2020-05-14 08:00:00,0.0,
2020-05-14 16:00:00,5.976e-05,
2020-05-15 00:00:00,0.0,
2020-05-15 08:00:00,0.0,
2020-05-15 16:00:00,0.0,
2020-05-16 00:00:00,0.0,
2020-05-16 08:00:00,0.0,
2020-05-16 16:00:00,0.0,
2020-05-17 00:00:00,0.0,
2020-05-17 08:00:00,0.0,
2020-05-17 16:00:00,0.0,
2020-05-18 00:00:00,0.0,
2020-05-18 08:00:00,0.0,
2020-05-18 16:00:00,0.0,
2020-05-19 00:00:00,0.00021433,
2020-05-19 08:00:00,2.957e-05,
2020-05-19 16:00:00,0.00015165,
2020-05-20 00:00:00,2.02e-06,
2020-05-20 08:00:00,0.0,
2020-05-20 16:00:00,0.0,
2020-05-21 00:00:00,0.0,
2020-05-21 08:00:00,0.0,
2020-05-21 16:00:00,7.356e-05,
2020-05-22 00:00:00,0.0,
2020-05-22 08:00:00,0.0,
2020-05-22 16:00:00,0.0,
2020-05-23 00:00:00,0.0,
2020-05-23 08:00:00,0.0,
2020-05-23 16:00:00,0.0,
2020-05-24 00:00:00,0.0,
2020-05-24 08:00:00,0.0,
2020-05-24 16:00:00,0.0,
2020-05-25 00:00:00,0.0,
2020-05-25 08:00:00,0.0,
2020-05-25 16:00:00,0.0,
2020-05-26 00:00:00,0.0,
2020-05-26 08:00:00,0.0,
2020-05-26 16:00:00,9.868e-05,
2020-05-27 00:00:00,7.56e-05,
2020-05-27 08:00:00,0.0,
2020-05-27 16:00:00,0.0,
2020-05-28 00:00:00,0.0,
2020-05-28 08:00:00,0.00011916,
2020-05-28 16:00:00,0.0,
2020-05-29 00:00:00,0.0,
2020-05-29 08:00:00,0.0,
2020-05-29 16:00:00,0.0,
2020-05-30 00:00:00,0.0,
2020-05-30 08:00:00,0.0,
2020-05-30 16:00:00,0.0,
2020-05-31 00:00:00,0.0,
2020-05-31 08:00:00,0.0,
2020-05-31 16:00:00,0.0,
2020-06-01 00:00:00,0.0,
2020-06-01 08:00:00,0.0,
2020-06-01 16:00:00,0.0,
2020-06-02 00:00:00,0.00106958,
2020-06-02 08:00:00,0.00040914,
2020-06-02 16:00:00,0.00045156,
2020-06-03 00:00:00,0.0,
2020-06-03 08:00:00,0.0,
2020-06-03 16:00:00,0.0,
2020-06-04 00:00:00,0.00021402,
2020-06-04 08:00:00,0.00042609,
2020-06-04 16:00:00,0.00042955,
2020-06-05 00:00:00,0.00039364,
2020-06-05 08:00:00,0.00010399,
2020-06-05 16:00:00,0.00040405,
2020-06-06 00:00:00,0.00056489,
2020-06-06 08:00:00,0.00041407,
2020-06-06 16:00:00,0.00013802,
2020-06-07 00:00:00,0.00015597,
2020-06-07 08:00:00,0.00026139,
2020-06-07 16:00:00,0.00034522,
2020-06-08 00:00:00,0.00027915,
2020-06-08 08:00:00,0.00014776,
2020-06-08 16:00:00,0.00040131,
2020-06-09 00:00:00,0.00014199,
2020-06-09 08:00:00,0.00026444,
2020-06-09 16:00:00,0.00055833,
2020-06-10 00:00:00,0.00045905,
2020-06-10 08:00:00,0.00039291,
2020-06-10 16:00:00,0.00041497,
2020-06-11 00:00:00,0.00079984,
2020-06-11 08:00:00,0.00025701,
2020-06-11 16:00:00,0.00068566,
2020-06-12 00:00:00,0.0,
2020-06-12 08:00:00,0.0,
2020-06-12 16:00:00,0.0,
2020-06-13 00:00:00,0.0,
2020-06-13 08:00:00,0.0,
2020-06-13 16:00:00,0.0,
2020-06-14 00:00:00,0.0,
2020-06-14 08:00:00,0.0,
2020-06-14 16:00:00,0.0,
2020-06-15 00:00:00,1.117e-05,
2020-06-15 08:00:00,0.0,
2020-06-15 16:00:00,0.0,
2020-06-16 00:00:00,0.0,
2020-06-16 08:00:00,0.0,
2020-06-16 16:00:00,0.0,
2020-06-17 00:00:00,0.0,
2020-06-17 08:00:00,0.0,
2020-06-17 16:00:00,0.0,
2020-06-18 00:00:00,0.0,
2020-06-18 08:00:00,0.0,
2020-06-18 16:00:00,0.0,
2020-06-19 00:00:00,0.0,
2020-06-19 08:00:00,0.0,
2020-06-19 16:00:00,0.0,
2020-06-20 00:00:00,0.0,
2020-06-20 08:00:00,0.0,
2020-06-20 16:00:00,0.0,
2020-06-21 00:00:00,0.0,
2020-06-21 08:00:00,0.0,
2020-06-21 16:00:00,0.0,
2020-06-22 00:00:00,0.0,
2020-06-22 08:00:00,0.0,
2020-06-22 16:00:00,0.0,
2020-06-23 00:00:00,0.0,
2020-06-23 08:00:00,0.0,
2020-06-23 16:00:00,-2.766e-05,
2020-06-24 00:00:00,0.0,
2020-06-24 08:00:00,0.0,
2020-06-24 16:00:00,0.0,
2020-06-25 00:00:00,0.0,
2020-06-25 08:00:00,0.0,
2020-06-25 16:00:00,0.0,
2020-06-26 00:00:00,0.0,
2020-06-26 08:00:00,0.0,
2020-06-26 16:00:00,0.0,
2020-06-27 00:00:00,0.0,
2020-06-27 08:00:00,0.0,
2020-06-27 16:00:00,0.0,
2020-06-28 00:00:00,0.0,
2020-06-28 08:00:00,0.0,
2020-06-28 16:00:00,0.0,
2020-06-29 00:00:00,0.0,
2020-06-29 08:00:00,0.0,
2020-06-29 16:00:00,0.0,
2020-06-30 00:00:00,0.0,
2020-06-30 08:00:00,0.0,
2020-06-30 16:00:00,0.0,
2020-07-01 00:00:00,0.0,
2020-07-01 08:00:00,0.0,
2020-07-01 16:00:00,0.0,
2020-07-02 00:00:00,0.0,
2020-07-02 08:00:00,0.0,
2020-07-02 16:00:00,0.0,
2020-07-03 00:00:00,0.0,
2020-07-03 08:00:00,0.0,
2020-07-03 16:00:00,0.0,
2020-07-04 00:00:00,0.0,
2020-07-04 08:00:00,0.0,
2020-07-04 16:00:00,0.0,
2020-07-05 00:00:00,0.0,
2020-07-05 08:00:00,0.0,
2020-07-05 16:00:00,0.0,
2020-07-06 00:00:00,0.0,
2020-07-06 08:00:00,0.0,
2020-07-06 16:00:00,0.0,
2020-07-07 00:00:00,0.00014755,
2020-07-07 08:00:00,0.0,
2020-07-07 16:00:00,0.00025301,
2020-07-08 00:00:00,0.00030362,
2020-07-08 08:00:00,0.00075542,
2020-07-08 16:00:00,0.00062289,
2020-07-09 00:00:00,0.00026235,
2020-07-09 08:00:00,0.0003876,
2020-07-09 16:00:00,0.00037984,
2020-07-10 00:00:00,0.0,
2020-07-10 08:00:00,0.00013326,
2020-07-10 16:00:00,7.884e-05,
2020-07-11 00:00:00,0.0,
2020-07-11 08:00:00,0.0,
2020-07-11 16:00:00,0.0,
2020-07-12 00:00:00,0.0,
2020-07-12 08:00:00,0.0,
2020-07-12 16:00:00,0.0,
2020-07-13 00:00:00,-0.0003721,
2020-07-13 08:00:00,0.00012727,
2020-07-13 16:00:00,0.00060635,
2020-07-14 00:00:00,0.0,
2020-07-14 08:00:00,-0.0001494,
2020-07-14 16:00:00,-0.00031961,
2020-07-15 00:00:00,-0.00052444,
2020-07-15 08:00:00,-0.00094403,
2020-07-15 16:00:00,-0.00040283,
2020-07-16 00:00:00,-0.00061189,
2020-07-16 08:00:00,-0.00084178,
2020-07-16 16:00:00,-0.00128681,
2020-07-17 00:00:00,-0.00018502,
2020-07-17 08:00:00,-0.00015365,
2020-07-17 16:00:00,0.0,
2020-07-18 00:00:00,0.0,
2020-07-18 08:00:00,0.0,
2020-07-18 16:00:00,0.0,
2020-07-19 00:00:00,0.0,
2020-07-19 08:00:00,0.0,
2020-07-19 16:00:00,0.0,
2020-07-20 00:00:00,0.0,
2020-07-20 08:00:00,0.0,
2020-07-20 16:00:00,0.0,
2020-07-21 00:00:00,0.0,
2020-07-21 08:00:00,0.0,
2020-07-21 16:00:00,0.0,
2020-07-22 00:00:00,0.0,
2020-07-22 08:00:00,0.0,
2020-07-22 16:00:00,0.0,
2020-07-23 00:00:00,0.0,
2020-07-23 08:00:00,-1.983e-05,
2020-07-23 16:00:00,-0.00105126,
2020-07-24 00:00:00,-0.00059294,
2020-07-24 08:00:00,-0.00015046,
2020-07-24 16:00:00,0.0,
2020-07-25 00:00:00,0.0,
2020-07-25 08:00:00,0.0,
2020-07-25 16:00:00,0.0,
2020-07-26 00:00:00,0.0,
2020-07-26 08:00:00,0.00032268,
2020-07-26 16:00:00,0.0,
2020-07-27 00:00:00,0.0,
2020-07-27 08:00:00,0.0,
2020-07-27 16:00:00,-0.00043596,
2020-07-28 00:00:00,-0.00084412,
2020-07-28 08:00:00,-6.114e-05,
2020-07-28 16:00:00,0.0,
2020-07-29 00:00:00,0.0,
2020-07-29 08:00:00,-0.00030848,
2020-07-29 16:00:00,0.0,
2020-07-30 00:00:00,0.0,
2020-07-30 08:00:00,0.0,
2020-07-30 16:00:00,0.0,
2020-07-31 00:00:00,0.0,
2020-07-31 08:00:00,-0.00132421,
2020-07-31 16:00:00,-6.494e-05,
2020-08-01 00:00:00,-0.00010463,
2020-08-01 08:00:00,-0.00029864,
2020-08-01 16:00:00,-0.00012112,
2020-08-02 00:00:00,0.0,
2020-08-02 08:00:00,-0.00162444,
2020-08-02 16:00:00,-0.00077224,
2020-08-03 00:00:00,-0.00034018,
2020-08-03 08:00:00,-0.00027946,
2020-08-03 16:00:00,0.0,
2020-08-04 00:00:00,0.0,
2020-08-04 08:00:00,-0.0005958,
2020-08-04 16:00:00,-0.00227819,
2020-08-05 00:00:00,-0.00230693,
2020-08-05 08:00:00,-0.0012084,
2020-08-05 16:00:00,0.0,
2020-08-06 00:00:00,0.0,
2020-08-06 08:00:00,-0.0005717,
2020-08-06 16:00:00,0.0,
2020-08-07 00:00:00,0.0,
2020-08-07 08:00:00,-0.00021035,
2020-08-07 16:00:00,-0.0004502,
2020-08-08 00:00:00,-0.00043911,
2020-08-08 08:00:00,-0.0010062,
2020-08-08 16:00:00,-0.0011273,
2020-08-09 00:00:00,0.00122344,
2020-08-09 08:00:00,5.95e-05,
2020-08-09 16:00:00,0.0,
2020-08-10 00:00:00,0.0,
2020-08-10 08:00:00,0.00056979,
2020-08-10 16:00:00,0.00025662,
2020-08-11 00:00:00,0.0,
2020-08-11 08:00:00,0.00033713,
2020-08-11 16:00:00,0.00037614,
2020-08-12 00:00:00,0.0001,
2020-08-12 08:00:00,0.0001,
2020-08-12 16:00:00,0.0001,
2020-08-13 00:00:00,0.0001,
2020-08-13 08:00:00,0.0001,
2020-08-13 16:00:00,-1.552e-05,
2020-08-14 00:00:00,0.0001,
2020-08-14 08:00:00,0.00016288,
2020-08-14 16:00:00,0.00029142,
2020-08-15 00:00:00,0.0001,
2020-08-15 08:00:00,0.00021288,
2020-08-15 16:00:00,0.00023024,
2020-08-16 00:00:00,0.00058834,
2020-08-16 08:00:00,0.0001,
2020-08-16 16:00:00,0.0001,
2020-08-17 00:00:00,0.0002934,
2020-08-17 08:00:00,0.00065316,
2020-08-17 16:00:00,0.00157,
2020-08-18 00:00:00,0.00209314,
2020-08-18 08:00:00,0.00078557,
2020-08-18 16:00:00,0.00028873,
2020-08-19 00:00:00,0.00040158,
2020-08-19 08:00:00,0.0001,
2020-08-19 16:00:00,0.00048448,
2020-08-20 00:00:00,0.00024258,
2020-08-20 08:00:00,0.00034102,
2020-08-20 16:00:00,0.00090894,
2020-08-21 00:00:00,0.0014198,
2020-08-21 08:00:00,0.00053421,
2020-08-21 16:00:00,0.00093988,
2020-08-22 00:00:00,0.00071146,
2020-08-22 08:00:00,0.00039141,
2020-08-22 16:00:00,0.0001,
2020-08-23 00:00:00,0.0001,
2020-08-23 08:00:00,0.0001,
2020-08-23 16:00:00,0.0001,
2020-08-24 00:00:00,0.00021642,
2020-08-24 08:00:00,0.00036461,
2020-08-24 16:00:00,0.00072878,
2020-08-25 00:00:00,0.00064304,
2020-08-25 08:00:00,0.00023494,
2020-08-25 16:00:00,0.00047787,
2020-08-26 00:00:00,0.00012573,
2020-08-26 08:00:00,0.00015235,
2020-08-26 16:00:00,0.00062102,
2020-08-27 00:00:00,0.00035171,
2020-08-27 08:00:00,0.00042253,
2020-08-27 16:00:00,0.00042018,
2020-08-28 00:00:00,0.00048876,
2020-08-28 08:00:00,0.00024331,
2020-08-28 16:00:00,0.00033755,
2020-08-29 00:00:00,0.0004653,
2020-08-29 08:00:00,0.00070735,
2020-08-29 16:00:00,0.00012426,
2020-08-30 00:00:00,0.0001,
2020-08-30 08:00:00,0.0001,
2020-08-30 16:00:00,0.0001,
2020-08-31 00:00:00,0.00058807,
2020-08-31 08:00:00,0.00028463,
2020-08-31 16:00:00,0.00070514,
2020-09-01 00:00:00,0.00056121,
2020-09-01 08:00:00,0.00049677,
2020-09-01 16:00:00,0.00090121,
2020-09-02 00:00:00,0.0014635,
2020-09-02 08:00:00,0.00092791,
2020-09-02 16:00:00,0.0001,
2020-09-03 00:00:00,0.0001,
2020-09-03 08:00:00,0.0001,
2020-09-03 16:00:00,0.0001,
2020-09-04 00:00:00,0.0001,
2020-09-04 08:00:00,0.0001,
2020-09-04 16:00:00,0.0001,
2020-09-05 00:00:00,0.0001,
2020-09-05 08:00:00,0.0001,
2020-09-05 16:00:00,3.8e-07,
2020-09-06 00:00:00,-0.00016649,
2020-09-06 08:00:00,0.0001,
2020-09-06 16:00:00,0.0001,
2020-09-07 00:00:00,0.0001,
2020-09-07 08:00:00,5.953e-05,
2020-09-07 16:00:00,0.0001,
2020-09-08 00:00:00,0.0001,
2020-09-08 08:00:00,0.0001,
2020-09-08 16:00:00,0.0001,
2020-09-09 00:00:00,0.0001,
2020-09-09 08:00:00,0.0001,
2020-09-09 16:00:00,0.0001,
2020-09-10 00:00:00,0.0001,
2020-09-10 08:00:00,0.0001,
2020-09-10 16:00:00,0.0001,
2020-09-11 00:00:00,0.0001,
2020-09-11 08:00:00,0.0001,
2020-09-11 16:00:00,0.0001,
2020-09-12 00:00:00,0.0001,
2020-09-12 08:00:00,0.0001,
2020-09-12 16:00:00,0.0001,
2020-09-13 00:00:00,0.0001,
2020-09-13 08:00:00,0.0001,
2020-09-13 16:00:00,0.0001,
2020-09-14 00:00:00,0.0001,
2020-09-14 08:00:00,0.0001,
2020-09-14 16:00:00,0.0001,
2020-09-15 00:00:00,0.0001,
2020-09-15 08:00:00,0.0001,
2020-09-15 16:00:00,0.0001,
2020-09-16 00:00:00,-0.00020445,
2020-09-16 08:00:00,-0.00060671,
2020-09-16 16:00:00,-0.00046199,
2020-09-17 00:00:00,-0.00016923,
2020-09-17 08:00:00,0.0001,
2020-09-17 16:00:00,0.0001,
2020-09-18 00:00:00,0.0001,
2020-09-18 08:00:00,0.0001,
2020-09-18 16:00:00,0.0001,
2020-09-19 00:00:00,0.0001,
2020-09-19 08:00:00,0.0001,
2020-09-19 16:00:00,0.0001,
2020-09-20 00:00:00,0.0001,
2020-09-20 08:00:00,0.0001,
2020-09-20 16:00:00,0.0001,
2020-09-21 00:00:00,0.0001,
2020-09-21 08:00:00,0.0001,
2020-09-21 16:00:00,-0.00028332,
2020-09-22 00:00:00,-0.0003278,
2020-09-22 08:00:00,-0.00019086,
2020-09-22 16:00:00,-1.608e-05,
2020-09-23 00:00:00,-0.00016083,
2020-09-23 08:00:00,-0.00012698,
2020-09-23 16:00:00,-0.00023816,
2020-09-24 00:00:00,-0.00052766,
2020-09-24 08:00:00,-0.00013837,
2020-09-24 16:00:00,-0.00066494,
2020-09-25 00:00:00,-0.00101163,
2020-09-25 08:00:00,-0.00053185,
2020-09-25 16:00:00,-0.00022913,
2020-09-26 00:00:00,-0.00051075,
2020-09-26 08:00:00,-0.00040443,
2020-09-26 16:00:00,-0.0001485,
2020-09-27 00:00:00,9.086e-05,
2020-09-27 08:00:00,4.122e-05,
2020-09-27 16:00:00,-0.00018308,
2020-09-28 00:00:00,-0.00012918,
2020-09-28 08:00:00,-0.00021038,
2020-09-28 16:00:00,0.0001,
2020-09-29 00:00:00,0.0001,
2020-09-29 08:00:00,-7.569e-05,
2020-09-29 16:00:00,-1.487e-05,
2020-09-30 00:00:00,-0.00029701,
2020-09-30 08:00:00,-8.146e-05,
2020-09-30 16:00:00,8.18e-06,
2020-10-01 00:00:00,-1.467e-05,
2020-10-01 08:00:00,-5.194e-05,
2020-10-01 16:00:00,0.0001,
2020-10-02 00:00:00,1.806e-05,
2020-10-02 08:00:00,0.0001,
2020-10-02 16:00:00,-0.00044543,
2020-10-03 00:00:00,-0.00041185,
2020-10-03 08:00:00,-0.00055013,
2020-10-03 16:00:00,-0.00012868,
2020-10-04 00:00:00,-0.00035168,
2020-10-04 08:00:00,-9.062e-05,
2020-10-04 16:00:00,-0.00029666,
2020-10-05 00:00:00,-7.2e-06,
2020-10-05 08:00:00,-3.35e-06,
2020-10-05 16:00:00,0.0001,
2020-10-06 00:00:00,0.0001,
2020-10-06 08:00:00,0.0001,
2020-10-06 16:00:00,0.0001,
2020-10-07 00:00:00,-2.616e-05,
2020-10-07 08:00:00,-7.236e-05,
2020-10-07 16:00:00,-4.002e-05,
2020-10-08 00:00:00,7.258e-05,
2020-10-08 08:00:00,8.858e-05,
2020-10-08 16:00:00,-0.00018583,
2020-10-09 00:00:00,-0.00013138,
2020-10-09 08:00:00,0.0001,
2020-10-09 16:00:00,0.0001,
2020-10-10 00:00:00,-0.00013512,
2020-10-10 08:00:00,-0.00018903,
2020-10-10 16:00:00,1.721e-05,
2020-10-11 00:00:00,0.0001,
2020-10-11 08:00:00,0.0001,
2020-10-11 16:00:00,0.0001,
2020-10-12 00:00:00,0.0001,
2020-10-12 08:00:00,-0.00013902,
2020-10-12 16:00:00,0.0001,
2020-10-13 00:00:00,-0.00013968,
2020-10-13 08:00:00,-0.00012982,
2020-10-13 16:00:00,-9.274e-05,
2020-10-14 00:00:00,-8.174e-05,
2020-10-14 08:00:00,8.938e-05,
2020-10-14 16:00:00,0.0001,
2020-10-15 00:00:00,-2.375e-05,
2020-10-15 08:00:00,0.0001,
2020-10-15 16:00:00,0.0001,
2020-10-16 00:00:00,0.0001,
2020-10-16 08:00:00,0.0001,
2020-10-16 16:00:00,-0.00030982,
2020-10-17 00:00:00,-0.00016566,
2020-10-17 08:00:00,6.333e-05,
2020-10-17 16:00:00,4.15e-05,
2020-10-18 00:00:00,2.143e-05,
2020-10-18 08:00:00,-5.114e-05,
2020-10-18 16:00:00,0.0001,
2020-10-19 00:00:00,0.0001,
2020-10-19 08:00:00,0.0001,
2020-10-19 16:00:00,0.0001,
2020-10-20 00:00:00,0.0001,
2020-10-20 08:00:00,0.0001,
2020-10-20 16:00:00,0.0001,
2020-10-21 00:00:00,0.0001,
2020-10-21 08:00:00,0.0001,
2020-10-21 16:00:00,0.0001,
2020-10-22 00:00:00,0.0001,
2020-10-22 08:00:00,0.0001,
2020-10-22 16:00:00,0.0001,
2020-10-23 00:00:00,0.0001,
2020-10-23 08:00:00,0.0001,
2020-10-23 16:00:00,0.0001,
2020-10-24 00:00:00,0.0001,
2020-10-24 08:00:00,0.0001,
2020-10-24 16:00:00,0.0001,
2020-10-25 00:00:00,0.0001,
2020-10-25 08:00:00,0.0001,
2020-10-25 16:00:00,0.0001,
2020-10-26 00:00:00,0.0001,
2020-10-26 08:00:00,0.0001,
2020-10-26 16:00:00,0.0001,
2020-10-27 00:00:00,-0.00010071,
2020-10-27 08:00:00,-9.964e-05,
2020-10-27 16:00:00,2.11e-05,
2020-10-28 00:00:00,0.0001,
2020-10-28 08:00:00,0.0001,
2020-10-28 16:00:00,0.0001,
2020-10-29 00:00:00,9.271e-05,
2020-10-29 08:00:00,-0.00016826,
2020-10-29 16:00:00,-7.549e-05,
2020-10-30 00:00:00,0.0001,
2020-10-30 08:00:00,-1.285e-05,
2020-10-30 16:00:00,0.0001,
2020-10-31 00:00:00,0.0001,
2020-10-31 08:00:00,0.0001,
2020-10-31 16:00:00,0.0001,
2020-11-01 00:00:00,0.0001,
2020-11-01 08:00:00,0.0001,
2020-11-01 16:00:00,0.0001,
2020-11-02 00:00:00,0.0001,
2020-11-02 08:00:00,0.0001,
2020-11-02 16:00:00,0.0001,
2020-11-03 00:00:00,0.0001,
2020-11-03 08:00:00,-0.00030265,
2020-11-03 16:00:00,-0.0004916,
2020-11-04 00:00:00,4.252e-05,
2020-11-04 08:00:00,6.466e-05,
2020-11-04 16:00:00,7.253e-05,
2020-11-05 00:00:00,0.0001,
2020-11-05 08:00:00,0.0001,
2020-11-05 16:00:00,0.0001,
2020-11-06 00:00:00,0.0001,
2020-11-06 08:00:00,0.0001,
2020-11-06 16:00:00,0.00016356,
2020-11-07 00:00:00,0.0001,
2020-11-07 08:00:00,0.00122369,
2020-11-07 16:00:00,0.0008311,
2020-11-08 00:00:00,0.0001,
2020-11-08 08:00:00,9.119e-05,
2020-11-08 16:00:00,0.0001,
2020-11-09 00:00:00,0.0001,
2020-11-09 08:00:00,0.0001,
2020-11-09 16:00:00,-2.232e-05,
2020-11-10 00:00:00,0.0001,
2020-11-10 08:00:00,0.00022268,
2020-11-10 16:00:00,0.00019716,
2020-11-11 00:00:00,0.00019155,
2020-11-11 08:00:00,0.0001,
2020-11-11 16:00:00,0.0001,
2020-11-12 00:00:00,0.0001,
2020-11-12 08:00:00,5.255e-05,
2020-11-12 16:00:00,0.0001,
2020-11-13 00:00:00,0.0001,
2020-11-13 08:00:00,0.0001,
2020-11-13 16:00:00,0.0001,
2020-11-14 00:00:00,0.0001,
2020-11-14 08:00:00,0.0001,
2020-11-14 16:00:00,0.0001,
2020-11-15 00:00:00,0.0001,
2020-11-15 08:00:00,0.0001,
2020-11-15 16:00:00,0.0001,
2020-11-16 00:00:00,0.0001,
2020-11-16 08:00:00,0.0001,
2020-11-16 16:00:00,0.0001,
2020-11-17 00:00:00,0.0001,
2020-11-17 08:00:00,0.00030343,
2020-11-17 16:00:00,0.00027259,
2020-11-18 00:00:00,0.00133693,
2020-11-18 08:00:00,0.00027637,
2020-11-18 16:00:00,0.00014809,
2020-11-19 00:00:00,0.00033837,
2020-11-19 08:00:00,0.0001055,
2020-11-19 16:00:00,0.00056466,
2020-11-20 00:00:00,0.00042852,
2020-11-20 08:00:00,0.0005901,
2020-11-20 16:00:00,0.00090181,
2020-11-21 00:00:00,0.00081537,
2020-11-21 08:00:00,0.0001,
2020-11-21 16:00:00,0.00101908,
2020-11-22 00:00:00,0.00069281,
2020-11-22 08:00:00,0.00039734,
2020-11-22 16:00:00,0.00046007,
2020-11-23 00:00:00,0.00097953,
2020-11-23 08:00:00,0.00102149,
2020-11-23 16:00:00,0.00148501,
2020-11-24 00:00:00,0.00068715,
2020-11-24 08:00:00,0.00131115,
2020-11-24 16:00:00,0.00089092,
2020-11-25 00:00:00,0.00049948,
2020-11-25 08:00:00,0.00089749,
2020-11-25 16:00:00,0.00121162,
2020-11-26 00:00:00,0.00039399,
2020-11-26 08:00:00,-0.0003165,
2020-11-26 16:00:00,0.0001,
2020-11-27 00:00:00,0.0001,
2020-11-27 08:00:00,0.0001,
2020-11-27 16:00:00,0.0001,
2020-11-28 00:00:00,0.00010974,
2020-11-28 08:00:00,0.0001,
2020-11-28 16:00:00,0.00013326,
2020-11-29 00:00:00,0.0001,
2020-11-29 08:00:00,0.0001,
2020-11-29 16:00:00,0.0001,
2020-11-30 00:00:00,0.0001,
2020-11-30 08:00:00,0.00083007,
2020-11-30 16:00:00,0.00073794,
2020-12-01 00:00:00,0.00047231,
2020-12-01 08:00:00,0.00083107,
2020-12-01 16:00:00,0.0001,
2020-12-02 00:00:00,0.0001,
2020-12-02 08:00:00,0.0001,
2020-12-02 16:00:00,0.00039231,
2020-12-03 00:00:00,0.00050221,
2020-12-03 08:00:00,0.00051315,
2020-12-03 16:00:00,0.0007365,
2020-12-04 00:00:00,0.00020448,
2020-12-04 08:00:00,0.0001,
2020-12-04 16:00:00,0.0001,
2020-12-05 00:00:00,0.0001,
2020-12-05 08:00:00,0.0001,
2020-12-05 16:00:00,0.0001,
2020-12-06 00:00:00,0.0001,
2020-12-06 08:00:00,0.00010371,
2020-12-06 16:00:00,0.00016464,
2020-12-07 00:00:00,0.00042709,
2020-12-07 08:00:00,0.0002569,
2020-12-07 16:00:00,0.00026385,
2020-12-08 00:00:00,0.0001,
2020-12-08 08:00:00,0.0002415,
2020-12-08 16:00:00,0.0001,
2020-12-09 00:00:00,0.0001,
2020-12-09 08:00:00,0.0001,
2020-12-09 16:00:00,0.0001,
2020-12-10 00:00:00,0.0001,
2020-12-10 08:00:00,0.0001,
2020-12-10 16:00:00,0.0001,
2020-12-11 00:00:00,0.0001,
2020-12-11 08:00:00,0.0001,
2020-12-11 16:00:00,0.0001,
2020-12-12 00:00:00,0.0001,
2020-12-12 08:00:00,0.0001,
2020-12-12 16:00:00,0.0001,
2020-12-13 00:00:00,0.0001,
2020-12-13 08:00:00,0.0001,
2020-12-13 16:00:00,0.0001,
2020-12-14 00:00:00,0.0001,
2020-12-14 08:00:00,0.0001,
2020-12-14 16:00:00,0.0001,
2020-12-15 00:00:00,0.0001,
2020-12-15 08:00:00,0.0001,
2020-12-15 16:00:00,0.0001,
2020-12-16 00:00:00,0.00027835,
2020-12-16 08:00:00,0.0001,
2020-12-16 16:00:00,0.00063803,
2020-12-17 00:00:00,0.00054833,
2020-12-17 08:00:00,0.00072584,
2020-12-17 16:00:00,0.00165419,
2020-12-18 00:00:00,0.00051047,
2020-12-18 08:00:00,0.0006709,
2020-12-18 16:00:00,0.00048048,
2020-12-19 00:00:00,0.00065486,
2020-12-19 08:00:00,0.00043619,
2020-12-19 16:00:00,0.00066277,
2020-12-20 00:00:00,0.00076375,
2020-12-20 08:00:00,0.00062101,
2020-12-20 16:00:00,0.00053628,
2020-12-21 00:00:00,0.00040876,
2020-12-21 08:00:00,0.00039604,
2020-12-21 16:00:00,0.0001,
2020-12-22 00:00:00,0.0001,
2020-12-22 08:00:00,0.0001,
2020-12-22 16:00:00,0.0001,
2020-12-23 00:00:00,0.0001,
2020-12-23 08:00:00,0.0001,
2020-12-23 16:00:00,0.0001,
2020-12-24 00:00:00,-0.00058896,
2020-12-24 08:00:00,-0.00027196,
2020-12-24 16:00:00,-0.00032531,
2020-12-25 00:00:00,-0.00015262,
2020-12-25 08:00:00,-0.00010393,
2020-12-25 16:00:00,0.0001,
2020-12-26 00:00:00,-0.00015505,
2020-12-26 08:00:00,6.448e-05,
2020-12-26 16:00:00,1.755e-05,
2020-12-27 00:00:00,0.0001,
2020-12-27 08:00:00,0.0001,
2020-12-27 16:00:00,0.00035749,
2020-12-28 00:00:00,0.00049469,
2020-12-28 08:00:00,0.0005007,
2020-12-28 16:00:00,0.00055894,
2020-12-29 00:00:00,0.00062258,
2020-12-29 08:00:00,0.00013081,
2020-12-29 16:00:00,0.00013637,
2020-12-30 00:00:00,0.0001,
2020-12-30 08:00:00,0.0001,
2020-12-30 16:00:00,0.0001,
2020-12-31 00:00:00,0.0001,
2020-12-31 08:00:00,0.0001,
2020-12-31 16:00:00,0.0001,
2021-01-01 00:00:00,0.0001,
2021-01-01 08:00:00,0.0001,
2021-01-01 16:00:00,0.00056533,
2021-01-02 00:00:00,0.00057999,
2021-01-02 08:00:00,0.00038785,
2021-01-02 16:00:00,0.00053694,
2021-01-03 00:00:00,0.00080335,
2021-01-03 08:00:00,0.00083793,
2021-01-03 16:00:00,0.00210259,
2021-01-04 00:00:00,0.0019962,
2021-01-04 08:00:00,0.00420873,
2021-01-04 16:00:00,0.00050711,
2021-01-05 00:00:00,0.00057684,
2021-01-05 08:00:00,0.00036715,
2021-01-05 16:00:00,0.00080438,
2021-01-06 00:00:00,0.0009286,
2021-01-06 08:00:00,0.00148486,
2021-01-06 16:00:00,0.00242585,
2021-01-07 00:00:00,0.00165164,
2021-01-07 08:00:00,0.0018702,
2021-01-07 16:00:00,0.00173308,
2021-01-08 00:00:00,0.00119764,
2021-01-08 08:00:00,0.00024837,
2021-01-08 16:00:00,0.00146677,
2021-01-09 00:00:00,0.00063873,
2021-01-09 08:00:00,0.00062787,
2021-01-09 16:00:00,0.00131511,
2021-01-10 00:00:00,0.00191523,
2021-01-10 08:00:00,0.00174667,
2021-01-10 16:00:00,0.00079522,
2021-01-11 00:00:00,0.00049433,
2021-01-11 08:00:00,0.00018416,
2021-01-11 16:00:00,0.0002285,
2021-01-12 00:00:00,0.0001,
2021-01-12 08:00:00,0.00063181,
2021-01-12 16:00:00,0.00033756,
2021-01-13 00:00:00,0.0001,
2021-01-13 08:00:00,0.0001754,
2021-01-13 16:00:00,0.00034215,
2021-01-14 00:00:00,0.00083228,
2021-01-14 08:00:00,0.00080986,
2021-01-14 16:00:00,0.00076773,
2021-01-15 00:00:00,0.00057102,
2021-01-15 08:00:00,0.00100913,
2021-01-15 16:00:00,0.00205618,
2021-01-16 00:00:00,0.00085138,
2021-01-16 08:00:00,0.00086901,
2021-01-16 16:00:00,0.00090897,
2021-01-17 00:00:00,0.00056513,
2021-01-17 08:00:00,0.00036802,
2021-01-17 16:00:00,0.00095392,
2021-01-18 00:00:00,0.00050743,
2021-01-18 08:00:00,0.00060451,
2021-01-18 16:00:00,0.00113121,
2021-01-19 00:00:00,0.0006275,
2021-01-19 08:00:00,0.00221632,
2021-01-19 16:00:00,0.00215472,
2021-01-20 00:00:00,0.00085896,
2021-01-20 08:00:00,0.00039222,
2021-01-20 16:00:00,0.00064128,
2021-01-21 00:00:00,0.00083559,
2021-01-21 08:00:00,0.00074479,
2021-01-21 16:00:00,0.0004834,
2021-01-22 00:00:00,0.00029305,
2021-01-22 08:00:00,0.0001,
2021-01-22 16:00:00,0.00022279,
2021-01-23 00:00:00,0.0007201,
2021-01-23 08:00:00,0.00057619,
2021-01-23 16:00:00,0.00054759,
2021-01-24 00:00:00,0.00024051,
2021-01-24 08:00:00,0.0006085,
2021-01-24 16:00:00,0.00025968,
2021-01-25 00:00:00,0.00047892,
2021-01-25 08:00:00,0.00041382,
2021-01-25 16:00:00,0.00029971,
2021-01-26 00:00:00,0.0001,
2021-01-26 08:00:00,0.00020099,
2021-01-26 16:00:00,0.0002031,
2021-01-27 00:00:00,0.00036558,
2021-01-27 08:00:00,0.00014404,
2021-01-27 16:00:00,0.0001,
2021-01-28 00:00:00,0.00020914,
2021-01-28 08:00:00,0.00036375,
2021-01-28 16:00:00,0.00075079,
2021-01-29 00:00:00,0.0007547,
2021-01-29 08:00:00,0.00066338,
2021-01-29 16:00:00,0.00191389,
2021-01-30 00:00:00,0.00072424,
2021-01-30 08:00:00,0.00037493,
2021-01-30 16:00:00,0.00099012,
2021-01-31 00:00:00,0.0011416,
2021-01-31 08:00:00,0.00177822,
2021-01-31 16:00:00,0.000944,
2021-02-01 00:00:00,0.00074191,
2021-02-01 08:00:00,0.00095535,
2021-02-01 16:00:00,0.00063178,
2021-02-02 00:00:00,0.00083838,
2021-02-02 08:00:00,0.00107104,
2021-02-02 16:00:00,0.0016016,
2021-02-03 00:00:00,0.00181671,
2021-02-03 08:00:00,0.00218332,
2021-02-03 16:00:00,0.0023725,
2021-02-04 00:00:00,0.0020236,
2021-02-04 08:00:00,0.00138131,
2021-02-04 16:00:00,0.00103149,
2021-02-05 00:00:00,0.00139023,
2021-02-05 08:00:00,0.00205838,
2021-02-05 16:00:00,0.00217283,
2021-02-06 00:00:00,0.00129225,
2021-02-06 08:00:00,0.00085613,
2021-02-06 16:00:00,0.00142849,
2021-02-07 00:00:00,0.00172058,
2021-02-07 08:00:00,0.00093262,
2021-02-07 16:00:00,0.00101916,
2021-02-08 00:00:00,0.00069277,
2021-02-08 08:00:00,0.00096696,
2021-02-08 16:00:00,0.00255394,
2021-02-09 00:00:00,0.00169061,
2021-02-09 08:00:00,0.00236211,
2021-02-09 16:00:00,0.00215105,
2021-02-10 00:00:00,0.00324512,
2021-02-10 08:00:00,0.0024846,
2021-02-10 16:00:00,0.00090149,
2021-02-11 00:00:00,0.00097705,
2021-02-11 08:00:00,0.00071172,
2021-02-11 16:00:00,0.00191789,
2021-02-12 00:00:00,0.00134117,
2021-02-12 08:00:00,0.00114708,
2021-02-12 16:00:00,0.00191589,
2021-02-13 00:00:00,0.0024265,
2021-02-13 08:00:00,0.00237118,
2021-02-13 16:00:00,0.00101222,
2021-02-14 00:00:00,0.00240982,
2021-02-14 08:00:00,0.00232892,
2021-02-14 16:00:00,0.00195043,
2021-02-15 00:00:00,0.00112151,
2021-02-15 08:00:00,0.0001,
2021-02-15 16:00:00,0.00114419,
2021-02-16 00:00:00,0.00118157,
2021-02-16 08:00:00,0.00091012,
2021-02-16 16:00:00,0.00075948,
2021-02-17 00:00:00,0.00060503,
2021-02-17 08:00:00,0.00110303,
2021-02-17 16:00:00,0.00227131,
2021-02-18 00:00:00,0.00234842,
2021-02-18 08:00:00,0.0023744,
2021-02-18 16:00:00,0.0022064,
2021-02-19 00:00:00,0.00195131,
2021-02-19 08:00:00,0.00187596,
2021-02-19 16:00:00,0.00341469,
2021-02-20 00:00:00,0.00197668,
2021-02-20 08:00:00,0.00201812,
2021-02-20 16:00:00,0.00211486,
2021-02-21 00:00:00,0.00030177,
2021-02-21 08:00:00,0.00013612,
2021-02-21 16:00:00,0.00078467,
2021-02-22 00:00:00,0.00071719,
2021-02-22 08:00:00,0.00046339,
2021-02-22 16:00:00,0.0001319,
2021-02-23 00:00:00,0.0001,
2021-02-23 08:00:00,0.0001,
2021-02-23 16:00:00,0.0001,
2021-02-24 00:00:00,0.00022488,
2021-02-24 08:00:00,0.00041313,
2021-02-24 16:00:00,0.00027207,
2021-02-25 00:00:00,0.000181,
2021-02-25 08:00:00,0.0001,
2021-02-25 16:00:00,0.00018682,
2021-02-26 00:00:00,0.00014377,
2021-02-26 08:00:00,0.0001,
2021-02-26 16:00:00,0.0001,
2021-02-27 00:00:00,0.0003529,
2021-02-27 08:00:00,0.00037263,
2021-02-27 16:00:00,0.0001,
2021-02-28 00:00:00,0.0001,
2021-02-28 08:00:00,0.0001406,
2021-02-28 16:00:00,0.0001,
2021-03-01 00:00:00,0.00015163,
2021-03-01 08:00:00,0.00016369,
2021-03-01 16:00:00,0.00045657,
2021-03-02 00:00:00,0.0001,
2021-03-02 08:00:00,0.00017077,
2021-03-02 16:00:00,0.0005398,
2021-03-03 00:00:00,0.00035528,
2021-03-03 08:00:00,0.0001,
2021-03-03 16:00:00,0.00072171,
2021-03-04 00:00:00,0.00076412,
2021-03-04 08:00:00,0.00012261,
2021-03-04 16:00:00,0.00034014,
2021-03-05 00:00:00,0.00048219,
2021-03-05 08:00:00,0.00010386,
2021-03-05 16:00:00,0.00010117,
2021-03-06 00:00:00,0.0001,
2021-03-06 08:00:00,0.00026771,
2021-03-06 16:00:00,0.00015609,
2021-03-07 00:00:00,0.0001,
2021-03-07 08:00:00,0.0001,
2021-03-07 16:00:00,0.00043745,
2021-03-08 00:00:00,0.0001,
2021-03-08 08:00:00,0.0001578,
2021-03-08 16:00:00,0.00043646,
2021-03-09 00:00:00,0.00071972,
2021-03-09 08:00:00,0.00080302,
2021-03-09 16:00:00,0.0008508,
2021-03-10 00:00:00,0.00078028,
2021-03-10 08:00:00,0.00024179,
2021-03-10 16:00:00,0.00070192,
2021-03-11 00:00:00,0.00093537,
2021-03-11 08:00:00,0.00030102,
2021-03-11 16:00:00,0.00082129,
2021-03-12 00:00:00,0.00125821,
2021-03-12 08:00:00,0.00087776,
2021-03-12 16:00:00,0.0001,
2021-03-13 00:00:00,0.00028257,
2021-03-13 08:00:00,0.0001,
2021-03-13 16:00:00,0.00074467,
2021-03-14 00:00:00,0.00106645,
2021-03-14 08:00:00,0.00054106,
2021-03-14 16:00:00,0.00065998,
2021-03-15 00:00:00,0.00066406,
2021-03-15 08:00:00,0.00068411,
2021-03-15 16:00:00,0.0001,
2021-03-16 00:00:00,0.0001,
2021-03-16 08:00:00,0.0001,
2021-03-16 16:00:00,0.00048629,
2021-03-17 00:00:00,0.00042848,
2021-03-17 08:00:00,0.00042221,
2021-03-17 16:00:00,0.0006498,
2021-03-18 00:00:00,0.00097095,
2021-03-18 08:00:00,0.00084955,
2021-03-18 16:00:00,0.00101418,
2021-03-19 00:00:00,0.000561,
2021-03-19 08:00:00,0.00045429,
2021-03-19 16:00:00,0.00069191,
2021-03-20 00:00:00,0.00061163,
2021-03-20 08:00:00,0.00075759,
2021-03-20 16:00:00,0.00124578,
2021-03-21 00:00:00,0.00078338,
2021-03-21 08:00:00,0.00052643,
2021-03-21 16:00:00,0.00046857,
2021-03-22 00:00:00,0.00078867,
2021-03-22 08:00:00,0.00075909,
2021-03-22 16:00:00,0.00085041,
2021-03-23 00:00:00,0.00042079,
2021-03-23 08:00:00,0.00031486,
2021-03-23 16:00:00,0.00043485,
2021-03-24 00:00:00,0.0007191,
2021-03-24 08:00:00,0.00058668,
2021-03-24 16:00:00,0.00081898,
2021-03-25 00:00:00,0.0002477,
2021-03-25 08:00:00,0.0001,
2021-03-25 16:00:00,0.00020835,
2021-03-26 00:00:00,0.00036872,
2021-03-26 08:00:00,0.00036959,
2021-03-26 16:00:00,0.00047019,
2021-03-27 00:00:00,0.00023578,
2021-03-27 08:00:00,0.00037589,
2021-03-27 16:00:00,0.00036102,
2021-03-28 00:00:00,0.00040802,
2021-03-28 08:00:00,0.00065228,
2021-03-28 16:00:00,0.00060484,
2021-03-29 00:00:00,0.00029009,
2021-03-29 08:00:00,0.00049072,
2021-03-29 16:00:00,0.00101215,
2021-03-30 00:00:00,0.00068963,
2021-03-30 08:00:00,0.00077612,
2021-03-30 16:00:00,0.00089892,
2021-03-31 00:00:00,0.00079249,
2021-03-31 08:00:00,0.00091102,
2021-03-31 16:00:00,0.00050269,
2021-04-01 00:00:00,0.00101467,
2021-04-01 08:00:00,0.00135008,
2021-04-01 16:00:00,0.0013214,
2021-04-02 00:00:00,0.00074009,
2021-04-02 08:00:00,0.00146565,
2021-04-02 16:00:00,0.00148835,
2021-04-03 00:00:00,0.00136804,
2021-04-03 08:00:00,0.00183202,
2021-04-03 16:00:00,0.00204425,
2021-04-04 00:00:00,0.00071189,
2021-04-04 08:00:00,0.00073992,
2021-04-04 16:00:00,0.00062389,
2021-04-05 00:00:00,0.00098876,
2021-04-05 08:00:00,0.0008279,
2021-04-05 16:00:00,0.0018133,
2021-04-06 00:00:00,0.00199528,
2021-04-06 08:00:00,0.00217085,
2021-04-06 16:00:00,0.00161895,
2021-04-07 00:00:00,0.00105782,
2021-04-07 08:00:00,0.00103144,
2021-04-07 16:00:00,0.00051045,
2021-04-08 00:00:00,0.0004087,
2021-04-08 08:00:00,0.00089204,
2021-04-08 16:00:00,0.00101438,
2021-04-09 00:00:00,0.00086761,
2021-04-09 08:00:00,0.001007,
2021-04-09 16:00:00,0.00114126,
2021-04-10 00:00:00,0.00118794,
2021-04-10 08:00:00,0.00189762,
2021-04-10 16:00:00,0.00206498,
2021-04-11 00:00:00,0.00129647,
2021-04-11 08:00:00,0.00159328,
2021-04-11 16:00:00,0.00186482,
2021-04-12 00:00:00,0.00165718,
2021-04-12 08:00:00,0.00191024,
2021-04-12 16:00:00,0.00105798,
2021-04-13 00:00:00,0.00105976,
2021-04-13 08:00:00,0.00169632,
2021-04-13 16:00:00,0.00285163,
2021-04-14 00:00:00,0.00241849,
2021-04-14 08:00:00,0.00302271,
2021-04-14 16:00:00,0.00120804,
2021-04-15 00:00:00,0.00111687,
2021-04-15 08:00:00,0.00156119,
2021-04-15 16:00:00,0.00228309,
2021-04-16 00:00:00,0.00195967,
2021-04-16 08:00:00,0.00154883,
2021-04-16 16:00:00,0.0015767,
2021-04-17 00:00:00,0.00144018,
2021-04-17 08:00:00,0.00111419,
2021-04-17 16:00:00,0.00068094,
2021-04-18 00:00:00,0.00095563,
2021-04-18 08:00:00,0.0001,
2021-04-18 16:00:00,0.0001,
2021-04-19 00:00:00,0.00010229,
2021-04-19 08:00:00,0.00037749,
2021-04-19 16:00:00,0.00027871,
2021-04-20 00:00:00,0.0001,
2021-04-20 08:00:00,0.0001,
2021-04-20 16:00:00,0.00036469,
2021-04-21 00:00:00,0.0001,
2021-04-21 08:00:00,0.0001,
2021-04-21 16:00:00,0.0001586,
2021-04-22 00:00:00,0.00023391,
2021-04-22 08:00:00,0.0001,
2021-04-22 16:00:00,0.00039245,
2021-04-23 00:00:00,0.0001,
2021-04-23 08:00:00,0.0001,
2021-04-23 16:00:00,0.0001,
2021-04-24 00:00:00,0.0001,
2021-04-24 08:00:00,0.0001,
2021-04-24 16:00:00,0.0001,
2021-04-25 00:00:00,0.0001,
2021-04-25 08:00:00,0.0001,
2021-04-25 16:00:00,0.0001,
2021-04-26 00:00:00,0.0001,
2021-04-26 08:00:00,0.00015223,
2021-04-26 16:00:00,0.00028187,
2021-04-27 00:00:00,0.00016154,
2021-04-27 08:00:00,0.00016747,
2021-04-27 16:00:00,0.00037556,
2021-04-28 00:00:00,0.0001901,
2021-04-28 08:00:00,0.0002733,
2021-04-28 16:00:00,0.00026752,
2021-04-29 00:00:00,0.00039339,
2021-04-29 08:00:00,0.00033462,
2021-04-29 16:00:00,0.00080883,
2021-04-30 00:00:00,0.00031856,
2021-04-30 08:00:00,0.00027093,
2021-04-30 16:00:00,0.00050361,
2021-05-01 00:00:00,0.00025828,
2021-05-01 08:00:00,0.00038464,
2021-05-01 16:00:00,0.00037848,
2021-05-02 00:00:00,0.00060826,
2021-05-02 08:00:00,0.00069878,
2021-05-02 16:00:00,0.00073528,
2021-05-03 00:00:00,0.00050687,
2021-05-03 08:00:00,0.00046187,
2021-05-03 16:00:00,0.00058827,
2021-05-04 00:00:00,0.00068807,
2021-05-04 08:00:00,0.00016606,
2021-05-04 16:00:00,0.00072387,
2021-05-05 00:00:00,0.00060327,
2021-05-05 08:00:00,0.00093064,
2021-05-05 16:00:00,0.0009882,
2021-05-06 00:00:00,0.00092292,
2021-05-06 08:00:00,0.00071061,
2021-05-06 16:00:00,0.0013902,
2021-05-07 00:00:00,0.00011519,
2021-05-07 08:00:00,0.00036717,
2021-05-07 16:00:00,0.00081459,
2021-05-08 00:00:00,0.0006528,
2021-05-08 08:00:00,0.00086603,
2021-05-08 16:00:00,0.00085855,
2021-05-09 00:00:00,0.0008722,
2021-05-09 08:00:00,0.00049105,
2021-05-09 16:00:00,0.00058206,
2021-05-10 00:00:00,0.00045261,
2021-05-10 08:00:00,0.00041598,
2021-05-10 16:00:00,0.00046309,
2021-05-11 00:00:00,0.0001,
2021-05-11 08:00:00,0.0001,
2021-05-11 16:00:00,0.00040163,
2021-05-12 00:00:00,0.00029456,
2021-05-12 08:00:00,0.00035436,
2021-05-12 16:00:00,0.00028694,
2021-05-13 00:00:00,0.000159,
2021-05-13 08:00:00,0.00017008,
2021-05-13 16:00:00,0.0001,
2021-05-14 00:00:00,0.0001,
2021-05-14 08:00:00,0.0001,
2021-05-14 16:00:00,0.00018412,
2021-05-15 00:00:00,0.00021451,
2021-05-15 08:00:00,0.00021522,
2021-05-15 16:00:00,0.00041099,
2021-05-16 00:00:00,0.00019605,
2021-05-16 08:00:00,0.00028339,
2021-05-16 16:00:00,0.00060631,
2021-05-17 00:00:00,0.00028565,
2021-05-17 08:00:00,0.00020823,
2021-05-17 16:00:00,0.00043067,
2021-05-18 00:00:00,0.00024812,
2021-05-18 08:00:00,0.0001,
2021-05-18 16:00:00,0.00025785,
2021-05-19 00:00:00,0.00012415,
2021-05-19 08:00:00,0.00017781,
2021-05-19 16:00:00,-0.004875,
2021-05-20 00:00:00,0.0001,
2021-05-20 08:00:00,0.0001,
2021-05-20 16:00:00,0.0001,
2021-05-21 00:00:00,0.0001,
2021-05-21 08:00:00,0.0001,
2021-05-21 16:00:00,0.0001,
2021-05-22 00:00:00,0.0001,
2021-05-22 08:00:00,0.0001,
2021-05-22 16:00:00,0.0001,
2021-05-23 00:00:00,0.0001,
2021-05-23 08:00:00,0.0001,
2021-05-23 16:00:00,0.0001,
2021-05-24 00:00:00,0.0001,
2021-05-24 08:00:00,0.0001,
2021-05-24 16:00:00,0.0001,
2021-05-25 00:00:00,0.0001,
2021-05-25 08:00:00,0.0001,
2021-05-25 16:00:00,0.0001,
2021-05-26 00:00:00,0.0001,
2021-05-26 08:00:00,0.0001,
2021-05-26 16:00:00,0.0001,
2021-05-27 00:00:00,0.0001,
2021-05-27 08:00:00,0.0001,
2021-05-27 16:00:00,0.0001,
2021-05-28 00:00:00,0.0001,
2021-05-28 08:00:00,0.0001,
2021-05-28 16:00:00,0.0001,
2021-05-29 00:00:00,0.0001,
2021-05-29 08:00:00,0.0001,
2021-05-29 16:00:00,0.0001,
2021-05-30 00:00:00,0.0001,
2021-05-30 08:00:00,8.266e-05,
2021-05-30 16:00:00,0.0001,
2021-05-31 00:00:00,0.0001,
2021-05-31 08:00:00,0.0001,
2021-05-31 16:00:00,0.0001,
2021-06-01 00:00:00,0.0001,
2021-06-01 08:00:00,0.0001,
2021-06-01 16:00:00,0.0001,
2021-06-02 00:00:00,0.0001,
2021-06-02 08:00:00,0.0001,
2021-06-02 16:00:00,0.0001,
2021-06-03 00:00:00,0.0001,
2021-06-03 08:00:00,0.0001,
2021-06-03 16:00:00,0.0001,
2021-06-04 00:00:00,0.0001,
2021-06-04 08:00:00,0.0001,
2021-06-04 16:00:00,0.0001,
2021-06-05 00:00:00,0.0001,
2021-06-05 08:00:00,0.0001,
2021-06-05 16:00:00,0.0001,
2021-06-06 00:00:00,0.0001,
2021-06-06 08:00:00,0.0001,
2021-06-06 16:00:00,0.0001,
2021-06-07 00:00:00,0.0001,
2021-06-07 08:00:00,0.0001,
2021-06-07 16:00:00,0.0001,
2021-06-08 00:00:00,0.0001,
2021-06-08 08:00:00,0.0001,
2021-06-08 16:00:00,0.0001,
2021-06-09 00:00:00,0.0001,
2021-06-09 08:00:00,0.0001,
2021-06-09 16:00:00,0.0001,
2021-06-10 00:00:00,0.0001,
2021-06-10 08:00:00,0.0001,
2021-06-10 16:00:00,0.0001,
2021-06-11 00:00:00,0.0001,
2021-06-11 08:00:00,0.0001,
2021-06-11 16:00:00,0.0001,
2021-06-12 00:00:00,0.0001,
2021-06-12 08:00:00,0.0001,
2021-06-12 16:00:00,0.0001,
2021-06-13 00:00:00,0.0001,
2021-06-13 08:00:00,0.0001,
2021-06-13 16:00:00,0.0001,
2021-06-14 00:00:00,0.0001,
2021-06-14 08:00:00,0.0001,
2021-06-14 16:00:00,0.0001,
2021-06-15 00:00:00,0.0001,
2021-06-15 08:00:00,0.0001,
2021-06-15 16:00:00,0.0001,
2021-06-16 00:00:00,0.0001,
2021-06-16 08:00:00,0.0001,
2021-06-16 16:00:00,0.0001,
2021-06-17 00:00:00,0.0001,
2021-06-17 08:00:00,0.0001,
2021-06-17 16:00:00,0.0001,
2021-06-18 00:00:00,0.0001,
2021-06-18 08:00:00,0.0001,
2021-06-18 16:00:00,0.0001,
2021-06-19 00:00:00,0.0001,
2021-06-19 08:00:00,0.0001,
2021-06-19 16:00:00,0.0001,
2021-06-20 00:00:00,0.0001,
2021-06-20 08:00:00,0.0001,
2021-06-20 16:00:00,0.0001,
2021-06-21 00:00:00,0.0001,
2021-06-21 08:00:00,0.0001,
2021-06-21 16:00:00,9.68e-05,
2021-06-22 00:00:00,5.966e-05,
2021-06-22 08:00:00,0.0001,
2021-06-22 16:00:00,7.78e-05,
2021-06-23 00:00:00,8.701e-05,
2021-06-23 08:00:00,5.1e-05,
2021-06-23 16:00:00,0.0001,
2021-06-24 00:00:00,0.0001,
2021-06-24 08:00:00,0.0001,
2021-06-24 16:00:00,0.0001,
2021-06-25 00:00:00,0.0001,
2021-06-25 08:00:00,5.896e-05,
2021-06-25 16:00:00,0.0001,
2021-06-26 00:00:00,0.0001,
2021-06-26 08:00:00,7.843e-05,
2021-06-26 16:00:00,8.948e-05,
2021-06-27 00:00:00,9.105e-05,
2021-06-27 08:00:00,-3.734e-05,
2021-06-27 16:00:00,0.0001,
2021-06-28 00:00:00,9.941e-05,
2021-06-28 08:00:00,0.0001,
2021-06-28 16:00:00,0.0001,
2021-06-29 00:00:00,0.0001,
2021-06-29 08:00:00,0.0001,
2021-06-29 16:00:00,0.0001,
2021-06-30 00:00:00,0.0001,
2021-06-30 08:00:00,0.0001,
2021-06-30 16:00:00,0.0001,
2021-07-01 00:00:00,0.0001,
2021-07-01 08:00:00,0.0001,
2021-07-01 16:00:00,0.0001,
2021-07-02 00:00:00,0.0001,
2021-07-02 08:00:00,0.0001,
2021-07-02 16:00:00,0.0001,
2021-07-03 00:00:00,0.0001,
2021-07-03 08:00:00,0.0001,
2021-07-03 16:00:00,0.0001,
2021-07-04 00:00:00,0.0001,
2021-07-04 08:00:00,0.0001,
2021-07-04 16:00:00,0.0001,
2021-07-05 00:00:00,0.0001,
2021-07-05 08:00:00,0.0001,
2021-07-05 16:00:00,-2.07e-05,
2021-07-06 00:00:00,5.138e-05,
2021-07-06 08:00:00,0.0001,
2021-07-06 16:00:00,0.0001,
2021-07-07 00:00:00,0.0001,
2021-07-07 08:00:00,0.0001,
2021-07-07 16:00:00,0.0001,
2021-07-08 00:00:00,0.0001,
2021-07-08 08:00:00,0.0001,
2021-07-08 16:00:00,0.0001,
2021-07-09 00:00:00,0.0001,
2021-07-09 08:00:00,0.0001,
2021-07-09 16:00:00,5.634e-05,
2021-07-10 00:00:00,0.0001,
2021-07-10 08:00:00,0.0001,
2021-07-10 16:00:00,0.0001,
2021-07-11 00:00:00,0.0001,
2021-07-11 08:00:00,0.0001,
2021-07-11 16:00:00,0.0001,
2021-07-12 00:00:00,0.0001,
2021-07-12 08:00:00,0.0001,
2021-07-12 16:00:00,0.0001,
2021-07-13 00:00:00,0.0001,
2021-07-13 08:00:00,0.0001,
2021-07-13 16:00:00,0.0001,
2021-07-14 00:00:00,0.0001,
2021-07-14 08:00:00,0.0001,
2021-07-14 16:00:00,0.0001,
2021-07-15 00:00:00,0.0001,
2021-07-15 08:00:00,-0.00102351,
2021-07-15 16:00:00,-0.00064889,
2021-07-16 00:00:00,0.0001,
2021-07-16 08:00:00,0.0001,
2021-07-16 16:00:00,0.0001,
2021-07-17 00:00:00,0.0001,
2021-07-17 08:00:00,0.0001,
2021-07-17 16:00:00,0.0001,
2021-07-18 00:00:00,0.0001,
2021-07-18 08:00:00,0.0001,
2021-07-18 16:00:00,0.0001,
2021-07-19 00:00:00,0.0001,
2021-07-19 08:00:00,0.0001,
2021-07-19 16:00:00,9.469e-05,
2021-07-20 00:00:00,7.792e-05,
2021-07-20 08:00:00,1.831e-05,
2021-07-20 16:00:00,0.0001,
2021-07-21 00:00:00,3.97e-05,
2021-07-21 08:00:00,-5.36e-06,
2021-07-21 16:00:00,-4.707e-05,
2021-07-22 00:00:00,0.0001,
2021-07-22 08:00:00,0.0001,
2021-07-22 16:00:00,0.0001,
2021-07-23 00:00:00,0.0001,
2021-07-23 08:00:00,0.0001,
2021-07-23 16:00:00,0.0001,
2021-07-24 00:00:00,0.0001,
2021-07-24 08:00:00,0.0001,
2021-07-24 16:00:00,0.0001,
2021-07-25 00:00:00,0.0001,
2021-07-25 08:00:00,0.0001,
2021-07-25 16:00:00,0.0001,
2021-07-26 00:00:00,0.0001,
2021-07-26 08:00:00,0.0001,
2021-07-26 16:00:00,0.0001,
2021-07-27 00:00:00,0.0001,
2021-07-27 08:00:00,0.0001,
2021-07-27 16:00:00,0.0001,
2021-07-28 00:00:00,0.0001,
2021-07-28 08:00:00,0.0001,
2021-07-28 16:00:00,0.0001,
2021-07-29 00:00:00,0.0001,
2021-07-29 08:00:00,0.0001,
2021-07-29 16:00:00,0.0001,
2021-07-30 00:00:00,0.0001,
2021-07-30 08:00:00,0.0001,
2021-07-30 16:00:00,0.0001,
2021-07-31 00:00:00,0.0001,
2021-07-31 08:00:00,0.0001,
2021-07-31 16:00:00,0.0001,
2021-08-01 00:00:00,0.0001,
2021-08-01 08:00:00,0.0001,
2021-08-01 16:00:00,0.0001,
2021-08-02 00:00:00,0.0001,
2021-08-02 08:00:00,0.0001,
2021-08-02 16:00:00,0.0001,
2021-08-03 00:00:00,0.0001,
2021-08-03 08:00:00,0.0001,
2021-08-03 16:00:00,0.0001,
2021-08-04 00:00:00,0.0001,
2021-08-04 08:00:00,0.0001,
2021-08-04 16:00:00,0.0001,
2021-08-05 00:00:00,0.0001,
2021-08-05 08:00:00,0.0001,
2021-08-05 16:00:00,0.0001,
2021-08-06 00:00:00,0.0001,
2021-08-06 08:00:00,0.0001,
2021-08-06 16:00:00,0.0001,
2021-08-07 00:00:00,0.0001,
2021-08-07 08:00:00,0.00011784,
2021-08-07 16:00:00,0.0001,
2021-08-08 00:00:00,0.0001,
2021-08-08 08:00:00,0.0001,
2021-08-08 16:00:00,0.0001,
2021-08-09 00:00:00,0.0001,
2021-08-09 08:00:00,0.0001,
2021-08-09 16:00:00,0.0001,
2021-08-10 00:00:00,0.0001,
2021-08-10 08:00:00,0.0001,
2021-08-10 16:00:00,0.00013334,
2021-08-11 00:00:00,0.00024123,
2021-08-11 08:00:00,0.00029772,
2021-08-11 16:00:00,0.0002539,
2021-08-12 00:00:00,0.00018514,
2021-08-12 08:00:00,0.00029561,
2021-08-12 16:00:00,0.0001978,
2021-08-13 00:00:00,0.0001,
2021-08-13 08:00:00,0.00011109,
2021-08-13 16:00:00,0.00021499,
2021-08-14 00:00:00,0.0001,
2021-08-14 08:00:00,0.00044494,
2021-08-14 16:00:00,0.000357,
2021-08-15 00:00:00,0.00037699,
2021-08-15 08:00:00,0.00024588,
2021-08-15 16:00:00,0.00022664,
2021-08-16 00:00:00,0.00031488,
2021-08-16 08:00:00,0.00069116,
2021-08-16 16:00:00,0.00070278,
2021-08-17 00:00:00,0.0001254,
2021-08-17 08:00:00,0.0001,
2021-08-17 16:00:00,0.0001,
2021-08-18 00:00:00,0.0001,
2021-08-18 08:00:00,0.0001,
2021-08-18 16:00:00,0.0001,
2021-08-19 00:00:00,0.0001,
2021-08-19 08:00:00,0.0001,
2021-08-19 16:00:00,0.0001,
2021-08-20 00:00:00,0.0001088,
2021-08-20 08:00:00,0.00025941,
2021-08-20 16:00:00,0.00034101,
2021-08-21 00:00:00,0.00034312,
2021-08-21 08:00:00,0.00061549,
2021-08-21 16:00:00,0.00025269,
2021-08-22 00:00:00,0.0001,
2021-08-22 08:00:00,0.00042733,
2021-08-22 16:00:00,0.00030949,
2021-08-23 00:00:00,0.00016024,
2021-08-23 08:00:00,0.00076798,
2021-08-23 16:00:00,0.00069939,
2021-08-24 00:00:00,0.0007117,
2021-08-24 08:00:00,0.00050239,
2021-08-24 16:00:00,0.0003157,
2021-08-25 00:00:00,0.0001,
2021-08-25 08:00:00,0.0001,
2021-08-25 16:00:00,0.0001,
2021-08-26 00:00:00,0.00015776,
2021-08-26 08:00:00,0.0001,
2021-08-26 16:00:00,0.00010237,
2021-08-27 00:00:00,0.0001,
2021-08-27 08:00:00,0.0001,
2021-08-27 16:00:00,0.0001,
2021-08-28 00:00:00,0.0001,
2021-08-28 08:00:00,0.00031373,
2021-08-28 16:00:00,0.00026867,
2021-08-29 00:00:00,0.00034138,
2021-08-29 08:00:00,0.00010399,
2021-08-29 16:00:00,0.0001,
2021-08-30 00:00:00,0.00013016,
2021-08-30 08:00:00,0.0001,
2021-08-30 16:00:00,0.00018641,
2021-08-31 00:00:00,0.00035302,
2021-08-31 08:00:00,0.0002179,
2021-08-31 16:00:00,0.00036175,
2021-09-01 00:00:00,0.00025338,
2021-09-01 08:00:00,0.00028093,
2021-09-01 16:00:00,0.00041073,
2021-09-02 00:00:00,0.00060051,
2021-09-02 08:00:00,0.00060906,
2021-09-02 16:00:00,0.00057722,
2021-09-03 00:00:00,0.00046632,
2021-09-03 08:00:00,0.00067072,
2021-09-03 16:00:00,0.00061932,
2021-09-04 00:00:00,0.00037459,
2021-09-04 08:00:00,0.00075591,
2021-09-04 16:00:00,0.00066511,
2021-09-05 00:00:00,0.00052174,
2021-09-05 08:00:00,0.00050213,
2021-09-05 16:00:00,0.0005731,
2021-09-06 00:00:00,0.00049637,
2021-09-06 08:00:00,0.0005674,
2021-09-06 16:00:00,0.00063789,
2021-09-07 00:00:00,0.00055304,
2021-09-07 08:00:00,0.00060612,
2021-09-07 16:00:00,-3.831e-05,
2021-09-08 00:00:00,0.0001,
2021-09-08 08:00:00,0.0001,
2021-09-08 16:00:00,0.0001,
2021-09-09 00:00:00,0.0001,
2021-09-09 08:00:00,0.0001,
2021-09-09 16:00:00,0.0001,
2021-09-10 00:00:00,0.0001,
2021-09-10 08:00:00,0.0001,
2021-09-10 16:00:00,0.0001,
2021-09-11 00:00:00,0.0001,
2021-09-11 08:00:00,0.0001,
2021-09-11 16:00:00,0.0001,
2021-09-12 00:00:00,0.0001,
2021-09-12 08:00:00,0.0001,
2021-09-12 16:00:00,0.0001,
2021-09-13 00:00:00,0.0001,
2021-09-13 08:00:00,0.0001,
2021-09-13 16:00:00,0.0001,
2021-09-14 00:00:00,0.0001,
2021-09-14 08:00:00,0.0001,
2021-09-14 16:00:00,0.0001,
2021-09-15 00:00:00,0.0001,
2021-09-15 08:00:00,0.0001,
2021-09-15 16:00:00,0.0001,
2021-09-16 00:00:00,0.0001,
2021-09-16 08:00:00,0.0001,
2021-09-16 16:00:00,0.0001,
2021-09-17 00:00:00,0.0001,
2021-09-17 08:00:00,0.00015229,
2021-09-17 16:00:00,0.0001,
2021-09-18 00:00:00,0.00012982,
2021-09-18 08:00:00,0.0001,
2021-09-18 16:00:00,0.0001,
2021-09-19 00:00:00,0.0001,
2021-09-19 08:00:00,0.0001,
2021-09-19 16:00:00,0.0001,
2021-09-20 00:00:00,0.0001,
2021-09-20 08:00:00,0.0001,
2021-09-20 16:00:00,0.0001,
2021-09-21 00:00:00,0.0001,
2021-09-21 08:00:00,0.0001,
2021-09-21 16:00:00,0.0001,
2021-09-22 00:00:00,0.0001,
2021-09-22 08:00:00,0.0001,
2021-09-22 16:00:00,0.0001,
2021-09-23 00:00:00,0.0001,
2021-09-23 08:00:00,0.0001,
2021-09-23 16:00:00,0.0001,
2021-09-24 00:00:00,0.0001,
2021-09-24 08:00:00,0.0001,
2021-09-24 16:00:00,0.0001,
2021-09-25 00:00:00,0.0001,
2021-09-25 08:00:00,0.0001,
2021-09-25 16:00:00,0.0001,
2021-09-26 00:00:00,0.0001,
2021-09-26 08:00:00,0.0001,
2021-09-26 16:00:00,0.0001,
2021-09-27 00:00:00,0.0001,
2021-09-27 08:00:00,0.0001,
2021-09-27 16:00:00,0.0001,
2021-09-28 00:00:00,0.0001,
2021-09-28 08:00:00,0.0001,
2021-09-28 16:00:00,0.0001,
2021-09-29 00:00:00,0.0001,
2021-09-29 08:00:00,0.0001,
2021-09-29 16:00:00,0.0001,
2021-09-30 00:00:00,0.0001,
2021-09-30 08:00:00,0.0001,
2021-09-30 16:00:00,0.0001,
2021-10-01 00:00:00,0.0001,
2021-10-01 08:00:00,0.0001,
2021-10-01 16:00:00,0.0001,
2021-10-02 00:00:00,0.0001,
2021-10-02 08:00:00,0.0001,
2021-10-02 16:00:00,0.0001,
2021-10-03 00:00:00,0.0001,
2021-10-03 08:00:00,0.0001,
2021-10-03 16:00:00,0.0001,
2021-10-04 00:00:00,0.0001,
2021-10-04 08:00:00,0.0001,
2021-10-04 16:00:00,0.0001,
2021-10-05 00:00:00,0.0001,
2021-10-05 08:00:00,0.0001,
2021-10-05 16:00:00,0.0001,
2021-10-06 00:00:00,0.0001,
2021-10-06 08:00:00,0.0001,
2021-10-06 16:00:00,0.0001,
2021-10-07 00:00:00,0.00014695,
2021-10-07 08:00:00,0.00012155,
2021-10-07 16:00:00,0.00038611,
2021-10-08 00:00:00,0.00041884,
2021-10-08 08:00:00,0.00035766,
2021-10-08 16:00:00,0.0005223,
2021-10-09 00:00:00,0.00013393,
2021-10-09 08:00:00,0.000139,
2021-10-09 16:00:00,0.00024257,
2021-10-10 00:00:00,0.00022539,
2021-10-10 08:00:00,0.00024948,
2021-10-10 16:00:00,0.0001102,
2021-10-11 00:00:00,0.0001,
2021-10-11 08:00:00,0.0001,
2021-10-11 16:00:00,0.0001,
2021-10-12 00:00:00,0.0001,
2021-10-12 08:00:00,0.0001,
2021-10-12 16:00:00,0.0001,
2021-10-13 00:00:00,0.0001,
2021-10-13 08:00:00,0.0001,
2021-10-13 16:00:00,0.0001,
2021-10-14 00:00:00,0.0001,
2021-10-14 08:00:00,0.0001,
2021-10-14 16:00:00,0.00029922,
2021-10-15 00:00:00,0.00042271,
2021-10-15 08:00:00,0.00030406,
2021-10-15 16:00:00,0.00020452,
2021-10-16 00:00:00,0.00036993,
2021-10-16 08:00:00,0.00057494,
2021-10-16 16:00:00,0.00041803,
2021-10-17 00:00:00,0.00028743,
2021-10-17 08:00:00,0.0003158,
2021-10-17 16:00:00,0.00033995,
2021-10-18 00:00:00,0.0001,
2021-10-18 08:00:00,0.00032112,
2021-10-18 16:00:00,0.00024306,
2021-10-19 00:00:00,0.00034967,
2021-10-19 08:00:00,0.00023257,
2021-10-19 16:00:00,0.00025893,
2021-10-20 00:00:00,0.00030257,
2021-10-20 08:00:00,0.00028166,
2021-10-20 16:00:00,0.00032602,
2021-10-21 00:00:00,0.0003264,
2021-10-21 08:00:00,0.00051038,
2021-10-21 16:00:00,0.00056819,
2021-10-22 00:00:00,0.00037678,
2021-10-22 08:00:00,0.00014181,
2021-10-22 16:00:00,0.00010874,
2021-10-23 00:00:00,0.00020743,
2021-10-23 08:00:00,0.00010688,
2021-10-23 16:00:00,0.00018769,
2021-10-24 00:00:00,0.0001,
2021-10-24 08:00:00,0.00042351,
2021-10-24 16:00:00,0.00048272,
2021-10-25 00:00:00,0.00025348,
2021-10-25 08:00:00,0.0001685,
2021-10-25 16:00:00,0.00049727,
2021-10-26 00:00:00,0.00044497,
2021-10-26 08:00:00,0.00068403,
2021-10-26 16:00:00,0.00064583,
2021-10-27 00:00:00,0.0004252,
2021-10-27 08:00:00,0.00033044,
2021-10-27 16:00:00,0.0001,
2021-10-28 00:00:00,0.0001,
2021-10-28 08:00:00,0.0001,
2021-10-28 16:00:00,0.0001,
2021-10-29 00:00:00,0.0001,
2021-10-29 08:00:00,0.0001,
2021-10-29 16:00:00,0.00016732,
2021-10-30 00:00:00,0.00013669,
2021-10-30 08:00:00,0.00031007,
2021-10-30 16:00:00,0.0001,
2021-10-31 00:00:00,0.0002252,
2021-10-31 08:00:00,0.00019366,
2021-10-31 16:00:00,0.00011072,
2021-11-01 00:00:00,0.0001,
2021-11-01 08:00:00,0.0002801,
2021-11-01 16:00:00,0.00025619,
2021-11-02 00:00:00,0.0003153,
2021-11-02 08:00:00,0.00040423,
2021-11-02 16:00:00,0.00055293,
2021-11-03 00:00:00,0.00055064,
2021-11-03 08:00:00,0.00046523,
2021-11-03 16:00:00,0.00028619,
2021-11-04 00:00:00,0.00038002,
2021-11-04 08:00:00,0.00063312,
2021-11-04 16:00:00,0.00027813,
2021-11-05 00:00:00,0.00027472,
2021-11-05 08:00:00,0.00010795,
2021-11-05 16:00:00,0.0003763,
2021-11-06 00:00:00,0.00022843,
2021-11-06 08:00:00,0.00038913,
2021-11-06 16:00:00,0.0001,
2021-11-07 00:00:00,0.0001,
2021-11-07 08:00:00,0.0001,
2021-11-07 16:00:00,0.00024658,
2021-11-08 00:00:00,0.00052549,
2021-11-08 08:00:00,0.00071026,
2021-11-08 16:00:00,0.00056058,
2021-11-09 00:00:00,0.00045257,
2021-11-09 08:00:00,0.00058857,
2021-11-09 16:00:00,0.00034952,
2021-11-10 00:00:00,0.00034851,
2021-11-10 08:00:00,0.00033893,
2021-11-10 16:00:00,0.00043174,
2021-11-11 00:00:00,0.0001,
2021-11-11 08:00:00,0.0001,
2021-11-11 16:00:00,0.0001,
2021-11-12 00:00:00,0.0001,
2021-11-12 08:00:00,0.0001,
2021-11-12 16:00:00,0.0001,
2021-11-13 00:00:00,0.0001,
2021-11-13 08:00:00,0.0001,
2021-11-13 16:00:00,0.0001,
2021-11-14 00:00:00,0.0001,
2021-11-14 08:00:00,0.0001,
2021-11-14 16:00:00,0.0001,
2021-11-15 00:00:00,0.0001,
2021-11-15 08:00:00,0.00021608,
2021-11-15 16:00:00,0.00044234,
2021-11-16 00:00:00,0.00029356,
2021-11-16 08:00:00,0.0001,
2021-11-16 16:00:00,0.0001,
2021-11-17 00:00:00,0.0001,
2021-11-17 08:00:00,0.0001,
2021-11-17 16:00:00,0.0001,
2021-11-18 00:00:00,0.0001,
2021-11-18 08:00:00,0.0001,
2021-11-18 16:00:00,0.0001,
2021-11-19 00:00:00,0.0001,
2021-11-19 08:00:00,0.0001,
2021-11-19 16:00:00,0.0001,
2021-11-20 00:00:00,0.0001,
2021-11-20 08:00:00,0.0001,
2021-11-20 16:00:00,0.0001,
2021-11-21 00:00:00,0.0001,
2021-11-21 08:00:00,0.0001,
2021-11-21 16:00:00,0.0001,
2021-11-22 00:00:00,0.0001,
2021-11-22 08:00:00,0.0001,
2021-11-22 16:00:00,0.0001,
2021-11-23 00:00:00,0.0001,
2021-11-23 08:00:00,0.0001,
2021-11-23 16:00:00,0.0001,
2021-11-24 00:00:00,0.00025847,
2021-11-24 08:00:00,0.00015629,
2021-11-24 16:00:00,0.00014192,
2021-11-25 00:00:00,0.00031325,
2021-11-25 08:00:00,0.00026748,
2021-11-25 16:00:00,0.00017481,
2021-11-26 00:00:00,0.0005359,
2021-11-26 08:00:00,0.00032895,
2021-11-26 16:00:00,0.0001,
2021-11-27 00:00:00,0.0001,
2021-11-27 08:00:00,0.0001,
2021-11-27 16:00:00,0.0001,
2021-11-28 00:00:00,0.0001,
2021-11-28 08:00:00,0.0001,
2021-11-28 16:00:00,0.0001,
2021-11-29 00:00:00,0.0001,
2021-11-29 08:00:00,0.0001,
2021-11-29 16:00:00,0.0001,
2021-11-30 00:00:00,0.0001,
2021-11-30 08:00:00,0.0001,
2021-11-30 16:00:00,0.0001,
2021-12-01 00:00:00,0.00011195,
2021-12-01 08:00:00,0.0001,
2021-12-01 16:00:00,0.0001,
2021-12-02 00:00:00,0.0001,
2021-12-02 08:00:00,0.0001,
2021-12-02 16:00:00,0.0001,
2021-12-03 00:00:00,0.0001,
2021-12-03 08:00:00,0.0001,
2021-12-03 16:00:00,0.0001,
2021-12-04 00:00:00,0.0001,
2021-12-04 08:00:00,0.0001,
2021-12-04 16:00:00,0.0001,
2021-12-05 00:00:00,7.24e-06,
2021-12-05 08:00:00,0.0001,
2021-12-05 16:00:00,0.0001,
2021-12-06 00:00:00,0.0001,
2021-12-06 08:00:00,0.0001,
2021-12-06 16:00:00,0.0001,
2021-12-07 00:00:00,0.0001,
2021-12-07 08:00:00,0.0001,
2021-12-07 16:00:00,0.0001,
2021-12-08 00:00:00,0.0001,
2021-12-08 08:00:00,0.0001,
2021-12-08 16:00:00,0.0001,
2021-12-09 00:00:00,0.0001,
2021-12-09 08:00:00,0.0001,
2021-12-09 16:00:00,0.0001,
2021-12-10 00:00:00,0.0001,
2021-12-10 08:00:00,0.0001,
2021-12-10 16:00:00,7.29e-05,
2021-12-11 00:00:00,0.0001,
2021-12-11 08:00:00,0.0001,
2021-12-11 16:00:00,8.913e-05,
2021-12-12 00:00:00,0.0001,
2021-12-12 08:00:00,0.0001,
2021-12-12 16:00:00,0.0001,
2021-12-13 00:00:00,0.0001,
2021-12-13 08:00:00,0.0001,
2021-12-13 16:00:00,0.0001,
2021-12-14 00:00:00,9.373e-05,
2021-12-14 08:00:00,0.0001,
2021-12-14 16:00:00,0.0001,
2021-12-15 00:00:00,0.0001,
2021-12-15 08:00:00,0.0001,
2021-12-15 16:00:00,0.0001,
2021-12-16 00:00:00,0.0001,
2021-12-16 08:00:00,0.0001,
2021-12-16 16:00:00,0.0001,
2021-12-17 00:00:00,0.0001,
2021-12-17 08:00:00,0.0001,
2021-12-17 16:00:00,0.0001,
2021-12-18 00:00:00,0.0001,
2021-12-18 08:00:00,9.845e-05,
2021-12-18 16:00:00,0.0001,
2021-12-19 00:00:00,0.0001,
2021-12-19 08:00:00,0.0001,
2021-12-19 16:00:00,0.0001,
2021-12-20 00:00:00,0.0001,
2021-12-20 08:00:00,0.0001,
2021-12-20 16:00:00,0.0001,
2021-12-21 00:00:00,0.0001,
2021-12-21 08:00:00,0.0001,
2021-12-21 16:00:00,0.0001,
2021-12-22 00:00:00,0.0001,
2021-12-22 08:00:00,0.0001,
2021-12-22 16:00:00,0.0001,
2021-12-23 00:00:00,0.0001,
2021-12-23 08:00:00,0.0001,
2021-12-23 16:00:00,0.0001,
2021-12-24 00:00:00,0.0001,
2021-12-24 08:00:00,0.0001,
2021-12-24 16:00:00,0.0001,
2021-12-25 00:00:00,0.0001,
2021-12-25 08:00:00,0.0001,
2021-12-25 16:00:00,0.0001,
2021-12-26 00:00:00,0.0001,
2021-12-26 08:00:00,0.0001,
2021-12-26 16:00:00,0.0001,
2021-12-27 00:00:00,0.0001,
2021-12-27 08:00:00,0.0001,
2021-12-27 16:00:00,0.0001,
2021-12-28 00:00:00,0.0001,
2021-12-28 08:00:00,0.0001,
2021-12-28 16:00:00,0.0001,
2021-12-29 00:00:00,0.0001,
2021-12-29 08:00:00,0.0001,
2021-12-29 16:00:00,0.0001,
2021-12-30 00:00:00,0.0001,
2021-12-30 08:00:00,0.0001,
2021-12-30 16:00:00,0.0001,
2021-12-31 00:00:00,0.0001,
2021-12-31 08:00:00,0.0001,
2021-12-31 16:00:00,0.0001,
2022-01-01 00:00:00,0.0001,
2022-01-01 08:00:00,0.0001,
2022-01-01 16:00:00,0.0001,
2022-01-02 00:00:00,0.0001,
2022-01-02 08:00:00,0.0001,
2022-01-02 16:00:00,0.0001,
2022-01-03 00:00:00,0.0001,
2022-01-03 08:00:00,0.0001,
2022-01-03 16:00:00,0.0001,
2022-01-04 00:00:00,0.0001,
2022-01-04 08:00:00,0.0001,
2022-01-04 16:00:00,0.0001,
2022-01-05 00:00:00,0.0001,
2022-01-05 08:00:00,0.0001,
2022-01-05 16:00:00,0.0001,
2022-01-06 00:00:00,0.0001,
2022-01-06 08:00:00,0.0001,
2022-01-06 16:00:00,0.0001,
2022-01-07 00:00:00,0.0001,
2022-01-07 08:00:00,0.0001,
2022-01-07 16:00:00,0.0001,
2022-01-08 00:00:00,0.0001,
2022-01-08 08:00:00,0.0001,
2022-01-08 16:00:00,0.0001,
2022-01-09 00:00:00,0.0001,
2022-01-09 08:00:00,0.0001,
2022-01-09 16:00:00,0.0001,
2022-01-10 00:00:00,-3.312e-05,
2022-01-10 08:00:00,5.943e-05,
2022-01-10 16:00:00,0.0001,
2022-01-11 00:00:00,0.0001,
2022-01-11 08:00:00,0.0001,
2022-01-11 16:00:00,0.0001,
2022-01-12 00:00:00,0.0001,
2022-01-12 08:00:00,0.0001,
2022-01-12 16:00:00,0.0001,
2022-01-13 00:00:00,0.0001,
2022-01-13 08:00:00,0.0001,
2022-01-13 16:00:00,0.0001,
2022-01-14 00:00:00,0.0001,
2022-01-14 08:00:00,0.0001,
2022-01-14 16:00:00,0.0001,
2022-01-15 00:00:00,0.0001,
2022-01-15 08:00:00,0.0001,
2022-01-15 16:00:00,0.0001,
2022-01-16 00:00:00,0.0001,
2022-01-16 08:00:00,0.0001,
2022-01-16 16:00:00,0.0001,
2022-01-17 00:00:00,0.0001,
2022-01-17 08:00:00,0.0001,
2022-01-17 16:00:00,0.0001,
2022-01-18 00:00:00,0.0001,
2022-01-18 08:00:00,0.0001,
2022-01-18 16:00:00,0.0001,
2022-01-19 00:00:00,0.0001,
2022-01-19 08:00:00,0.0001,
2022-01-19 16:00:00,0.0001,
2022-01-20 00:00:00,0.0001,
2022-01-20 08:00:00,0.0001,
2022-01-20 16:00:00,0.0001,
2022-01-21 00:00:00,6.201e-05,
2022-01-21 08:00:00,0.0001,
2022-01-21 16:00:00,0.0001,
2022-01-22 00:00:00,0.0001,
2022-01-22 08:00:00,5.695e-05,
2022-01-22 16:00:00,-5.728e-05,
2022-01-23 00:00:00,0.0001,
2022-01-23 08:00:00,8.932e-05,
2022-01-23 16:00:00,-4.397e-05,
2022-01-24 00:00:00,0.0001,
2022-01-24 08:00:00,2.053e-05,
2022-01-24 16:00:00,0.0001,
2022-01-25 00:00:00,0.0001,
2022-01-25 08:00:00,0.0001,
2022-01-25 16:00:00,0.0001,
2022-01-26 00:00:00,1.144e-05,
2022-01-26 08:00:00,1.772e-05,
2022-01-26 16:00:00,4.317e-05,
2022-01-27 00:00:00,2.086e-05,
2022-01-27 08:00:00,1.788e-05,
2022-01-27 16:00:00,1.762e-05,
2022-01-28 00:00:00,7.415e-05,
2022-01-28 08:00:00,0.0001,
2022-01-28 16:00:00,0.0001,
2022-01-29 00:00:00,5.843e-05,
2022-01-29 08:00:00,0.0001,
2022-01-29 16:00:00,0.0001,
2022-01-30 00:00:00,0.0001,
2022-01-30 08:00:00,0.0001,
2022-01-30 16:00:00,0.0001,
2022-01-31 00:00:00,1.264e-05,
2022-01-31 08:00:00,0.0001,
2022-01-31 16:00:00,7.164e-05,
2022-02-01 00:00:00,8.417e-05,
2022-02-01 08:00:00,6.716e-05,
2022-02-01 16:00:00,1.6e-05,
2022-02-02 00:00:00,4.652e-05,
2022-02-02 08:00:00,0.0001,
2022-02-02 16:00:00,0.0001,
2022-02-03 00:00:00,-7.72e-05,
2022-02-03 08:00:00,6.771e-05,
2022-02-03 16:00:00,4.929e-05,
2022-02-04 00:00:00,-6.083e-05,
2022-02-04 08:00:00,3.349e-05,
2022-02-04 16:00:00,0.0001,
2022-02-05 00:00:00,2.818e-05,
2022-02-05 08:00:00,0.0001,
2022-02-05 16:00:00,0.0001,
2022-02-06 00:00:00,0.0001,
2022-02-06 08:00:00,0.0001,
2022-02-06 16:00:00,0.0001,
2022-02-07 00:00:00,0.0001,
2022-02-07 08:00:00,0.0001,
2022-02-07 16:00:00,0.0001,
2022-02-08 00:00:00,0.0001,
2022-02-08 08:00:00,0.0001,
2022-02-08 16:00:00,0.0001,
2022-02-09 00:00:00,0.0001,
2022-02-09 08:00:00,0.0001,
2022-02-09 16:00:00,0.0001,
2022-02-10 00:00:00,4.75e-05,
2022-02-10 08:00:00,9.94e-05,
2022-02-10 16:00:00,9.358e-05,
2022-02-11 00:00:00,-7.96e-06,
2022-02-11 08:00:00,7.324e-05,
2022-02-11 16:00:00,1.573e-05,
2022-02-12 00:00:00,0.0001,
2022-02-12 08:00:00,0.0001,
2022-02-12 16:00:00,0.0001,
2022-02-13 00:00:00,5.313e-05,
2022-02-13 08:00:00,2.652e-05,
2022-02-13 16:00:00,6.62e-06,
2022-02-14 00:00:00,4.573e-05,
2022-02-14 08:00:00,9.889e-05,
2022-02-14 16:00:00,8.712e-05,
2022-02-15 00:00:00,0.0001,
2022-02-15 08:00:00,-5.376e-05,
2022-02-15 16:00:00,-1.105e-05,
2022-02-16 00:00:00,0.0001,
2022-02-16 08:00:00,0.0001,
2022-02-16 16:00:00,0.0001,
2022-02-17 00:00:00,8.62e-05,
2022-02-17 08:00:00,0.0001,
2022-02-17 16:00:00,0.0001,
2022-02-18 00:00:00,4.188e-05,
2022-02-18 08:00:00,-1.595e-05,
2022-02-18 16:00:00,0.0001,
2022-02-19 00:00:00,0.0001,
2022-02-19 08:00:00,0.0001,
2022-02-19 16:00:00,0.0001,
2022-02-20 00:00:00,9.519e-05,
2022-02-20 08:00:00,7.487e-05,
2022-02-20 16:00:00,6.314e-05,
2022-02-21 00:00:00,0.0001,
2022-02-21 08:00:00,7.423e-05,
2022-02-21 16:00:00,-2.658e-05,
2022-02-22 00:00:00,-3.787e-05,
2022-02-22 08:00:00,-2.5e-07,
2022-02-22 16:00:00,-5.54e-05,
2022-02-23 00:00:00,2.671e-05,
2022-02-23 08:00:00,2.689e-05,
2022-02-23 16:00:00,3.204e-05,
2022-02-24 00:00:00,3.616e-05,
2022-02-24 08:00:00,-3.65e-05,
2022-02-24 16:00:00,-0.00014252,
2022-02-25 00:00:00,0.0001,
2022-02-25 08:00:00,8.918e-05,
2022-02-25 16:00:00,-8.518e-05,
2022-02-26 00:00:00,1.622e-05,
2022-02-26 08:00:00,0.0001,
2022-02-26 16:00:00,0.0001,
2022-02-27 00:00:00,7.678e-05,
2022-02-27 08:00:00,0.0001,
2022-02-27 16:00:00,0.0001,
2022-02-28 00:00:00,0.0001,
2022-02-28 08:00:00,0.0001,
2022-02-28 16:00:00,0.0001,
2022-03-01 00:00:00,0.0001,
2022-03-01 08:00:00,0.0001,
2022-03-01 16:00:00,0.0001,
2022-03-02 00:00:00,0.0001,
2022-03-02 08:00:00,0.0001,
2022-03-02 16:00:00,0.0001,
2022-03-03 00:00:00,0.0001,
2022-03-03 08:00:00,0.0001,
2022-03-03 16:00:00,0.0001,
2022-03-04 00:00:00,0.0001,
2022-03-04 08:00:00,0.0001,
2022-03-04 16:00:00,0.0001,
2022-03-05 00:00:00,8.058e-05,
2022-03-05 08:00:00,5.409e-05,
2022-03-05 16:00:00,0.0001,
2022-03-06 00:00:00,0.0001,
2022-03-06 08:00:00,0.0001,
2022-03-06 16:00:00,3.999e-05,
2022-03-07 00:00:00,0.0001,
2022-03-07 08:00:00,0.0001,
2022-03-07 16:00:00,8.056e-05,
2022-03-08 00:00:00,9.931e-05,
2022-03-08 08:00:00,-3.394e-05,
2022-03-08 16:00:00,0.0001,
2022-03-09 00:00:00,0.0001,
2022-03-09 08:00:00,4.607e-05,
2022-03-09 16:00:00,0.0001,
2022-03-10 00:00:00,0.0001,
2022-03-10 08:00:00,0.0001,
2022-03-10 16:00:00,0.0001,
2022-03-11 00:00:00,0.0001,
2022-03-11 08:00:00,0.0001,
2022-03-11 16:00:00,0.0001,
2022-03-12 00:00:00,0.0001,
2022-03-12 08:00:00,0.0001,
2022-03-12 16:00:00,0.0001,
2022-03-13 00:00:00,0.0001,
2022-03-13 08:00:00,0.0001,
2022-03-13 16:00:00,8.062e-05,
2022-03-14 00:00:00,4.688e-05,
2022-03-14 08:00:00,5.801e-05,
2022-03-14 16:00:00,0.0001,
2022-03-15 00:00:00,0.0001,
2022-03-15 08:00:00,0.0001,
2022-03-15 16:00:00,0.0001,
2022-03-16 00:00:00,0.0001,
2022-03-16 08:00:00,0.0001,
2022-03-16 16:00:00,0.0001,
2022-03-17 00:00:00,0.0001,
2022-03-17 08:00:00,0.0001,
2022-03-17 16:00:00,0.0001,
2022-03-18 00:00:00,0.0001,
2022-03-18 08:00:00,0.0001,
2022-03-18 16:00:00,0.0001,
2022-03-19 00:00:00,0.0001,
2022-03-19 08:00:00,0.0001,
2022-03-19 16:00:00,0.0001,
2022-03-20 00:00:00,0.0001,
2022-03-20 08:00:00,0.0001,
2022-03-20 16:00:00,0.0001,
2022-03-21 00:00:00,0.0001,
2022-03-21 08:00:00,0.0001,
2022-03-21 16:00:00,0.0001,
2022-03-22 00:00:00,0.0001,
2022-03-22 08:00:00,0.0001,
2022-03-22 16:00:00,0.0001,
2022-03-23 00:00:00,0.0001,
2022-03-23 08:00:00,0.0001,
2022-03-23 16:00:00,0.0001,
2022-03-24 00:00:00,0.0001,
2022-03-24 08:00:00,0.0001,
2022-03-24 16:00:00,0.0001,
2022-03-25 00:00:00,0.0001,
2022-03-25 08:00:00,0.0001,
2022-03-25 16:00:00,0.0001,
2022-03-26 00:00:00,0.0001,
2022-03-26 08:00:00,0.0001,
2022-03-26 16:00:00,0.0001,
2022-03-27 00:00:00,0.0001,
2022-03-27 08:00:00,0.0001,
2022-03-27 16:00:00,0.0001,
2022-03-28 00:00:00,0.0001,
2022-03-28 08:00:00,0.0001,
2022-03-28 16:00:00,0.0001,
2022-03-29 00:00:00,0.0001,
2022-03-29 08:00:00,0.0001,
2022-03-29 16:00:00,0.0001,
2022-03-30 00:00:00,0.0001,
2022-03-30 08:00:00,0.0001,
2022-03-30 16:00:00,0.0001,
2022-03-31 00:00:00,0.0001,
2022-03-31 08:00:00,0.0001,
2022-03-31 16:00:00,0.0001,
2022-04-01 00:00:00,0.0001,
2022-04-01 08:00:00,0.0001,
2022-04-01 16:00:00,0.0001,
2022-04-02 00:00:00,0.0001,
2022-04-02 08:00:00,0.0001,
2022-04-02 16:00:00,0.0001,
2022-04-03 00:00:00,0.0001,
2022-04-03 08:00:00,0.0001,
2022-04-03 16:00:00,0.0001,
2022-04-04 00:00:00,0.0001,
2022-04-04 08:00:00,0.0001,
2022-04-04 16:00:00,0.0001,
2022-04-05 00:00:00,0.0001,
2022-04-05 08:00:00,0.0001,
2022-04-05 16:00:00,0.0001,
2022-04-06 00:00:00,0.0001,
2022-04-06 08:00:00,0.0001,
2022-04-06 16:00:00,9.289e-05,
2022-04-07 00:00:00,6.001e-05,
2022-04-07 08:00:00,9.977e-05,
2022-04-07 16:00:00,0.0001,
2022-04-08 00:00:00,0.0001,
2022-04-08 08:00:00,0.0001,
2022-04-08 16:00:00,0.0001,
2022-04-09 00:00:00,0.0001,
2022-04-09 08:00:00,0.0001,
2022-04-09 16:00:00,0.0001,
2022-04-10 00:00:00,0.0001,
2022-04-10 08:00:00,0.0001,
2022-04-10 16:00:00,0.0001,
2022-04-11 00:00:00,0.0001,
2022-04-11 08:00:00,0.0001,
2022-04-11 16:00:00,0.0001,
2022-04-12 00:00:00,0.0001,
2022-04-12 08:00:00,9.057e-05,
2022-04-12 16:00:00,7.094e-05,
2022-04-13 00:00:00,0.0001,
2022-04-13 08:00:00,5.663e-05,
2022-04-13 16:00:00,0.0001,
2022-04-14 00:00:00,0.0001,
2022-04-14 08:00:00,0.0001,
2022-04-14 16:00:00,7.841e-05,
2022-04-15 00:00:00,-5.97e-05,
2022-04-15 08:00:00,0.0001,
2022-04-15 16:00:00,0.0001,
2022-04-16 00:00:00,0.0001,
2022-04-16 08:00:00,0.0001,
2022-04-16 16:00:00,0.0001,
2022-04-17 00:00:00,0.0001,
2022-04-17 08:00:00,0.0001,
2022-04-17 16:00:00,0.0001,
2022-04-18 00:00:00,0.0001,
2022-04-18 08:00:00,9.486e-05,
2022-04-18 16:00:00,0.0001,
2022-04-19 00:00:00,0.0001,
2022-04-19 08:00:00,0.0001,
2022-04-19 16:00:00,0.0001,
2022-04-20 00:00:00,0.0001,
2022-04-20 08:00:00,0.0001,
2022-04-20 16:00:00,0.0001,
2022-04-21 00:00:00,0.0001,
2022-04-21 08:00:00,0.0001,
2022-04-21 16:00:00,0.0001,
2022-04-22 00:00:00,7.212e-05,
2022-04-22 08:00:00,0.0001,
2022-04-22 16:00:00,0.0001,
2022-04-23 00:00:00,0.0001,
2022-04-23 08:00:00,0.0001,
2022-04-23 16:00:00,0.0001,
2022-04-24 00:00:00,0.0001,
2022-04-24 08:00:00,0.0001,
2022-04-24 16:00:00,0.0001,
2022-04-25 00:00:00,0.0001,
2022-04-25 08:00:00,4.404e-05,
2022-04-25 16:00:00,-3.24e-06,
2022-04-26 00:00:00,0.0001,
2022-04-26 08:00:00,0.0001,
2022-04-26 16:00:00,6.19e-05,
2022-04-27 00:00:00,-4.028e-05,
2022-04-27 08:00:00,8.85e-05,
2022-04-27 16:00:00,7.166e-05,
2022-04-28 00:00:00,0.0001,
2022-04-28 08:00:00,0.0001,
2022-04-28 16:00:00,0.0001,
2022-04-29 00:00:00,0.0001,
2022-04-29 08:00:00,0.0001,
2022-04-29 16:00:00,0.0001,
2022-04-30 00:00:00,6.993e-05,
2022-04-30 08:00:00,8.957e-05,
2022-04-30 16:00:00,8.427e-05,
2022-05-01 00:00:00,0.0001,
2022-05-01 08:00:00,-1.635e-05,
2022-05-01 16:00:00,2.66e-05,
2022-05-02 00:00:00,7.298e-05,
2022-05-02 08:00:00,9.4e-05,
2022-05-02 16:00:00,7.01e-06,
2022-05-03 00:00:00,7.543e-05,
2022-05-03 08:00:00,8.448e-05,
2022-05-03 16:00:00,4.274e-05,
2022-05-04 00:00:00,-1.486e-05,
2022-05-04 08:00:00,8.343e-05,
2022-05-04 16:00:00,2.146e-05,
2022-05-05 00:00:00,0.0001,
2022-05-05 08:00:00,0.0001,
2022-05-05 16:00:00,0.0001,
2022-05-06 00:00:00,-1.573e-05,
2022-05-06 08:00:00,-0.00011204,
2022-05-06 16:00:00,9.546e-05,
2022-05-07 00:00:00,9.931e-05,
2022-05-07 08:00:00,8.266e-05,
2022-05-07 16:00:00,8.008e-05,
2022-05-08 00:00:00,8.625e-05,
2022-05-08 08:00:00,7.8e-05,
2022-05-08 16:00:00,0.0001,
2022-05-09 00:00:00,0.0001,
2022-05-09 08:00:00,-5.07e-06,
2022-05-09 16:00:00,3.202e-05,
2022-05-10 00:00:00,-7.675e-05,
2022-05-10 08:00:00,4.156e-05,
2022-05-10 16:00:00,-8.416e-05,
2022-05-11 00:00:00,4.476e-05,
2022-05-11 08:00:00,-7.227e-05,
2022-05-11 16:00:00,-0.00039891,
2022-05-12 00:00:00,-0.00021635,
2022-05-12 08:00:00,-0.0009275,
2022-05-12 16:00:00,-0.00021351,
2022-05-13 00:00:00,-0.00022603,
2022-05-13 08:00:00,-0.00034229,
2022-05-13 16:00:00,-0.00016435,
2022-05-14 00:00:00,-0.00014281,
2022-05-14 08:00:00,8.37e-06,
2022-05-14 16:00:00,-0.00022604,
2022-05-15 00:00:00,-4.445e-05,
2022-05-15 08:00:00,-7.886e-05,
2022-05-15 16:00:00,-2.436e-05,
2022-05-16 00:00:00,6.929e-05,
2022-05-16 08:00:00,1.315e-05,
2022-05-16 16:00:00,2.532e-05,
2022-05-17 00:00:00,3.558e-05,
2022-05-17 08:00:00,4.485e-05,
2022-05-17 16:00:00,7.395e-05,
2022-05-18 00:00:00,5.872e-05,
2022-05-18 08:00:00,0.0001,
2022-05-18 16:00:00,1.53e-05,
2022-05-19 00:00:00,4.081e-05,
2022-05-19 08:00:00,7.132e-05,
2022-05-19 16:00:00,-6.97e-06,
2022-05-20 00:00:00,0.0001,
2022-05-20 08:00:00,0.0001,
2022-05-20 16:00:00,1.135e-05,
2022-05-21 00:00:00,-2.8e-06,
2022-05-21 08:00:00,-8.265e-05,
2022-05-21 16:00:00,0.0001,
2022-05-22 00:00:00,6.081e-05,
2022-05-22 08:00:00,7.613e-05,
2022-05-22 16:00:00,0.0001,
2022-05-23 00:00:00,0.0001,
2022-05-23 08:00:00,0.0001,
2022-05-23 16:00:00,0.0001,
2022-05-24 00:00:00,-3.596e-05,
2022-05-24 08:00:00,5e-07,
2022-05-24 16:00:00,-6.136e-05,
2022-05-25 00:00:00,-2.562e-05,
2022-05-25 08:00:00,2.571e-05,
2022-05-25 16:00:00,4.32e-05,
2022-05-26 00:00:00,0.0001,
2022-05-26 08:00:00,-3.255e-05,
2022-05-26 16:00:00,-0.00024844,
2022-05-27 00:00:00,-0.00011896,
2022-05-27 08:00:00,5.3e-06,
2022-05-27 16:00:00,3.25e-06,
2022-05-28 00:00:00,4.129e-05,
2022-05-28 08:00:00,-2.343e-05,
2022-05-28 16:00:00,1.348e-05,
2022-05-29 00:00:00,6.339e-05,
2022-05-29 08:00:00,2.126e-05,
2022-05-29 16:00:00,-1.78e-06,
2022-05-30 00:00:00,4.453e-05,
2022-05-30 08:00:00,0.0001,
2022-05-30 16:00:00,0.0001,
2022-05-31 00:00:00,0.0001,
2022-05-31 08:00:00,0.0001,
2022-05-31 16:00:00,0.0001,
2022-06-01 00:00:00,0.0001,
2022-06-01 08:00:00,0.0001,
2022-06-01 16:00:00,0.0001,
2022-06-02 00:00:00,-5.373e-05,
2022-06-02 08:00:00,2.004e-05,
2022-06-02 16:00:00,8.502e-05,
2022-06-03 00:00:00,-2.749e-05,
2022-06-03 08:00:00,0.0001,
2022-06-03 16:00:00,2.558e-05,
2022-06-04 00:00:00,0.0001,
2022-06-04 08:00:00,7.276e-05,
2022-06-04 16:00:00,2.777e-05,
2022-06-05 00:00:00,7.908e-05,
2022-06-05 08:00:00,0.0001,
2022-06-05 16:00:00,3.093e-05,
2022-06-06 00:00:00,0.0001,
2022-06-06 08:00:00,6.475e-05,
2022-06-06 16:00:00,7.477e-05,
2022-06-07 00:00:00,8.532e-05,
2022-06-07 08:00:00,0.0001,
2022-06-07 16:00:00,7.839e-05,
2022-06-08 00:00:00,0.0001,
2022-06-08 08:00:00,0.0001,
2022-06-08 16:00:00,7.517e-05,
2022-06-09 00:00:00,-1.709e-05,
2022-06-09 08:00:00,0.0001,
2022-06-09 16:00:00,-0.00026051,
2022-06-10 00:00:00,-8.657e-05,
2022-06-10 08:00:00,0.0001,
2022-06-10 16:00:00,0.0001,
2022-06-11 00:00:00,7.39e-05,
2022-06-11 08:00:00,3.2e-05,
2022-06-11 16:00:00,-0.00017222,
2022-06-12 00:00:00,-0.00024178,
2022-06-12 08:00:00,-0.00035251,
2022-06-12 16:00:00,-0.00033983,
2022-06-13 00:00:00,-0.00026192,
2022-06-13 08:00:00,-0.00033484,
2022-06-13 16:00:00,-0.00036214,
2022-06-14 00:00:00,-0.00028214,
2022-06-14 08:00:00,-0.00018773,
2022-06-14 16:00:00,-0.00025451,
2022-06-15 00:00:00,-4.509e-05,
2022-06-15 08:00:00,-1.18e-06,
2022-06-15 16:00:00,-3.731e-05,
2022-06-16 00:00:00,-3.238e-05,
2022-06-16 08:00:00,0.0001,
2022-06-16 16:00:00,-4.47e-05,
2022-06-17 00:00:00,-2.2e-05,
2022-06-17 08:00:00,7.15e-06,
2022-06-17 16:00:00,-0.00013623,
2022-06-18 00:00:00,1.896e-05,
2022-06-18 08:00:00,-2.322e-05,
2022-06-18 16:00:00,0.0001,
2022-06-19 00:00:00,-0.00013293,
2022-06-19 08:00:00,-7.38e-06,
2022-06-19 16:00:00,0.0001,
2022-06-20 00:00:00,9.322e-05,
2022-06-20 08:00:00,0.0001,
2022-06-20 16:00:00,0.0001,
2022-06-21 00:00:00,0.0001,
2022-06-21 08:00:00,0.0001,
2022-06-21 16:00:00,0.0001,
2022-06-22 00:00:00,6.877e-05,
2022-06-22 08:00:00,5.754e-05,
2022-06-22 16:00:00,0.0001,
2022-06-23 00:00:00,6.229e-05,
2022-06-23 08:00:00,8.187e-05,
2022-06-23 16:00:00,3.834e-05,
2022-06-24 00:00:00,4.858e-05,
2022-06-24 08:00:00,7.472e-05,
2022-06-24 16:00:00,2.128e-05,
2022-06-25 00:00:00,0.0001,
2022-06-25 08:00:00,0.0001,
2022-06-25 16:00:00,7.003e-05,
2022-06-26 00:00:00,-1.066e-05,
2022-06-26 08:00:00,9.778e-05,
2022-06-26 16:00:00,0.0001,
2022-06-27 00:00:00,-0.0001285,
2022-06-27 08:00:00,-6.248e-05,
2022-06-27 16:00:00,-4.184e-05,
2022-06-28 00:00:00,-1.879e-05,
2022-06-28 08:00:00,-0.00018867,
2022-06-28 16:00:00,1.567e-05,
2022-06-29 00:00:00,-0.00019965,
2022-06-29 08:00:00,-9.219e-05,
2022-06-29 16:00:00,4.08e-06,
2022-06-30 00:00:00,5.77e-05,
2022-06-30 08:00:00,-4.75e-06,
2022-06-30 16:00:00,-7.899e-05,
2022-07-01 00:00:00,-8.603e-05,
2022-07-01 08:00:00,-4.029e-05,
2022-07-01 16:00:00,-1.981e-05,
2022-07-02 00:00:00,4.8e-05,
2022-07-02 08:00:00,-8.4e-06,
2022-07-02 16:00:00,1.986e-05,
2022-07-03 00:00:00,0.0001,
2022-07-03 08:00:00,5.751e-05,
2022-07-03 16:00:00,-2.126e-05,
2022-07-04 00:00:00,0.0001,
2022-07-04 08:00:00,2.2e-06,
2022-07-04 16:00:00,0.0001,
2022-07-05 00:00:00,0.0001,
2022-07-05 08:00:00,0.0001,
2022-07-05 16:00:00,0.0001,
2022-07-06 00:00:00,0.0001,
2022-07-06 08:00:00,0.0001,
2022-07-06 16:00:00,0.0001,
2022-07-07 00:00:00,0.0001,
2022-07-07 08:00:00,0.0001,
2022-07-07 16:00:00,0.0001,
2022-07-08 00:00:00,0.0001,
2022-07-08 08:00:00,0.0001,
2022-07-08 16:00:00,0.0001,
2022-07-09 00:00:00,0.0001,
2022-07-09 08:00:00,0.0001,
2022-07-09 16:00:00,0.0001,
2022-07-10 00:00:00,0.0001,
2022-07-10 08:00:00,0.0001,
2022-07-10 16:00:00,0.0001,
2022-07-11 00:00:00,4.937e-05,
2022-07-11 08:00:00,3.24e-06,
2022-07-11 16:00:00,0.0001,
2022-07-12 00:00:00,-1.589e-05,
2022-07-12 08:00:00,0.0001,
2022-07-12 16:00:00,6.634e-05,
2022-07-13 00:00:00,0.0001,
2022-07-13 08:00:00,-2.82e-06,
2022-07-13 16:00:00,1.008e-05,
2022-07-14 00:00:00,4.066e-05,
2022-07-14 08:00:00,0.0001,
2022-07-14 16:00:00,0.0001,
2022-07-15 00:00:00,0.0001,
2022-07-15 08:00:00,0.0001,
2022-07-15 16:00:00,0.0001,
2022-07-16 00:00:00,0.0001,
2022-07-16 08:00:00,0.0001,
2022-07-16 16:00:00,0.0001,
2022-07-17 00:00:00,0.0001,
2022-07-17 08:00:00,0.0001,
2022-07-17 16:00:00,0.0001,
2022-07-18 00:00:00,0.0001,
2022-07-18 08:00:00,0.0001,
2022-07-18 16:00:00,0.0001,
2022-07-19 00:00:00,0.0001,
2022-07-19 08:00:00,0.0001,
2022-07-19 16:00:00,0.0001,
2022-07-20 00:00:00,0.0001,
2022-07-20 08:00:00,0.0001,
2022-07-20 16:00:00,0.0001,
2022-07-21 00:00:00,0.0001,
2022-07-21 08:00:00,0.0001,
2022-07-21 16:00:00,0.0001,
2022-07-22 00:00:00,0.0001,
2022-07-22 08:00:00,0.0001,
2022-07-22 16:00:00,0.0001,
2022-07-23 00:00:00,0.0001,
2022-07-23 08:00:00,-2.097e-05,
2022-07-23 16:00:00,0.0001,
2022-07-24 00:00:00,6.631e-05,
2022-07-24 08:00:00,0.0001,
2022-07-24 16:00:00,0.0001,
2022-07-25 00:00:00,0.0001,
2022-07-25 08:00:00,6.888e-05,
2022-07-25 16:00:00,0.0001,
2022-07-26 00:00:00,8.151e-05,
2022-07-26 08:00:00,0.0001,
2022-07-26 16:00:00,6.356e-05,
2022-07-27 00:00:00,9.183e-05,
2022-07-27 08:00:00,3.92e-05,
2022-07-27 16:00:00,-2.502e-05,
2022-07-28 00:00:00,0.0001,
2022-07-28 08:00:00,0.0001,
2022-07-28 16:00:00,0.0001,
2022-07-29 00:00:00,0.0001,
2022-07-29 08:00:00,0.0001,
2022-07-29 16:00:00,0.0001,
2022-07-30 00:00:00,0.0001,
2022-07-30 08:00:00,0.0001,
2022-07-30 16:00:00,0.0001,
2022-07-31 00:00:00,0.0001,
2022-07-31 08:00:00,0.0001,
2022-07-31 16:00:00,0.0001,
2022-08-01 00:00:00,0.0001,
2022-08-01 08:00:00,0.0001,
2022-08-01 16:00:00,0.0001,
2022-08-02 00:00:00,0.0001,
2022-08-02 08:00:00,0.0001,
2022-08-02 16:00:00,0.0001,
2022-08-03 00:00:00,0.0001,
2022-08-03 08:00:00,0.0001,
2022-08-03 16:00:00,9.891e-05,
2022-08-04 00:00:00,0.0001,
2022-08-04 08:00:00,6.667e-05,
2022-08-04 16:00:00,0.0001,
2022-08-05 00:00:00,0.0001,
2022-08-05 08:00:00,0.0001,
2022-08-05 16:00:00,0.0001,
2022-08-06 00:00:00,0.0001,
2022-08-06 08:00:00,0.0001,
2022-08-06 16:00:00,0.0001,
2022-08-07 00:00:00,0.0001,
2022-08-07 08:00:00,0.0001,
2022-08-07 16:00:00,0.0001,
2022-08-08 00:00:00,0.0001,
2022-08-08 08:00:00,0.0001,
2022-08-08 16:00:00,0.0001,
2022-08-09 00:00:00,0.0001,
2022-08-09 08:00:00,0.0001,
2022-08-09 16:00:00,0.0001,
2022-08-10 00:00:00,0.0001,
2022-08-10 08:00:00,0.0001,
2022-08-10 16:00:00,0.0001,
2022-08-11 00:00:00,0.0001,
2022-08-11 08:00:00,4.787e-05,
2022-08-11 16:00:00,0.0001,
2022-08-12 00:00:00,0.0001,
2022-08-12 08:00:00,0.0001,
2022-08-12 16:00:00,0.0001,
2022-08-13 00:00:00,0.0001,
2022-08-13 08:00:00,5.58e-05,
2022-08-13 16:00:00,4.16e-05,
2022-08-14 00:00:00,0.0001,
2022-08-14 08:00:00,0.0001,
2022-08-14 16:00:00,-5.44e-05,
2022-08-15 00:00:00,-7.54e-06,
2022-08-15 08:00:00,-7.82e-06,
2022-08-15 16:00:00,7.074e-05,
2022-08-16 00:00:00,0.0001,
2022-08-16 08:00:00,0.0001,
2022-08-16 16:00:00,8.012e-05,
2022-08-17 00:00:00,0.0001,
2022-08-17 08:00:00,-0.00011202,
2022-08-17 16:00:00,0.0001,
2022-08-18 00:00:00,0.0001,
2022-08-18 08:00:00,0.0001,
2022-08-18 16:00:00,0.0001,
2022-08-19 00:00:00,0.0001,
2022-08-19 08:00:00,8.5e-06,
2022-08-19 16:00:00,-0.00011715,
2022-08-20 00:00:00,-0.00010419,
2022-08-20 08:00:00,-5.73e-05,
2022-08-20 16:00:00,-1.3e-06,
2022-08-21 00:00:00,-0.00016005,
2022-08-21 08:00:00,-0.00021975,
2022-08-21 16:00:00,-0.00011022,
2022-08-22 00:00:00,-0.00013084,
2022-08-22 08:00:00,-0.00012716,
2022-08-22 16:00:00,0.0001,
2022-08-23 00:00:00,2.493e-05,
2022-08-23 08:00:00,4.78e-06,
2022-08-23 16:00:00,4.542e-05,
2022-08-24 00:00:00,-9.4e-05,
2022-08-24 08:00:00,2.672e-05,
2022-08-24 16:00:00,0.0001,
2022-08-25 00:00:00,-9.9e-07,
2022-08-25 08:00:00,5.934e-05,
2022-08-25 16:00:00,6.283e-05,
2022-08-26 00:00:00,3.361e-05,
2022-08-26 08:00:00,0.0001,
2022-08-26 16:00:00,-3.84e-06,
2022-08-27 00:00:00,-0.00015941,
2022-08-27 08:00:00,-0.00019575,
2022-08-27 16:00:00,-6.02e-05,
2022-08-28 00:00:00,-6.267e-05,
2022-08-28 08:00:00,-6.226e-05,
2022-08-28 16:00:00,-7.852e-05,
2022-08-29 00:00:00,-0.00028254,
2022-08-29 08:00:00,-8.006e-05,
2022-08-29 16:00:00,-2.173e-05,
2022-08-30 00:00:00,-0.00021008,
2022-08-30 08:00:00,-6.628e-05,
2022-08-30 16:00:00,3.498e-05,
2022-08-31 00:00:00,-1.934e-05,
2022-08-31 08:00:00,-1.065e-05,
2022-08-31 16:00:00,3.725e-05,
2022-09-01 00:00:00,-5.019e-05,
2022-09-01 08:00:00,-2.154e-05,
2022-09-01 16:00:00,-2.178e-05,
2022-09-02 00:00:00,4.318e-05,
2022-09-02 08:00:00,5.9e-06,
2022-09-02 16:00:00,6.68e-05,
2022-09-03 00:00:00,8.441e-05,
2022-09-03 08:00:00,7.914e-05,
2022-09-03 16:00:00,9.533e-05,
2022-09-04 00:00:00,7.86e-06,
2022-09-04 08:00:00,0.0001,
2022-09-04 16:00:00,0.0001,
2022-09-05 00:00:00,0.0001,
2022-09-05 08:00:00,4.57e-05,
2022-09-05 16:00:00,8.545e-05,
2022-09-06 00:00:00,9.592e-05,
2022-09-06 08:00:00,0.0001,
2022-09-06 16:00:00,4.408e-05,
2022-09-07 00:00:00,-5.213e-05,
2022-09-07 08:00:00,-5.86e-06,
2022-09-07 16:00:00,-0.00011823,
2022-09-08 00:00:00,-3.139e-05,
2022-09-08 08:00:00,4.293e-05,
2022-09-08 16:00:00,0.0001,
2022-09-09 00:00:00,0.0001,
2022-09-09 08:00:00,0.0001,
2022-09-09 16:00:00,0.0001,
2022-09-10 00:00:00,0.0001,
2022-09-10 08:00:00,4.949e-05,
2022-09-10 16:00:00,7.475e-05,
2022-09-11 00:00:00,2.901e-05,
2022-09-11 08:00:00,3.11e-05,
2022-09-11 16:00:00,0.0001,
2022-09-12 00:00:00,2.11e-05,
2022-09-12 08:00:00,3.235e-05,
2022-09-12 16:00:00,9.577e-05,
2022-09-13 00:00:00,1.396e-05,
2022-09-13 08:00:00,-2.087e-05,
2022-09-13 16:00:00,6.085e-05,
2022-09-14 00:00:00,-0.00016282,
2022-09-14 08:00:00,-0.00011634,
2022-09-14 16:00:00,3.265e-05,
2022-09-15 00:00:00,8.44e-06,
2022-09-15 08:00:00,-3.501e-05,
2022-09-15 16:00:00,-4.271e-05,
2022-09-16 00:00:00,5.4e-05,
2022-09-16 08:00:00,0.0001,
2022-09-16 16:00:00,0.0001,
2022-09-17 00:00:00,0.0001,
2022-09-17 08:00:00,0.0001,
2022-09-17 16:00:00,0.0001,
2022-09-18 00:00:00,5.658e-05,
2022-09-18 08:00:00,0.0001,
2022-09-18 16:00:00,0.0001,
2022-09-19 00:00:00,0.0001,
2022-09-19 08:00:00,0.0001,
2022-09-19 16:00:00,3.294e-05,
2022-09-20 00:00:00,-7.301e-05,
2022-09-20 08:00:00,1.32e-05,
2022-09-20 16:00:00,9.479e-05,
2022-09-21 00:00:00,2.48e-05,
2022-09-21 08:00:00,5.924e-05,
2022-09-21 16:00:00,-2.328e-05,
2022-09-22 00:00:00,-5.033e-05,
2022-09-22 08:00:00,-6.46e-05,
2022-09-22 16:00:00,-5.25e-06,
2022-09-23 00:00:00,6.87e-05,
2022-09-23 08:00:00,6.628e-05,
2022-09-23 16:00:00,9.546e-05,
2022-09-24 00:00:00,0.0001,
2022-09-24 08:00:00,0.0001,
2022-09-24 16:00:00,0.0001,
2022-09-25 00:00:00,0.0001,
2022-09-25 08:00:00,0.0001,
2022-09-25 16:00:00,0.0001,
2022-09-26 00:00:00,0.0001,
2022-09-26 08:00:00,0.0001,
2022-09-26 16:00:00,0.0001,
2022-09-27 00:00:00,6.75e-05,
2022-09-27 08:00:00,0.0001,
2022-09-27 16:00:00,0.0001,
2022-09-28 00:00:00,3.636e-05,
2022-09-28 08:00:00,8.115e-05,
2022-09-28 16:00:00,6.849e-05,
2022-09-29 00:00:00,3.004e-05,
2022-09-29 08:00:00,9.49e-06,
2022-09-29 16:00:00,8.64e-06,
2022-09-30 00:00:00,5.997e-05,
2022-09-30 08:00:00,0.0001,
2022-09-30 16:00:00,6.621e-05,
2022-10-01 00:00:00,0.0001,
2022-10-01 08:00:00,0.0001,
2022-10-01 16:00:00,0.0001,
2022-10-02 00:00:00,0.0001,
2022-10-02 08:00:00,0.0001,
2022-10-02 16:00:00,8.432e-05,
2022-10-03 00:00:00,8.784e-05,
2022-10-03 08:00:00,1.692e-05,
2022-10-03 16:00:00,-0.00010317,
2022-10-04 00:00:00,2.11e-06,
2022-10-04 08:00:00,-7.338e-05,
2022-10-04 16:00:00,7.98e-06,
2022-10-05 00:00:00,0.0001,
2022-10-05 08:00:00,-3.245e-05,
2022-10-05 16:00:00,9.18e-05,
2022-10-06 00:00:00,-3.976e-05,
2022-10-06 08:00:00,5.395e-05,
2022-10-06 16:00:00,3.094e-05,
2022-10-07 00:00:00,3.409e-05,
2022-10-07 08:00:00,6.034e-05,
2022-10-07 16:00:00,3.67e-05,
2022-10-08 00:00:00,0.0001,
2022-10-08 08:00:00,0.0001,
2022-10-08 16:00:00,0.0001,
2022-10-09 00:00:00,5.649e-05,
2022-10-09 08:00:00,5.077e-05,
2022-10-09 16:00:00,-4.391e-05,
2022-10-10 00:00:00,0.0001,
2022-10-10 08:00:00,0.0001,
2022-10-10 16:00:00,9.036e-05,
2022-10-11 00:00:00,0.0001,
2022-10-11 08:00:00,0.0001,
2022-10-11 16:00:00,-2.813e-05,
2022-10-12 00:00:00,-3.48e-06,
2022-10-12 08:00:00,6.307e-05,
2022-10-12 16:00:00,0.0001,
2022-10-13 00:00:00,8.345e-05,
2022-10-13 08:00:00,-4.702e-05,
2022-10-13 16:00:00,-0.00010558,
2022-10-14 00:00:00,-7.495e-05,
2022-10-14 08:00:00,3.24e-05,
2022-10-14 16:00:00,2.847e-05,
2022-10-15 00:00:00,9.364e-05,
2022-10-15 08:00:00,2.513e-05,
2022-10-15 16:00:00,-3.992e-05,
2022-10-16 00:00:00,1.509e-05,
2022-10-16 08:00:00,1.255e-05,
2022-10-16 16:00:00,9.607e-05,
2022-10-17 00:00:00,8.33e-06,
2022-10-17 08:00:00,4.031e-05,
2022-10-17 16:00:00,2.183e-05,
2022-10-18 00:00:00,5.924e-05,
2022-10-18 08:00:00,5.71e-05,
2022-10-18 16:00:00,0.0001,
2022-10-19 00:00:00,7.528e-05,
2022-10-19 08:00:00,9.893e-05,
2022-10-19 16:00:00,0.0001,
2022-10-20 00:00:00,9.355e-05,
2022-10-20 08:00:00,2.673e-05,
2022-10-20 16:00:00,-8.72e-06,
2022-10-21 00:00:00,0.0001,
2022-10-21 08:00:00,5.578e-05,
2022-10-21 16:00:00,2.08e-05,
2022-10-22 00:00:00,-4.484e-05,
2022-10-22 08:00:00,-2.02e-06,
2022-10-22 16:00:00,-8.015e-05,
2022-10-23 00:00:00,-2.31e-06,
2022-10-23 08:00:00,-8.1e-06,
2022-10-23 16:00:00,0.0001,
2022-10-24 00:00:00,2.013e-05,
2022-10-24 08:00:00,0.0001,
2022-10-24 16:00:00,0.0001,
2022-10-25 00:00:00,8.889e-05,
2022-10-25 08:00:00,8.346e-05,
2022-10-25 16:00:00,3.758e-05,
2022-10-26 00:00:00,0.0001,
2022-10-26 08:00:00,8.594e-05,
2022-10-26 16:00:00,9.667e-05,
2022-10-27 00:00:00,8.353e-05,
2022-10-27 08:00:00,0.0001,
2022-10-27 16:00:00,0.0001,
2022-10-28 00:00:00,0.0001,
2022-10-28 08:00:00,-2.504e-05,
2022-10-28 16:00:00,-4.124e-05,
2022-10-29 00:00:00,0.0001,
2022-10-29 08:00:00,0.0001,
2022-10-29 16:00:00,0.0001,
2022-10-30 00:00:00,0.0001,
2022-10-30 08:00:00,0.0001,
2022-10-30 16:00:00,0.0001,
2022-10-31 00:00:00,0.0001,
2022-10-31 08:00:00,0.0001,
2022-10-31 16:00:00,0.0001,
2022-11-01 00:00:00,0.0001,
2022-11-01 08:00:00,0.0001,
2022-11-01 16:00:00,9.74e-05,
2022-11-02 00:00:00,0.0001,
2022-11-02 08:00:00,9.297e-05,
2022-11-02 16:00:00,0.0001,
2022-11-03 00:00:00,2.442e-05,
2022-11-03 08:00:00,0.0001,
2022-11-03 16:00:00,0.0001,
2022-11-04 00:00:00,0.0001,
2022-11-04 08:00:00,0.0001,
2022-11-04 16:00:00,4.821e-05,
2022-11-05 00:00:00,0.0001,
2022-11-05 08:00:00,0.0001,
2022-11-05 16:00:00,0.0001,
2022-11-06 00:00:00,0.0001,
2022-11-06 08:00:00,0.0001,
2022-11-06 16:00:00,0.0001,
2022-11-07 00:00:00,0.0001,
2022-11-07 08:00:00,0.0001,
2022-11-07 16:00:00,5.167e-05,
2022-11-08 00:00:00,0.0001,
2022-11-08 08:00:00,3.46e-05,
2022-11-08 16:00:00,0.0001,
2022-11-09 00:00:00,-0.00019809,
2022-11-09 08:00:00,6.955e-05,
2022-11-09 16:00:00,-0.00035979,
2022-11-10 00:00:00,-0.00023755,
2022-11-10 08:00:00,1.44e-05,
2022-11-10 16:00:00,3.316e-05,
2022-11-11 00:00:00,0.0001,
2022-11-11 08:00:00,0.0001,
2022-11-11 16:00:00,0.0001,
2022-11-12 00:00:00,0.0001,
2022-11-12 08:00:00,0.0001,
2022-11-12 16:00:00,0.0001,
2022-11-13 00:00:00,2.799e-05,
2022-11-13 08:00:00,0.0001,
2022-11-13 16:00:00,0.0001,
2022-11-14 00:00:00,0.0001,
2022-11-14 08:00:00,-3.77e-06,
2022-11-14 16:00:00,0.0001,
2022-11-15 00:00:00,0.0001,
2022-11-15 08:00:00,0.0001,
2022-11-15 16:00:00,8.633e-05,
2022-11-16 00:00:00,0.0001,
2022-11-16 08:00:00,7.46e-05,
2022-11-16 16:00:00,4.846e-05,
2022-11-17 00:00:00,6.266e-05,
2022-11-17 08:00:00,4.869e-05,
2022-11-17 16:00:00,7.459e-05,
2022-11-18 00:00:00,9.308e-05,
2022-11-18 08:00:00,0.0001,
2022-11-18 16:00:00,4.193e-05,
2022-11-19 00:00:00,1.905e-05,
2022-11-19 08:00:00,4.269e-05,
2022-11-19 16:00:00,7.73e-06,
2022-11-20 00:00:00,0.0001,
2022-11-20 08:00:00,3.618e-05,
2022-11-20 16:00:00,-6.96e-06,
2022-11-21 00:00:00,-0.00012073,
2022-11-21 08:00:00,4.864e-05,
2022-11-21 16:00:00,0.0001,
2022-11-22 00:00:00,0.0001,
2022-11-22 08:00:00,0.0001,
2022-11-22 16:00:00,0.0001,
2022-11-23 00:00:00,0.0001,
2022-11-23 08:00:00,6.985e-05,
2022-11-23 16:00:00,0.0001,
2022-11-24 00:00:00,0.0001,
2022-11-24 08:00:00,2.561e-05,
2022-11-24 16:00:00,0.0001,
2022-11-25 00:00:00,0.0001,
2022-11-25 08:00:00,0.0001,
2022-11-25 16:00:00,7.077e-05,
2022-11-26 00:00:00,0.0001,
2022-11-26 08:00:00,4.74e-06,
2022-11-26 16:00:00,8.937e-05,
2022-11-27 00:00:00,7.993e-05,
2022-11-27 08:00:00,0.0001,
2022-11-27 16:00:00,5.567e-05,
2022-11-28 00:00:00,1.782e-05,
2022-11-28 08:00:00,-1.241e-05,
2022-11-28 16:00:00,8.373e-05,
2022-11-29 00:00:00,0.0001,
2022-11-29 08:00:00,8.191e-05,
2022-11-29 16:00:00,0.0001,
2022-11-30 00:00:00,5.71e-06,
2022-11-30 08:00:00,1.64e-06,
2022-11-30 16:00:00,7.388e-05,
2022-12-01 00:00:00,-1.216e-05,
2022-12-01 08:00:00,2.477e-05,
2022-12-01 16:00:00,9.597e-05,
2022-12-02 00:00:00,0.0001,
2022-12-02 08:00:00,4.986e-05,
2022-12-02 16:00:00,5.004e-05,
2022-12-03 00:00:00,3.454e-05,
2022-12-03 08:00:00,4.937e-05,
2022-12-03 16:00:00,0.0001,
2022-12-04 00:00:00,8.324e-05,
2022-12-04 08:00:00,-5.624e-05,
2022-12-04 16:00:00,6.551e-05,
2022-12-05 00:00:00,-7.886e-05,
2022-12-05 08:00:00,-7.9e-06,
2022-12-05 16:00:00,0.0001,
2022-12-06 00:00:00,8.491e-05,
2022-12-06 08:00:00,0.0001,
2022-12-06 16:00:00,4.139e-05,
2022-12-07 00:00:00,-7.182e-05,
2022-12-07 08:00:00,-5.502e-05,
2022-12-07 16:00:00,-8.627e-05,
2022-12-08 00:00:00,-0.00010789,
2022-12-08 08:00:00,2.97e-05,
2022-12-08 16:00:00,7.424e-05,
2022-12-09 00:00:00,-8.7e-06,
2022-12-09 08:00:00,-0.00014823,
2022-12-09 16:00:00,2.289e-05,
2022-12-10 00:00:00,2.154e-05,
2022-12-10 08:00:00,0.0001,
2022-12-10 16:00:00,2.179e-05,
2022-12-11 00:00:00,9.457e-05,
2022-12-11 08:00:00,3.653e-05,
2022-12-11 16:00:00,8.065e-05,
2022-12-12 00:00:00,-4.574e-05,
2022-12-12 08:00:00,-4.722e-05,
2022-12-12 16:00:00,-9.02e-06,
2022-12-13 00:00:00,-1.961e-05,
2022-12-13 08:00:00,9.369e-05,
2022-12-13 16:00:00,0.0001,
2022-12-14 00:00:00,0.0001,
2022-12-14 08:00:00,0.0001,
2022-12-14 16:00:00,0.0001,
2022-12-15 00:00:00,0.0001,
2022-12-15 08:00:00,0.0001,
2022-12-15 16:00:00,0.0001,
2022-12-16 00:00:00,6.641e-05,
2022-12-16 08:00:00,0.0001,
2022-12-16 16:00:00,0.0001,
2022-12-17 00:00:00,8.516e-05,
2022-12-17 08:00:00,2.757e-05,
2022-12-17 16:00:00,0.0001,
2022-12-18 00:00:00,3.887e-05,
2022-12-18 08:00:00,1.612e-05,
2022-12-18 16:00:00,0.0001,
2022-12-19 00:00:00,0.0001,
2022-12-19 08:00:00,4.379e-05,
2022-12-19 16:00:00,0.0001,
2022-12-20 00:00:00,0.0001,
2022-12-20 08:00:00,5.357e-05,
2022-12-20 16:00:00,7.644e-05,
2022-12-21 00:00:00,0.0001,
2022-12-21 08:00:00,8.867e-05,
2022-12-21 16:00:00,7.54e-05,
2022-12-22 00:00:00,0.0001,
2022-12-22 08:00:00,0.0001,
2022-12-22 16:00:00,0.0001,
2022-12-23 00:00:00,0.0001,
2022-12-23 08:00:00,5.169e-05,
2022-12-23 16:00:00,0.0001,
2022-12-24 00:00:00,0.0001,
2022-12-24 08:00:00,3.678e-05,
2022-12-24 16:00:00,-5.112e-05,
2022-12-25 00:00:00,6.602e-05,
2022-12-25 08:00:00,-1.298e-05,
2022-12-25 16:00:00,9.801e-05,
2022-12-26 00:00:00,0.0001,
2022-12-26 08:00:00,8.489e-05,
2022-12-26 16:00:00,5.063e-05,
2022-12-27 00:00:00,-1.419e-05,
2022-12-27 08:00:00,0.0001,
2022-12-27 16:00:00,0.0001,
2022-12-28 00:00:00,6.809e-05,
2022-12-28 08:00:00,7.389e-05,
2022-12-28 16:00:00,3.348e-05,
2022-12-29 00:00:00,0.0001,
2022-12-29 08:00:00,0.0001,
2022-12-29 16:00:00,8.538e-05,
2022-12-30 00:00:00,-3.503e-05,
2022-12-30 08:00:00,-4.69e-06,
2022-12-30 16:00:00,0.0001,
2022-12-31 00:00:00,0.0001,
2022-12-31 08:00:00,8.236e-05,
2022-12-31 16:00:00,2.48e-05,
2023-01-01 00:00:00,0.0001,
2023-01-01 08:00:00,0.0001,
2023-01-01 16:00:00,0.0001,
2023-01-02 00:00:00,9.73e-06,
2023-01-02 08:00:00,0.0001,
2023-01-02 16:00:00,5.553e-05,
2023-01-03 00:00:00,0.0001,
2023-01-03 08:00:00,0.0001,
2023-01-03 16:00:00,8.211e-05,
2023-01-04 00:00:00,9.992e-05,
2023-01-04 08:00:00,1.49e-05,
2023-01-04 16:00:00,4.744e-05,
2023-01-05 00:00:00,0.0001,
2023-01-05 08:00:00,0.0001,
2023-01-05 16:00:00,0.0001,
2023-01-06 00:00:00,0.0001,
2023-01-06 08:00:00,4.438e-05,
2023-01-06 16:00:00,4.221e-05,
2023-01-07 00:00:00,-4.486e-05,
2023-01-07 08:00:00,0.0001,
2023-01-07 16:00:00,0.0001,
2023-01-08 00:00:00,0.0001,
2023-01-08 08:00:00,0.0001,
2023-01-08 16:00:00,0.0001,
2023-01-09 00:00:00,0.0001,
2023-01-09 08:00:00,0.0001,
2023-01-09 16:00:00,0.0001,
2023-01-10 00:00:00,0.0001,
2023-01-10 08:00:00,0.0001,
2023-01-10 16:00:00,0.0001,
2023-01-11 00:00:00,0.0001,
2023-01-11 08:00:00,0.0001,
2023-01-11 16:00:00,0.0001,
2023-01-12 00:00:00,0.0001,
2023-01-12 08:00:00,0.0001,
2023-01-12 16:00:00,0.0001,
2023-01-13 00:00:00,0.0001,
2023-01-13 08:00:00,0.0001,
2023-01-13 16:00:00,0.0001,
2023-01-14 00:00:00,0.0001,
2023-01-14 08:00:00,0.00033745,
2023-01-14 16:00:00,0.0001,
2023-01-15 00:00:00,0.0001,
2023-01-15 08:00:00,0.00015785,
2023-01-15 16:00:00,0.00010334,
2023-01-16 00:00:00,0.00024627,
2023-01-16 08:00:00,0.0001135,
2023-01-16 16:00:00,0.0001,
2023-01-17 00:00:00,0.0001,
2023-01-17 08:00:00,0.0001,
2023-01-17 16:00:00,0.0001,
2023-01-18 00:00:00,0.0001,
2023-01-18 08:00:00,0.0001,
2023-01-18 16:00:00,0.0001,
2023-01-19 00:00:00,0.0001,
2023-01-19 08:00:00,0.0001,
2023-01-19 16:00:00,0.0001,
2023-01-20 00:00:00,0.0001,
2023-01-20 08:00:00,0.0001,
2023-01-20 16:00:00,0.0001,
2023-01-21 00:00:00,0.0001,
2023-01-21 08:00:00,0.00019732,
2023-01-21 16:00:00,0.0001,
2023-01-22 00:00:00,0.0001,
2023-01-22 08:00:00,0.00015214,
2023-01-22 16:00:00,0.00014982,
2023-01-23 00:00:00,0.0001,
2023-01-23 08:00:00,0.0001,
2023-01-23 16:00:00,0.0001,
2023-01-24 00:00:00,0.0001,
2023-01-24 08:00:00,0.0001,
2023-01-24 16:00:00,0.0001,
2023-01-25 00:00:00,0.0001,
2023-01-25 08:00:00,0.0001,
2023-01-25 16:00:00,0.0001,
2023-01-26 00:00:00,0.0001,
2023-01-26 08:00:00,0.0001,
2023-01-26 16:00:00,0.0001,
2023-01-27 00:00:00,0.0001,
2023-01-27 08:00:00,0.0001,
2023-01-27 16:00:00,0.0001,
2023-01-28 00:00:00,0.0001,
2023-01-28 08:00:00,0.0001,
2023-01-28 16:00:00,0.0001,
2023-01-29 00:00:00,0.0001,
2023-01-29 08:00:00,0.0001,
2023-01-29 16:00:00,0.0001,
2023-01-30 00:00:00,0.0001,
2023-01-30 08:00:00,0.0001,
2023-01-30 16:00:00,0.0001,
2023-01-31 00:00:00,0.0001,
2023-01-31 08:00:00,0.0001,
2023-01-31 16:00:00,0.0001,
2023-02-01 00:00:00,0.0001,
2023-02-01 08:00:00,0.0001,
2023-02-01 16:00:00,0.0001,
2023-02-02 00:00:00,0.0001,
2023-02-02 08:00:00,0.00048855,
2023-02-02 16:00:00,0.00029604,
2023-02-03 00:00:00,0.00017034,
2023-02-03 08:00:00,0.0001,
2023-02-03 16:00:00,0.0001,
2023-02-04 00:00:00,0.00013497,
2023-02-04 08:00:00,0.0001,
2023-02-04 16:00:00,0.0001,
2023-02-05 00:00:00,0.0001,
2023-02-05 08:00:00,0.0001,
2023-02-05 16:00:00,0.0001,
2023-02-06 00:00:00,0.0001,
2023-02-06 08:00:00,0.0001,
2023-02-06 16:00:00,0.0001,
2023-02-07 00:00:00,0.0001,
2023-02-07 08:00:00,0.0001,
2023-02-07 16:00:00,0.0001,
2023-02-08 00:00:00,0.0001,
2023-02-08 08:00:00,0.0001,
2023-02-08 16:00:00,0.0001,
2023-02-09 00:00:00,0.0001,
2023-02-09 08:00:00,0.0001,
2023-02-09 16:00:00,0.0001,
2023-02-10 00:00:00,0.0001,
2023-02-10 08:00:00,0.0001,
2023-02-10 16:00:00,0.0001,
2023-02-11 00:00:00,0.0001,
2023-02-11 08:00:00,0.0001,
2023-02-11 16:00:00,0.0001,
2023-02-12 00:00:00,0.0001,
2023-02-12 08:00:00,0.0001,
2023-02-12 16:00:00,0.0001,
2023-02-13 00:00:00,-5.015e-05,
2023-02-13 08:00:00,0.0001,
2023-02-13 16:00:00,0.0001,
2023-02-14 00:00:00,0.0001,
2023-02-14 08:00:00,0.0001,
2023-02-14 16:00:00,0.0001,
2023-02-15 00:00:00,0.0001,
2023-02-15 08:00:00,0.0001,
2023-02-15 16:00:00,0.0001,
2023-02-16 00:00:00,0.0001,
2023-02-16 08:00:00,0.0001,
2023-02-16 16:00:00,0.0001,
2023-02-17 00:00:00,0.0001,
2023-02-17 08:00:00,0.0001,
2023-02-17 16:00:00,0.0001,
2023-02-18 00:00:00,0.0001,
2023-02-18 08:00:00,0.0001,
2023-02-18 16:00:00,0.0001,
2023-02-19 00:00:00,0.00013227,
2023-02-19 08:00:00,0.0001,
2023-02-19 16:00:00,0.0001,
2023-02-20 00:00:00,0.00011246,
2023-02-20 08:00:00,0.0001,
2023-02-20 16:00:00,0.0001,
2023-02-21 00:00:00,0.0001,
2023-02-21 08:00:00,0.0001,
2023-02-21 16:00:00,0.0001,
2023-02-22 00:00:00,0.0001,
2023-02-22 08:00:00,0.0001,
2023-02-22 16:00:00,0.0001,
2023-02-23 00:00:00,0.0001,
2023-02-23 08:00:00,0.0001,
2023-02-23 16:00:00,0.0001,
2023-02-24 00:00:00,0.0001,
2023-02-24 08:00:00,0.0001,
2023-02-24 16:00:00,0.0001,
2023-02-25 00:00:00,0.0001,
2023-02-25 08:00:00,0.0001,
2023-02-25 16:00:00,0.0001,
2023-02-26 00:00:00,0.0001,
2023-02-26 08:00:00,0.0001,
2023-02-26 16:00:00,0.0001,
2023-02-27 00:00:00,5.988e-05,
2023-02-27 08:00:00,0.0001,
2023-02-27 16:00:00,0.0001,
2023-02-28 00:00:00,5.051e-05,
2023-02-28 08:00:00,0.0001,
2023-02-28 16:00:00,0.0001,
2023-03-01 00:00:00,0.0001,
2023-03-01 08:00:00,0.0001,
2023-03-01 16:00:00,0.0001,
2023-03-02 00:00:00,0.0001,
2023-03-02 08:00:00,0.0001,
2023-03-02 16:00:00,0.0001,
2023-03-03 00:00:00,0.0001,
2023-03-03 08:00:00,-1.53e-06,
2023-03-03 16:00:00,5.894e-05,
2023-03-04 00:00:00,0.0001,
2023-03-04 08:00:00,1.926e-05,
2023-03-04 16:00:00,1.755e-05,
2023-03-05 00:00:00,8.2e-05,
2023-03-05 08:00:00,0.0001,
2023-03-05 16:00:00,4.157e-05,
2023-03-06 00:00:00,-8.16e-06,
2023-03-06 08:00:00,0.0001,
2023-03-06 16:00:00,4.74e-05,
2023-03-07 00:00:00,1.97e-05,
2023-03-07 08:00:00,7.694e-05,
2023-03-07 16:00:00,2.644e-05,
2023-03-08 00:00:00,8.618e-05,
2023-03-08 08:00:00,0.0001,
2023-03-08 16:00:00,6.49e-05,
2023-03-09 00:00:00,6.4e-07,
2023-03-09 08:00:00,0.0001,
2023-03-09 16:00:00,0.0001,
2023-03-10 00:00:00,-0.00012765,
2023-03-10 08:00:00,0.0001,
2023-03-10 16:00:00,0.0001,
2023-03-11 00:00:00,0.0001,
2023-03-11 08:00:00,0.0001,
2023-03-11 16:00:00,7.474e-05,
2023-03-12 00:00:00,0.0001,
2023-03-12 08:00:00,0.0001,
2023-03-12 16:00:00,-0.00022898,
2023-03-13 00:00:00,-8.869e-05,
2023-03-13 08:00:00,0.0001,
2023-03-13 16:00:00,7.515e-05,
2023-03-14 00:00:00,0.0001,
2023-03-14 08:00:00,0.0001,
2023-03-14 16:00:00,0.0001,
2023-03-15 00:00:00,0.0001,
2023-03-15 08:00:00,0.0001,
2023-03-15 16:00:00,0.0001,
2023-03-16 00:00:00,0.0001,
2023-03-16 08:00:00,0.0001,
2023-03-16 16:00:00,0.0001,
2023-03-17 00:00:00,3.264e-05,
2023-03-17 08:00:00,0.0001,
2023-03-17 16:00:00,0.0001,
2023-03-18 00:00:00,0.0001,
2023-03-18 08:00:00,0.0001,
2023-03-18 16:00:00,0.0001,
2023-03-19 00:00:00,0.0001,
2023-03-19 08:00:00,0.0001,
2023-03-19 16:00:00,0.0001,
2023-03-20 00:00:00,0.0001,
2023-03-20 08:00:00,0.0001,
2023-03-20 16:00:00,0.0001,
2023-03-21 00:00:00,4.759e-05,
2023-03-21 08:00:00,-1.743e-05,
2023-03-21 16:00:00,0.0001,
2023-03-22 00:00:00,0.0001,
2023-03-22 08:00:00,0.0001,
2023-03-22 16:00:00,0.0001,
2023-03-23 00:00:00,7.942e-05,
2023-03-23 08:00:00,0.0001,
2023-03-23 16:00:00,0.0001,
2023-03-24 00:00:00,0.0001,
2023-03-24 08:00:00,0.0001,
2023-03-24 16:00:00,0.0001,
2023-03-25 00:00:00,0.0001,
2023-03-25 08:00:00,0.0001,
2023-03-25 16:00:00,4.37e-05,
2023-03-26 00:00:00,7.005e-05,
2023-03-26 08:00:00,6.402e-05,
2023-03-26 16:00:00,4.028e-05,
2023-03-27 00:00:00,0.0001,
2023-03-27 08:00:00,0.0001,
2023-03-27 16:00:00,4.454e-05,
2023-03-28 00:00:00,2.289e-05,
2023-03-28 08:00:00,2.894e-05,
2023-03-28 16:00:00,8.052e-05,
2023-03-29 00:00:00,5.9e-06,
2023-03-29 08:00:00,7.953e-05,
2023-03-29 16:00:00,0.0001,
2023-03-30 00:00:00,0.0001,
2023-03-30 08:00:00,0.0001,
2023-03-30 16:00:00,0.0001,
2023-03-31 00:00:00,1.417e-05,
2023-03-31 08:00:00,0.0001,
2023-03-31 16:00:00,0.0001,
2023-04-01 00:00:00,0.0001,
2023-04-01 08:00:00,0.0001,
2023-04-01 16:00:00,0.0001,
2023-04-02 00:00:00,0.0001,
2023-04-02 08:00:00,0.0001,
2023-04-02 16:00:00,9.032e-05,
2023-04-03 00:00:00,2.633e-05,
2023-04-03 08:00:00,3.522e-05,
2023-04-03 16:00:00,0.0001,
2023-04-04 00:00:00,0.0001,
2023-04-04 08:00:00,0.0001,
2023-04-04 16:00:00,0.0001,
2023-04-05 00:00:00,0.0001,
2023-04-05 08:00:00,0.0001,
2023-04-05 16:00:00,0.0001,
2023-04-06 00:00:00,9.8e-05,
2023-04-06 08:00:00,0.0001,
2023-04-06 16:00:00,0.0001,
2023-04-07 00:00:00,7.07e-06,
2023-04-07 08:00:00,5.035e-05,
2023-04-07 16:00:00,4.648e-05,
2023-04-08 00:00:00,8.211e-05,
2023-04-08 08:00:00,0.0001,
2023-04-08 16:00:00,9.004e-05,
2023-04-09 00:00:00,2.365e-05,
2023-04-09 08:00:00,7.751e-05,
2023-04-09 16:00:00,4.735e-05,
2023-04-10 00:00:00,0.0001,
2023-04-10 08:00:00,9.575e-05,
2023-04-10 16:00:00,0.0001,
2023-04-11 00:00:00,0.0001,
2023-04-11 08:00:00,0.0001,
2023-04-11 16:00:00,0.0001,
2023-04-12 00:00:00,0.0001,
2023-04-12 08:00:00,6.667e-05,
2023-04-12 16:00:00,0.0001,
2023-04-13 00:00:00,0.0001,
2023-04-13 08:00:00,0.0001,
2023-04-13 16:00:00,0.0001,
2023-04-14 00:00:00,0.0001,
2023-04-14 08:00:00,0.0001,
2023-04-14 16:00:00,0.0001,
2023-04-15 00:00:00,0.0001,
2023-04-15 08:00:00,0.0001,
2023-04-15 16:00:00,0.0001,
2023-04-16 00:00:00,0.0001,
2023-04-16 08:00:00,0.0001,
2023-04-16 16:00:00,0.0001,
2023-04-17 00:00:00,0.0001,
2023-04-17 08:00:00,0.00019308,
2023-04-17 16:00:00,0.0001,
2023-04-18 00:00:00,0.0001,
2023-04-18 08:00:00,0.0001,
2023-04-18 16:00:00,0.00022175,
2023-04-19 00:00:00,0.0001169,
2023-04-19 08:00:00,0.0001,
2023-04-19 16:00:00,0.0001,
2023-04-20 00:00:00,0.0001,
2023-04-20 08:00:00,0.0001,
2023-04-20 16:00:00,0.0001,
2023-04-21 00:00:00,0.0001,
2023-04-21 08:00:00,0.0001,
2023-04-21 16:00:00,0.0001,
2023-04-22 00:00:00,0.0001,
2023-04-22 08:00:00,9.2e-06,
2023-04-22 16:00:00,1.321e-05,
2023-04-23 00:00:00,-1.664e-05,
2023-04-23 08:00:00,8.457e-05,
2023-04-23 16:00:00,8.708e-05,
2023-04-24 00:00:00,0.0001,
2023-04-24 08:00:00,0.0001,
2023-04-24 16:00:00,0.0001,
2023-04-25 00:00:00,0.0001,
2023-04-25 08:00:00,3.218e-05,
2023-04-25 16:00:00,8.466e-05,
2023-04-26 00:00:00,0.0001,
2023-04-26 08:00:00,6.064e-05,
2023-04-26 16:00:00,0.0001,
2023-04-27 00:00:00,-2.14e-06,
2023-04-27 08:00:00,7.834e-05,
2023-04-27 16:00:00,3.17e-05,
2023-04-28 00:00:00,0.0001,
2023-04-28 08:00:00,0.0001,
2023-04-28 16:00:00,8.835e-05,
2023-04-29 00:00:00,0.0001,
2023-04-29 08:00:00,0.0001,
2023-04-29 16:00:00,0.0001,
2023-04-30 00:00:00,0.0001,
2023-04-30 08:00:00,9.839e-05,
2023-04-30 16:00:00,8.103e-05,
2023-05-01 00:00:00,1.78e-06,
2023-05-01 08:00:00,8.647e-05,
2023-05-01 16:00:00,8.992e-05,
2023-05-02 00:00:00,7.364e-05,
2023-05-02 08:00:00,9.735e-05,
2023-05-02 16:00:00,0.0001,
2023-05-03 00:00:00,0.0001,
2023-05-03 08:00:00,0.0001,
2023-05-03 16:00:00,5.264e-05,
2023-05-04 00:00:00,0.0001,
2023-05-04 08:00:00,0.0001,
2023-05-04 16:00:00,0.0001,
2023-05-05 00:00:00,0.0001,
2023-05-05 08:00:00,0.0001,
2023-05-05 16:00:00,0.0001,
2023-05-06 00:00:00,0.0001,
2023-05-06 08:00:00,0.0001,
2023-05-06 16:00:00,0.0001,
2023-05-07 00:00:00,6.551e-05,
2023-05-07 08:00:00,7.642e-05,
2023-05-07 16:00:00,5.849e-05,
2023-05-08 00:00:00,0.0001,
2023-05-08 08:00:00,5.522e-05,
2023-05-08 16:00:00,8.607e-05,
2023-05-09 00:00:00,1.385e-05,
2023-05-09 08:00:00,9.06e-05,
2023-05-09 16:00:00,3.067e-05,
2023-05-10 00:00:00,4.162e-05,
2023-05-10 08:00:00,0.0001,
2023-05-10 16:00:00,7.041e-05,
2023-05-11 00:00:00,0.0001,
2023-05-11 08:00:00,0.0001,
2023-05-11 16:00:00,5.291e-05,
2023-05-12 00:00:00,5.952e-05,
2023-05-12 08:00:00,6.635e-05,
2023-05-12 16:00:00,9.637e-05,
2023-05-13 00:00:00,5.983e-05,
2023-05-13 08:00:00,4.126e-05,
2023-05-13 16:00:00,8.601e-05,
2023-05-14 00:00:00,9.971e-05,
2023-05-14 08:00:00,8.023e-05,
2023-05-14 16:00:00,8.505e-05,
2023-05-15 00:00:00,9.258e-05,
2023-05-15 08:00:00,8.751e-05,
2023-05-15 16:00:00,9.172e-05,
2023-05-16 00:00:00,8.627e-05,
2023-05-16 08:00:00,0.0001,
2023-05-16 16:00:00,6.384e-05,
2023-05-17 00:00:00,0.0001,
2023-05-17 08:00:00,7.929e-05,
2023-05-17 16:00:00,0.0001,
2023-05-18 00:00:00,7.018e-05,
2023-05-18 08:00:00,0.0001,
2023-05-18 16:00:00,5.255e-05,
2023-05-19 00:00:00,1.524e-05,
2023-05-19 08:00:00,5.671e-05,
2023-05-19 16:00:00,3.412e-05,
2023-05-20 00:00:00,5.55e-05,
2023-05-20 08:00:00,3.724e-05,
2023-05-20 16:00:00,2.99e-05,
2023-05-21 00:00:00,-2.51e-05,
2023-05-21 08:00:00,4.273e-05,
2023-05-21 16:00:00,8.277e-05,
2023-05-22 00:00:00,5.235e-05,
2023-05-22 08:00:00,0.0001,
2023-05-22 16:00:00,0.0001,
2023-05-23 00:00:00,0.0001,
2023-05-23 08:00:00,0.0001,
2023-05-23 16:00:00,0.0001,
2023-05-24 00:00:00,0.0001,
2023-05-24 08:00:00,7.357e-05,
2023-05-24 16:00:00,0.0001,
2023-05-25 00:00:00,8.093e-05,
2023-05-25 08:00:00,0.0001,
2023-05-25 16:00:00,0.0001,
2023-05-26 00:00:00,0.0001,
2023-05-26 08:00:00,0.0001,
2023-05-26 16:00:00,0.0001,
2023-05-27 00:00:00,0.0001,
2023-05-27 08:00:00,0.0001,
2023-05-27 16:00:00,0.0001,
2023-05-28 00:00:00,0.0001,
2023-05-28 08:00:00,0.0001,
2023-05-28 16:00:00,0.0001,
2023-05-29 00:00:00,0.0001,
2023-05-29 08:00:00,0.0001,
2023-05-29 16:00:00,0.0001,
2023-05-30 00:00:00,0.0001,
2023-05-30 08:00:00,0.0001,
2023-05-30 16:00:00,0.0001,
2023-05-31 00:00:00,0.0001,
2023-05-31 08:00:00,0.0001,
2023-05-31 16:00:00,0.0001,
2023-06-01 00:00:00,9.138e-05,
2023-06-01 08:00:00,0.0001,
2023-06-01 16:00:00,0.0001,
2023-06-02 00:00:00,0.0001,
2023-06-02 08:00:00,0.0001,
2023-06-02 16:00:00,0.0001,
2023-06-03 00:00:00,0.0001,
2023-06-03 08:00:00,0.0001,
2023-06-03 16:00:00,0.0001,
2023-06-04 00:00:00,0.0001,
2023-06-04 08:00:00,0.0001,
2023-06-04 16:00:00,0.0001,
2023-06-05 00:00:00,0.0001,
2023-06-05 08:00:00,0.0001,
2023-06-05 16:00:00,0.0001,
2023-06-06 00:00:00,-9.16e-06,
2023-06-06 08:00:00,3.376e-05,
2023-06-06 16:00:00,8.104e-05,
2023-06-07 00:00:00,0.0001,
2023-06-07 08:00:00,0.0001,
2023-06-07 16:00:00,0.0001,
2023-06-08 00:00:00,5.633e-05,
2023-06-08 08:00:00,3.093e-05,
2023-06-08 16:00:00,0.0001,
2023-06-09 00:00:00,0.0001,
2023-06-09 08:00:00,0.0001,
2023-06-09 16:00:00,0.0001,
2023-06-10 00:00:00,0.0001,
2023-06-10 08:00:00,0.0001,
2023-06-10 16:00:00,-0.00012224,
2023-06-11 00:00:00,-0.00016804,
2023-06-11 08:00:00,-7.019e-05,
2023-06-11 16:00:00,-5.4e-07,
2023-06-12 00:00:00,8.313e-05,
2023-06-12 08:00:00,9.565e-05,
2023-06-12 16:00:00,7.455e-05,
2023-06-13 00:00:00,0.0001,
2023-06-13 08:00:00,4.445e-05,
2023-06-13 16:00:00,3.306e-05,
2023-06-14 00:00:00,4.791e-05,
2023-06-14 08:00:00,-3.73e-06,
2023-06-14 16:00:00,2.77e-05,
2023-06-15 00:00:00,4.364e-05,
2023-06-15 08:00:00,9.629e-05,
2023-06-15 16:00:00,7.413e-05,
2023-06-16 00:00:00,4.685e-05,
2023-06-16 08:00:00,2.478e-05,
2023-06-16 16:00:00,-2.351e-05,
2023-06-17 00:00:00,9.043e-05,
2023-06-17 08:00:00,5.636e-05,
2023-06-17 16:00:00,-1.964e-05,
2023-06-18 00:00:00,-4.475e-05,
2023-06-18 08:00:00,-2.73e-05,
2023-06-18 16:00:00,-3.711e-05,
2023-06-19 00:00:00,-0.00011781,
2023-06-19 08:00:00,-7.374e-05,
2023-06-19 16:00:00,-3.492e-05,
2023-06-20 00:00:00,-0.00011236,
2023-06-20 08:00:00,-7.104e-05,
2023-06-20 16:00:00,-6.213e-05,
2023-06-21 00:00:00,0.0001,
2023-06-21 08:00:00,0.0001,
2023-06-21 16:00:00,7.317e-05,
2023-06-22 00:00:00,0.0001,
2023-06-22 08:00:00,0.0001,
2023-06-22 16:00:00,0.0001,
2023-06-23 00:00:00,0.0001,
2023-06-23 08:00:00,0.0001,
2023-06-23 16:00:00,0.0001,
2023-06-24 00:00:00,0.0001,
2023-06-24 08:00:00,0.0001,
2023-06-24 16:00:00,9.363e-05,
2023-06-25 00:00:00,0.0001,
2023-06-25 08:00:00,9.628e-05,
2023-06-25 16:00:00,0.0001,
2023-06-26 00:00:00,0.0001,
2023-06-26 08:00:00,0.0001,
2023-06-26 16:00:00,0.0001,
2023-06-27 00:00:00,0.0001,
2023-06-27 08:00:00,0.0001,
2023-06-27 16:00:00,9.227e-05,
2023-06-28 00:00:00,0.0001,
2023-06-28 08:00:00,9.239e-05,
2023-06-28 16:00:00,0.0001,
2023-06-29 00:00:00,0.0001,
2023-06-29 08:00:00,0.0001,
2023-06-29 16:00:00,0.0001,
2023-06-30 00:00:00,0.0001,
2023-06-30 08:00:00,0.0001,
2023-06-30 16:00:00,0.0001,
2023-07-01 00:00:00,0.0001,
2023-07-01 08:00:00,0.0001,
2023-07-01 16:00:00,0.0001,
2023-07-02 00:00:00,0.0001,
2023-07-02 08:00:00,0.0001,
2023-07-02 16:00:00,0.0001,
2023-07-03 00:00:00,0.0001,
2023-07-03 08:00:00,0.0001,
2023-07-03 16:00:00,0.0001,
2023-07-04 00:00:00,0.0001,
2023-07-04 08:00:00,0.0001,
2023-07-04 16:00:00,0.0001,
2023-07-05 00:00:00,0.0001,
2023-07-05 08:00:00,0.0001,
2023-07-05 16:00:00,0.0001,
2023-07-06 00:00:00,0.0001,
2023-07-06 08:00:00,0.0001,
2023-07-06 16:00:00,-4.787e-05,
2023-07-07 00:00:00,8.488e-05,
2023-07-07 08:00:00,9.509e-05,
2023-07-07 16:00:00,1.884e-05,
2023-07-08 00:00:00,7.667e-05,
2023-07-08 08:00:00,7.076e-05,
2023-07-08 16:00:00,-9.92e-06,
2023-07-09 00:00:00,6.558e-05,
2023-07-09 08:00:00,0.0001,
2023-07-09 16:00:00,0.0001,
2023-07-10 00:00:00,0.0001,
2023-07-10 08:00:00,8.328e-05,
2023-07-10 16:00:00,6.845e-05,
2023-07-11 00:00:00,0.0001,
2023-07-11 08:00:00,0.0001,
2023-07-11 16:00:00,9.896e-05,
2023-07-12 00:00:00,3.04e-05,
2023-07-12 08:00:00,0.0001,
2023-07-12 16:00:00,0.0001,
2023-07-13 00:00:00,-2.6e-06,
2023-07-13 08:00:00,9.113e-05,
2023-07-13 16:00:00,3.968e-05,
2023-07-14 00:00:00,0.0001,
2023-07-14 08:00:00,0.0001,
2023-07-14 16:00:00,0.0001,
2023-07-15 00:00:00,0.0001,
2023-07-15 08:00:00,0.0001,
2023-07-15 16:00:00,0.0001,
2023-07-16 00:00:00,0.0001,
2023-07-16 08:00:00,4.259e-05,
2023-07-16 16:00:00,-7.9e-07,
2023-07-17 00:00:00,-9.82e-05,
2023-07-17 08:00:00,1.666e-05,
2023-07-17 16:00:00,0.0001,
2023-07-18 00:00:00,0.0001,
2023-07-18 08:00:00,0.0001,
2023-07-18 16:00:00,0.0001,
2023-07-19 00:00:00,0.0001,
2023-07-19 08:00:00,0.0001,
2023-07-19 16:00:00,0.0001,
2023-07-20 00:00:00,0.0001,
2023-07-20 08:00:00,0.0001,
2023-07-20 16:00:00,0.0001,
2023-07-21 00:00:00,0.0001,
2023-07-21 08:00:00,0.0001,
2023-07-21 16:00:00,0.0001,
2023-07-22 00:00:00,0.0001,
2023-07-22 08:00:00,0.0001,
2023-07-22 16:00:00,0.0001,
2023-07-23 00:00:00,0.0001,
2023-07-23 08:00:00,0.0001,
2023-07-23 16:00:00,0.0001,
2023-07-24 00:00:00,0.0001,
2023-07-24 08:00:00,0.0001,
2023-07-24 16:00:00,0.0001,
2023-07-25 00:00:00,6.815e-05,
2023-07-25 08:00:00,8.495e-05,
2023-07-25 16:00:00,3.37e-05,
2023-07-26 00:00:00,2.285e-05,
2023-07-26 08:00:00,9.567e-05,
2023-07-26 16:00:00,4.129e-05,
2023-07-27 00:00:00,1.807e-05,
2023-07-27 08:00:00,6.429e-05,
2023-07-27 16:00:00,7.758e-05,
2023-07-28 00:00:00,9.668e-05,
2023-07-28 08:00:00,9.535e-05,
2023-07-28 16:00:00,1.765e-05,
2023-07-29 00:00:00,6.909e-05,
2023-07-29 08:00:00,7.339e-05,
2023-07-29 16:00:00,5.349e-05,
2023-07-30 00:00:00,6.076e-05,
2023-07-30 08:00:00,0.0001,
2023-07-30 16:00:00,0.0001,
2023-07-31 00:00:00,4.96e-05,
2023-07-31 08:00:00,3.803e-05,
2023-07-31 16:00:00,9.368e-05,
2023-08-01 00:00:00,6.223e-05,
2023-08-01 08:00:00,0.0001,
2023-08-01 16:00:00,0.0001,
2023-08-02 00:00:00,0.0001,
2023-08-02 08:00:00,0.0001,
2023-08-02 16:00:00,0.0001,
2023-08-03 00:00:00,8.164e-05,
2023-08-03 08:00:00,0.0001,
2023-08-03 16:00:00,0.0001,
2023-08-04 00:00:00,8.234e-05,
2023-08-04 08:00:00,0.0001,
2023-08-04 16:00:00,6.32e-05,
2023-08-05 00:00:00,4.297e-05,
2023-08-05 08:00:00,8.565e-05,
2023-08-05 16:00:00,0.0001,
2023-08-06 00:00:00,3.71e-05,
2023-08-06 08:00:00,0.0001,
2023-08-06 16:00:00,0.0001,
2023-08-07 00:00:00,0.0001,
2023-08-07 08:00:00,0.0001,
2023-08-07 16:00:00,0.0001,
2023-08-08 00:00:00,0.0001,
2023-08-08 08:00:00,0.0001,
2023-08-08 16:00:00,0.0001,
2023-08-09 00:00:00,5.002e-05,
2023-08-09 08:00:00,0.0001,
2023-08-09 16:00:00,0.0001,
2023-08-10 00:00:00,0.0001,
2023-08-10 08:00:00,0.0001,
2023-08-10 16:00:00,0.0001,
2023-08-11 00:00:00,0.0001,
2023-08-11 08:00:00,0.0001,
2023-08-11 16:00:00,0.0001,
2023-08-12 00:00:00,0.0001,
2023-08-12 08:00:00,0.0001,
2023-08-12 16:00:00,0.0001,
2023-08-13 00:00:00,0.0001,
2023-08-13 08:00:00,0.0001,
2023-08-13 16:00:00,0.0001,
2023-08-14 00:00:00,0.0001,
2023-08-14 08:00:00,0.0001,
2023-08-14 16:00:00,0.0001,
2023-08-15 00:00:00,0.0001,
2023-08-15 08:00:00,0.0001,
2023-08-15 16:00:00,0.0001,
2023-08-16 00:00:00,-4.156e-05,
2023-08-16 08:00:00,0.0001,
2023-08-16 16:00:00,7.885e-05,
2023-08-17 00:00:00,5.298e-05,
2023-08-17 08:00:00,0.0001,
2023-08-17 16:00:00,0.0001,
2023-08-18 00:00:00,-0.00020626,
2023-08-18 08:00:00,4.052e-05,
2023-08-18 16:00:00,0.0001,
2023-08-19 00:00:00,8.255e-05,
2023-08-19 08:00:00,0.0001,
2023-08-19 16:00:00,0.0001,
2023-08-20 00:00:00,5.645e-05,
2023-08-20 08:00:00,5.316e-05,
2023-08-20 16:00:00,7.25e-06,
2023-08-21 00:00:00,1.505e-05,
2023-08-21 08:00:00,8.169e-05,
2023-08-21 16:00:00,5.001e-05,
2023-08-22 00:00:00,0.0001,
2023-08-22 08:00:00,8.069e-05,
2023-08-22 16:00:00,0.0001,
2023-08-23 00:00:00,7.28e-05,
2023-08-23 08:00:00,3.891e-05,
2023-08-23 16:00:00,5.765e-05,
2023-08-24 00:00:00,0.0001,
2023-08-24 08:00:00,1.921e-05,
2023-08-24 16:00:00,5.877e-05,
2023-08-25 00:00:00,-6.4e-06,
2023-08-25 08:00:00,1.058e-05,
2023-08-25 16:00:00,1.931e-05,
2023-08-26 00:00:00,3.479e-05,
2023-08-26 08:00:00,3.341e-05,
2023-08-26 16:00:00,3.078e-05,
2023-08-27 00:00:00,3.763e-05,
2023-08-27 08:00:00,6.919e-05,
2023-08-27 16:00:00,-4.57e-06,
2023-08-28 00:00:00,8.749e-05,
2023-08-28 08:00:00,-6.89e-06,
2023-08-28 16:00:00,9.706e-05,
2023-08-29 00:00:00,9.334e-05,
2023-08-29 08:00:00,5.23e-06,
2023-08-29 16:00:00,-0.00029605,
2023-08-30 00:00:00,0.0001,
2023-08-30 08:00:00,0.0001,
2023-08-30 16:00:00,-5.278e-05,
2023-08-31 00:00:00,-6.874e-05,
2023-08-31 08:00:00,-9.728e-05,
2023-08-31 16:00:00,2.363e-05,
2023-09-01 00:00:00,9.24e-06,
2023-09-01 08:00:00,-4.084e-05,
2023-09-01 16:00:00,-2.305e-05,
2023-09-02 00:00:00,2.001e-05,
2023-09-02 08:00:00,-3.814e-05,
2023-09-02 16:00:00,1.4e-07,
2023-09-03 00:00:00,-6.363e-05,
2023-09-03 08:00:00,-2.763e-05,
2023-09-03 16:00:00,-3.13e-06,
2023-09-04 00:00:00,-1.993e-05,
2023-09-04 08:00:00,3.479e-05,
2023-09-04 16:00:00,2.195e-05,
2023-09-05 00:00:00,1.823e-05,
2023-09-05 08:00:00,-9.12e-06,
2023-09-05 16:00:00,0.0001,
2023-09-06 00:00:00,3.91e-05,
2023-09-06 08:00:00,-6.17e-06,
2023-09-06 16:00:00,5.722e-05,
2023-09-07 00:00:00,5.107e-05,
2023-09-07 08:00:00,1.255e-05,
2023-09-07 16:00:00,6.522e-05,
2023-09-08 00:00:00,2.141e-05,
2023-09-08 08:00:00,5.552e-05,
2023-09-08 16:00:00,-3.14e-05,
2023-09-09 00:00:00,2.319e-05,
2023-09-09 08:00:00,5.083e-05,
2023-09-09 16:00:00,2.38e-05,
2023-09-10 00:00:00,2.407e-05,
2023-09-10 08:00:00,6.148e-05,
2023-09-10 16:00:00,0.0001,
2023-09-11 00:00:00,2.78e-05,
2023-09-11 08:00:00,2.958e-05,
2023-09-11 16:00:00,-9.063e-05,
2023-09-12 00:00:00,-9.025e-05,
2023-09-12 08:00:00,1.019e-05,
2023-09-12 16:00:00,9.93e-06,
2023-09-13 00:00:00,-1.954e-05,
2023-09-13 08:00:00,9.007e-05,
2023-09-13 16:00:00,6.777e-05,
2023-09-14 00:00:00,-6.385e-05,
2023-09-14 08:00:00,1.81e-05,
2023-09-14 16:00:00,-7.13e-06,
2023-09-15 00:00:00,8.23e-06,
2023-09-15 08:00:00,0.0001,
2023-09-15 16:00:00,0.0001,
2023-09-16 00:00:00,7.417e-05,
2023-09-16 08:00:00,0.0001,
2023-09-16 16:00:00,9.26e-05,
2023-09-17 00:00:00,2.626e-05,
2023-09-17 08:00:00,8.305e-05,
2023-09-17 16:00:00,9.057e-05,
2023-09-18 00:00:00,6.982e-05,
2023-09-18 08:00:00,8.285e-05,
2023-09-18 16:00:00,9.865e-05,
2023-09-19 00:00:00,5.592e-05,
2023-09-19 08:00:00,1.228e-05,
2023-09-19 16:00:00,-2.476e-05,
2023-09-20 00:00:00,3.319e-05,
2023-09-20 08:00:00,0.0001,
2023-09-20 16:00:00,0.0001,
2023-09-21 00:00:00,4.106e-05,
2023-09-21 08:00:00,6.569e-05,
2023-09-21 16:00:00,0.0001,
2023-09-22 00:00:00,0.0001,
2023-09-22 08:00:00,0.0001,
2023-09-22 16:00:00,5.901e-05,
2023-09-23 00:00:00,4.724e-05,
2023-09-23 08:00:00,2.521e-05,
2023-09-23 16:00:00,4.245e-05,
2023-09-24 00:00:00,1.57e-06,
2023-09-24 08:00:00,5.559e-05,
2023-09-24 16:00:00,3.883e-05,
2023-09-25 00:00:00,8.24e-05,
2023-09-25 08:00:00,7.953e-05,
2023-09-25 16:00:00,3.671e-05,
2023-09-26 00:00:00,5.305e-05,
2023-09-26 08:00:00,4.007e-05,
2023-09-26 16:00:00,0.0001,
2023-09-27 00:00:00,7.966e-05,
2023-09-27 08:00:00,0.0001,
2023-09-27 16:00:00,5.646e-05,
2023-09-28 00:00:00,8.9e-07,
2023-09-28 08:00:00,5.538e-05,
2023-09-28 16:00:00,6.846e-05,
2023-09-29 00:00:00,2.251e-05,
2023-09-29 08:00:00,4.227e-05,
2023-09-29 16:00:00,-1.563e-05,
2023-09-30 00:00:00,4.827e-05,
2023-09-30 08:00:00,2.192e-05,
2023-09-30 16:00:00,5.045e-05,
2023-10-01 00:00:00,-1.655e-05,
2023-10-01 08:00:00,-2.344e-05,
2023-10-01 16:00:00,6.287e-05,
2023-10-02 00:00:00,0.0001,
2023-10-02 08:00:00,4.83e-06,
2023-10-02 16:00:00,-7.058e-05,
2023-10-03 00:00:00,3.92e-05,
2023-10-03 08:00:00,-7.536e-05,
2023-10-03 16:00:00,-1.191e-05,
2023-10-04 00:00:00,-2.011e-05,
2023-10-04 08:00:00,2.196e-05,
2023-10-04 16:00:00,2.845e-05,
2023-10-05 00:00:00,-5.274e-05,
2023-10-05 08:00:00,4.567e-05,
2023-10-05 16:00:00,8.98e-06,
2023-10-06 00:00:00,3.791e-05,
2023-10-06 08:00:00,-4.389e-05,
2023-10-06 16:00:00,3.937e-05,
2023-10-07 00:00:00,0.0001,
2023-10-07 08:00:00,0.0001,
2023-10-07 16:00:00,9.177e-05,
2023-10-08 00:00:00,8.72e-05,
2023-10-08 08:00:00,4.972e-05,
2023-10-08 16:00:00,0.0001,
2023-10-09 00:00:00,0.0001,
2023-10-09 08:00:00,3.748e-05,
2023-10-09 16:00:00,6.835e-05,
2023-10-10 00:00:00,5.274e-05,
2023-10-10 08:00:00,7.096e-05,
2023-10-10 16:00:00,5.728e-05,
2023-10-11 00:00:00,0.0001,
2023-10-11 08:00:00,0.0001,
2023-10-11 16:00:00,0.0001,
2023-10-12 00:00:00,9.34e-05,
2023-10-12 08:00:00,9.14e-05,
2023-10-12 16:00:00,9.893e-05,
2023-10-13 00:00:00,5.663e-05,
2023-10-13 08:00:00,-9.04e-06,
2023-10-13 16:00:00,8.928e-05,
2023-10-14 00:00:00,8.379e-05,
2023-10-14 08:00:00,4.796e-05,
2023-10-14 16:00:00,-4.4e-07,
2023-10-15 00:00:00,-4.86e-06,
2023-10-15 08:00:00,3.851e-05,
2023-10-15 16:00:00,5.688e-05,
2023-10-16 00:00:00,-1.897e-05,
2023-10-16 08:00:00,4.342e-05,
2023-10-16 16:00:00,-4.18e-06,
2023-10-17 00:00:00,0.0001,
2023-10-17 08:00:00,7.213e-05,
2023-10-17 16:00:00,5.611e-05,
2023-10-18 00:00:00,0.0001,
2023-10-18 08:00:00,6.04e-06,
2023-10-18 16:00:00,6.178e-05,
2023-10-19 00:00:00,0.0001,
2023-10-19 08:00:00,0.0001,
2023-10-19 16:00:00,5.553e-05,
2023-10-20 00:00:00,4.012e-05,
2023-10-20 08:00:00,0.0001,
2023-10-20 16:00:00,0.0001,
2023-10-21 00:00:00,0.0001,
2023-10-21 08:00:00,0.0001,
2023-10-21 16:00:00,0.0001,
2023-10-22 00:00:00,0.0001,
2023-10-22 08:00:00,7.354e-05,
2023-10-22 16:00:00,9.242e-05,
2023-10-23 00:00:00,3.223e-05,
2023-10-23 08:00:00,0.0001,
2023-10-23 16:00:00,0.0001,
2023-10-24 00:00:00,0.0001,
2023-10-24 08:00:00,0.0001,
2023-10-24 16:00:00,0.0001,
2023-10-25 00:00:00,0.0001,
2023-10-25 08:00:00,0.0001,
2023-10-25 16:00:00,0.0001,
2023-10-26 00:00:00,0.0001,
2023-10-26 08:00:00,0.0001,
2023-10-26 16:00:00,0.0001,
2023-10-27 00:00:00,0.0001,
2023-10-27 08:00:00,0.0001,
2023-10-27 16:00:00,0.0001,
2023-10-28 00:00:00,0.0001,
2023-10-28 08:00:00,0.0001,
2023-10-28 16:00:00,0.0001,
2023-10-29 00:00:00,0.0001,
2023-10-29 08:00:00,0.0001,
2023-10-29 16:00:00,0.0001,
2023-10-30 00:00:00,0.0001,
2023-10-30 08:00:00,0.0001,
2023-10-30 16:00:00,0.0001,
2023-10-31 00:00:00,0.0001,
2023-10-31 08:00:00,0.0001,11.435
2023-10-31 16:00:00,0.0001,11.1209128
2023-11-01 00:00:00,0.0001,11.359
2023-11-01 08:00:00,0.0001,11.10665291
2023-11-01 16:00:00,0.0001,10.831
2023-11-02 00:00:00,0.00021821,11.64883126
2023-11-02 08:00:00,0.00029049,11.189
2023-11-02 16:00:00,0.0001,10.897
2023-11-03 00:00:00,0.0001,11.013
2023-11-03 08:00:00,0.0001,11.17566963
2023-11-03 16:00:00,0.00019644,11.28
2023-11-04 00:00:00,0.00033283,11.46786856
2023-11-04 08:00:00,0.00013235,11.24203181
2023-11-04 16:00:00,0.0001,11.239
2023-11-05 00:00:00,0.0002278,11.508
2023-11-05 08:00:00,0.00040894,12.231
2023-11-05 16:00:00,0.0001409,11.762
2023-11-06 00:00:00,0.0001,12.23160402
2023-11-06 08:00:00,0.0001,12.459
2023-11-06 16:00:00,0.00010935,12.65319643
2023-11-07 00:00:00,0.00013504,12.99117687
2023-11-07 08:00:00,0.0001,13.085
2023-11-07 16:00:00,0.00012642,12.7138357
2023-11-08 00:00:00,0.0001,13.05300327
2023-11-08 08:00:00,0.0001,13.44217183
2023-11-08 16:00:00,0.0001,13.733
2023-11-09 00:00:00,0.0001,14.93
2023-11-09 08:00:00,0.00024246,14.507
2023-11-09 16:00:00,0.00057792,15.11385468
2023-11-10 00:00:00,0.0001,14.609
2023-11-10 08:00:00,0.00030563,14.47400688
2023-11-10 16:00:00,0.0001,15.066
2023-11-11 00:00:00,0.0001,15.5031522
2023-11-11 08:00:00,0.0001,15.023
2023-11-11 16:00:00,0.0004444,16.2903726
2023-11-12 00:00:00,0.00032417,16.47847736
2023-11-12 08:00:00,0.0001,16.261
2023-11-12 16:00:00,0.0001,15.94967867
2023-11-13 00:00:00,0.00023487,16.03151999
2023-11-13 08:00:00,0.0001,15.30365543
2023-11-13 16:00:00,0.00016252,15.153
2023-11-14 00:00:00,0.0001,14.36809417
2023-11-14 08:00:00,0.00014851,14.809
2023-11-14 16:00:00,0.0001,14.07102879
2023-11-15 00:00:00,0.0001,13.95289756
2023-11-15 08:00:00,0.0001,14.60428308
2023-11-15 16:00:00,0.0001,14.891
2023-11-16 00:00:00,0.0001,15.02897298
2023-11-16 08:00:00,0.0001,14.99411969
2023-11-16 16:00:00,0.0001,14.135
2023-11-17 00:00:00,0.0001,13.86961459
2023-11-17 08:00:00,0.0001,13.78788383
2023-11-17 16:00:00,0.0001,12.95216084
2023-11-18 00:00:00,0.0001,13.70338637
2023-11-18 08:00:00,0.0001,13.35195925
2023-11-18 16:00:00,0.0001,13.54566071
2023-11-19 00:00:00,0.0001,13.75052523
2023-11-19 08:00:00,0.0001,14.28159801
2023-11-19 16:00:00,0.0001,14.20195767
2023-11-20 00:00:00,0.0001,14.90907961
2023-11-20 08:00:00,0.0001,15.213
2023-11-20 16:00:00,0.0001,15.13121186
2023-11-21 00:00:00,0.0001,14.48776611
2023-11-21 08:00:00,0.0001,14.1179951
2023-11-21 16:00:00,0.0001,14.25389144
2023-11-22 00:00:00,0.0001,13.35955329
2023-11-22 08:00:00,0.0001,14.12894027
2023-11-22 16:00:00,0.0001,14.22557742
2023-11-23 00:00:00,0.0001,14.21040968
2023-11-23 08:00:00,0.0001,14.5341015
2023-11-23 16:00:00,0.0001,14.14421187
2023-11-24 00:00:00,0.0001,14.39722193
2023-11-24 08:00:00,0.0001,14.37699895
2023-11-24 16:00:00,0.0001,14.578
2023-11-25 00:00:00,0.0001,14.48160115
2023-11-25 08:00:00,0.0001,14.74863499
2023-11-25 16:00:00,0.0001,14.789
2023-11-26 00:00:00,0.0001,14.766
2023-11-26 08:00:00,0.0001,15.106
2023-11-26 16:00:00,0.0001,14.80747415
2023-11-27 00:00:00,0.0001,14.763
2023-11-27 08:00:00,0.0001,14.507
2023-11-27 16:00:00,0.0001,14.087
2023-11-28 00:00:00,0.0001,14.181
2023-11-28 08:00:00,0.0001,13.98395639
2023-11-28 16:00:00,0.0001,14.38571489
2023-11-29 00:00:00,0.0001,14.52474254
2023-11-29 08:00:00,0.0001,14.69200385
2023-11-29 16:00:00,0.0001,14.57980089
2023-11-30 00:00:00,0.0001,14.51242721
2023-11-30 08:00:00,0.0001,14.43359007
2023-11-30 16:00:00,0.0001,14.3907534
2023-12-01 00:00:00,0.0001,14.40513868
2023-12-01 08:00:00,0.0001,14.73160007
2023-12-01 16:00:00,0.0001,14.93734581
2023-12-02 00:00:00,0.0001,14.991
2023-12-02 08:00:00,0.0001,15.7460431
2023-12-02 16:00:00,0.0001,15.84613153
2023-12-03 00:00:00,0.0001,15.99667787
2023-12-03 08:00:00,0.0001,16.285
2023-12-03 16:00:00,0.00013766,15.84562834
2023-12-04 00:00:00,0.00010808,15.72135764
2023-12-04 08:00:00,0.00029262,16.089
2023-12-04 16:00:00,0.0001,15.468
2023-12-05 00:00:00,0.00011712,15.82274158
2023-12-05 08:00:00,0.0001,15.336
2023-12-05 16:00:00,0.0001,15.54499524
2023-12-06 00:00:00,0.0001,15.731
2023-12-06 08:00:00,0.000137,15.638
2023-12-06 16:00:00,0.0001,15.552
2023-12-07 00:00:00,0.0001,15.269
2023-12-07 08:00:00,0.0001,15.579
2023-12-07 16:00:00,0.00018521,15.24581684
2023-12-08 00:00:00,0.00038281,15.71
2023-12-08 08:00:00,0.00054322,15.92016248
2023-12-08 16:00:00,0.00043833,16.708
2023-12-09 00:00:00,0.00040806,16.94198018
2023-12-09 08:00:00,0.00047657,17.206
2023-12-09 16:00:00,0.00042807,16.63332873
2023-12-10 00:00:00,0.00024941,16.2060949
2023-12-10 08:00:00,0.00024711,16.324
2023-12-10 16:00:00,0.00019701,16.142
2023-12-11 00:00:00,0.00024333,16.37696461
2023-12-11 08:00:00,0.0001,14.86551536
2023-12-11 16:00:00,0.0001,14.792
2023-12-12 00:00:00,0.0001,14.769
2023-12-12 08:00:00,0.0001,15.04
2023-12-12 16:00:00,0.0001,14.64954507
2023-12-13 00:00:00,0.0001,14.52844667
2023-12-13 08:00:00,0.0001,14.21334742
2023-12-13 16:00:00,0.0001,14.56661079
2023-12-14 00:00:00,0.0001,14.77136673
2023-12-14 08:00:00,0.0001,14.851
2023-12-14 16:00:00,0.0001,14.877
2023-12-15 00:00:00,0.0001,15.37321333
2023-12-15 08:00:00,0.0001,14.8976379
2023-12-15 16:00:00,0.00012234,14.784
2023-12-16 00:00:00,0.0001,14.287
2023-12-16 08:00:00,0.0001,14.44528898
2023-12-16 16:00:00,0.0001,14.64901591
2023-12-17 00:00:00,0.0001,14.33
2023-12-17 08:00:00,0.0001,14.04288432
2023-12-17 16:00:00,0.0001,14.24744405
2023-12-18 00:00:00,0.0001,14.02283835
2023-12-18 08:00:00,0.0001,13.885
2023-12-18 16:00:00,0.0001,13.9972372
2023-12-19 00:00:00,0.0001,14.67364263
2023-12-19 08:00:00,0.0001,14.59770174
2023-12-19 16:00:00,0.0001,14.244
2023-12-20 00:00:00,0.0001,14.104
2023-12-20 08:00:00,0.0001,14.434
2023-12-20 16:00:00,0.0001,14.71853302
2023-12-21 00:00:00,0.00016182,14.26052395
2023-12-21 08:00:00,0.00020519,14.448
2023-12-21 16:00:00,0.00039847,14.97924921
2023-12-22 00:00:00,0.00045853,15.31725229
2023-12-22 08:00:00,0.00047872,15.18461502
2023-12-22 16:00:00,0.00044026,15.492
2023-12-23 00:00:00,0.00040965,15.4938396
2023-12-23 08:00:00,0.00023011,15.037482
2023-12-23 16:00:00,0.00038547,15.83444951
2023-12-24 00:00:00,0.0003243,15.696195
2023-12-24 08:00:00,0.00035209,15.5459925
2023-12-24 16:00:00,0.00046108,15.796
2023-12-25 00:00:00,0.00034247,15.27453508
2023-12-25 08:00:00,0.00042373,15.40658413
2023-12-25 16:00:00,0.00045188,15.55834917
2023-12-26 00:00:00,0.00049933,15.59808374
2023-12-26 08:00:00,0.0004184,15.31692993
2023-12-26 16:00:00,0.00045465,15.08122809
2023-12-27 00:00:00,0.00024362,15.10443243
2023-12-27 08:00:00,0.00029307,14.903
2023-12-27 16:00:00,0.00052871,16.14831488
2023-12-28 00:00:00,0.0006168,16.72496939
2023-12-28 08:00:00,0.00083724,16.95397172
2023-12-28 16:00:00,0.00064058,16.1803106
2023-12-29 00:00:00,0.00058537,16.022
2023-12-29 08:00:00,0.00048344,15.73530979
2023-12-29 16:00:00,0.00035203,15.60989198
2023-12-30 00:00:00,0.0001576,15.55161113
2023-12-30 08:00:00,0.00012981,15.31544758
2023-12-30 16:00:00,0.0001,15.38884824
2023-12-31 00:00:00,0.0001,15.17518046
2023-12-31 08:00:00,0.00013326,15.219
2023-12-31 16:00:00,0.0001,15.305
2024-01-01 00:00:00,0.0001,14.95023681
2024-01-01 08:00:00,0.0001,15.232
2024-01-01 16:00:00,0.00013179,15.30969115
2024-01-02 00:00:00,0.00024136,15.563
2024-01-02 08:00:00,0.00021628,15.90468214
2024-01-02 16:00:00,0.00047081,15.37485137
2024-01-03 00:00:00,0.00014299,15.17621252
2024-01-03 08:00:00,0.0001975,15.323
2024-01-03 16:00:00,0.0001,14.18445202
2024-01-04 00:00:00,0.0001,14.147
2024-01-04 08:00:00,0.0001,14.2885064
2024-01-04 16:00:00,0.0001,14.67
2024-01-05 00:00:00,0.0001,14.526
2024-01-05 08:00:00,0.0001,14.449
2024-01-05 16:00:00,0.0001,14.035
2024-01-06 00:00:00,0.0001,14.0918005
2024-01-06 08:00:00,0.0001,13.342
2024-01-06 16:00:00,0.0001,13.618
2024-01-07 00:00:00,0.0001,13.435
2024-01-07 08:00:00,0.0001,13.645
2024-01-07 16:00:00,0.0001,13.47220273
2024-01-08 00:00:00,0.0001,13.147
2024-01-08 08:00:00,0.0001,13.48615921
2024-01-08 16:00:00,9.796e-05,13.578
2024-01-09 00:00:00,0.0001,14.14
2024-01-09 08:00:00,0.0001,14.05101366
2024-01-09 16:00:00,0.0001,13.56
2024-01-10 00:00:00,0.0001,13.7149865
2024-01-10 08:00:00,0.0001,13.67133097
2024-01-10 16:00:00,0.0001,14.25741428
2024-01-11 00:00:00,0.0001,15.07871068
2024-01-11 08:00:00,0.0001,14.8306103
2024-01-11 16:00:00,0.0001,15.03702567
2024-01-12 00:00:00,0.0001,15.02
2024-01-12 08:00:00,0.0001,14.766
2024-01-12 16:00:00,0.0001,14.78356427
2024-01-13 00:00:00,0.0001,14.15324806
2024-01-13 08:00:00,0.0001,14.173
2024-01-13 16:00:00,0.0001,14.25173335
2024-01-14 00:00:00,0.0001,14.34927889
2024-01-14 08:00:00,0.0001,14.88316069
2024-01-14 16:00:00,0.0001,15.219
2024-01-15 00:00:00,0.0001,14.75910521
2024-01-15 08:00:00,0.0001,15.44426828
2024-01-15 16:00:00,0.0001,15.32545618
2024-01-16 00:00:00,0.0001,15.18116117
2024-01-16 08:00:00,0.0001,15.10002209
2024-01-16 16:00:00,0.0001,15.06552827
2024-01-17 00:00:00,0.0001,15.27038987
2024-01-17 08:00:00,0.0001,15.77497433
2024-01-17 16:00:00,0.0001,16.10967403
2024-01-18 00:00:00,0.0001,15.762
2024-01-18 08:00:00,0.0001,15.45457832
2024-01-18 16:00:00,0.0001,15.17
2024-01-19 00:00:00,0.0001,14.653
2024-01-19 08:00:00,0.0001,15.04493298
2024-01-19 16:00:00,0.0001,15.16
2024-01-20 00:00:00,0.0001,16.122
2024-01-20 08:00:00,0.0001,16.39609339
2024-01-20 16:00:00,0.0001,15.74
2024-01-21 00:00:00,0.0001,15.78018031
2024-01-21 08:00:00,0.0001,15.63181336
2024-01-21 16:00:00,0.0001,15.49
2024-01-22 00:00:00,0.0001,15.396
2024-01-22 08:00:00,0.0001,15.68
2024-01-22 16:00:00,0.0001,15.07695819
2024-01-23 00:00:00,0.0001,14.5898925
2024-01-23 08:00:00,0.0001,14.55884183
2024-01-23 16:00:00,0.0001,14.12035304
2024-01-24 00:00:00,0.0001,14.29387677
2024-01-24 08:00:00,0.0001,14.147
2024-01-24 16:00:00,0.0001,14.146
2024-01-25 00:00:00,0.0001,14.237
2024-01-25 08:00:00,0.0001,14.023
2024-01-25 16:00:00,0.0001,13.591
2024-01-26 00:00:00,0.0001,13.741
2024-01-26 08:00:00,0.0001,13.721
2024-01-26 16:00:00,6.805e-05,14.2
2024-01-27 00:00:00,8.132e-05,14.18567687
2024-01-27 08:00:00,0.0001,14.12763316
2024-01-27 16:00:00,0.0001,14.288
2024-01-28 00:00:00,0.0001,14.34200195
2024-01-28 08:00:00,0.0001,14.47264534
2024-01-28 16:00:00,0.0001,14.402
2024-01-29 00:00:00,0.0001,14.48052209
2024-01-29 08:00:00,0.0001,14.589
2024-01-29 16:00:00,0.0001,14.71402189
2024-01-30 00:00:00,0.0001,15.001
2024-01-30 08:00:00,0.0001,15.001
2024-01-30 16:00:00,0.0001,15.58932813
2024-01-31 00:00:00,0.0001,15.47673934
2024-01-31 08:00:00,0.0001,15.82216317
2024-01-31 16:00:00,0.0001,15.6994862
2024-02-01 00:00:00,0.0001,15.4310538
2024-02-01 08:00:00,0.0001,15.78340236
2024-02-01 16:00:00,0.0001,16.691
2024-02-02 00:00:00,0.0001,17.18592863
2024-02-02 08:00:00,0.0001,18.116
2024-02-02 16:00:00,0.0001,18.735
2024-02-03 00:00:00,0.0001,17.82969198
2024-02-03 08:00:00,0.0001,17.719
2024-02-03 16:00:00,0.0001,18.08833211
2024-02-04 00:00:00,0.0001,17.65783071
2024-02-04 08:00:00,0.0001,17.626
2024-02-04 16:00:00,0.0001,18.204
2024-02-05 00:00:00,0.0001,18.151
2024-02-05 08:00:00,0.0001,18.706
2024-02-05 16:00:00,0.0001,19.27620858
2024-02-06 00:00:00,0.0001,19.156
2024-02-06 08:00:00,0.0001,19.06973281
2024-02-06 16:00:00,0.0001,18.638
2024-02-07 00:00:00,0.0001,18.289
2024-02-07 08:00:00,0.0001,18.385
2024-02-07 16:00:00,0.0001,18.41612632
2024-02-08 00:00:00,0.0001,18.809
2024-02-08 08:00:00,0.0001,19.13885887
2024-02-08 16:00:00,0.0001,18.648
2024-02-09 00:00:00,5.744e-05,18.20923061
2024-02-09 08:00:00,0.0001,18.33656568
2024-02-09 16:00:00,4.817e-05,18.3694799
2024-02-10 00:00:00,0.0001,18.46824672
2024-02-10 08:00:00,0.0001,18.333
2024-02-10 16:00:00,0.0001,18.35948356
2024-02-11 00:00:00,0.0001,19.0866534
2024-02-11 08:00:00,0.0001,20.347
2024-02-11 16:00:00,0.0001,20.28806964
2024-02-12 00:00:00,0.0001,20.15061606
2024-02-12 08:00:00,0.0001,20.227
2024-02-12 16:00:00,0.0001,20.26373316
2024-02-13 00:00:00,0.0001,20.471
2024-02-13 08:00:00,0.0001,20.117
2024-02-13 16:00:00,0.0001,19.884438
2024-02-14 00:00:00,0.0001,19.879
2024-02-14 08:00:00,0.0001,20.09019133
2024-02-14 16:00:00,0.0001,20.10986391
2024-02-15 00:00:00,0.0002227,20.26
2024-02-15 08:00:00,0.0001275,19.97375577
2024-02-15 16:00:00,0.00010732,19.87507747
2024-02-16 00:00:00,0.00021343,19.9513922
2024-02-16 08:00:00,0.00028567,19.86692562
2024-02-16 16:00:00,0.0001,19.50994022
2024-02-17 00:00:00,0.0001,19.566
2024-02-17 08:00:00,0.00014321,19.594
2024-02-17 16:00:00,0.00026741,19.62729963
2024-02-18 00:00:00,0.0003548,20.05056157
2024-02-18 08:00:00,0.0002743,20.00127186
2024-02-18 16:00:00,0.00020366,19.92398863
2024-02-19 00:00:00,0.00027295,20.12862994
2024-02-19 08:00:00,0.00017152,20.231
2024-02-19 16:00:00,0.00010649,19.802
2024-02-20 00:00:00,0.0003952,19.84464397
2024-02-20 08:00:00,0.00020102,19.60559935
2024-02-20 16:00:00,0.00018125,18.98028112
2024-02-21 00:00:00,0.0001,19.29290883
2024-02-21 08:00:00,0.00013704,18.74893021
2024-02-21 16:00:00,0.0001,18.4058931
2024-02-22 00:00:00,0.0001,18.598
2024-02-22 08:00:00,0.0001,18.823
2024-02-22 16:00:00,0.00018452,18.517
2024-02-23 00:00:00,0.00020525,18.13674271
2024-02-23 08:00:00,0.00014688,17.958
2024-02-23 16:00:00,0.00019892,17.87798499
2024-02-24 00:00:00,0.00017336,17.94903313
2024-02-24 08:00:00,0.00016278,18.45870754
2024-02-24 16:00:00,0.00019616,18.248
2024-02-25 00:00:00,0.0001,18.54864287
2024-02-25 08:00:00,0.00013077,18.5760584
2024-02-25 16:00:00,0.00016188,18.638
2024-02-26 00:00:00,0.00029822,18.74142326
2024-02-26 08:00:00,0.000347,18.479
2024-02-26 16:00:00,0.00030342,18.87931412
2024-02-27 00:00:00,0.00033174,19.106
2024-02-27 08:00:00,0.00040864,19.014
2024-02-27 16:00:00,0.00030504,18.85839896
2024-02-28 00:00:00,0.00045682,19.047
2024-02-28 08:00:00,0.00030207,19.14572892
2024-02-28 16:00:00,0.00059708,19.775
2024-02-29 00:00:00,0.0004166,19.4548552
2024-02-29 08:00:00,0.00072343,20.0950616
2024-02-29 16:00:00,0.00090209,20.16278766
2024-03-01 00:00:00,0.00056071,19.28983295
2024-03-01 08:00:00,0.00067071,19.736
2024-03-01 16:00:00,0.00064191,19.712
2024-03-02 00:00:00,0.00078524,20.07699258
2024-03-02 08:00:00,0.00115808,21.24625063
2024-03-02 16:00:00,0.00080749,21.13776852
2024-03-03 00:00:00,0.00075577,21.427
2024-03-03 08:00:00,0.0007536,20.244
2024-03-03 16:00:00,0.00043557,20.563
2024-03-04 00:00:00,0.00045789,20.52499143
2024-03-04 08:00:00,0.00066742,20.387
2024-03-04 16:00:00,0.00058698,20.516
2024-03-05 00:00:00,0.00062363,20.43067754
2024-03-05 08:00:00,0.00113774,20.438
2024-03-05 16:00:00,0.00094055,20.505
2024-03-06 00:00:00,0.0001,18.97765719
2024-03-06 08:00:00,0.00018481,19.52744818
2024-03-06 16:00:00,0.00029771,19.39006943
2024-03-07 00:00:00,0.00041028,20.10353691
2024-03-07 08:00:00,0.00039622,19.961
2024-03-07 16:00:00,0.00049775,20.107
2024-03-08 00:00:00,0.00060329,20.11188918
2024-03-08 08:00:00,0.00045078,19.8270971
2024-03-08 16:00:00,0.00050496,19.70046858
2024-03-09 00:00:00,0.00048574,19.71853951
2024-03-09 08:00:00,0.0005657,19.988
2024-03-09 16:00:00,0.00070776,20.21931915
2024-03-10 00:00:00,0.0006546,19.997
2024-03-10 08:00:00,0.00071003,20.06441834
2024-03-10 16:00:00,0.00051191,19.597
2024-03-11 00:00:00,0.00054045,21.699
2024-03-11 08:00:00,0.0005895,21.35798303
2024-03-11 16:00:00,0.00061057,21.192
2024-03-12 00:00:00,0.00073398,21.31402978
2024-03-12 08:00:00,0.00053656,20.59683396
2024-03-12 16:00:00,0.00050268,20.54986304
2024-03-13 00:00:00,0.00055627,20.72396481
2024-03-13 08:00:00,0.00063661,20.817
2024-03-13 16:00:00,0.00066723,20.41320455
2024-03-14 00:00:00,0.00054089,20.771
2024-03-14 08:00:00,0.00071315,20.47246608
2024-03-14 16:00:00,0.00059186,20.585
2024-03-15 00:00:00,0.00060662,20.90755601
2024-03-15 08:00:00,0.00013865,19.58978109
2024-03-15 16:00:00,0.00013121,19.416
2024-03-16 00:00:00,0.00011057,19.63850742
2024-03-16 08:00:00,0.0002314,19.6285881
2024-03-16 16:00:00,0.0001,19.028
2024-03-17 00:00:00,0.0001,18.13
2024-03-17 08:00:00,0.0001,17.684
2024-03-17 16:00:00,0.0001,18.54217397
2024-03-18 00:00:00,0.0001,18.67408701
2024-03-18 08:00:00,0.0001,19.481
2024-03-18 16:00:00,0.00015777,18.60945555
2024-03-19 00:00:00,0.00025832,18.31790627
2024-03-19 08:00:00,0.0001,17.3415846
2024-03-19 16:00:00,0.0001,17.786
2024-03-20 00:00:00,0.00014295,16.819
2024-03-20 08:00:00,0.00013153,17.342
2024-03-20 16:00:00,0.0001,17.333
2024-03-21 00:00:00,0.00012233,18.42300961
2024-03-21 08:00:00,0.00017268,18.15144944
2024-03-21 16:00:00,0.00011851,18.49585237
2024-03-22 00:00:00,0.00028912,18.46626741
2024-03-22 08:00:00,0.00019689,18.39896928
2024-03-22 16:00:00,0.0001,17.74085013
2024-03-23 00:00:00,0.00014459,18.37754877
2024-03-23 08:00:00,0.00014142,18.38342708
2024-03-23 16:00:00,0.00015628,18.343
2024-03-24 00:00:00,0.0001704,18.07308715
2024-03-24 08:00:00,0.0001634,18.15632839
2024-03-24 16:00:00,0.00016951,18.29733601
2024-03-25 00:00:00,0.00013279,18.53220198
2024-03-25 08:00:00,0.00018385,18.63241735
2024-03-25 16:00:00,0.0001233,19.31994385
2024-03-26 00:00:00,0.00034975,19.396
2024-03-26 08:00:00,0.00027683,19.88778062
2024-03-26 16:00:00,0.00040943,20.204
2024-03-27 00:00:00,0.00045082,20.023
2024-03-27 08:00:00,0.00039963,19.60011611
2024-03-27 16:00:00,0.00031307,19.164
2024-03-28 00:00:00,0.00035645,19.30892754
2024-03-28 08:00:00,0.00039733,19.555
2024-03-28 16:00:00,0.00033479,19.35339524
2024-03-29 00:00:00,0.00041597,19.16545778
2024-03-29 08:00:00,0.00030227,18.80594962
2024-03-29 16:00:00,0.00033343,18.99141895
2024-03-30 00:00:00,0.0003728,18.9861821
2024-03-30 08:00:00,0.00042803,19.07048447
2024-03-30 16:00:00,0.0004075,19.14102759
2024-03-31 00:00:00,0.00039285,18.95165017
2024-03-31 08:00:00,0.00046671,19.27166841
2024-03-31 16:00:00,0.00046206,19.093
2024-04-01 00:00:00,0.00052227,19.193
2024-04-01 08:00:00,0.00035634,18.65696469
2024-04-01 16:00:00,0.00013827,17.95871424
2024-04-02 00:00:00,0.00014822,18.377
2024-04-02 08:00:00,0.0001,18.31
2024-04-02 16:00:00,0.0001,17.632
2024-04-03 00:00:00,0.0001,17.96159502
2024-04-03 08:00:00,0.0001,18.035
2024-04-03 16:00:00,0.0001,17.90579365
2024-04-04 00:00:00,0.0001,17.69739537
2024-04-04 08:00:00,0.0001,17.907
2024-04-04 16:00:00,0.0001,18.03335021
2024-04-05 00:00:00,0.0001,17.799
2024-04-05 08:00:00,0.0001,17.27953689
2024-04-05 16:00:00,0.0001,17.503
2024-04-06 00:00:00,0.0001,17.33911044
2024-04-06 08:00:00,0.0001,17.47776211
2024-04-06 16:00:00,0.0001,17.52583245
2024-04-07 00:00:00,0.0001,17.572
2024-04-07 08:00:00,0.0001,17.618
2024-04-07 16:00:00,0.0001,17.68483149
2024-04-08 00:00:00,0.0001,17.92107555
2024-04-08 08:00:00,0.0001,17.97749576
2024-04-08 16:00:00,0.00025202,18.30281068
2024-04-09 00:00:00,0.00022846,18.116
2024-04-09 08:00:00,0.0001368,17.7213296
2024-04-09 16:00:00,0.00010575,17.53007952
2024-04-10 00:00:00,0.00016484,17.372
2024-04-10 08:00:00,0.00011462,17.45500662
2024-04-10 16:00:00,0.00011311,17.16779921
2024-04-11 00:00:00,0.0001,17.432
2024-04-11 08:00:00,0.00010348,17.51749223
2024-04-11 16:00:00,0.00015068,17.25389217
2024-04-12 00:00:00,0.00017145,17.566
2024-04-12 08:00:00,0.00019974,17.71041362
2024-04-12 16:00:00,0.00014135,17.108
2024-04-13 00:00:00,0.0001,15.15265397
2024-04-13 08:00:00,0.0001,15.151
2024-04-13 16:00:00,0.0001,14.888
2024-04-14 00:00:00,-4.755e-05,13.27910691
2024-04-14 08:00:00,4.699e-05,13.904
2024-04-14 16:00:00,0.0001,13.561
2024-04-15 00:00:00,-4.633e-05,14.08661002
2024-04-15 08:00:00,9.823e-05,14.40665417
2024-04-15 16:00:00,0.0001,14.11
2024-04-16 00:00:00,0.0001,13.573
2024-04-16 08:00:00,7.569e-05,13.6812639
2024-04-16 16:00:00,3.544e-05,12.9295569
2024-04-17 00:00:00,-5.777e-05,13.45865085
2024-04-17 08:00:00,-3.363e-05,13.458
2024-04-17 16:00:00,6.2e-05,12.87359
2024-04-18 00:00:00,0.0001,13.127923
2024-04-18 08:00:00,0.0001,12.959
2024-04-18 16:00:00,-2.628e-05,13.579
2024-04-19 00:00:00,-6.728e-05,13.879
2024-04-19 08:00:00,0.0001,13.63106243
2024-04-19 16:00:00,9.78e-05,13.99629281
2024-04-20 00:00:00,5.201e-05,13.936
2024-04-20 08:00:00,7.136e-05,14.037
2024-04-20 16:00:00,-5.471e-05,14.592
2024-04-21 00:00:00,0.0001,14.94718306
2024-04-21 08:00:00,-1.564e-05,14.88814389
2024-04-21 16:00:00,-1.698e-05,14.81121339
2024-04-22 00:00:00,-1.686e-05,15.091
2024-04-22 08:00:00,0.0001,15.58532936
2024-04-22 16:00:00,4.475e-05,15.33297216
2024-04-23 00:00:00,-0.00012941,15.434
2024-04-23 08:00:00,9.733e-05,15.35536084
2024-04-23 16:00:00,0.0001,15.234
2024-04-24 00:00:00,2.285e-05,15.17062659
2024-04-24 08:00:00,2.244e-05,15.38204387
2024-04-24 16:00:00,0.0001,14.713
2024-04-25 00:00:00,0.0001,14.526
2024-04-25 08:00:00,-3.806e-05,14.767
2024-04-25 16:00:00,0.0001,14.723721
2024-04-26 00:00:00,6.77e-05,14.58017029
2024-04-26 08:00:00,3.428e-05,14.807
2024-04-26 16:00:00,5.441e-05,14.670588
2024-04-27 00:00:00,0.0001,14.483
2024-04-27 08:00:00,6.115e-05,14.11443735
2024-04-27 16:00:00,-2.98e-06,13.947
2024-04-28 00:00:00,-6.018e-05,14.258
2024-04-28 08:00:00,-5.291e-05,14.322
2024-04-28 16:00:00,-9.61e-05,14.099
2024-04-29 00:00:00,-3.474e-05,13.80020482
2024-04-29 08:00:00,-5.768e-05,13.86431124
2024-04-29 16:00:00,8.101e-05,13.972
2024-04-30 00:00:00,2.214e-05,14.066
2024-04-30 08:00:00,5.55e-05,13.899
2024-04-30 16:00:00,3.27e-06,13.08652673
2024-05-01 00:00:00,-1.27e-06,13.123
2024-05-01 08:00:00,7.303e-05,12.707
2024-05-01 16:00:00,0.0001,12.777
2024-05-02 00:00:00,8.563e-05,13.34003912
2024-05-02 08:00:00,0.0001,13.267
2024-05-02 16:00:00,0.0001,13.617
2024-05-03 00:00:00,0.0001,13.584
2024-05-03 08:00:00,8.216e-05,13.49436873
2024-05-03 16:00:00,8.708e-05,13.934
2024-05-04 00:00:00,4.226e-05,14.084
2024-05-04 08:00:00,-3.68e-06,14.127
2024-05-04 16:00:00,3.341e-05,14.26
2024-05-05 00:00:00,4.601e-05,14.307
2024-05-05 08:00:00,0.0001,14.224
2024-05-05 16:00:00,6.235e-05,14.5076691
2024-05-06 00:00:00,0.0001,14.36257727
2024-05-06 08:00:00,0.0001,14.73466865
2024-05-06 16:00:00,0.0001,14.68107756
2024-05-07 00:00:00,0.0001,14.4780478
2024-05-07 08:00:00,0.0001,14.26775481
2024-05-07 16:00:00,0.0001,14.49
2024-05-08 00:00:00,0.0001,13.99272761
2024-05-08 08:00:00,0.0001,13.803
2024-05-08 16:00:00,0.0001,13.997
2024-05-09 00:00:00,0.0001,13.89254209
2024-05-09 08:00:00,0.0001,14.05498076
2024-05-09 16:00:00,0.0001,14.046
2024-05-10 00:00:00,6.912e-05,14.22730247
2024-05-10 08:00:00,6.335e-05,14.32639178
2024-05-10 16:00:00,0.0001,13.82141125
2024-05-11 00:00:00,-8.389e-05,13.55487723
2024-05-11 08:00:00,-1.935e-05,13.62241671
2024-05-11 16:00:00,5.454e-05,13.48415031
2024-05-12 00:00:00,7.071e-05,13.29983117
2024-05-12 08:00:00,-2.63e-06,13.304
2024-05-12 16:00:00,2.58e-05,13.52
2024-05-13 00:00:00,5.427e-05,13.551
2024-05-13 08:00:00,8.993e-05,13.481
2024-05-13 16:00:00,2.244e-05,13.49205033
2024-05-14 00:00:00,8.867e-05,13.38376648
2024-05-14 08:00:00,-1.533e-05,13.52554186
2024-05-14 16:00:00,0.0001,13.25926955
2024-05-15 00:00:00,-0.00011551,12.975
2024-05-15 08:00:00,-6.929e-05,13.09229903
2024-05-15 16:00:00,7.888e-05,13.615
2024-05-16 00:00:00,0.0001,13.861
2024-05-16 08:00:00,0.0001,13.961
2024-05-16 16:00:00,0.0001,13.767
2024-05-17 00:00:00,0.0001,15.5074145
2024-05-17 08:00:00,0.0001,16.30209369
2024-05-17 16:00:00,0.0001,16.085
2024-05-18 00:00:00,0.0001,16.22705956
2024-05-18 08:00:00,0.0001,16.27761471
2024-05-18 16:00:00,0.0001,16.44929754
2024-05-19 00:00:00,0.0001,16.32
2024-05-19 08:00:00,0.0001,16.66395609
2024-05-19 16:00:00,0.0001,16.96
2024-05-20 00:00:00,0.0001,16.55107551
2024-05-20 08:00:00,0.0001,16.687
2024-05-20 16:00:00,5.386e-05,16.479
2024-05-21 00:00:00,0.0001,17.25949638
2024-05-21 08:00:00,0.0001,16.956
2024-05-21 16:00:00,0.0001,16.6027695
2024-05-22 00:00:00,0.0001,16.74563068
2024-05-22 08:00:00,0.0001,16.709
2024-05-22 16:00:00,0.0001,16.5578367
2024-05-23 00:00:00,0.0001,16.362
2024-05-23 08:00:00,0.0001,16.677
2024-05-23 16:00:00,0.0001,16.127
2024-05-24 00:00:00,0.0001,16.60503836
2024-05-24 08:00:00,0.0001,16.89963382
2024-05-24 16:00:00,0.0001,17.21254853
2024-05-25 00:00:00,0.0001,17.25774402
2024-05-25 08:00:00,0.0001,17.104
2024-05-25 16:00:00,0.0001,17.189
2024-05-26 00:00:00,0.0001,17.44321368
2024-05-26 08:00:00,0.0001,17.622
2024-05-26 16:00:00,0.0001,17.137
2024-05-27 00:00:00,0.0001,17.046
2024-05-27 08:00:00,0.0001,17.09
2024-05-27 16:00:00,0.0001,18.033
2024-05-28 00:00:00,0.00034976,18.79562314
2024-05-28 08:00:00,0.0001,18.053
2024-05-28 16:00:00,0.0001,18.18199368
2024-05-29 00:00:00,0.0001476,18.54257987
2024-05-29 08:00:00,0.00011588,18.298
2024-05-29 16:00:00,0.00011289,18.88844386
2024-05-30 00:00:00,0.0001,18.46362828
2024-05-30 08:00:00,0.0001,18.351
2024-05-30 16:00:00,0.0001,18.3
2024-05-31 00:00:00,0.0001,17.94702985
2024-05-31 08:00:00,0.0001,17.881
2024-05-31 16:00:00,0.0001,17.57021682
2024-06-01 00:00:00,0.00017168,18.42195764
2024-06-01 08:00:00,0.0001,18.52110795
2024-06-01 16:00:00,0.0001,18.60761377
2024-06-02 00:00:00,0.00017751,18.45210209
2024-06-02 08:00:00,0.00017453,18.421
2024-06-02 16:00:00,0.00011936,18.358
2024-06-03 00:00:00,0.00010202,18.153
2024-06-03 08:00:00,0.0001,18.145
2024-06-03 16:00:00,0.0001,17.95245147
2024-06-04 00:00:00,0.0001,17.635
2024-06-04 08:00:00,0.0001,17.6665986
2024-06-04 16:00:00,0.0001,17.79885249
2024-06-05 00:00:00,0.0001,17.72736975
2024-06-05 08:00:00,0.0001,17.971
2024-06-05 16:00:00,0.0001,17.755
2024-06-06 00:00:00,0.0001,17.76083917
2024-06-06 08:00:00,0.0001,17.489
2024-06-06 16:00:00,0.00010312,17.477
2024-06-07 00:00:00,0.00010801,17.267
2024-06-07 08:00:00,0.00014187,17.514
2024-06-07 16:00:00,0.0001999,17.60808518
2024-06-08 00:00:00,0.0001,16.3219674
2024-06-08 08:00:00,0.0001,16.327
2024-06-08 16:00:00,0.0001,15.92495471
2024-06-09 00:00:00,0.0001,15.92566612
2024-06-09 08:00:00,0.0001,16.019
2024-06-09 16:00:00,0.0001,15.99805153
2024-06-10 00:00:00,0.0001,16.37013336
2024-06-10 08:00:00,0.0001,15.81678809
2024-06-10 16:00:00,0.0001,16.17249178
2024-06-11 00:00:00,0.0001,15.90659329
2024-06-11 08:00:00,0.0001,15.504
2024-06-11 16:00:00,0.0001,14.879
2024-06-12 00:00:00,0.0001,14.98484758
2024-06-12 08:00:00,0.0001,15.272
2024-06-12 16:00:00,0.0001,16.068
2024-06-13 00:00:00,0.0001,16.00660814
2024-06-13 08:00:00,0.0001,15.522
2024-06-13 16:00:00,0.0001,15.10153823
2024-06-14 00:00:00,0.0001,15.14269612
2024-06-14 08:00:00,0.0001,15.33983967
2024-06-14 16:00:00,0.0001,15.19568432
2024-06-15 00:00:00,0.0001,14.73909508
2024-06-15 08:00:00,0.0001,15.009
2024-06-15 16:00:00,0.0001,14.983
2024-06-16 00:00:00,0.0001,14.852
2024-06-16 08:00:00,4.067e-05,14.842
2024-06-16 16:00:00,-5.715e-05,15.1493087
2024-06-17 00:00:00,7.239e-05,15.1352741
2024-06-17 08:00:00,5.616e-05,14.76602807
2024-06-17 16:00:00,8.543e-05,14.284
2024-06-18 00:00:00,-3.633e-05,14.513
2024-06-18 08:00:00,-5.506e-05,13.723
2024-06-18 16:00:00,8.76e-06,13.56450161
2024-06-19 00:00:00,-6.092e-05,13.972
2024-06-19 08:00:00,-1.729e-05,14.391
2024-06-19 16:00:00,0.0001,14.185
2024-06-20 00:00:00,0.0001,14.33740255
2024-06-20 08:00:00,7.189e-05,14.719
2024-06-20 16:00:00,0.0001,14.32939661
2024-06-21 00:00:00,0.0001,14.25
2024-06-21 08:00:00,8.657e-05,14.298
2024-06-21 16:00:00,0.0001,14.302
2024-06-22 00:00:00,9.081e-05,13.841
2024-06-22 08:00:00,5.283e-05,13.749
2024-06-22 16:00:00,-4.808e-05,13.73804874
2024-06-23 00:00:00,2.496e-05,13.472
2024-06-23 08:00:00,-7.364e-05,13.644
2024-06-23 16:00:00,-4.437e-05,13.451
2024-06-24 00:00:00,0.0001,13.18870336
2024-06-24 08:00:00,9.804e-05,13.023
2024-06-24 16:00:00,6.465e-05,13.17619472
2024-06-25 00:00:00,0.0001,13.609
2024-06-25 08:00:00,0.0001,13.87709674
2024-06-25 16:00:00,0.0001,14.08587267
2024-06-26 00:00:00,5.788e-05,14.186
2024-06-26 08:00:00,0.0001,14.225
2024-06-26 16:00:00,0.0001,13.945
2024-06-27 00:00:00,0.0001,13.911
2024-06-27 08:00:00,0.0001,13.663
2024-06-27 16:00:00,0.0001,14.08500519
2024-06-28 00:00:00,0.0001,14.42672031
2024-06-28 08:00:00,0.0001,14.20029082
2024-06-28 16:00:00,0.0001,14.365
2024-06-29 00:00:00,0.0001,13.77140391
2024-06-29 08:00:00,0.0001,13.9566525
2024-06-29 16:00:00,0.0001,13.67475849
2024-06-30 00:00:00,9.145e-05,13.536
2024-06-30 08:00:00,6.588e-05,13.669
2024-06-30 16:00:00,4.761e-05,13.691
2024-07-01 00:00:00,0.0001,14.278
2024-07-01 08:00:00,0.0001,14.382
2024-07-01 16:00:00,0.0001,14.381
2024-07-02 00:00:00,0.0001,14.33241097
2024-07-02 08:00:00,0.0001,14.55030451
2024-07-02 16:00:00,0.0001,14.491
2024-07-03 00:00:00,0.0001,14.413
2024-07-03 08:00:00,0.0001,14.39762651
2024-07-03 16:00:00,0.0001,14.38369356
2024-07-04 00:00:00,0.0001,13.584
2024-07-04 08:00:00,9.493e-05,13.144
2024-07-04 16:00:00,3.575e-05,13.068
2024-07-05 00:00:00,5.365e-05,12.528
2024-07-05 08:00:00,-0.00016167,11.498
2024-07-05 16:00:00,-1.445e-05,12.30981398
2024-07-06 00:00:00,6.01e-05,12.303
2024-07-06 08:00:00,5.442e-05,12.48616251
2024-07-06 16:00:00,3.164e-05,12.681
2024-07-07 00:00:00,0.0001,13.173
2024-07-07 08:00:00,0.0001,12.77031149
2024-07-07 16:00:00,4.965e-05,12.518
2024-07-08 00:00:00,8.701e-05,12.348
2024-07-08 08:00:00,4.641e-05,12.58385248
2024-07-08 16:00:00,0.0001,12.816
2024-07-09 00:00:00,0.0001,13.11320669
2024-07-09 08:00:00,1.826e-05,12.935
2024-07-09 16:00:00,9.205e-05,12.87215134
2024-07-10 00:00:00,3.19e-05,12.83145686
2024-07-10 08:00:00,-2.711e-05,12.967
2024-07-10 16:00:00,2.14e-05,12.89394546
2024-07-11 00:00:00,0.0001,12.78295396
2024-07-11 08:00:00,0.0001,12.80724829
2024-07-11 16:00:00,0.0001,12.71
2024-07-12 00:00:00,6.927e-05,12.33998412
2024-07-12 08:00:00,0.0001,12.44126749
2024-07-12 16:00:00,9.291e-05,12.67
2024-07-13 00:00:00,0.0001,12.735
2024-07-13 08:00:00,0.0001,13.02
2024-07-13 16:00:00,0.0001,13.04020544
2024-07-14 00:00:00,0.0001,13.01266816
2024-07-14 08:00:00,3.879e-05,13.08962519
2024-07-14 16:00:00,8.757e-05,13.26271882
2024-07-15 00:00:00,7.954e-05,13.441
2024-07-15 08:00:00,8.571e-05,13.821
2024-07-15 16:00:00,0.0001,13.86994075
2024-07-16 00:00:00,0.0001,14.3820808
2024-07-16 08:00:00,0.0001,13.95109262
2024-07-16 16:00:00,0.0001,14.4251476
2024-07-17 00:00:00,0.0001,14.199
2024-07-17 08:00:00,7.526e-05,14.362
2024-07-17 16:00:00,9.929e-05,14.12011209
2024-07-18 00:00:00,0.0001,13.73076487
2024-07-18 08:00:00,5.358e-05,13.829
2024-07-18 16:00:00,8.931e-05,13.52633038
2024-07-19 00:00:00,9.054e-05,13.589
2024-07-19 08:00:00,8.811e-05,13.56
2024-07-19 16:00:00,2.996e-05,13.873
2024-07-20 00:00:00,0.0001,14.07172212
2024-07-20 08:00:00,0.0001,14.099
2024-07-20 16:00:00,7.701e-05,14.08668091
2024-07-21 00:00:00,8.328e-05,14.24115369
2024-07-21 08:00:00,7.001e-05,13.96733848
2024-07-21 16:00:00,6.468e-05,14.44419613
2024-07-22 00:00:00,8.392e-05,14.81059786
2024-07-22 08:00:00,-3.9e-07,14.27356423
2024-07-22 16:00:00,3.37e-05,14.144
2024-07-23 00:00:00,-1.748e-05,13.93057889
2024-07-23 08:00:00,2.072e-05,13.8654903
2024-07-23 16:00:00,-5.1e-07,13.80547224
2024-07-24 00:00:00,6.488e-05,13.9
2024-07-24 08:00:00,0.0001,13.85491828
2024-07-24 16:00:00,6.097e-05,13.73229462
2024-07-25 00:00:00,3.092e-05,13.39584796
2024-07-25 08:00:00,3.026e-05,13.018
2024-07-25 16:00:00,3.63e-06,12.82902939
2024-07-26 00:00:00,-7.745e-05,12.93202045
2024-07-26 08:00:00,6.796e-05,13.396184
2024-07-26 16:00:00,2.126e-05,13.51089781
2024-07-27 00:00:00,4.333e-05,13.5266228
2024-07-27 08:00:00,8.482e-05,13.64
2024-07-27 16:00:00,6.753e-05,13.619
2024-07-28 00:00:00,6.125e-05,13.541
2024-07-28 08:00:00,8.408e-05,13.441
2024-07-28 16:00:00,-1.534e-05,13.419
2024-07-29 00:00:00,8.932e-05,13.3
2024-07-29 08:00:00,7.443e-05,13.88179884
2024-07-29 16:00:00,6.401e-05,13.55320092
2024-07-30 00:00:00,5.742e-05,13.52829579
2024-07-30 08:00:00,0.0001,13.69149661
2024-07-30 16:00:00,9.832e-05,13.544
2024-07-31 00:00:00,-4.84e-05,13.13171913
2024-07-31 08:00:00,4.445e-05,13.30042999
2024-07-31 16:00:00,4.33e-06,13.074
2024-08-01 00:00:00,-5.39e-06,12.824
2024-08-01 08:00:00,-5.403e-05,12.82
2024-08-01 16:00:00,1.646e-05,12.505
2024-08-02 00:00:00,4.463e-05,12.877
2024-08-02 08:00:00,3.108e-05,12.48717341
2024-08-02 16:00:00,-1.72e-05,12.09605508
2024-08-03 00:00:00,6.277e-05,11.92283539
2024-08-03 08:00:00,7.9e-06,12.05227214
2024-08-03 16:00:00,-4.81e-05,11.80982913
2024-08-04 00:00:00,3.038e-05,11.681
2024-08-04 08:00:00,3.751e-05,11.572
2024-08-04 16:00:00,-5.069e-05,11.021
2024-08-05 00:00:00,1.549e-05,10.88189039
2024-08-05 08:00:00,-4.06e-05,9.05487371
2024-08-05 16:00:00,-0.00010624,9.435
2024-08-06 00:00:00,-0.00016918,9.47745079
2024-08-06 08:00:00,-0.00016338,10.10545267
2024-08-06 16:00:00,-0.00016308,10.37542935
2024-08-07 00:00:00,2.23e-06,10.06353935
2024-08-07 08:00:00,-2.39e-05,10.335
2024-08-07 16:00:00,4.33e-05,9.81398932
2024-08-08 00:00:00,3.118e-05,9.48555512
2024-08-08 08:00:00,-4.963e-05,9.911
2024-08-08 16:00:00,-1.695e-05,10.19467779
2024-08-09 00:00:00,-3.834e-05,10.74568568
2024-08-09 08:00:00,-9.314e-05,10.5569971
2024-08-09 16:00:00,-6.03e-05,10.17332312
2024-08-10 00:00:00,-0.00017992,10.528
2024-08-10 08:00:00,-8.206e-05,10.62734291
2024-08-10 16:00:00,-8.014e-05,10.573
2024-08-11 00:00:00,-0.0001875,10.548
2024-08-11 08:00:00,-0.00027333,10.73
2024-08-11 16:00:00,-0.00024857,10.394
2024-08-12 00:00:00,-0.00013024,9.995
2024-08-12 08:00:00,-9.457e-05,10.23740062
2024-08-12 16:00:00,4.522e-05,10.58702803
2024-08-13 00:00:00,5.683e-05,10.55498018
2024-08-13 08:00:00,4.46e-06,10.27
2024-08-13 16:00:00,-0.00016638,10.30559456
2024-08-14 00:00:00,6.578e-05,10.57327272
2024-08-14 08:00:00,2.531e-05,10.613
2024-08-14 16:00:00,-4.925e-05,10.462
2024-08-15 00:00:00,6.981e-05,10.39073336
2024-08-15 08:00:00,0.0001,10.34421766
2024-08-15 16:00:00,5.201e-05,10.63119078
2024-08-16 00:00:00,-0.00015777,10.166
2024-08-16 08:00:00,3.816e-05,10.313
2024-08-16 16:00:00,-6.732e-05,10.01894743
2024-08-17 00:00:00,5.341e-05,10.121
2024-08-17 08:00:00,6.171e-05,10.08565711
2024-08-17 16:00:00,-4.331e-05,10.09082709
2024-08-18 00:00:00,-5.079e-05,10.15340881
2024-08-18 08:00:00,-0.00010327,10.071
2024-08-18 16:00:00,-8.07e-06,10.383
2024-08-19 00:00:00,8.56e-06,10.07935243
2024-08-19 08:00:00,-0.00012275,10.095
2024-08-19 16:00:00,-1.501e-05,10.0281922
2024-08-20 00:00:00,2.083e-05,10.17996919
2024-08-20 08:00:00,0.0001,10.50501062
2024-08-20 16:00:00,3.935e-05,10.109
2024-08-21 00:00:00,5.54e-05,10.23
2024-08-21 08:00:00,7.491e-05,10.41363504
2024-08-21 16:00:00,9.16e-05,10.409
2024-08-22 00:00:00,0.0001,11.21051367
2024-08-22 08:00:00,1.454e-05,11.32943594
2024-08-22 16:00:00,1.124e-05,11.45308321
2024-08-23 00:00:00,0.0001,11.47057669
2024-08-23 08:00:00,3.082e-05,11.639
2024-08-23 16:00:00,9.585e-05,11.67
2024-08-24 00:00:00,5.219e-05,12.047
2024-08-24 08:00:00,4.646e-05,11.95549387
2024-08-24 16:00:00,0.0001,12.224
2024-08-25 00:00:00,0.0001,12.33620997
2024-08-25 08:00:00,6.49e-05,12.04919827
2024-08-25 16:00:00,0.0001,12.194
2024-08-26 00:00:00,0.0001,12.097
2024-08-26 08:00:00,0.0001,12.37073404
2024-08-26 16:00:00,4.792e-05,12.185
2024-08-27 00:00:00,7.086e-05,11.833
2024-08-27 08:00:00,2.879e-05,11.823
2024-08-27 16:00:00,0.0001,11.51447893
2024-08-28 00:00:00,-9.169e-05,11.14772998
2024-08-28 08:00:00,4.8e-07,10.98064032
2024-08-28 16:00:00,3.668e-05,11.30107567
2024-08-29 00:00:00,-2.345e-05,11.17
2024-08-29 08:00:00,-2.635e-05,11.22729512
2024-08-29 16:00:00,3.426e-05,11.33720513
2024-08-30 00:00:00,5.621e-05,10.93941549
2024-08-30 08:00:00,0.0001,11.10293313
2024-08-30 16:00:00,-0.00011681,10.537
2024-08-31 00:00:00,8.921e-05,11.114
2024-08-31 08:00:00,9.551e-05,11.11510483
2024-08-31 16:00:00,7.725e-05,11.08417998
2024-09-01 00:00:00,7.907e-05,11.01026777
2024-09-01 08:00:00,5.667e-05,10.877
2024-09-01 16:00:00,3.99e-06,10.697
2024-09-02 00:00:00,-3.62e-05,10.3623466
2024-09-02 08:00:00,-7.255e-05,10.377
2024-09-02 16:00:00,6.27e-06,10.64872928
2024-09-03 00:00:00,2.356e-05,10.76204534
2024-09-03 08:00:00,1.738e-05,10.693
2024-09-03 16:00:00,-4.389e-05,10.29487659
2024-09-04 00:00:00,-6.017e-05,10.31037325
2024-09-04 08:00:00,2.76e-05,10.261
2024-09-04 16:00:00,8.23e-06,10.39076234
2024-09-05 00:00:00,-1.735e-05,10.33397829
2024-09-05 08:00:00,-2.01e-06,10.269
2024-09-05 16:00:00,6.27e-06,9.99917463
2024-09-06 00:00:00,-1.204e-05,10.02494968
2024-09-06 08:00:00,6.3e-07,9.91355673
2024-09-06 16:00:00,-1.308e-05,9.68829565
2024-09-07 00:00:00,-0.00011819,9.568
2024-09-07 08:00:00,-2.749e-05,9.94247577
2024-09-07 16:00:00,5.932e-05,10.124
2024-09-08 00:00:00,9.464e-05,10.02696634
2024-09-08 08:00:00,0.0001,10.27863388
2024-09-08 16:00:00,4.392e-05,10.17
2024-09-09 00:00:00,1.271e-05,10.35037015
2024-09-09 08:00:00,4.537e-05,10.616
2024-09-09 16:00:00,3.555e-05,10.382
2024-09-10 00:00:00,0.0001,10.53566949
2024-09-10 08:00:00,-6.511e-05,10.52240147
2024-09-10 16:00:00,-1.625e-05,10.46407921
2024-09-11 00:00:00,0.0001,10.58305581
2024-09-11 08:00:00,4.076e-05,10.479
2024-09-11 16:00:00,3.121e-05,10.34326865
2024-09-12 00:00:00,8.523e-05,10.39327352
2024-09-12 08:00:00,4.588e-05,10.57
2024-09-12 16:00:00,6.76e-05,10.538
2024-09-13 00:00:00,0.0001,10.779
2024-09-13 08:00:00,9.186e-05,10.69656347
2024-09-13 16:00:00,0.0001,11.299
2024-09-14 00:00:00,0.0001,11.441
2024-09-14 08:00:00,0.0001,11.39232545
2024-09-14 16:00:00,0.0001,11.36717652
2024-09-15 00:00:00,0.0001,11.29041525
2024-09-15 08:00:00,0.0001,11.26156179
2024-09-15 16:00:00,8.209e-05,11.22201098
2024-09-16 00:00:00,7.984e-05,10.80306872
2024-09-16 08:00:00,4.604e-05,10.717
2024-09-16 16:00:00,4.051e-05,10.546
2024-09-17 00:00:00,3e-06,10.537
2024-09-17 08:00:00,4.778e-05,10.60574101
2024-09-17 16:00:00,4.628e-05,10.85
2024-09-18 00:00:00,5.122e-05,10.6181463
2024-09-18 08:00:00,-2.215e-05,10.59365783
2024-09-18 16:00:00,2.018e-05,10.318
2024-09-19 00:00:00,5.581e-05,10.89
2024-09-19 08:00:00,0.0001,11.14943549
2024-09-19 16:00:00,0.0001,11.218
2024-09-20 00:00:00,0.0001,11.20323428
2024-09-20 08:00:00,8.931e-05,11.691
2024-09-20 16:00:00,0.0001,11.527
2024-09-21 00:00:00,0.0001,11.43017387
2024-09-21 08:00:00,0.0001,11.3543768
2024-09-21 16:00:00,0.0001,11.381
2024-09-22 00:00:00,0.0001,11.48753913
2024-09-22 08:00:00,7.921e-05,11.30169266
2024-09-22 16:00:00,-3.362e-05,11.025
2024-09-23 00:00:00,5.047e-05,11.12227696
2024-09-23 08:00:00,3.718e-05,11.309
2024-09-23 16:00:00,0.0001,11.499
2024-09-24 00:00:00,7.021e-05,11.389
2024-09-24 08:00:00,2.217e-05,11.467
2024-09-24 16:00:00,6.069e-05,11.51263198
2024-09-25 00:00:00,0.0001,12.149
2024-09-25 08:00:00,0.0001,12.187
2024-09-25 16:00:00,0.0001,12.361
2024-09-26 00:00:00,0.0001,12.10814794
2024-09-26 08:00:00,0.0001,12.251
2024-09-26 16:00:00,0.0001,12.591
2024-09-27 00:00:00,0.0001,12.55768726
2024-09-27 08:00:00,0.0001,12.74316345
2024-09-27 16:00:00,0.0001,12.70963402
2024-09-28 00:00:00,0.0001,12.66776836
2024-09-28 08:00:00,0.0001,12.571
2024-09-28 16:00:00,0.0001,12.83781183
2024-09-29 00:00:00,0.0001,12.9441272
2024-09-29 08:00:00,0.0001,12.531
2024-09-29 16:00:00,0.0001,12.591
2024-09-30 00:00:00,0.0001,12.458
2024-09-30 08:00:00,0.0001,12.27002251
2024-09-30 16:00:00,0.0001,11.92403745
2024-10-01 00:00:00,9.344e-05,11.84471666
2024-10-01 08:00:00,-1.188e-05,12.21
2024-10-01 16:00:00,4.622e-05,11.42869249
2024-10-02 00:00:00,-6.29e-06,11.01
2024-10-02 08:00:00,2.786e-05,11.238
2024-10-02 16:00:00,1.452e-05,10.925
2024-10-03 00:00:00,1.899e-05,10.64961266
2024-10-03 08:00:00,-3.491e-05,10.63056894
2024-10-03 16:00:00,-1.607e-05,10.53080176
2024-10-04 00:00:00,-2.44e-05,10.65200224
2024-10-04 08:00:00,8.24e-06,10.966
2024-10-04 16:00:00,5.99e-05,11.16
2024-10-05 00:00:00,0.0001,11.0719348
2024-10-05 08:00:00,5.78e-05,11.20909653
2024-10-05 16:00:00,0.0001,11.35085305
2024-10-06 00:00:00,0.0001,11.26217566
2024-10-06 08:00:00,7.62e-06,11.323
2024-10-06 16:00:00,3.145e-05,11.29706302
2024-10-07 00:00:00,9.748e-05,11.274
2024-10-07 08:00:00,0.0001,11.544
2024-10-07 16:00:00,5.677e-05,11.519
2024-10-08 00:00:00,0.0001,11.15545665
2024-10-08 08:00:00,0.0001,11.019
2024-10-08 16:00:00,0.0001,10.9338214
2024-10-09 00:00:00,0.0001,10.82900553
2024-10-09 08:00:00,0.0001,10.78326462
2024-10-09 16:00:00,0.0001,10.707
2024-10-10 00:00:00,0.0001,10.53
2024-10-10 08:00:00,6.668e-05,10.624
2024-10-10 16:00:00,8.361e-05,10.626
2024-10-11 00:00:00,3.511e-05,10.553
2024-10-11 08:00:00,7.15e-06,10.65200617
2024-10-11 16:00:00,6.218e-05,10.85537159
2024-10-12 00:00:00,0.0001,10.9043942
2024-10-12 08:00:00,0.0001,10.98213315
2024-10-12 16:00:00,0.0001,11.08545226
2024-10-13 00:00:00,0.0001,11.00359056
2024-10-13 08:00:00,0.0001,10.97704341
2024-10-13 16:00:00,0.0001,10.682
2024-10-14 00:00:00,0.0001,10.746
2024-10-14 08:00:00,0.0001,11.02400027
2024-10-14 16:00:00,0.0001,11.25631921
2024-10-15 00:00:00,0.0001,11.28384837
2024-10-15 08:00:00,0.0001,11.494
2024-10-15 16:00:00,0.0001,11.13592971
2024-10-16 00:00:00,0.0001,11.45495632
2024-10-16 08:00:00,0.0001,11.17790492
2024-10-16 16:00:00,0.0001,11.15882171
2024-10-17 00:00:00,0.0001,11.23857781
2024-10-17 08:00:00,0.0001,11.15732447
2024-10-17 16:00:00,0.0001,11.10712282
2024-10-18 00:00:00,0.0001,11.03111266
2024-10-18 08:00:00,0.0001,11.42631955
2024-10-18 16:00:00,0.0001,11.45770356
2024-10-19 00:00:00,0.0001,11.48005968
2024-10-19 08:00:00,0.0001,11.39535632
2024-10-19 16:00:00,0.0001,11.38296302
2024-10-20 00:00:00,0.0001,11.41857213
2024-10-20 08:00:00,0.0001,11.37595796
2024-10-20 16:00:00,0.0001,11.89000282
2024-10-21 00:00:00,0.0001,11.977
2024-10-21 08:00:00,0.0001,11.911
2024-10-21 16:00:00,0.0001,11.66789275
2024-10-22 00:00:00,0.0001,11.71074784
2024-10-22 08:00:00,0.0001,12.10686969
2024-10-22 16:00:00,0.0001,12.14293974
2024-10-23 00:00:00,0.0001,11.9740151
2024-10-23 08:00:00,0.0001,11.60871241
2024-10-23 16:00:00,0.0001,11.319
2024-10-24 00:00:00,0.0001,11.32289587
2024-10-24 08:00:00,0.0001,11.29875619
2024-10-24 16:00:00,0.0001,11.43032698
2024-10-25 00:00:00,0.0001,11.61605103
2024-10-25 08:00:00,0.0001,11.68988056
2024-10-25 16:00:00,0.0001,11.822
2024-10-26 00:00:00,0.0001,11.12719102
2024-10-26 08:00:00,0.0001,11.088
2024-10-26 16:00:00,8.427e-05,10.85016341
2024-10-27 00:00:00,0.0001,11.002
2024-10-27 08:00:00,8.564e-05,10.93873115
2024-10-27 16:00:00,0.0001,11.09959006
2024-10-28 00:00:00,0.0001,10.98459418
2024-10-28 08:00:00,0.0001,10.968
2024-10-28 16:00:00,0.0001,10.81528643
2024-10-29 00:00:00,0.0001,11.179
2024-10-29 08:00:00,0.0001,11.4819007
2024-10-29 16:00:00,0.0001,11.54997511
2024-10-30 00:00:00,0.0001,11.798
2024-10-30 08:00:00,0.0001,11.96641827
2024-10-30 16:00:00,0.0001,12.2168433
2024-10-31 00:00:00,0.0001,12.39198149
2024-10-31 08:00:00,0.0001,12.197
2024-10-31 16:00:00,0.0001,11.787
2024-11-01 00:00:00,0.0001,11.41733574
2024-11-01 08:00:00,0.0001,11.31450247
2024-11-01 16:00:00,0.0001,11.321
2024-11-02 00:00:00,0.0001,11.2498072
2024-11-02 08:00:00,0.0001,11.24910574
2024-11-02 16:00:00,0.0001,11.17436381
2024-11-03 00:00:00,0.0001,11.18481178
2024-11-03 08:00:00,0.0001,10.982
2024-11-03 16:00:00,-4.36e-06,10.70008754
2024-11-04 00:00:00,-2.484e-05,10.752
2024-11-04 08:00:00,-5.579e-05,10.621
2024-11-04 16:00:00,8.229e-05,10.39133004
2024-11-05 00:00:00,0.0001,10.25097957
2024-11-05 08:00:00,3.426e-05,10.50502308
2024-11-05 16:00:00,5.441e-05,10.7711222
2024-11-06 00:00:00,0.0001,10.829
2024-11-06 08:00:00,0.0001,11.74985334
2024-11-06 16:00:00,0.0001,11.80799544
2024-11-07 00:00:00,0.0001,12.17737305
2024-11-07 08:00:00,0.0001095,12.30591609
2024-11-07 16:00:00,0.0001,12.45564579
2024-11-08 00:00:00,0.0001,12.59206476
2024-11-08 08:00:00,0.0001,12.82259727
2024-11-08 16:00:00,0.0001,13.278
2024-11-09 00:00:00,0.0001,13.696
2024-11-09 08:00:00,0.0001,13.50288397
2024-11-09 16:00:00,0.0001,13.526
2024-11-10 00:00:00,0.00010352,13.782
2024-11-10 08:00:00,0.00029568,14.49711907
2024-11-10 16:00:00,0.00029686,14.598
2024-11-11 00:00:00,0.00022899,14.26735276
2024-11-11 08:00:00,0.00028376,13.804
2024-11-11 16:00:00,0.0001,14.3201622
2024-11-12 00:00:00,0.00026529,14.92786261
2024-11-12 08:00:00,0.00045762,14.84507221
2024-11-12 16:00:00,0.00049062,13.9480415
2024-11-13 00:00:00,0.00032619,13.95387558
2024-11-13 08:00:00,0.0001,13.38264796
2024-11-13 16:00:00,0.00021917,14.23505358
2024-11-14 00:00:00,0.00015103,13.48799468
2024-11-14 08:00:00,0.00015786,13.62760385
2024-11-14 16:00:00,0.0001,12.96497682
2024-11-15 00:00:00,0.0001,13.005
2024-11-15 08:00:00,0.0001,13.12640551
2024-11-15 16:00:00,0.0001,13.19093635
2024-11-16 00:00:00,0.0001,13.84672674
2024-11-16 08:00:00,0.0001,14.032
2024-11-16 16:00:00,0.0002333,14.16851585
2024-11-17 00:00:00,0.00012286,14.53401992
2024-11-17 08:00:00,0.0001,14.43391428
2024-11-17 16:00:00,0.0001,13.938
2024-11-18 00:00:00,0.0001,13.78523382
2024-11-18 08:00:00,0.00034783,14.86585382
2024-11-18 16:00:00,0.00018817,15.173
2024-11-19 00:00:00,0.0001,15.27826444
2024-11-19 08:00:00,0.0001,14.85762751
2024-11-19 16:00:00,0.0001,14.767
2024-11-20 00:00:00,0.0001,14.63032922
2024-11-20 08:00:00,0.0001,14.47279502
2024-11-20 16:00:00,0.0001,15.007
2024-11-21 00:00:00,0.0001,14.242
2024-11-21 08:00:00,0.0001,14.671
2024-11-21 16:00:00,0.0001,14.82121309
2024-11-22 00:00:00,0.00014523,14.906
2024-11-22 08:00:00,0.00023609,15.22771871
2024-11-22 16:00:00,0.00024191,15.427
2024-11-23 00:00:00,0.0001,16.57366743
2024-11-23 08:00:00,0.0003369,17.01265591
2024-11-23 16:00:00,0.00026805,17.93238005
2024-11-24 00:00:00,0.00036364,17.39633744
2024-11-24 08:00:00,0.00038276,17.80548244
2024-11-24 16:00:00,0.00033635,16.35
2024-11-25 00:00:00,0.00028407,17.91191008
2024-11-25 08:00:00,0.00030576,18.31660904
2024-11-25 16:00:00,0.00019422,18.50993238
2024-11-26 00:00:00,0.00026291,17.357
2024-11-26 08:00:00,0.00022036,17.238
2024-11-26 16:00:00,0.00010024,16.926
2024-11-27 00:00:00,0.00014914,17.348
2024-11-27 08:00:00,0.00019811,18.156
2024-11-27 16:00:00,0.0001,18.06748036
2024-11-28 00:00:00,0.00022651,18.669
2024-11-28 08:00:00,0.00017652,17.906
2024-11-28 16:00:00,0.00014173,17.524
2024-11-29 00:00:00,0.00020893,17.94609973
2024-11-29 08:00:00,0.00016721,17.54490281
2024-11-29 16:00:00,0.00035023,18.056
2024-11-30 00:00:00,0.00028521,18.25897461
2024-11-30 08:00:00,0.00025135,18.64734628
2024-11-30 16:00:00,0.00021711,18.894
2024-12-01 00:00:00,0.00019369,19.00414692
2024-12-01 08:00:00,0.00016773,18.6700198
2024-12-01 16:00:00,0.00010836,18.8346816
2024-12-02 00:00:00,0.00041175,18.935
2024-12-02 08:00:00,0.00034002,19.812
2024-12-02 16:00:00,0.00032114,21.782
2024-12-03 00:00:00,0.00053972,25.234
2024-12-03 08:00:00,0.00051247,25.13332943
2024-12-03 16:00:00,0.00028863,23.991
2024-12-04 00:00:00,0.00034089,24.11778654
2024-12-04 08:00:00,0.00056003,24.46791415
2024-12-04 16:00:00,0.00044316,25.37508854
2024-12-05 00:00:00,0.00035004,24.08416762
2024-12-05 08:00:00,0.00058517,23.92149616
2024-12-05 16:00:00,0.00050843,24.294
2024-12-06 00:00:00,0.00049935,23.174
2024-12-06 08:00:00,0.00047927,23.81600945
2024-12-06 16:00:00,0.00023034,23.78628318
2024-12-07 00:00:00,0.0005654,25.889
2024-12-07 08:00:00,0.00056397,25.39169729
2024-12-07 16:00:00,0.00028165,24.99314777
2024-12-08 00:00:00,0.00024015,24.80633883
2024-12-08 08:00:00,0.00028891,25.37255932
2024-12-08 16:00:00,0.00041431,26.25509483
2024-12-09 00:00:00,0.00019292,26.11665235
2024-12-09 08:00:00,0.00027584,26.227
2024-12-09 16:00:00,0.0001,24.40288296
2024-12-10 00:00:00,0.0001,22.26957939
2024-12-10 08:00:00,0.0001,23.05534735
2024-12-10 16:00:00,0.0001,21.343
2024-12-11 00:00:00,0.0001,22.114
2024-12-11 08:00:00,0.0001,22.217
2024-12-11 16:00:00,0.0001,23.895
2024-12-12 00:00:00,0.0001,24.06510866
2024-12-12 08:00:00,0.0001,28.81809866
2024-12-12 16:00:00,0.0001,28.20366496
2024-12-13 00:00:00,0.0001,29.1146316
2024-12-13 08:00:00,0.0001,28.91568003
2024-12-13 16:00:00,0.0001,27.63165839
2024-12-14 00:00:00,0.0001,28.98389478
2024-12-14 08:00:00,0.0001,29.52765714
2024-12-14 16:00:00,0.0001,30.37325142
2024-12-15 00:00:00,0.0001,29.115
2024-12-15 08:00:00,0.0001,28.75676346
2024-12-15 16:00:00,0.0001,29.12427083
2024-12-16 00:00:00,0.0001,29.25014829
2024-12-16 08:00:00,0.0001,29.28992513
2024-12-16 16:00:00,0.0001,30.28081976
2024-12-17 00:00:00,0.0001,28.73111423
2024-12-17 08:00:00,0.0001,28.12356349
2024-12-17 16:00:00,0.0001,27.61479309
2024-12-18 00:00:00,0.0001,27.8475128
2024-12-18 08:00:00,0.0001,27.18287091
2024-12-18 16:00:00,0.0001,27.08541634
2024-12-19 00:00:00,0.0001,24.86875139
2024-12-19 08:00:00,-1.128e-05,24.89289229
2024-12-19 16:00:00,9.868e-05,24.18442919
2024-12-20 00:00:00,5.674e-05,22.806
2024-12-20 08:00:00,0.0001,22.62805296
2024-12-20 16:00:00,-1.079e-05,22.692
2024-12-21 00:00:00,0.0001,23.38
2024-12-21 08:00:00,-1.661e-05,24.539
2024-12-21 16:00:00,0.0001,22.86282756
2024-12-22 00:00:00,0.0001,22.12
2024-12-22 08:00:00,0.0001,21.9619383
2024-12-22 16:00:00,7.496e-05,21.8
2024-12-23 00:00:00,0.0001,22.082
2024-12-23 08:00:00,6.764e-05,22.62281744
2024-12-23 16:00:00,7.115e-05,22.143
2024-12-24 00:00:00,0.0001,24.5489515
2024-12-24 08:00:00,0.0001,23.87074493
2024-12-24 16:00:00,0.0001,24.638
2024-12-25 00:00:00,0.0001,25.418
2024-12-25 08:00:00,0.0001,24.756
2024-12-25 16:00:00,9.687e-05,24.669
2024-12-26 00:00:00,0.0001,24.428
2024-12-26 08:00:00,0.0001,23.419
2024-12-26 16:00:00,0.0001,22.7496224
2024-12-27 00:00:00,0.0001,22.66889121
2024-12-27 08:00:00,6.726e-05,22.59463346
2024-12-27 16:00:00,4.76e-05,22.294
2024-12-28 00:00:00,6.657e-05,21.55475209
2024-12-28 08:00:00,0.0001,21.07606101
2024-12-28 16:00:00,-2.338e-05,21.473
2024-12-29 00:00:00,5.628e-05,21.98289862
2024-12-29 08:00:00,0.0001,21.93343168
2024-12-29 16:00:00,0.0001,21.43738226
2024-12-30 00:00:00,0.0001,20.94706792
2024-12-30 08:00:00,9.425e-05,21.18918671
2024-12-30 16:00:00,0.0001,20.298
2024-12-31 00:00:00,9.108e-05,20.569
2024-12-31 08:00:00,0.0001,20.31917678
2024-12-31 16:00:00,9.772e-05,20.80747413
2025-01-01 00:00:00,0.0001,20.0
2025-01-01 08:00:00,4.612e-05,19.976
2025-01-01 16:00:00,0.0001,20.557
2025-01-02 00:00:00,0.0001,21.72453286
2025-01-02 08:00:00,0.0001,22.33492377
2025-01-02 16:00:00,0.0001,22.20724808
2025-01-03 00:00:00,0.0001,22.07157507
2025-01-03 08:00:00,0.0001,21.79325146
2025-01-03 16:00:00,0.0001,23.45545955
2025-01-04 00:00:00,0.0001,23.48
2025-01-04 08:00:00,0.0001,23.30649908
2025-01-04 16:00:00,0.0001,23.15851096
2025-01-05 00:00:00,0.0001,23.58788534
2025-01-05 08:00:00,0.0001,23.50039701
2025-01-05 16:00:00,0.0001,23.286
2025-01-06 00:00:00,0.0001,23.574
2025-01-06 08:00:00,0.0001,23.50844168
2025-01-06 16:00:00,0.0001,24.36334456
2025-01-07 00:00:00,0.0001,23.82557239
2025-01-07 08:00:00,0.0001,23.38668155
2025-01-07 16:00:00,0.0001,22.05620022
2025-01-08 00:00:00,6.319e-05,21.37826223
2025-01-08 08:00:00,0.0001,20.87042349
2025-01-08 16:00:00,3.857e-05,20.65931516
2025-01-09 00:00:00,-3.481e-05,20.426
2025-01-09 08:00:00,4.432e-05,19.8
2025-01-09 16:00:00,7.029e-05,20.185
2025-01-10 00:00:00,4.785e-05,19.63535625
2025-01-10 08:00:00,-4.445e-05,20.33917476
2025-01-10 16:00:00,0.0001,19.974
2025-01-11 00:00:00,7.744e-05,20.234
2025-01-11 08:00:00,0.0001,19.93707392
2025-01-11 16:00:00,0.0001,19.975
2025-01-12 00:00:00,0.0001,20.20389902
2025-01-12 08:00:00,0.0001,20.082
2025-01-12 16:00:00,0.0001,20.145
2025-01-13 00:00:00,-4.06e-05,19.833
2025-01-13 08:00:00,7.178e-05,19.101
2025-01-13 16:00:00,0.0001,18.92452025
2025-01-14 00:00:00,-1.939e-05,19.349
2025-01-14 08:00:00,3.859e-05,19.435
2025-01-14 16:00:00,4.794e-05,20.14
2025-01-15 00:00:00,0.0001,20.31356634
2025-01-15 08:00:00,0.0001,20.713
2025-01-15 16:00:00,9.528e-05,21.592
2025-01-16 00:00:00,8.279e-05,22.075
2025-01-16 08:00:00,0.0001,21.744607
2025-01-16 16:00:00,0.0001,23.32074498
2025-01-17 00:00:00,0.0001,23.017
2025-01-17 08:00:00,0.0001,24.119393
2025-01-17 16:00:00,0.0001,24.42483022
2025-01-18 00:00:00,0.0001,25.089
2025-01-18 08:00:00,0.0001,23.84213344
2025-01-18 16:00:00,0.0001,24.06646089
2025-01-19 00:00:00,0.0001,24.11228135
2025-01-19 08:00:00,0.0001,23.368
2025-01-19 16:00:00,0.0001,25.41090957
2025-01-20 00:00:00,0.0001,24.33645619
2025-01-20 08:00:00,0.0001,26.27812791
2025-01-20 16:00:00,0.0001,25.87940815
2025-01-21 00:00:00,0.0001,25.071
2025-01-21 08:00:00,0.0001,24.07627795
2025-01-21 16:00:00,0.0001,25.85273262
2025-01-22 00:00:00,0.0001,26.66673181
2025-01-22 08:00:00,0.0001,25.79391263
2025-01-22 16:00:00,0.0001,25.40928143
2025-01-23 00:00:00,8.858e-05,25.30237797
2025-01-23 08:00:00,0.0001,24.56763122
2025-01-23 16:00:00,0.0001,25.46
2025-01-24 00:00:00,0.0001,25.66484054
2025-01-24 08:00:00,0.0001,25.932
2025-01-24 16:00:00,5.911e-05,26.13886168
2025-01-25 00:00:00,0.0001,25.17759627
2025-01-25 08:00:00,5.475e-05,24.98292487
2025-01-25 16:00:00,-5.287e-05,25.13887276
2025-01-26 00:00:00,3.808e-05,24.908
2025-01-26 08:00:00,0.0001,25.668
2025-01-26 16:00:00,4.893e-05,25.43703477
2025-01-27 00:00:00,0.0001,24.87553138
2025-01-27 08:00:00,7.99e-05,22.833
2025-01-27 16:00:00,-1.839e-05,23.661
2025-01-28 00:00:00,6.34e-05,24.20222444
2025-01-28 08:00:00,8.331e-05,24.11
2025-01-28 16:00:00,0.0001,23.92240323
2025-01-29 00:00:00,8.084e-05,22.60191521
2025-01-29 08:00:00,1.91e-05,23.518
2025-01-29 16:00:00,8.861e-05,22.748
2025-01-30 00:00:00,5.591e-05,23.6519071
2025-01-30 08:00:00,0.0001,24.29130185
2025-01-30 16:00:00,0.0001,24.847
2025-01-31 00:00:00,0.0001,24.45688769
2025-01-31 08:00:00,0.0001,24.89469471
2025-01-31 16:00:00,0.0001,25.898
2025-02-01 00:00:00,0.0001,25.15288085
2025-02-01 08:00:00,0.0001,25.23186399
2025-02-01 16:00:00,8.212e-05,24.45750664
2025-02-02 00:00:00,-8.138e-05,22.961
2025-02-02 08:00:00,-0.00019293,22.644
2025-02-02 16:00:00,0.0001,22.175
2025-02-03 00:00:00,8.844e-05,20.446
2025-02-03 08:00:00,-0.00018904,19.41150111
2025-02-03 16:00:00,-9.538e-05,20.41146747
2025-02-04 00:00:00,-4.71e-05,21.63288936
2025-02-04 08:00:00,2.12e-05,19.62619936
2025-02-04 16:00:00,-0.00011443,20.52
2025-02-05 00:00:00,5.747e-05,19.963
2025-02-05 08:00:00,0.0001,19.625
2025-02-05 16:00:00,-2.058e-05,19.6306139
2025-02-06 00:00:00,5.754e-05,19.181
2025-02-06 08:00:00,-1.739e-05,19.68432199
2025-02-06 16:00:00,1.437e-05,18.69
2025-02-07 00:00:00,-4.01e-05,18.574
2025-02-07 08:00:00,-7.98e-06,18.773
2025-02-07 16:00:00,-3.943e-05,19.3670936
2025-02-08 00:00:00,6.444e-05,18.37397214
2025-02-08 08:00:00,4.755e-05,18.168
2025-02-08 16:00:00,-1.403e-05,18.045
2025-02-09 00:00:00,-8.075e-05,18.42875658
2025-02-09 08:00:00,-5.172e-05,18.745
2025-02-09 16:00:00,0.0001,18.71449012
2025-02-10 00:00:00,2.314e-05,18.255
2025-02-10 08:00:00,0.0001,18.645
2025-02-10 16:00:00,9.89e-06,18.57947591
2025-02-11 00:00:00,-5.942e-05,18.7967029
2025-02-11 08:00:00,0.0001,19.624
2025-02-11 16:00:00,4.106e-05,19.085
2025-02-12 00:00:00,-0.000188,18.64818583
2025-02-12 08:00:00,2.095e-05,18.582
2025-02-12 16:00:00,7.78e-06,18.107
2025-02-13 00:00:00,4.425e-05,19.20018113
2025-02-13 08:00:00,0.0001,18.80601577
2025-02-13 16:00:00,7.56e-06,18.488
2025-02-14 00:00:00,-4.773e-05,18.54867889
2025-02-14 08:00:00,0.0001,18.754
2025-02-14 16:00:00,8.315e-05,19.4901314
2025-02-15 00:00:00,0.0001,19.371
2025-02-15 08:00:00,-1.559e-05,19.26632037
2025-02-15 16:00:00,-8.97e-06,18.942
2025-02-16 00:00:00,-7.206e-05,18.986
2025-02-16 08:00:00,-6.869e-05,18.89323192
2025-02-16 16:00:00,6.369e-05,18.88818754
2025-02-17 00:00:00,3.647e-05,18.689
2025-02-17 08:00:00,1.013e-05,18.798
2025-02-17 16:00:00,0.0001,19.2362452
2025-02-18 00:00:00,8.384e-05,19.098
2025-02-18 08:00:00,-0.00015914,18.08066309
2025-02-18 16:00:00,-0.00020519,17.668
2025-02-19 00:00:00,-7.36e-05,17.86244832
2025-02-19 08:00:00,2.228e-05,18.03110865
2025-02-19 16:00:00,7.973e-05,17.798
2025-02-20 00:00:00,-1.432e-05,17.96398348
2025-02-20 08:00:00,5.163e-05,18.10548129
2025-02-20 16:00:00,0.0001,17.872
2025-02-21 00:00:00,0.0001,18.277
2025-02-21 08:00:00,0.0001,18.24640254
2025-02-21 16:00:00,0.0001,18.378
2025-02-22 00:00:00,-7.924e-05,17.41768968
2025-02-22 08:00:00,-7.899e-05,17.47713767
2025-02-22 16:00:00,-0.00019068,17.774
2025-02-23 00:00:00,-1.342e-05,17.745
2025-02-23 08:00:00,7.449e-05,18.11420376
2025-02-23 16:00:00,8.9e-07,17.46052307
2025-02-24 00:00:00,2.774e-05,17.6043666
2025-02-24 08:00:00,-0.00015553,16.856
2025-02-24 16:00:00,-6.398e-05,16.21056421
2025-02-25 00:00:00,3.151e-05,15.24999153
2025-02-25 08:00:00,6.984e-05,14.53076466
2025-02-25 16:00:00,2.048e-05,14.74653019
2025-02-26 00:00:00,-3.591e-05,15.305
2025-02-26 08:00:00,2.802e-05,15.293
2025-02-26 16:00:00,-5.49e-06,15.53754713
2025-02-27 00:00:00,9.352e-05,15.2570993
2025-02-27 08:00:00,5.312e-05,15.61260012
2025-02-27 16:00:00,4.233e-05,15.38567189
2025-02-28 00:00:00,7.16e-06,15.103
2025-02-28 08:00:00,2.54e-06,13.662
2025-02-28 16:00:00,-2.378e-05,14.60407905
2025-03-01 00:00:00,0.0001,14.80791895
2025-03-01 08:00:00,7.491e-05,14.538
2025-03-01 16:00:00,0.0001,14.47888527
2025-03-02 00:00:00,0.0001,14.752
2025-03-02 08:00:00,2.125e-05,14.75177008
2025-03-02 16:00:00,5.3e-07,15.255
2025-03-03 00:00:00,0.0001,17.41547184
2025-03-03 08:00:00,0.0001,16.484
2025-03-03 16:00:00,9.87e-06,16.251
2025-03-04 00:00:00,-0.00010288,14.45069954
2025-03-04 08:00:00,-8.925e-05,13.795
2025-03-04 16:00:00,3.883e-05,13.822
2025-03-05 00:00:00,3.606e-05,14.855
2025-03-05 08:00:00,-5.198e-05,15.44339948
2025-03-05 16:00:00,0.0001,15.69088641
2025-03-06 00:00:00,4.998e-05,16.42369288
2025-03-06 08:00:00,6.109e-05,16.899
2025-03-06 16:00:00,0.0001,17.233
2025-03-07 00:00:00,5.714e-05,17.04941101
2025-03-07 08:00:00,7.147e-05,17.174
2025-03-07 16:00:00,0.0001,16.91317934
2025-03-08 00:00:00,0.0001,15.93657839
2025-03-08 08:00:00,0.0001,15.54136824
2025-03-08 16:00:00,6.088e-05,15.294
2025-03-09 00:00:00,-6.26e-06,15.252
2025-03-09 08:00:00,8.958e-05,15.12283253
2025-03-09 16:00:00,0.0001,14.297
2025-03-10 00:00:00,-0.00012359,13.792
2025-03-10 08:00:00,-0.00018809,14.08303495
2025-03-10 16:00:00,-0.00023279,13.473
2025-03-11 00:00:00,-0.00024545,12.652
2025-03-11 08:00:00,-0.0002247,12.72669692
2025-03-11 16:00:00,2.339e-05,12.988
2025-03-12 00:00:00,4.551e-05,13.12964
2025-03-12 08:00:00,-3.784e-05,13.08028448
2025-03-12 16:00:00,1.155e-05,13.07288848
2025-03-13 00:00:00,0.0001,13.48286933
2025-03-13 08:00:00,1.127e-05,13.122
2025-03-13 16:00:00,2.914e-05,13.02
2025-03-14 00:00:00,3.386e-05,13.03085714
2025-03-14 08:00:00,1.077e-05,13.34
2025-03-14 16:00:00,3.03e-06,14.364
2025-03-15 00:00:00,-9.417e-05,13.657
2025-03-15 08:00:00,-8.178e-05,13.79
2025-03-15 16:00:00,-0.00010843,14.033
2025-03-16 00:00:00,-8.825e-05,14.00770067
2025-03-16 08:00:00,0.0001,14.1508734
2025-03-16 16:00:00,-5.134e-05,13.47
2025-03-17 00:00:00,7.56e-06,13.357
2025-03-17 08:00:00,5.315e-05,13.76619872
2025-03-17 16:00:00,4.04e-06,13.752
2025-03-18 00:00:00,9.444e-05,14.02344177
2025-03-18 08:00:00,0.0001,14.13321467
2025-03-18 16:00:00,9.545e-05,13.59007981
2025-03-19 00:00:00,4.04e-06,13.909
2025-03-19 08:00:00,0.0001,13.843
2025-03-19 16:00:00,0.0001,14.6092479
2025-03-20 00:00:00,7.56e-05,15.016
2025-03-20 08:00:00,7.63e-05,14.62396314
2025-03-20 16:00:00,2.293e-05,14.346
2025-03-21 00:00:00,6.255e-05,14.211
2025-03-21 08:00:00,0.0001,14.18609143
2025-03-21 16:00:00,-6.554e-05,13.8759121
2025-03-22 00:00:00,-0.00015694,13.95422867
2025-03-22 08:00:00,-1.33e-06,14.065
2025-03-22 16:00:00,5.132e-05,14.22171771
2025-03-23 00:00:00,2.091e-05,14.242
2025-03-23 08:00:00,8.228e-05,14.281
2025-03-23 16:00:00,3.693e-05,14.42427095
2025-03-24 00:00:00,6.448e-05,14.46055695
2025-03-24 08:00:00,0.0001,15.02062067
2025-03-24 16:00:00,0.0001,15.2106761
2025-03-25 00:00:00,0.0001,15.12122286
2025-03-25 08:00:00,0.0001,15.19588448
2025-03-25 16:00:00,0.0001,15.32555705
2025-03-26 00:00:00,0.0001,15.43026197
2025-03-26 08:00:00,0.0001,15.907
2025-03-26 16:00:00,0.0001,15.28950467
2025-03-27 00:00:00,7.956e-05,15.24
2025-03-27 08:00:00,0.0001,15.627
2025-03-27 16:00:00,7.748e-05,15.554
2025-03-28 00:00:00,2.15e-05,15.51492848
2025-03-28 08:00:00,-3.381e-05,14.47589248
2025-03-28 16:00:00,-4.924e-05,14.155
2025-03-29 00:00:00,-6.319e-05,14.244
2025-03-29 08:00:00,1.093e-05,13.9009479
2025-03-29 16:00:00,0.0001,13.627
2025-03-30 00:00:00,2.226e-05,13.54112857
2025-03-30 08:00:00,-0.00014902,13.659
2025-03-30 16:00:00,-1.741e-05,13.588
2025-03-31 00:00:00,3.051e-05,13.408
2025-03-31 08:00:00,1.212e-05,13.20691429
2025-03-31 16:00:00,-1.819e-05,13.544
2025-04-01 00:00:00,4.023e-05,13.50499533
2025-04-01 08:00:00,6.726e-05,13.73239419
2025-04-01 16:00:00,0.0001,14.306
2025-04-02 00:00:00,0.0001,14.03732438
2025-04-02 08:00:00,4.301e-05,13.38304286
2025-04-02 16:00:00,6.268e-05,14.04709429
2025-04-03 00:00:00,-2.381e-05,12.894
2025-04-03 08:00:00,6.308e-05,12.95083732
2025-04-03 16:00:00,-3.202e-05,12.55760897
2025-04-04 00:00:00,-4.929e-05,12.887
2025-04-04 08:00:00,0.0001,13.066
2025-04-04 16:00:00,7.209e-05,12.73009371
2025-04-05 00:00:00,0.0001,12.938
2025-04-05 08:00:00,0.0001,12.87290895
2025-04-05 16:00:00,4.579e-05,12.63202857
2025-04-06 00:00:00,-9.72e-06,12.83686857
2025-04-06 08:00:00,8.216e-05,12.646
2025-04-06 16:00:00,-0.0001242,12.31666542
2025-04-07 00:00:00,-0.00010555,11.279
2025-04-07 08:00:00,0.0001,10.35017476
2025-04-07 16:00:00,0.0001,11.29194657
2025-04-08 00:00:00,1.782e-05,11.448
2025-04-08 08:00:00,4.504e-05,11.60320343
2025-04-08 16:00:00,3.72e-05,11.41807705
2025-04-09 00:00:00,0.0001,10.91772502
2025-04-09 08:00:00,0.0001,11.38284676
2025-04-09 16:00:00,0.0001,11.367
2025-04-10 00:00:00,0.0001,12.651
2025-04-10 08:00:00,0.0001,12.31390571
2025-04-10 16:00:00,0.0001,11.821
2025-04-11 00:00:00,3.723e-05,12.07021733
2025-04-11 08:00:00,8.263e-05,12.388
2025-04-11 16:00:00,6.646e-05,12.54787638
2025-04-12 00:00:00,7.215e-05,12.63777143
2025-04-12 08:00:00,0.0001,12.765
2025-04-12 16:00:00,1.684e-05,13.10827714
2025-04-13 00:00:00,5.184e-05,13.14387819
2025-04-13 08:00:00,0.0001,12.92077362
2025-04-13 16:00:00,3.677e-05,12.67311952
2025-04-14 00:00:00,6.486e-05,12.616
2025-04-14 08:00:00,3.184e-05,12.72687333
2025-04-14 16:00:00,-4.455e-05,12.708
2025-04-15 00:00:00,-9.98e-06,12.632
2025-04-15 08:00:00,-7.591e-05,12.722
2025-04-15 16:00:00,-7.35e-05,12.365
2025-04-16 00:00:00,3.91e-05,12.23524079
2025-04-16 08:00:00,0.0001,12.15875783
2025-04-16 16:00:00,3.867e-05,12.313
2025-04-17 00:00:00,0.0001,12.349
2025-04-17 08:00:00,0.0001,12.60065019
2025-04-17 16:00:00,2.78e-06,12.435
2025-04-18 00:00:00,6.556e-05,12.53
2025-04-18 08:00:00,0.0001,12.63776167
2025-04-18 16:00:00,-8.75e-06,12.505
2025-04-19 00:00:00,9.595e-05,12.56021448
2025-04-19 08:00:00,0.0001,12.8611601
2025-04-19 16:00:00,0.0001,12.74838095
2025-04-20 00:00:00,7.769e-05,12.931
2025-04-20 08:00:00,0.0001,12.9680479
2025-04-20 16:00:00,0.0001,13.10239143
2025-04-21 00:00:00,0.0001,13.27651143
2025-04-21 08:00:00,6.683e-05,13.63724067
2025-04-21 16:00:00,2.191e-05,13.355
2025-04-22 00:00:00,0.0001,13.09861457
2025-04-22 08:00:00,6.845e-05,13.28179762
2025-04-22 16:00:00,6.149e-05,13.84162857
2025-04-23 00:00:00,0.0001,14.129
2025-04-23 08:00:00,5.366e-05,14.73545695
2025-04-23 16:00:00,0.0001,14.843
2025-04-24 00:00:00,0.0001,15.01
2025-04-24 08:00:00,0.0001,14.313
2025-04-24 16:00:00,0.0001,14.86686874
2025-04-25 00:00:00,0.0001,15.04471379
2025-04-25 08:00:00,0.0001,15.104
2025-04-25 16:00:00,0.0001,15.18425862
2025-04-26 00:00:00,0.0001,14.91721724
2025-04-26 08:00:00,0.0001,15.081
2025-04-26 16:00:00,0.0001,14.90977839
2025-04-27 00:00:00,0.0001,14.85605862
2025-04-27 08:00:00,0.0001,14.5461254
2025-04-27 16:00:00,9.74e-05,14.466
2025-04-28 00:00:00,0.0001,14.55412438
2025-04-28 08:00:00,8.63e-05,15.00434138
2025-04-28 16:00:00,-1.627e-05,14.539
2025-04-29 00:00:00,0.0001,15.02627219
2025-04-29 08:00:00,0.0001,15.16345067
2025-04-29 16:00:00,-3.1e-05,14.89969829
2025-04-30 00:00:00,-8.126e-05,14.58927286
2025-04-30 08:00:00,-7.234e-05,14.52413086
2025-04-30 16:00:00,-0.00012949,14.11904829
2025-05-01 00:00:00,-2.267e-05,14.28751371
2025-05-01 08:00:00,0.0001,14.71864638
2025-05-01 16:00:00,0.0001,14.858
2025-05-02 00:00:00,0.0001,14.7483479
2025-05-02 08:00:00,0.0001,14.55566286
2025-05-02 16:00:00,0.0001,14.77575943
2025-05-03 00:00:00,0.0001,14.65406857
2025-05-03 08:00:00,6.502e-05,14.385
2025-05-03 16:00:00,-8.776e-05,14.412
2025-05-04 00:00:00,8.22e-06,14.24352476
2025-05-04 08:00:00,-4.96e-06,14.118
2025-05-04 16:00:00,-4.877e-05,14.095
2025-05-05 00:00:00,6.009e-05,13.85342581
2025-05-05 08:00:00,0.0001,14.10888657
2025-05-05 16:00:00,-7.19e-05,13.558
2025-05-06 00:00:00,-8.474e-05,13.633
2025-05-06 08:00:00,8.923e-05,13.515
2025-05-06 16:00:00,3.2e-05,13.37623767
2025-05-07 00:00:00,0.0001,13.81705195
2025-05-07 08:00:00,2.532e-05,13.92395681
2025-05-07 16:00:00,-0.00011682,13.585
2025-05-08 00:00:00,6.495e-05,13.81
2025-05-08 08:00:00,0.0001,14.677
2025-05-08 16:00:00,0.0001,15.22952424
2025-05-09 00:00:00,0.0001,15.88796857
2025-05-09 08:00:00,0.0001,16.101
2025-05-09 16:00:00,0.0001,15.95438952
2025-05-10 00:00:00,0.0001,16.00905714
2025-05-10 08:00:00,0.0001,16.34697429
2025-05-10 16:00:00,0.0001,16.41888548
2025-05-11 00:00:00,0.0001,17.33222238
2025-05-11 08:00:00,0.0001,16.446
2025-05-11 16:00:00,7.356e-05,16.608
2025-05-12 00:00:00,0.0001,17.097542
2025-05-12 08:00:00,0.0001,17.49656414
2025-05-12 16:00:00,0.0001,16.829
2025-05-13 00:00:00,0.0001,16.7315289
2025-05-13 08:00:00,0.0001,16.40914543
2025-05-13 16:00:00,3.297e-05,16.861
2025-05-14 00:00:00,0.0001,17.385
2025-05-14 08:00:00,0.0001,17.188
2025-05-14 16:00:00,0.0001,17.00046405
2025-05-15 00:00:00,0.0001,17.003
2025-05-15 08:00:00,6.273e-05,16.19
2025-05-15 16:00:00,-6.935e-05,16.439
2025-05-16 00:00:00,-1.079e-05,16.032
2025-05-16 08:00:00,6.2e-05,16.34
2025-05-16 16:00:00,6.638e-05,16.2542679
2025-05-17 00:00:00,2.221e-05,15.748
2025-05-17 08:00:00,5.895e-05,15.398
2025-05-17 16:00:00,-1.839e-05,15.3
2025-05-18 00:00:00,2.48e-06,15.31424857
2025-05-18 08:00:00,-1.093e-05,15.72496
2025-05-18 16:00:00,1.733e-05,16.34
2025-05-19 00:00:00,-2.417e-05,15.86876276
2025-05-19 08:00:00,-1.486e-05,15.176
2025-05-19 16:00:00,7.22e-06,15.46392686
2025-05-20 00:00:00,0.0001,15.78833143
2025-05-20 08:00:00,7.501e-05,15.94
2025-05-20 16:00:00,-2.466e-05,15.5295529
2025-05-21 00:00:00,4.59e-06,15.695
2025-05-21 08:00:00,4.591e-05,15.836
2025-05-21 16:00:00,5.001e-05,16.104
2025-05-22 00:00:00,7.93e-05,16.093
2025-05-22 08:00:00,0.0001,16.4120269
2025-05-22 16:00:00,0.0001,16.79688257
2025-05-23 00:00:00,0.0001,16.73972152
2025-05-23 08:00:00,0.0001,16.65786571
2025-05-23 16:00:00,0.0001,16.193
2025-05-24 00:00:00,0.0001,15.528
2025-05-24 08:00:00,-2.033e-05,15.672
2025-05-24 16:00:00,9.506e-05,15.63195895
2025-05-25 00:00:00,1.74e-05,15.329
2025-05-25 08:00:00,0.0001,15.28348571
2025-05-25 16:00:00,-0.00014648,15.02765848
2025-05-26 00:00:00,-6.319e-05,15.52269324
2025-05-26 08:00:00,6.676e-05,15.922
2025-05-26 16:00:00,5.715e-05,15.75
2025-05-27 00:00:00,4.343e-05,15.53017608
2025-05-27 08:00:00,6.219e-05,15.83
2025-05-27 16:00:00,0.0001,15.9922261
2025-05-28 00:00:00,6.415e-05,15.91254524
2025-05-28 08:00:00,4.128e-05,15.86729143
2025-05-28 16:00:00,7.801e-05,15.44055129
2025-05-29 00:00:00,5.939e-05,15.6868279
2025-05-29 08:00:00,0.0001,15.782
2025-05-29 16:00:00,-3.93e-05,15.342
2025-05-30 00:00:00,-0.0001422,15.04291995
2025-05-30 08:00:00,-4.588e-05,14.487
2025-05-30 16:00:00,5.225e-05,14.235
2025-05-31 00:00:00,-0.00017475,13.87859981
2025-05-31 08:00:00,-0.00011851,13.69740819
2025-05-31 16:00:00,-2.966e-05,13.869
2025-06-01 00:00:00,-7.833e-05,13.96739067
2025-06-01 08:00:00,-4.452e-05,13.86070952
2025-06-01 16:00:00,0.0001,13.9346501
2025-06-02 00:00:00,6.172e-05,14.054
2025-06-02 08:00:00,7.747e-05,13.878
2025-06-02 16:00:00,2.518e-05,13.701
2025-06-03 00:00:00,0.0001,14.06770286
2025-06-03 08:00:00,0.0001,14.121
2025-06-03 16:00:00,6.056e-05,14.321
2025-06-04 00:00:00,8.996e-05,14.103
2025-06-04 08:00:00,9.229e-05,14.281
2025-06-04 16:00:00,-3.17e-05,14.17807214
2025-06-05 00:00:00,-2.455e-05,13.826
2025-06-05 08:00:00,2.085e-05,13.742
2025-06-05 16:00:00,-1.324e-05,13.7087999
2025-06-06 00:00:00,-0.00017716,12.87988905
2025-06-06 08:00:00,-0.00010808,13.17042452
2025-06-06 16:00:00,1.94e-06,13.54032914
2025-06-07 00:00:00,1.989e-05,13.55737714
2025-06-07 08:00:00,0.0001,14.02
2025-06-07 16:00:00,9.52e-06,13.93
2025-06-08 00:00:00,-0.00013338,13.82182505
2025-06-08 08:00:00,5.083e-05,13.73469714
2025-06-08 16:00:00,3.436e-05,13.745
2025-06-09 00:00:00,3.021e-05,13.71873376
2025-06-09 08:00:00,-6.314e-05,13.655
2025-06-09 16:00:00,7.941e-05,13.925
2025-06-10 00:00:00,0.0001,14.346
2025-06-10 08:00:00,3.223e-05,14.473
2025-06-10 16:00:00,0.0001,15.08776286
2025-06-11 00:00:00,0.0001,15.445
2025-06-11 08:00:00,0.0001,15.39919648
2025-06-11 16:00:00,0.0001,15.611
2025-06-12 00:00:00,8.548e-05,14.8876907
2025-06-12 08:00:00,2.43e-06,14.42
2025-06-12 16:00:00,-2.943e-05,14.24919757
2025-06-13 00:00:00,2.21e-05,13.96655267
2025-06-13 08:00:00,-0.00017111,13.227
2025-06-13 16:00:00,-5.406e-05,13.40756314
2025-06-14 00:00:00,6.09e-06,13.432
2025-06-14 08:00:00,-4.161e-05,13.20220014
2025-06-14 16:00:00,-0.00011261,12.99615819
2025-06-15 00:00:00,-7.485e-05,13.141
2025-06-15 08:00:00,-0.00011512,13.14563176
2025-06-15 16:00:00,1.176e-05,13.168
2025-06-16 00:00:00,-2.578e-05,13.29315014
2025-06-16 08:00:00,2.516e-05,13.67620286
2025-06-16 16:00:00,9.935e-05,13.79078
2025-06-17 00:00:00,8.883e-05,13.55732571
2025-06-17 08:00:00,9.19e-06,13.48976976
2025-06-17 16:00:00,7.019e-05,13.04589562
2025-06-18 00:00:00,6e-08,12.9836721
2025-06-18 08:00:00,-6.61e-05,13.08750571
2025-06-18 16:00:00,-0.00012747,12.887
2025-06-19 00:00:00,6.836e-05,13.10587714
2025-06-19 08:00:00,2.745e-05,13.12048633
2025-06-19 16:00:00,1.082e-05,12.948
2025-06-20 00:00:00,7.042e-05,13.06774214
2025-06-20 08:00:00,8.285e-05,13.17333586
2025-06-20 16:00:00,-7.504e-05,12.895
2025-06-21 00:00:00,-9.279e-05,12.5
2025-06-21 08:00:00,4.13e-05,12.63244286
2025-06-21 16:00:00,-2.087e-05,12.49031762
2025-06-22 00:00:00,9.349e-05,12.01984969
2025-06-22 08:00:00,2.955e-05,11.961
2025-06-22 16:00:00,-1.753e-05,11.433
2025-06-23 00:00:00,-9.83e-06,11.648
2025-06-23 08:00:00,1.832e-05,11.849
2025-06-23 16:00:00,8.23e-06,11.749
2025-06-24 00:00:00,5.242e-05,12.81764286
2025-06-24 08:00:00,7.989e-05,13.03309429
2025-06-24 16:00:00,0.0001,13.345
2025-06-25 00:00:00,3.606e-05,13.41290838
2025-06-25 08:00:00,0.0001,13.45123686
2025-06-25 16:00:00,9.061e-05,13.051
2025-06-26 00:00:00,2.686e-05,13.12860286
2025-06-26 08:00:00,-3.615e-05,13.378774
2025-06-26 16:00:00,-1.057e-05,13.108
2025-06-27 00:00:00,5.057e-05,12.93
2025-06-27 08:00:00,4.917e-05,13.01771569
2025-06-27 16:00:00,4.682e-05,13.035
2025-06-28 00:00:00,6.689e-05,13.044
2025-06-28 08:00:00,9.57e-06,13.157
2025-06-28 16:00:00,7.499e-05,13.27
2025-06-29 00:00:00,0.0001,13.39
2025-06-29 08:00:00,7.334e-05,13.436
2025-06-29 16:00:00,-1.412e-05,13.275
2025-06-30 00:00:00,0.0001,13.70346119
2025-06-30 08:00:00,-9.367e-05,13.33681329
2025-06-30 16:00:00,3.543e-05,13.36786414
2025-07-01 00:00:00,0.0001,13.37649914
2025-07-01 08:00:00,5.91e-06,13.217
2025-07-01 16:00:00,-3.789e-05,13.00661071
2025-07-02 00:00:00,-5.407e-05,12.88766067
2025-07-02 08:00:00,3.044e-05,13.0327101
2025-07-02 16:00:00,0.0001,13.3666539
2025-07-03 00:00:00,0.0001,13.55253205
2025-07-03 08:00:00,0.0001,13.877
2025-07-03 16:00:00,0.0001,13.61569543
2025-07-04 00:00:00,0.0001,13.66233252
2025-07-04 08:00:00,0.0001,13.36687124
2025-07-04 16:00:00,-4.35e-06,13.066
2025-07-05 00:00:00,-2.035e-05,13.16
2025-07-05 08:00:00,8.75e-05,13.182
2025-07-05 16:00:00,2.575e-05,13.118
2025-07-06 00:00:00,2.94e-06,13.222
2025-07-06 08:00:00,4.71e-05,13.14904
2025-07-06 16:00:00,9.077e-05,13.42316857
2025-07-07 00:00:00,0.0001,13.48029329
2025-07-07 08:00:00,0.0001,13.62107295
2025-07-07 16:00:00,9.844e-05,13.52523429
2025-07-08 00:00:00,5.456e-05,13.42969
2025-07-08 08:00:00,5.16e-06,13.35009205
2025-07-08 16:00:00,3.391e-05,13.49098795
2025-07-09 00:00:00,0.0001,13.964
2025-07-09 08:00:00,0.0001,14.1452401
2025-07-09 16:00:00,0.0001,14.009
2025-07-10 00:00:00,0.0001,14.24495238
2025-07-10 08:00:00,0.0001,14.391
2025-07-10 16:00:00,8.418e-05,14.33666952
2025-07-11 00:00:00,0.0001,15.23301492
2025-07-11 08:00:00,0.0001,15.26401995
2025-07-11 16:00:00,0.0001,15.482
2025-07-12 00:00:00,0.0001,15.28849429
2025-07-12 08:00:00,0.0001,15.24499252
2025-07-12 16:00:00,0.0001,14.82127429
2025-07-13 00:00:00,0.0001,15.11064286
2025-07-13 08:00:00,0.0001,15.35655181
2025-07-13 16:00:00,0.0001,15.69462
2025-07-14 00:00:00,0.0001,15.65042733
2025-07-14 08:00:00,0.0001,16.15612214
2025-07-14 16:00:00,0.0001,15.97133429
2025-07-15 00:00:00,0.0001,15.754
2025-07-15 08:00:00,0.0001,15.405
2025-07-15 16:00:00,0.0001,15.57
2025-07-16 00:00:00,0.0001,16.10640048
2025-07-16 08:00:00,0.0001,16.31838676
2025-07-16 16:00:00,0.0001,16.605
2025-07-17 00:00:00,0.0001,16.671
2025-07-17 08:00:00,0.0001,16.985
2025-07-17 16:00:00,0.0001,17.13459252
2025-07-18 00:00:00,0.0001,17.997
2025-07-18 08:00:00,0.0001,18.52295205
2025-07-18 16:00:00,0.0001,17.926
2025-07-19 00:00:00,0.0001,17.83587276
2025-07-19 08:00:00,0.0001,17.95744814
2025-07-19 16:00:00,0.0001,17.92588024
2025-07-20 00:00:00,0.0001,18.392
2025-07-20 08:00:00,0.0001,18.80752286
2025-07-20 16:00:00,0.0001,19.70679157
2025-07-21 00:00:00,0.0001,19.27852267
2025-07-21 08:00:00,0.0001,19.74811562
2025-07-21 16:00:00,0.0001,19.798
2025-07-22 00:00:00,0.0001,19.49930481
2025-07-22 08:00:00,0.0001,19.05535805
2025-07-22 16:00:00,0.0001,19.348
2025-07-23 00:00:00,0.0001,19.669
2025-07-23 08:00:00,0.0001,19.14943714
2025-07-23 16:00:00,0.0001,18.48794676
2025-07-24 00:00:00,0.0001,18.16755714
2025-07-24 08:00:00,0.0001,17.73487729
2025-07-24 16:00:00,0.0001,18.464
2025-07-25 00:00:00,0.0001,17.901
2025-07-25 08:00:00,0.0001,17.49990571
2025-07-25 16:00:00,0.0001,17.60610371
2025-07-26 00:00:00,0.0001,18.29195133
2025-07-26 08:00:00,0.0001,18.22276762
2025-07-26 16:00:00,0.0001,18.39683714
2025-07-27 00:00:00,0.0001,18.40322752
2025-07-27 08:00:00,0.0001,18.77300219
2025-07-27 16:00:00,0.0001,18.84072571
2025-07-28 00:00:00,0.0001,19.228
2025-07-28 08:00:00,0.0001,19.293
2025-07-28 16:00:00,0.0001,18.38719481
2025-07-29 00:00:00,-0.00016131,18.112
2025-07-29 08:00:00,0.0001,18.58510477
2025-07-29 16:00:00,0.0001,17.69070071
2025-07-30 00:00:00,0.0001,17.823
2025-07-30 08:00:00,0.0001,17.697
2025-07-30 16:00:00,2.79e-06,17.586
2025-07-31 00:00:00,-9.12e-06,17.697
2025-07-31 08:00:00,8.963e-05,18.02005432
2025-07-31 16:00:00,-1.879e-05,17.5179908
2025-08-01 00:00:00,4.219e-05,16.921
2025-08-01 08:00:00,5.136e-05,16.62738195
2025-08-01 16:00:00,9.399e-05,16.63073095
2025-08-02 00:00:00,0.0001,16.062
2025-08-02 08:00:00,5.192e-05,16.13
2025-08-02 16:00:00,8.882e-05,15.78040752
2025-08-03 00:00:00,3.288e-05,15.63614876
2025-08-03 08:00:00,1.864e-05,16.00416781
2025-08-03 16:00:00,1.271e-05,16.23
2025-08-04 00:00:00,-1.15e-06,16.288
2025-08-04 08:00:00,9.158e-05,16.62074843
2025-08-04 16:00:00,2.772e-05,16.91325381
2025-08-05 00:00:00,0.0001,17.107
2025-08-05 08:00:00,0.0001,16.4961691
2025-08-05 16:00:00,0.0001,16.25849922
2025-08-06 00:00:00,5.777e-05,16.3746111
2025-08-06 08:00:00,5.02e-05,16.507
2025-08-06 16:00:00,-8.7e-07,16.77722255
2025-08-07 00:00:00,0.0001,16.666
2025-08-07 08:00:00,0.0001,16.823
2025-08-07 16:00:00,9.466e-05,17.829
2025-08-08 00:00:00,0.0001,18.47022969
2025-08-08 08:00:00,0.0001,19.324
2025-08-08 16:00:00,0.0001,19.20301603
2025-08-09 00:00:00,0.0001,19.8979
2025-08-09 08:00:00,0.0001,20.7961931
2025-08-09 16:00:00,0.0001,21.06423793
2025-08-10 00:00:00,0.0001,21.93525172
2025-08-10 08:00:00,0.0001,21.888
2025-08-10 16:00:00,0.0001,22.485
2025-08-11 00:00:00,0.0001,22.059
2025-08-11 08:00:00,0.0001,21.94385567
2025-08-11 16:00:00,0.0001,21.95751633
2025-08-12 00:00:00,0.0001,21.06431652
2025-08-12 08:00:00,0.0001,21.47588
2025-08-12 16:00:00,0.0001,24.01
2025-08-13 00:00:00,0.0001,23.592
2025-08-13 08:00:00,2.102e-05,23.403
2025-08-13 16:00:00,0.0001,23.60701552
2025-08-14 00:00:00,0.0001,23.967
2025-08-14 08:00:00,0.0001,23.53073714
2025-08-14 16:00:00,0.0001,22.758
2025-08-15 00:00:00,0.0001,22.45100762
2025-08-15 08:00:00,5.026e-05,22.57279181
2025-08-15 16:00:00,0.0001,21.584
2025-08-16 00:00:00,0.0001,21.74312628
2025-08-16 08:00:00,0.0001,22.04181034
2025-08-16 16:00:00,0.0001,21.99963236
2025-08-17 00:00:00,-5.426e-05,22.627
2025-08-17 08:00:00,0.0001,24.28692759
2025-08-17 16:00:00,0.0001,26.29865517
2025-08-18 00:00:00,0.0001,25.639
2025-08-18 08:00:00,0.0001,24.69587994
2025-08-18 16:00:00,1.035e-05,25.36827562
2025-08-19 00:00:00,7.148e-05,25.77236895
2025-08-19 08:00:00,-6.356e-05,24.284
2025-08-19 16:00:00,0.0001,24.274
2025-08-20 00:00:00,0.0001,23.55675905
2025-08-20 08:00:00,0.0001,24.41763366
2025-08-20 16:00:00,0.0001,25.94161529
2025-08-21 00:00:00,0.0001,26.44189338
2025-08-21 08:00:00,5.074e-05,25.697
2025-08-21 16:00:00,-4.682e-05,25.069
2025-08-22 00:00:00,4.051e-05,24.81028276
2025-08-22 08:00:00,-1.117e-05,25.02812481
2025-08-22 16:00:00,0.0001,26.45923071
2025-08-23 00:00:00,0.0001,26.79044643
2025-08-23 08:00:00,0.0001,25.87
2025-08-23 16:00:00,-9.72e-06,25.989
2025-08-24 00:00:00,0.0001,26.276
2025-08-24 08:00:00,0.0001,25.599
2025-08-24 16:00:00,0.0001,25.555
2025-08-25 00:00:00,0.0001,25.81833114
2025-08-25 08:00:00,0.0001,24.96639143
2025-08-25 16:00:00,3.819e-05,24.40581552
2025-08-26 00:00:00,1.733e-05,23.374
2025-08-26 08:00:00,-5.39e-06,23.13899581
2025-08-26 16:00:00,-4.838e-05,24.16370643
2025-08-27 00:00:00,8.165e-05,24.37195924
2025-08-27 08:00:00,0.0001,24.14993024
2025-08-27 16:00:00,2.885e-05,24.284
2025-08-28 00:00:00,0.0001,23.77114
2025-08-28 08:00:00,0.0001,24.21268286
2025-08-28 16:00:00,0.0001,24.778831
2025-08-29 00:00:00,3.302e-05,25.167
2025-08-29 08:00:00,-0.00013615,23.53520057
2025-08-29 16:00:00,-4.944e-05,23.437
2025-08-30 00:00:00,5.43e-06,23.413
2025-08-30 08:00:00,8.254e-05,23.357
2025-08-30 16:00:00,4.252e-05,23.4
2025-08-31 00:00:00,7.1e-05,23.493
2025-08-31 08:00:00,6.412e-05,23.71641952
2025-08-31 16:00:00,0.0001,23.769
2025-09-01 00:00:00,8.258e-05,23.194
2025-09-01 08:00:00,0.0001,23.58279429
2025-09-01 16:00:00,0.0001,22.7875819
2025-09-02 00:00:00,6.534e-05,22.505
2025-09-02 08:00:00,0.0001,23.22955429
2025-09-02 16:00:00,0.0001,22.84562
2025-09-03 00:00:00,0.0001,23.48192
2025-09-03 08:00:00,0.0001,23.279
2025-09-03 16:00:00,0.0001,23.798
2025-09-04 00:00:00,0.0001,23.686
2025-09-04 08:00:00,7.904e-05,23.262
2025-09-04 16:00:00,-4.095e-05,22.466
2025-09-05 00:00:00,-8.35e-05,22.301
2025-09-05 08:00:00,7.72e-05,23.06394819
2025-09-05 16:00:00,0.0001,22.222
2025-09-06 00:00:00,0.0001,22.285
2025-09-06 08:00:00,0.0001,22.209
2025-09-06 16:00:00,0.0001,22.05800357
2025-09-07 00:00:00,0.0001,22.18902876
2025-09-07 08:00:00,0.0001,22.29637719
2025-09-07 16:00:00,0.0001,22.398
2025-09-08 00:00:00,0.0001,22.45767205
2025-09-08 08:00:00,0.0001,22.394
2025-09-08 16:00:00,0.0001,23.21067229
2025-09-09 00:00:00,0.0001,23.035
2025-09-09 08:00:00,0.0001,23.66772857
2025-09-09 16:00:00,0.0001,22.92388038
2025-09-10 00:00:00,-1.27e-06,23.041
2025-09-10 08:00:00,0.0001,23.439
2025-09-10 16:00:00,0.0001,23.66486486
2025-09-11 00:00:00,7.537e-05,23.565
2025-09-11 08:00:00,0.0001,23.817
2025-09-11 16:00:00,-9.81e-06,23.508
2025-09-12 00:00:00,0.0001,24.45534338
2025-09-12 08:00:00,0.0001,24.52667619
2025-09-12 16:00:00,6.451e-05,24.476
2025-09-13 00:00:00,0.0001,25.12397424
2025-09-13 08:00:00,0.0001,25.16347143
2025-09-13 16:00:00,0.0001,24.82774176
2025-09-14 00:00:00,0.0001,24.874
2025-09-14 08:00:00,0.0001,24.60438857
2025-09-14 16:00:00,2.996e-05,24.03272344
2025-09-15 00:00:00,2.55e-05,24.08693752
2025-09-15 08:00:00,-1.011e-05,23.837
2025-09-15 16:00:00,-3.566e-05,23.15617181
2025-09-16 00:00:00,-5.941e-05,23.549
2025-09-16 08:00:00,5.437e-05,23.477
2025-09-16 16:00:00,3.106e-05,23.451
2025-09-17 00:00:00,7.74e-05,23.4723101
2025-09-17 08:00:00,1.845e-05,23.544
2025-09-17 16:00:00,0.0001,22.95581219
2025-09-18 00:00:00,0.0001,23.988
2025-09-18 08:00:00,0.0001,23.959
2025-09-18 16:00:00,0.0001,24.459
2025-09-19 00:00:00,0.0001,24.62800638
2025-09-19 08:00:00,0.0001,24.73
2025-09-19 16:00:00,1.607e-05,23.592504
2025-09-20 00:00:00,-3.684e-05,23.462
2025-09-20 08:00:00,-4.753e-05,23.4968979
2025-09-20 16:00:00,-6.04e-05,23.41174876
2025-09-21 00:00:00,-7.8e-06,23.32020533
2025-09-21 08:00:00,7.195e-05,23.34742933
2025-09-21 16:00:00,-1.963e-05,23.07465419
2025-09-22 00:00:00,-2.611e-05,22.94415619
2025-09-22 08:00:00,-0.00015206,21.26652724
2025-09-22 16:00:00,-5.322e-05,21.19
2025-09-23 00:00:00,1.649e-05,21.64615086
2025-09-23 08:00:00,3.745e-05,21.781
2025-09-23 16:00:00,3.28e-06,21.848
2025-09-24 00:00:00,0.0001,21.51093943
2025-09-24 08:00:00,0.0001,21.71186857
2025-09-24 16:00:00,0.0001,21.754
2025-09-25 00:00:00,7.296e-05,21.59400857
2025-09-25 08:00:00,9.239e-05,20.956
2025-09-25 16:00:00,0.0001,20.87712
2025-09-26 00:00:00,0.0001,20.139
2025-09-26 08:00:00,0.0001,20.354
2025-09-26 16:00:00,0.0001,20.58993457
2025-09-27 00:00:00,5.057e-05,21.06
2025-09-27 08:00:00,0.0001,20.946
2025-09-27 16:00:00,0.0001,20.9482381
2025-09-28 00:00:00,0.0001,20.906
2025-09-28 08:00:00,5.004e-05,20.722
2025-09-28 16:00:00,0.0001,20.97373333
2025-09-29 00:00:00,0.0001,21.669
2025-09-29 08:00:00,-5.983e-05,21.245
2025-09-29 16:00:00,-4.871e-05,21.38013495
2025-09-30 00:00:00,0.0001,21.72707238
2025-09-30 08:00:00,0.0001,21.409
2025-09-30 16:00:00,-2.939e-05,21.091
2025-10-01 00:00:00,0.0001,21.30280286
2025-10-01 08:00:00,0.0001,21.32934315
2025-10-01 16:00:00,0.0001,22.391
2025-10-02 00:00:00,0.0001,22.568
2025-10-02 08:00:00,0.0001,22.56274419
2025-10-02 16:00:00,-7.358e-05,22.41276571
2025-10-03 00:00:00,7.867e-05,22.764
2025-10-03 08:00:00,0.0001,22.38019467
2025-10-03 16:00:00,4.4e-06,22.7064661
2025-10-04 00:00:00,0.0001,22.499
2025-10-04 08:00:00,0.0001,22.0640601
2025-10-04 16:00:00,7.081e-05,21.825
2025-10-05 00:00:00,0.0001,22.009
2025-10-05 08:00:00,0.0001,22.812
2025-10-05 16:00:00,0.0001,22.465
2025-10-06 00:00:00,-5.209e-05,21.9904381
2025-10-06 08:00:00,3.921e-05,21.916
2025-10-06 16:00:00,0.0001,22.83004286
2025-10-07 00:00:00,0.0001,23.36729295
2025-10-07 08:00:00,0.0001,22.84968286
2025-10-07 16:00:00,-2.203e-05,21.98408352
2025-10-08 00:00:00,-0.00017606,21.79106857
2025-10-08 08:00:00,-2.05e-05,21.899
2025-10-08 16:00:00,7.797e-05,21.986
2025-10-09 00:00:00,0.0001,22.625
2025-10-09 08:00:00,0.0001,21.961
2025-10-09 16:00:00,-3.053e-05,21.484
2025-10-10 00:00:00,0.0001,21.986
2025-10-10 08:00:00,0.0001,22.29294
2025-10-10 16:00:00,0.0001,21.364
2025-10-11 00:00:00,-0.00030062,17.26974543
2025-10-11 08:00:00,-1.09e-05,17.72
2025-10-11 16:00:00,1.182e-05,17.97
2025-10-12 00:00:00,-4.877e-05,17.19056829
2025-10-12 08:00:00,-1.264e-05,17.393
2025-10-12 16:00:00,1.477e-05,18.7719841
2025-10-13 00:00:00,7.118e-05,18.983
2025-10-13 08:00:00,3.213e-05,19.52646886
2025-10-13 16:00:00,9.358e-05,19.73
2025-10-14 00:00:00,0.0001,19.838
2025-10-14 08:00:00,0.0001,18.551
2025-10-14 16:00:00,5.009e-05,19.03090876
2025-10-15 00:00:00,6.747e-05,19.094
2025-10-15 08:00:00,7.401e-05,18.85938952
2025-10-15 16:00:00,3.077e-05,18.12630971
2025-10-16 00:00:00,7.74e-05,18.044
2025-10-16 08:00:00,-3.798e-05,18.04601305
2025-10-16 16:00:00,4.244e-05,17.66263914
2025-10-17 00:00:00,9.221e-05,17.42096276
2025-10-17 08:00:00,5.003e-05,16.2019979
2025-10-17 16:00:00,0.0001,16.62025429
2025-10-18 00:00:00,5.223e-05,16.594
2025-10-18 08:00:00,5.88e-06,16.69965276
2025-10-18 16:00:00,5.481e-05,16.78405857
2025-10-19 00:00:00,7.659e-05,16.80413333
2025-10-19 08:00:00,6.133e-05,16.79555095
2025-10-19 16:00:00,2.355e-05,17.39421143
2025-10-20 00:00:00,1.261e-05,17.275606
2025-10-20 08:00:00,3.04e-05,18.61756971
2025-10-20 16:00:00,0.0001,18.76233238
2025-10-21 00:00:00,4.71e-05,18.647
2025-10-21 08:00:00,-1.311e-05,18.04509286
2025-10-21 16:00:00,-0.00011381,18.791
2025-10-22 00:00:00,2.313e-05,17.597
2025-10-22 08:00:00,-4.325e-05,17.607
2025-10-22 16:00:00,-7.3e-05,17.467
2025-10-23 00:00:00,0.0001,17.1937979
2025-10-23 08:00:00,-4.485e-05,17.568
2025-10-23 16:00:00,0.0001,17.399
2025-10-24 00:00:00,0.0001,17.42923257
2025-10-24 08:00:00,-6.84e-06,17.63717848
2025-10-24 16:00:00,2.035e-05,17.55359733
2025-10-25 00:00:00,0.0001,17.88975813
2025-10-25 08:00:00,7.485e-05,17.87500952
2025-10-25 16:00:00,6.743e-05,17.982
2025-10-26 00:00:00,6.186e-05,18.00711362
2025-10-26 08:00:00,5.252e-05,17.84891619
2025-10-26 16:00:00,6.822e-05,18.3245
2025-10-27 00:00:00,0.0001,18.53926267
2025-10-27 08:00:00,0.0001,18.826
2025-10-27 16:00:00,4.1e-05,18.399
2025-10-28 00:00:00,0.0001,18.205
2025-10-28 08:00:00,5.43e-05,18.32059286
2025-10-28 16:00:00,6.193e-05,18.37454448
2025-10-29 00:00:00,-8.606e-05,17.81607086
2025-10-29 08:00:00,-5.819e-05,17.913
2025-10-29 16:00:00,0.0001,18.01222124
2025-10-30 00:00:00,0.0001,18.125
2025-10-30 08:00:00,2.867e-05,18.355
2025-10-30 16:00:00,-0.00010997,16.8972641
2025-10-31 00:00:00,-0.00018715,16.79
2025-10-31 08:00:00,3.11e-05,17.214
2025-10-31 16:00:00,4.474e-05,17.279
2025-11-01 00:00:00,0.0001,17.23403905
2025-11-01 08:00:00,0.0001,17.319
2025-11-01 16:00:00,0.0001,17.25232207
2025-11-02 00:00:00,0.0001,17.13777048
2025-11-02 08:00:00,4.903e-05,17.52506143
2025-11-02 16:00:00,5.639e-05,17.127
2025-11-03 00:00:00,9.373e-05,17.581
2025-11-03 08:00:00,-0.00017586,16.11609733
2025-11-03 16:00:00,1.459e-05,15.29216857
2025-11-04 00:00:00,4.401e-05,15.23792095
2025-11-04 08:00:00,6.154e-05,14.626
2025-11-04 16:00:00,0.0001,15.11143115
2025-11-05 00:00:00,0.0001,14.67730424
2025-11-05 08:00:00,0.0001,14.9
2025-11-05 16:00:00,4.122e-05,15.08581124
2025-11-06 00:00:00,0.0001,15.087
2025-11-06 08:00:00,4.074e-05,14.89662686
2025-11-06 16:00:00,3.004e-05,14.461
2025-11-07 00:00:00,0.0001,14.73662524
2025-11-07 08:00:00,0.0001,15.1562959
2025-11-07 16:00:00,0.0001,15.0281959
2025-11-08 00:00:00,0.0001,15.79063429
2025-11-08 08:00:00,0.0001,15.7120141
2025-11-08 16:00:00,5.397e-05,15.20670089
2025-11-09 00:00:00,2.923e-05,15.513
2025-11-09 08:00:00,5.784e-05,15.36227438
2025-11-09 16:00:00,1.229e-05,15.8161079
2025-11-10 00:00:00,6.779e-05,15.91953619
2025-11-10 08:00:00,3.362e-05,16.35401343
2025-11-10 16:00:00,0.0001,16.08117276
2025-11-11 00:00:00,5.97e-05,16.356
2025-11-11 08:00:00,1.54e-06,15.98713867
2025-11-11 16:00:00,9.444e-05,15.791
2025-11-12 00:00:00,7.824e-05,15.27728248
2025-11-12 08:00:00,-9.319e-05,15.32487187
2025-11-12 16:00:00,0.0001,15.37308695
2025-11-13 00:00:00,-0.00018861,15.142
2025-11-13 08:00:00,0.0001,15.88112838
2025-11-13 16:00:00,9.332e-05,15.31251524
2025-11-14 00:00:00,-0.00020034,14.53970638
2025-11-14 08:00:00,5.706e-05,14.44033495
2025-11-14 16:00:00,7.405e-05,14.28487714
2025-11-15 00:00:00,4.317e-05,13.80348887
2025-11-15 08:00:00,8.787e-05,14.076
2025-11-15 16:00:00,5.782e-05,14.166
2025-11-16 00:00:00,0.0001,14.12882476
2025-11-16 08:00:00,9.59e-05,14.3291701
2025-11-16 16:00:00,-5.063e-05,13.777
2025-11-17 00:00:00,0.0001,13.729
2025-11-17 08:00:00,5.259e-05,14.114
2025-11-17 16:00:00,0.0001,13.706
2025-11-18 00:00:00,-4.119e-05,13.322
2025-11-18 08:00:00,0.0001,13.385
2025-11-18 16:00:00,0.0001,13.707
2025-11-19 00:00:00,0.0001,13.80025057
2025-11-19 08:00:00,8.447e-05,13.474
2025-11-19 16:00:00,-2.86e-05,13.014
2025-11-20 00:00:00,4.059e-05,13.52442171
2025-11-20 08:00:00,0.0001,13.94206571
2025-11-20 16:00:00,0.0001,13.417
2025-11-21 00:00:00,-2.357e-05,12.933
2025-11-21 08:00:00,0.0001,12.27381886
2025-11-21 16:00:00,-1.24e-06,11.905
2025-11-22 00:00:00,-4.71e-06,12.109
2025-11-22 08:00:00,5.348e-05,11.991
2025-11-22 16:00:00,-2.32e-06,11.915
2025-11-23 00:00:00,4.052e-05,12.166
2025-11-23 08:00:00,-1.492e-05,12.36159815
2025-11-23 16:00:00,-1.519e-05,12.67320406
2025-11-24 00:00:00,1.197e-05,12.51657727
2025-11-24 08:00:00,3.031e-05,12.57594369
2025-11-24 16:00:00,2.403e-05,12.615
2025-11-25 00:00:00,7.426e-05,12.962
2025-11-25 08:00:00,-3.293e-05,12.81
2025-11-25 16:00:00,-3.623e-05,12.72915808
2025-11-26 00:00:00,0.0001,13.077
2025-11-26 08:00:00,0.0001,13.066
2025-11-26 16:00:00,6.942e-05,12.869
2025-11-27 00:00:00,0.0001,13.449
2025-11-27 08:00:00,0.0001,13.348
2025-11-27 16:00:00,6.609e-05,13.458
2025-11-28 00:00:00,5.742e-05,13.33054664
2025-11-28 08:00:00,6.206e-05,13.21740233
2025-11-28 16:00:00,5.03e-06,13.41549192
2025-11-29 00:00:00,2.589e-05,13.11496246
2025-11-29 08:00:00,0.0001,13.09102084
2025-11-29 16:00:00,0.0001,13.166
2025-11-30 00:00:00,5.235e-05,12.978
2025-11-30 08:00:00,7.818e-05,13.046
2025-11-30 16:00:00,0.0001,13.24
2025-12-01 00:00:00,-5.43e-06,12.9461222
2025-12-01 08:00:00,-0.0001469,12.18200953
2025-12-01 16:00:00,-1.941e-05,11.99510192
2025-12-02 00:00:00,5.273e-05,12.067
2025-12-02 08:00:00,5.838e-05,12.124
2025-12-02 16:00:00,6.145e-05,13.292
2025-12-03 00:00:00,0.0001,13.462
2025-12-03 08:00:00,1.94e-06,14.378
2025-12-03 16:00:00,0.0001,14.39270341
2025-12-04 00:00:00,0.0001,14.63323982
2025-12-04 08:00:00,8.12e-06,14.535
2025-12-04 16:00:00,6.572e-05,14.47743444
2025-12-05 00:00:00,0.0001,14.248
2025-12-05 08:00:00,-4.912e-05,14.242
2025-12-05 16:00:00,2.426e-05,13.93686894
2025-12-06 00:00:00,-1.297e-05,13.581
2025-12-06 08:00:00,-0.00017941,13.593
2025-12-06 16:00:00,-2.052e-05,13.81
2025-12-07 00:00:00,4.716e-05,13.912
2025-12-07 08:00:00,7.272e-05,13.92341891
2025-12-07 16:00:00,9.43e-06,13.61203557
2025-12-08 00:00:00,-8.08e-06,13.64
2025-12-08 08:00:00,1.165e-05,14.001
2025-12-08 16:00:00,-3.25e-05,13.73109566
2025-12-09 00:00:00,5.76e-06,13.755
2025-12-09 08:00:00,-4.127e-05,13.82544249
2025-12-09 16:00:00,3.824e-05,14.401
2025-12-10 00:00:00,0.0001,14.4
2025-12-10 08:00:00,-0.00019623,14.169
2025-12-10 16:00:00,-9.596e-05,14.01619155
2025-12-11 00:00:00,0.0001,14.09623125
2025-12-11 08:00:00,4.347e-05,13.53
2025-12-11 16:00:00,2.295e-05,13.51360305
2025-12-12 00:00:00,0.0001,14.061
2025-12-12 08:00:00,6.045e-05,14.05012639
2025-12-12 16:00:00,8.67e-06,13.53214443
2025-12-13 00:00:00,-2.557e-05,13.63
2025-12-13 08:00:00,0.0001,13.78102793
2025-12-13 16:00:00,0.0001,13.813
2025-12-14 00:00:00,0.0001,13.72827795
2025-12-14 08:00:00,3.317e-05,13.71155464
2025-12-14 16:00:00,3.444e-05,13.465
2025-12-15 00:00:00,3.444e-05,13.27
2025-12-15 08:00:00,6.868e-05,13.567
2025-12-15 16:00:00,4.491e-05,12.773
2025-12-16 00:00:00,-1.71e-05,12.851
2025-12-16 08:00:00,1.232e-05,12.688
2025-12-16 16:00:00,0.0001,13.038
2025-12-17 00:00:00,9.606e-05,12.921
2025-12-17 08:00:00,5.774e-05,12.76846574
2025-12-17 16:00:00,4.241e-05,12.564
2025-12-18 00:00:00,-8.09e-06,12.26382686
2025-12-18 08:00:00,-0.00010683,12.169
2025-12-18 16:00:00,8.102e-05,12.628
2025-12-19 00:00:00,-4.16e-06,11.924
2025-12-19 08:00:00,3.57e-05,12.37
2025-12-19 16:00:00,0.0001,12.47030484
2025-12-20 00:00:00,0.0001,12.533
2025-12-20 08:00:00,5.742e-05,12.61397831
2025-12-20 16:00:00,0.0001,12.6120927
2025-12-21 00:00:00,0.0001,12.547
2025-12-21 08:00:00,4.896e-05,12.50941876
2025-12-21 16:00:00,-6.917e-05,12.3241659
2025-12-22 00:00:00,-4.219e-05,12.431
2025-12-22 08:00:00,-2.718e-05,12.57809513
2025-12-22 16:00:00,7.771e-05,12.802
2025-12-23 00:00:00,-7.18e-06,12.579
2025-12-23 08:00:00,-6.273e-05,12.3274727
2025-12-23 16:00:00,7.043e-05,12.27758225
2025-12-24 00:00:00,5.846e-05,12.389
2025-12-24 08:00:00,-3.302e-05,12.181
2025-12-24 16:00:00,4.65e-06,12.1784398
2025-12-25 00:00:00,0.0001,12.27194888
2025-12-25 08:00:00,0.0001,12.30248661
2025-12-25 16:00:00,3.265e-05,12.36503949
2025-12-26 00:00:00,1.896e-05,12.055
2025-12-26 08:00:00,0.0001,12.343
2025-12-26 16:00:00,0.0001,12.165
2025-12-27 00:00:00,4.326e-05,12.17965994
2025-12-27 08:00:00,0.0001,12.252
2025-12-27 16:00:00,0.0001,12.31630651
2025-12-28 00:00:00,0.0001,12.51325946
2025-12-28 08:00:00,0.0001,12.426
2025-12-28 16:00:00,0.0001,12.52551674
2025-12-29 00:00:00,0.0001,12.49511838
2025-12-29 08:00:00,0.0001,12.795
2025-12-29 16:00:00,-1.865e-05,12.392
2025-12-30 00:00:00,-1.135e-05,12.29859101
2025-12-30 08:00:00,6.423e-05,12.36204997
2025-12-30 16:00:00,0.0001,12.523
2025-12-31 00:00:00,4.83e-05,12.409
2025-12-31 08:00:00,-1.392e-05,12.412
2025-12-31 16:00:00,8.961e-05,12.388
2026-01-01 00:00:00,3.104e-05,12.201
2026-01-01 08:00:00,-4.15e-05,12.17431654
2026-01-01 16:00:00,-3.478e-05,12.38925608
2026-01-02 00:00:00,0.0001,12.60398731
2026-01-02 08:00:00,0.0001,12.84233387
2026-01-02 16:00:00,0.0001,13.074
2026-01-03 00:00:00,0.0001,13.27270846
2026-01-03 08:00:00,0.0001,13.012
2026-01-03 16:00:00,0.0001,13.06320991
2026-01-04 00:00:00,0.0001,13.225
2026-01-04 08:00:00,9.093e-05,13.34207873
2026-01-04 16:00:00,0.0001,13.4904646
2026-01-05 00:00:00,0.0001,13.42075926
2026-01-05 08:00:00,-7.05e-06,13.57453457
2026-01-05 16:00:00,0.0001,13.7248375
2026-01-06 00:00:00,0.0001,13.90553469
2026-01-06 08:00:00,1.247e-05,13.71546308
2026-01-06 16:00:00,6.252e-05,13.989
2026-01-07 00:00:00,0.0001,14.03
2026-01-07 08:00:00,9.052e-05,13.86926707
2026-01-07 16:00:00,-3.939e-05,13.36749144
2026-01-08 00:00:00,7.522e-05,13.438
2026-01-08 08:00:00,0.0001,13.3159629
2026-01-08 16:00:00,0.0001,13.29837508
2026-01-09 00:00:00,0.0001,13.2080998
2026-01-09 08:00:00,0.0001,13.261
2026-01-09 16:00:00,5.496e-05,13.285
2026-01-10 00:00:00,5.182e-05,13.13618446
2026-01-10 08:00:00,4.133e-05,13.16450004
2026-01-10 16:00:00,0.0001,13.16
2026-01-11 00:00:00,0.0001,13.132
2026-01-11 08:00:00,9.274e-05,13.23434462
2026-01-11 16:00:00,0.0001,13.2
2026-01-12 00:00:00,5.56e-06,13.20410959
2026-01-12 08:00:00,0.0001,13.26460664
2026-01-12 16:00:00,-4.24e-06,13.241
2026-01-13 00:00:00,-4.06e-06,13.07350312
2026-01-13 08:00:00,0.0001,13.18429795
2026-01-13 16:00:00,0.0001,13.56782343
2026-01-14 00:00:00,0.0001,14.0572657
2026-01-14 08:00:00,0.0001,14.05329263
2026-01-14 16:00:00,0.0001,14.23567372
2026-01-15 00:00:00,0.0001,14.10288723
2026-01-15 08:00:00,0.0001,13.9286371
2026-01-15 16:00:00,6.76e-05,13.95853261
2026-01-16 00:00:00,-8.334e-05,13.78854715
2026-01-16 08:00:00,2.678e-05,13.78941641
2026-01-16 16:00:00,2.659e-05,13.48
2026-01-17 00:00:00,0.0001,13.7243288
2026-01-17 08:00:00,7.41e-05,13.698
2026-01-17 16:00:00,9.06e-05,13.88102956
2026-01-18 00:00:00,9.16e-05,13.73752309
2026-01-18 08:00:00,-1.998e-05,13.73095724
2026-01-18 16:00:00,-4.631e-05,13.77
2026-01-19 00:00:00,-7.42e-06,13.3
2026-01-19 08:00:00,-3.559e-05,12.764
2026-01-19 16:00:00,-9.92e-06,12.76431332
2026-01-20 00:00:00,4.747e-05,12.87743381
2026-01-20 08:00:00,8.139e-05,12.609
2026-01-20 16:00:00,4.766e-05,12.43550051
2026-01-21 00:00:00,3.063e-05,12.12
2026-01-21 08:00:00,-0.00010599,12.311
2026-01-21 16:00:00,4e-05,12.433
2026-01-22 00:00:00,6.55e-05,12.3969837
2026-01-22 08:00:00,0.0001,12.422
2026-01-22 16:00:00,1.83e-06,12.2240385
2026-01-23 00:00:00,-1.228e-05,12.252
2026-01-23 08:00:00,4.336e-05,12.27417793
2026-01-23 16:00:00,-5.501e-05,12.247
2026-01-24 00:00:00,-3.588e-05,12.212
2026-01-24 08:00:00,-1.318e-05,12.20152728
2026-01-24 16:00:00,-4.066e-05,12.146
2026-01-25 00:00:00,8.664e-05,12.198
2026-01-25 08:00:00,6.8e-06,12.08048411
2026-01-25 16:00:00,-1.716e-05,11.96218648
2026-01-26 00:00:00,2.004e-05,11.517
2026-01-26 08:00:00,0.0001,11.857
2026-01-26 16:00:00,8.566e-05,11.914
2026-01-27 00:00:00,5.522e-05,11.94335151
2026-01-27 08:00:00,8.885e-05,11.98363697
2026-01-27 16:00:00,2.392e-05,11.989
2026-01-28 00:00:00,0.0001,12.03850461
2026-01-28 08:00:00,0.0001,11.93849333
2026-01-28 16:00:00,-7.91e-05,11.758
2026-01-29 00:00:00,5.849e-05,11.838
2026-01-29 08:00:00,-7.963e-05,11.62580414
2026-01-29 16:00:00,-9.41e-05,11.02907843
2026-01-30 00:00:00,7.601e-05,11.12232531
2026-01-30 08:00:00,0.0001,10.84068589
2026-01-30 16:00:00,5.613e-05,10.76445538
2026-01-31 00:00:00,8.62e-05,10.783
2026-01-31 08:00:00,-5.718e-05,10.61291972
2026-01-31 16:00:00,8.54e-06,10.041
2026-02-01 00:00:00,2.467e-05,9.98733877
2026-02-01 08:00:00,7.39e-05,9.93807831
2026-02-01 16:00:00,0.0001,9.52968586
2026-02-02 00:00:00,0.0001,9.40333811
2026-02-02 08:00:00,6.557e-05,9.389
2026-02-02 16:00:00,-0.00010104,9.926
2026-02-03 00:00:00,8.201e-05,9.80331583
2026-02-03 08:00:00,3.154e-05,9.732
2026-02-03 16:00:00,5.005e-05,9.744
2026-02-04 00:00:00,0.0001,9.484
2026-02-04 08:00:00,9.555e-05,9.67302686
2026-02-04 16:00:00,7.157e-05,9.2133806
2026-02-05 00:00:00,9.638e-05,9.251
2026-02-05 08:00:00,7.868e-05,9.052
2026-02-05 16:00:00,-7.6e-06,8.458
2026-02-06 00:00:00,-3.347e-05,7.91368194
2026-02-06 08:00:00,-1.097e-05,8.076
2026-02-06 16:00:00,-1.753e-05,8.577
2026-02-07 00:00:00,-2.494e-05,8.878
2026-02-07 08:00:00,5.405e-05,8.6894112
2026-02-07 16:00:00,7.691e-05,8.819
2026-02-08 00:00:00,3.001e-05,8.90393602
2026-02-08 08:00:00,-1.902e-05,8.828
2026-02-08 16:00:00,-5.034e-05,8.88340657
2026-02-09 00:00:00,7.2e-07,8.82494364
2026-02-09 08:00:00,2.431e-05,8.72835388
2026-02-09 16:00:00,7.845e-05,8.753
2026-02-10 00:00:00,2.527e-05,8.832
2026-02-10 08:00:00,1.476e-05,8.53997168
2026-02-10 16:00:00,4.894e-05,8.57
2026-02-11 00:00:00,5.965e-05,8.569
2026-02-11 08:00:00,2.307e-05,8.315
2026-02-11 16:00:00,-7.155e-05,8.236
2026-02-12 00:00:00,3.04e-05,8.32345737
2026-02-12 08:00:00,7.919e-05,8.45697869
2026-02-12 16:00:00,1.278e-05,8.35
2026-02-13 00:00:00,8.48e-05,8.41
2026-02-13 08:00:00,3.644e-05,8.37464546
2026-02-13 16:00:00,5.298e-05,8.703
2026-02-14 00:00:00,4.844e-05,8.76472658
2026-02-14 08:00:00,2.594e-05,8.882
2026-02-14 16:00:00,4.944e-05,9.033
2026-02-15 00:00:00,-2.876e-05,9.085
2026-02-15 08:00:00,-2.449e-05,9.198
2026-02-15 16:00:00,7.101e-05,8.865
2026-02-16 00:00:00,3.183e-05,8.78052608
2026-02-16 08:00:00,-1.15e-05,8.759
2026-02-16 16:00:00,2.939e-05,8.70532546
2026-02-17 00:00:00,4.3e-05,8.93366377
2026-02-17 08:00:00,0.0001,8.866
2026-02-17 16:00:00,5.641e-05,8.77306211
2026-02-18 00:00:00,4.079e-05,8.82408789
2026-02-18 08:00:00,4.03e-06,8.9136854
2026-02-18 16:00:00,-6.541e-05,8.80405468
2026-02-19 00:00:00,-9.407e-05,8.598
2026-02-19 08:00:00,-2.359e-05,8.695
2026-02-19 16:00:00,-6.934e-05,8.436
2026-02-20 00:00:00,-2.871e-05,8.572
2026-02-20 08:00:00,7.938e-05,8.65106046
2026-02-20 16:00:00,9.551e-05,8.82647802
2026-02-21 00:00:00,0.0001,8.9378677
2026-02-21 08:00:00,6.491e-05,8.861
2026-02-21 16:00:00,2.607e-05,8.932
2026-02-22 00:00:00,1.508e-05,8.86956712
2026-02-22 08:00:00,-9.951e-05,8.85
2026-02-22 16:00:00,-4.577e-05,8.70940107
2026-02-23 00:00:00,-3.489e-05,8.67737363
2026-02-23 08:00:00,-4.25e-05,8.35119689
2026-02-23 16:00:00,0.0001,8.414
2026-02-24 00:00:00,5.19e-05,8.263
2026-02-24 08:00:00,4.123e-05,8.14929156
2026-02-24 16:00:00,8.7e-07,8.21515169
2026-02-25 00:00:00,-5.234e-05,8.1912025
2026-02-25 08:00:00,0.0001,8.47355276
2026-02-25 16:00:00,0.0001,9.27809147
2026-02-26 00:00:00,0.0001,9.26856108
2026-02-26 08:00:00,7.884e-05,9.20351742
2026-02-26 16:00:00,1e-06,9.116
2026-02-27 00:00:00,3.414e-05,9.093
2026-02-27 08:00:00,8.334e-05,9.172
2026-02-27 16:00:00,-9.63e-06,8.81151988
2026-02-28 00:00:00,-1.838e-05,8.70520499
2026-02-28 08:00:00,-1.679e-05,8.34874817
2026-02-28 16:00:00,-8.139e-05,8.431
2026-03-01 00:00:00,9.49e-05,8.84045841
2026-03-01 08:00:00,0.0001,8.972
2026-03-01 16:00:00,1.18e-05,8.911
2026-03-02 00:00:00,7.303e-05,8.66889048
2026-03-02 08:00:00,6.778e-05,8.668
2026-03-02 16:00:00,3.281e-05,9.103369
2026-03-03 00:00:00,1.809e-05,8.945
2026-03-03 08:00:00,4.43e-05,8.79275208
2026-03-03 16:00:00,-5.246e-05,8.74402665
2026-03-04 00:00:00,8.91e-06,8.805
2026-03-04 08:00:00,3.808e-05,8.89876413
2026-03-04 16:00:00,4.713e-05,9.497
2026-03-05 00:00:00,0.0001,9.34833494
2026-03-05 08:00:00,1.778e-05,9.21567408
2026-03-05 16:00:00,-0.00010568,9.23146765
2026-03-06 00:00:00,6.581e-05,9.2015769
2026-03-06 08:00:00,1.09e-05,9.271
2026-03-06 16:00:00,-0.00013472,8.78775537
2026-03-07 00:00:00,-0.00010882,8.792
2026-03-07 08:00:00,1.528e-05,8.80282048
2026-03-07 16:00:00,-2.9e-05,8.75115277
2026-03-08 00:00:00,-9.369e-05,8.693
2026-03-08 08:00:00,-3.489e-05,8.63187358
2026-03-08 16:00:00,3.21e-06,8.563
2026-03-09 00:00:00,-2.838e-05,8.51334775
2026-03-09 08:00:00,3.674e-05,8.734
2026-03-09 16:00:00,8.078e-05,8.92355048
2026-03-10 00:00:00,0.0001,8.86457351
2026-03-10 08:00:00,7.243e-05,9.075
2026-03-10 16:00:00,6.181e-05,9.12923575
2026-03-11 00:00:00,-9.12e-06,8.97927488
2026-03-11 08:00:00,6.948e-05,8.884
2026-03-11 16:00:00,4.602e-05,8.992
2026-03-12 00:00:00,8.122e-05,8.993
2026-03-12 08:00:00,-8.986e-05,8.943
2026-03-12 16:00:00,2.98e-05,9.03271572
2026-03-13 00:00:00,0.0001,9.05276107
2026-03-13 08:00:00,0.0001,9.192
2026-03-13 16:00:00,0.0001,9.2640323
2026-03-14 00:00:00,6.263e-05,9.08
2026-03-14 08:00:00,0.0001,8.97622454
2026-03-14 16:00:00,-0.00013564,8.998
2026-03-15 00:00:00,4.363e-05,9.163
2026-03-15 08:00:00,0.0001,9.213
2026-03-15 16:00:00,0.0001,9.15156787
2026-03-16 00:00:00,7.534e-05,9.49219886
2026-03-16 08:00:00,0.0001,9.682
2026-03-16 16:00:00,-6.66e-06,9.71457702
2026-03-17 00:00:00,-4.602e-05,9.917
2026-03-17 08:00:00,7.088e-05,9.793
2026-03-17 16:00:00,1.092e-05,9.79883938
2026-03-18 00:00:00,0.0001,9.786
2026-03-18 08:00:00,-2.468e-05,9.808
2026-03-18 16:00:00,-0.00014149,9.201
2026-03-19 00:00:00,-0.00014346,9.222
2026-03-19 08:00:00,2.792e-05,9.09305075
2026-03-19 16:00:00,4.87e-06,8.958
2026-03-20 00:00:00,-5.076e-05,9.041
2026-03-20 08:00:00,-6.39e-06,9.11075354
2026-03-20 16:00:00,2.986e-05,9.0238604
2026-03-21 00:00:00,-9.382e-05,9.11159159
2026-03-21 08:00:00,8.882e-05,9.123
2026-03-21 16:00:00,7.019e-05,9.10373809
2026-03-22 00:00:00,-4.838e-05,8.82147914
2026-03-22 08:00:00,-9.21e-06,8.837
2026-03-22 16:00:00,5.911e-05,8.79598163
2026-03-23 00:00:00,0.0001,8.68436258
2026-03-23 08:00:00,9.535e-05,8.642
2026-03-23 16:00:00,4.966e-05,9.04607924
2026-03-24 00:00:00,9.937e-05,9.10354315
2026-03-24 08:00:00,3.613e-05,9.24262092
2026-03-24 16:00:00,-8.584e-05,9.113
2026-03-25 00:00:00,0.0001,9.246
2026-03-25 08:00:00,0.0001,9.284
2026-03-25 16:00:00,2.234e-05,9.363
2026-03-26 00:00:00,0.0001,9.3720421
2026-03-26 08:00:00,3.64e-05,9.09938995
2026-03-26 16:00:00,-5.766e-05,8.93331198
2026-03-27 00:00:00,-1.57e-05,8.912286
2026-03-27 08:00:00,5.304e-05,8.903
2026-03-27 16:00:00,-0.00014801,8.60658971
2026-03-28 00:00:00,3.029e-05,8.5646499
2026-03-28 08:00:00,-3.861e-05,8.59861672
2026-03-28 16:00:00,1.966e-05,8.636
2026-03-29 00:00:00,-3.746e-05,8.43413766
2026-03-29 08:00:00,4.51e-05,8.51151211
2026-03-29 16:00:00,-4.709e-05,8.422
2026-03-30 00:00:00,3.047e-05,8.40988243
2026-03-30 08:00:00,0.0001,8.7406048
2026-03-30 16:00:00,0.0001,8.82791205
2026-03-31 00:00:00,0.0001,8.62141538
2026-03-31 08:00:00,6.879e-05,8.706
2026-03-31 16:00:00,2.116e-05,8.62395656
2026-04-01 00:00:00,0.0001,8.777
2026-04-01 08:00:00,0.0001,9.0565181
2026-04-01 16:00:00,0.0001,9.00514833
2026-04-02 00:00:00,0.0001,8.94065964
2026-04-02 08:00:00,-0.00011712,8.56
2026-04-02 16:00:00,-7.324e-05,8.561
2026-04-03 00:00:00,-2.889e-05,8.627
2026-04-03 08:00:00,9.33e-05,8.71253503
2026-04-03 16:00:00,0.0001,8.6938318
2026-04-04 00:00:00,8.233e-05,8.65448543
2026-04-04 08:00:00,-2.821e-05,8.654
2026-04-04 16:00:00,4.905e-05,8.68394786
2026-04-05 00:00:00,0.0001,8.689
2026-04-05 08:00:00,-3.154e-05,8.52918981
2026-04-05 16:00:00,-8.873e-05,8.596
2026-04-06 00:00:00,7.633e-05,8.82
2026-04-06 08:00:00,0.0001,8.96041631
2026-04-06 16:00:00,0.0001,9.08210401
2026-04-07 00:00:00,0.0001,8.79798195
2026-04-07 08:00:00,6.159e-05,8.76308529
2026-04-07 16:00:00,2.687e-05,8.61881894
2026-04-08 00:00:00,0.0001,9.284
2026-04-08 08:00:00,0.0001,9.25635824
2026-04-08 16:00:00,2.295e-05,9.02856094
2026-04-09 00:00:00,-5.409e-05,8.852
2026-04-09 08:00:00,-0.00014832,8.751
2026-04-09 16:00:00,-2.649e-05,8.94000929
2026-04-10 00:00:00,3.718e-05,8.94362524
2026-04-10 08:00:00,3.425e-05,8.895
2026-04-10 16:00:00,3.647e-05,9.052
2026-04-11 00:00:00,9.479e-05,9.08038373
2026-04-11 08:00:00,-5.366e-05,9.006
2026-04-11 16:00:00,-2.35e-05,9.02147669
2026-04-12 00:00:00,0.0001,9.06406183
2026-04-12 08:00:00,-0.00023185,8.791
2026-04-12 16:00:00,8.46e-06,8.71110426
2026-04-13 00:00:00,-6.33e-06,8.728
2026-04-13 08:00:00,8.293e-05,8.72419988
2026-04-13 16:00:00,-6.314e-05,8.819
2026-04-14 00:00:00,0.0001,9.35804106
2026-04-14 08:00:00,6.769e-05,9.2125628
2026-04-14 16:00:00,5.278e-05,9.126
2026-04-15 00:00:00,-6.269e-05,9.014
2026-04-15 08:00:00,5.34e-06,9.01
2026-04-15 16:00:00,4.48e-05,9.16207872
2026-04-16 00:00:00,0.0001,9.258
2026-04-16 08:00:00,0.0001,9.292
2026-04-16 16:00:00,0.0001,9.45899008
2026-04-17 00:00:00,0.0001,9.59511277
2026-04-17 08:00:00,4.848e-05,9.467
2026-04-17 16:00:00,8.976e-05,9.74954415
2026-04-18 00:00:00,0.0001,9.61410009
2026-04-18 08:00:00,2.419e-05,9.598
2026-04-18 16:00:00,-3.61e-06,9.37952957
2026-04-19 00:00:00,1.532e-05,9.276
2026-04-19 08:00:00,2.16e-06,9.17
2026-04-19 16:00:00,-9.9e-06,9.28508987
2026-04-20 00:00:00,-3.98e-06,9.05675124
2026-04-20 08:00:00,3.426e-05,9.242
2026-04-20 16:00:00,2.396e-05,9.26403066
2026-04-21 00:00:00,2.534e-05,9.282
2026-04-21 08:00:00,7.318e-05,9.36
2026-04-21 16:00:00,7.057e-05,9.413
2026-04-22 00:00:00,7.547e-05,9.392
2026-04-22 08:00:00,0.0001,9.50022318
2026-04-22 16:00:00,7.763e-05,9.48545315
2026-04-23 00:00:00,3.715e-05,9.284
2026-04-23 08:00:00,-0.00014477,9.232
2026-04-23 16:00:00,0.0001,9.345
2026-04-24 00:00:00,5.572e-05,9.344
2026-04-24 08:00:00,0.0001,9.286
2026-04-24 16:00:00,8.613e-05,9.36659466
2026-04-25 00:00:00,0.0001,9.371
2026-04-25 08:00:00,0.0001,9.398
2026-04-25 16:00:00,6.749e-05,9.34790019
2026-04-26 00:00:00,3.243e-05,9.34256444
2026-04-26 08:00:00,9.63e-06,9.418
2026-04-26 16:00:00,0.0001,9.48963968
2026-04-27 00:00:00,7.521e-05,9.481
2026-04-27 08:00:00,-3.22e-05,9.30384822
2026-04-27 16:00:00,4.137e-05,9.178
2026-04-28 00:00:00,1.161e-05,9.31688841
2026-04-28 08:00:00,0.0001,9.25374536
2026-04-28 16:00:00,7.26e-05,9.22208931
2026-04-29 00:00:00,9.219e-05,9.237
2026-04-29 08:00:00,8.179e-05,9.31791927
2026-04-29 16:00:00,-5.278e-05,9.08877398
2026-04-30 00:00:00,-3.026e-05,9.107
2026-04-30 08:00:00,-4.512e-05,9.12330577
2026-04-30 16:00:00,-6.622e-05,9.132
2026-05-01 00:00:00,6.84e-05,9.10054253
2026-05-01 08:00:00,4.773e-05,9.14869
2026-05-01 16:00:00,4.909e-05,9.223
2026-05-02 00:00:00,-5.854e-05,9.09468531
2026-05-02 08:00:00,1.345e-05,9.08
2026-05-02 16:00:00,2.084e-05,9.158
2026-05-03 00:00:00,0.0001,9.173654
2026-05-03 08:00:00,-0.00019549,9.111
2026-05-03 16:00:00,0.0001,9.15390528
2026-05-04 00:00:00,-3.485e-05,9.122
2026-05-04 08:00:00,0.0001,9.317
2026-05-04 16:00:00,7.727e-05,9.412
2026-05-05 00:00:00,8.353e-05,9.355
2026-05-05 08:00:00,3.41e-06,9.599
2026-05-05 16:00:00,0.0001,9.72
2026-05-06 00:00:00,0.0001,9.763
2026-05-06 08:00:00,0.0001,9.87204307
2026-05-06 16:00:00,0.0001,10.03303686
2026-05-07 00:00:00,0.0001,9.993
2026-05-07 08:00:00,0.0001,10.11809408
2026-05-07 16:00:00,0.0001,9.861
2026-05-08 00:00:00,0.0001,9.846
2026-05-08 08:00:00,0.0001,9.89191042
2026-05-08 16:00:00,0.0001,10.08898957
2026-05-09 00:00:00,0.0001,10.34049598
2026-05-09 08:00:00,0.0001,10.45923946
2026-05-09 16:00:00,4.412e-05,10.33271352
2026-05-10 00:00:00,3.086e-05,10.36894038
2026-05-10 08:00:00,4.317e-05,10.417
2026-05-10 16:00:00,0.0001,10.619
2026-05-11 00:00:00,0.0001,10.716
2026-05-11 08:00:00,0.0001,10.521
2026-05-11 16:00:00,0.0001,10.577
2026-05-12 00:00:00,7.72e-06,10.59111437
2026-05-12 08:00:00,7.086e-05,10.43223253
2026-05-12 16:00:00,7.053e-05,10.15448977
2026-05-13 00:00:00,0.0001,10.28337178
2026-05-13 08:00:00,0.0001,10.57479376
2026-05-13 16:00:00,-6.032e-05,10.062
2026-05-14 00:00:00,-5.196e-05,10.213
2026-05-14 08:00:00,6.874e-05,10.22164307
2026-05-14 16:00:00,0.0001,10.634
2026-05-15 00:00:00,0.0001,10.48
2026-05-15 08:00:00,-8.76e-06,10.36801445
2026-05-15 16:00:00,-7.01e-05,10.023
2026-05-16 00:00:00,-6.783e-05,10.0641791
2026-05-16 08:00:00,-1.607e-05,9.819136
2026-05-16 16:00:00,7.35e-06,9.70818661
2026-05-17 00:00:00,8.638e-05,9.71449877
2026-05-17 08:00:00,3.772e-05,9.77469663
2026-05-17 16:00:00,-2.19e-05,9.71
2026-05-18 00:00:00,-1.736e-05,9.56235049
2026-05-18 08:00:00,0.0001,9.47460668
2026-05-18 16:00:00,2.268e-05,9.41753349
2026-05-19 00:00:00,1.891e-05,9.603
2026-05-19 08:00:00,0.0001,9.79780155
2026-05-19 16:00:00,-4.284e-05,9.483
2026-05-20 00:00:00,-4.37e-06,9.44473
2026-05-20 08:00:00,1.428e-05,9.57455354
2026-05-20 16:00:00,0.0001,9.626
2026-05-21 00:00:00,4.463e-05,9.631
2026-05-21 08:00:00,8.525e-05,9.68943831
2026-05-21 16:00:00,5.67e-05,9.643
2026-05-22 00:00:00,4.826e-05,9.75037247
2026-05-22 08:00:00,5.93e-06,9.81707961
2026-05-22 16:00:00,7.734e-05,9.80531394
2026-05-23 00:00:00,3.012e-05,9.41237948
2026-05-23 08:00:00,-7.171e-05,9.12403089
2026-05-23 16:00:00,-7.73e-06,9.31456091
2026-05-24 00:00:00,6.35e-05,9.55693374
2026-05-24 08:00:00,1.082e-05,9.554
2026-05-24 16:00:00,3.992e-05,9.428
2026-05-25 00:00:00,1.477e-05,9.425
2026-05-25 08:00:00,4.557e-05,9.518
2026-05-25 16:00:00,5.471e-05,9.596
2026-05-26 00:00:00,7.466e-05,9.49959328
2026-05-26 08:00:00,4.012e-05,9.47793206
2026-05-26 16:00:00,7.186e-05,9.46998908
2026-05-27 00:00:00,3.892e-05,9.379
2026-05-27 08:00:00,-5.618e-05,9.436
2026-05-27 16:00:00,9.542e-05,9.429
2026-05-28 00:00:00,0.0001,9.13031799
2026-05-28 08:00:00,-8.043e-05,8.89839268
2026-05-28 16:00:00,1.1e-05,8.89654887
2026-05-29 00:00:00,-1.328e-05,8.99810135
2026-05-29 08:00:00,5.58e-05,8.998
2026-05-29 16:00:00,-6.4e-06,9.06592074
2026-05-30 00:00:00,6.075e-05,9.017
2026-05-30 08:00:00,2.369e-05,9.15729623
2026-05-30 16:00:00,-3.13e-05,9.197
2026-05-31 00:00:00,4.017e-05,9.187
2026-05-31 08:00:00,7.283e-05,9.19724458
2026-05-31 16:00:00,3.765e-05,9.092
2026-06-01 00:00:00,-2.602e-05,9.14513321
2026-06-01 08:00:00,9.294e-05,8.96129534
2026-06-01 16:00:00,6.991e-05,8.90890066
2026-06-02 00:00:00,4.933e-05,9.053
2026-06-02 08:00:00,8.614e-05,8.84102217
2026-06-02 16:00:00,-3.742e-05,8.56420973
2026-06-03 00:00:00,-6.963e-05,8.368
2026-06-03 08:00:00,8.193e-05,8.54251483
2026-06-03 16:00:00,5.878e-05,8.375
2026-06-04 00:00:00,-4.588e-05,8.329
2026-06-04 08:00:00,2.345e-05,8.064
2026-06-04 16:00:00,7.26e-05,8.044
2026-06-05 00:00:00,-4.77e-05,8.01228181
2026-06-05 08:00:00,1.291e-05,7.62585483
2026-06-05 16:00:00,7.351e-05,7.29268046
2026-06-06 00:00:00,9.84e-06,7.36079341
2026-06-06 08:00:00,9.41e-06,7.392
2026-06-06 16:00:00,6.15e-06,7.37641906
2026-06-07 00:00:00,1.72e-05,7.39
2026-06-07 08:00:00,4.603e-05,7.712
2026-06-07 16:00:00,8.722e-05,7.724
2026-06-08 00:00:00,7.492e-05,7.913
2026-06-08 08:00:00,2.735e-05,7.903
2026-06-08 16:00:00,6.045e-05,8.021
2026-06-09 00:00:00,6.1e-07,7.994
2026-06-09 08:00:00,4.647e-05,7.929
2026-06-09 16:00:00,-4.454e-05,7.71896889
2026-06-10 00:00:00,9.277e-05,7.835
2026-06-10 08:00:00,1.548e-05,7.776
2026-06-10 16:00:00,4.424e-05,7.80308526
2026-06-11 00:00:00,5.77e-06,7.55707896
2026-06-11 08:00:00,4.004e-05,7.768
2026-06-11 16:00:00,4.029e-05,7.754
2026-06-12 00:00:00,4.909e-05,7.882
2026-06-12 08:00:00,8.988e-05,7.808
2026-06-12 16:00:00,4.102e-05,7.81
2026-06-13 00:00:00,1.78e-06,7.863
2026-06-13 08:00:00,1.168e-05,7.9596029
2026-06-13 16:00:00,3.888e-05,8.02103388
2026-06-14 00:00:00,1.435e-05,7.981
2026-06-14 08:00:00,-2.797e-05,7.9010712
2026-06-14 16:00:00,-8.89e-06,7.836
2026-06-15 00:00:00,7.372e-05,8.177
2026-06-15 08:00:00,5.063e-05,8.178
2026-06-15 16:00:00,0.0001,8.556
2026-06-16 00:00:00,7.386e-05,8.29444194
2026-06-16 08:00:00,3.692e-05,8.281
2026-06-16 16:00:00,1.324e-05,8.19312093
2026-06-17 00:00:00,8.109e-05,8.27227774
2026-06-17 08:00:00,6.045e-05,8.28844852
2026-06-17 16:00:00,4.113e-05,8.29038476
2026-06-18 00:00:00,5.377e-05,8.087
2026-06-18 08:00:00,-5.376e-05,8.0259603
2026-06-18 16:00:00,-3.51e-05,7.78515668
2026-06-19 00:00:00,8.439e-05,8.013
2026-06-19 08:00:00,2.495e-05,7.84303838
2026-06-19 16:00:00,2.335e-05,7.902
2026-06-20 00:00:00,-3.576e-05,7.94704968
2026-06-20 08:00:00,7.229e-05,7.959
2026-06-20 16:00:00,-1.405e-05,7.96238334
2026-06-21 00:00:00,2.158e-05,7.98399621
2026-06-21 08:00:00,-1.48e-05,7.94583245
2026-06-21 16:00:00,0.0001,7.984
2026-06-22 00:00:00,6.14e-05,7.778
2026-06-22 08:00:00,4.938e-05,7.96030773
2026-06-22 16:00:00,2.557e-05,7.983
2026-06-23 00:00:00,-9.53e-06,7.86848249
2026-06-23 08:00:00,-4.412e-05,7.656
2026-06-23 16:00:00,-3.889e-05,7.6190397
2026-06-24 00:00:00,5.287e-05,7.629
2026-06-24 08:00:00,-3.21e-06,7.602
2026-06-24 16:00:00,1.041e-05,7.363
2026-06-25 00:00:00,7.737e-05,7.422
2026-06-25 08:00:00,4.787e-05,7.53302536
2026-06-25 16:00:00,-5.451e-05,7.211
2026-06-26 00:00:00,2.166e-05,7.242
2026-06-26 08:00:00,6.46e-05,7.32364317
2026-06-26 16:00:00,9.581e-05,7.334
2026-06-27 00:00:00,5.964e-05,7.349
2026-06-27 08:00:00,4.256e-05,7.38181773
2026-06-27 16:00:00,1.773e-05,7.451
2026-06-28 00:00:00,3.966e-05,7.29213638
2026-06-28 08:00:00,1.257e-05,7.30098696
2026-06-28 16:00:00,-8.12e-06,7.313
2026-06-29 00:00:00,3.671e-05,7.266
2026-06-29 08:00:00,1.82e-05,7.3181955
2026-06-29 16:00:00,7.319e-05,7.32376522
2026-06-30 00:00:00,7.297e-05,7.377
2026-06-30 08:00:00,5.974e-05,7.297
2026-06-30 16:00:00,4.327e-05,7.15366493
2026-07-01 00:00:00,6.458e-05,7.196
2026-07-01 08:00:00,2.337e-05,7.202
2026-07-01 16:00:00,8.808e-05,7.412
2026-07-02 00:00:00,3.68e-05,7.355
2026-07-02 08:00:00,1.327e-05,7.45
2026-07-02 16:00:00,0.0001,7.784
2026-07-03 00:00:00,3.732e-05,7.745
2026-07-03 08:00:00,0.0001,7.765
2026-07-03 16:00:00,0.0001,7.84333666
2026-07-04 00:00:00,0.0001,7.97237841
2026-07-04 08:00:00,7.457e-05,7.92124637
2026-07-04 16:00:00,0.0001,8.08461977
2026-07-05 00:00:00,0.0001,8.00265115
2026-07-05 08:00:00,2.249e-05,7.921
2026-07-05 16:00:00,9.991e-05,7.962
2026-07-06 00:00:00,0.0001,8.06
2026-07-06 08:00:00,5.852e-05,7.94769516
2026-07-06 16:00:00,7.817e-05,8.017
2026-07-07 00:00:00,0.0001,8.018
2026-07-07 08:00:00,4.601e-05,7.904
2026-07-07 16:00:00,0.0001,7.996
2026-07-08 00:00:00,7.484e-05,7.858
2026-07-08 08:00:00,-1.35e-05,7.698419
2026-07-08 16:00:00,-2.286e-05,7.54869811
2026-07-09 00:00:00,3.462e-05,7.638
2026-07-09 08:00:00,7.146e-05,7.72508363
2026-07-09 16:00:00,5.429e-05,7.69707619
2026-07-10 00:00:00,2.397e-05,7.730056
2026-07-10 08:00:00,0.0001,7.895
2026-07-10 16:00:00,4.839e-05,7.921
2026-07-11 00:00:00,5.528e-05,7.966
2026-07-11 08:00:00,2.826e-05,7.988
2026-07-11 16:00:00,0.0001,8.058
2026-07-12 00:00:00,3.153e-05,7.90858244
2026-07-12 08:00:00,-2.459e-05,7.97
2026-07-12 16:00:00,4.678e-05,8.06642445
2026-07-13 00:00:00,3.651e-05,7.992
2026-07-13 08:00:00,7.822e-05,7.974
2026-07-13 16:00:00,5.298e-05,7.93330585
2026-07-14 00:00:00,2.379e-05,7.8850308
2026-07-14 08:00:00,9.369e-05,7.919
2026-07-14 16:00:00,0.0001,8.295
2026-07-15 00:00:00,0.0001,8.34186841
2026-07-15 08:00:00,0.0001,8.32947137
2026-07-15 16:00:00,0.0001,8.549
2026-07-16 00:00:00,7.162e-05,8.53526842
2026-07-16 08:00:00,5.812e-05,8.51359304
2026-07-16 16:00:00,0.0001,8.44052068
2026-07-17 00:00:00,9.522e-05,8.338
2026-07-17 08:00:00,-1.496e-05,8.16540694
2026-07-17 16:00:00,6.622e-05,8.16366473
2026-07-18 00:00:00,2.636e-05,8.25
2026-07-18 08:00:00,2.586e-05,8.24700896
2026-07-18 16:00:00,1.519e-05,8.27002483
2026-07-19 00:00:00,-2.75e-06,8.34345089
2026-07-19 08:00:00,7.011e-05,8.365
2026-07-19 16:00:00,1.291e-05,8.354
2026-07-20 00:00:00,2.101e-05,8.381
2026-07-20 08:00:00,5.288e-05,8.356
2026-07-20 16:00:00,6.164e-05,8.55206066
2026-07-21 00:00:00,6.257e-05,8.58771495
2026-07-21 08:00:00,0.0001,8.73608233
2026-07-21 16:00:00,0.0001,8.68726557
2026-07-22 00:00:00,0.0001,8.655
2026-07-22 08:00:00,0.0001,8.58
2026-07-22 16:00:00,7.464e-05,8.68503476
2026-07-23 00:00:00,3.93e-06,8.628
2026-07-23 08:00:00,2.941e-05,8.53006909
2026-07-23 16:00:00,7.316e-05,8.493
2026-07-24 00:00:00,2.803e-05,8.466
2026-07-24 08:00:00,1.172e-05,8.55726469
2026-07-24 16:00:00,1.958e-05,8.36400687
2026-07-25 00:00:00,2.009e-05,8.33679133
2026-07-25 08:00:00,3.316e-05,8.29431106
2026-07-25 16:00:00,-1.914e-05,8.382
2026-07-26 00:00:00,6.004e-05,8.37983506
2026-07-26 08:00:00,-2.6e-07,8.41953868
2026-07-26 16:00:00,-1.147e-05,8.59509853
2026-07-27 00:00:00,0.0001,8.823
2026-07-27 08:00:00,0.0001,8.809
2026-07-27 16:00:00,0.0001,8.57096738
2026-07-28 00:00:00,-2.174e-05,8.37724133
2026-07-28 08:00:00,-1.3e-06,8.315
2026-07-28 16:00:00,3.834e-05,8.37950929
2026-07-29 00:00:00,0.0001,8.442
2026-07-29 08:00:00,6.199e-05,8.43535623
2026-07-29 16:00:00,5.525e-05,8.27395725
2026-07-30 00:00:00,3.891e-05,8.33
2026-07-30 08:00:00,9.82e-06,8.285
2026-07-30 16:00:00,0.0001,8.48057696
2026-07-31 00:00:00,0.0001,8.44781399
2026-07-31 08:00:00,-5.07e-06,8.29528449
2026-07-31 16:00:00,4.712e-05,8.10743245
2026-08-01 00:00:00,-1.209e-05,8.167
2026-08-01 08:00:00,0.0001,8.13457299
2026-08-01 16:00:00,-1.602e-05,8.097
2026-08-02 00:00:00,3.962e-05,8.06487035
2026-08-02 08:00:00,0.0001,8.376
2026-08-02 16:00:00,0.0001,8.273
2026-08-03 00:00:00,0.0001,8.37917633
2026-08-03 08:00:00,0.0001,8.21563518
2026-08-03 16:00:00,0.0001,8.245
2026-08-04 00:00:00,0.0001,8.18488077
2026-08-04 08:00:00,1.962e-05,8.1701935
2026-08-04 16:00:00,2.464e-05,8.191
2026-08-05 00:00:00,0.0001,8.14532357
2026-08-05 08:00:00,2.265e-05,8.183
2026-08-05 16:00:00,3.629e-05,8.10753892
2026-08-06 00:00:00,3.3e-05,8.15556087
2026-08-06 08:00:00,3.849e-05,8.185
2026-08-06 16:00:00,3.504e-05,8.222
2026-08-07 00:00:00,3.481e-05,8.192
2026-08-07 08:00:00,3.146e-05,8.184
2026-08-07 16:00:00,5.716e-05,8.276
2026-08-08 00:00:00,4.138e-05,8.18421419
2026-08-08 08:00:00,0.0001,8.259
2026-08-08 16:00:00,0.0001,8.34
2026-08-09 00:00:00,5.139e-05,8.301938
2026-08-09 08:00:00,5.65e-05,8.339
2026-08-09 16:00:00,9.927e-05,8.35
2026-08-10 00:00:00,5.496e-05,8.18190921
2026-08-10 08:00:00,5.459e-05,8.218
2026-08-10 16:00:00,0.0001,8.30057911
2026-08-11 00:00:00,0.0001,8.297
2026-08-11 08:00:00,0.0001,8.47348975
2026-08-11 16:00:00,0.0001,8.562
2026-08-12 00:00:00,0.0001,8.777
2026-08-12 08:00:00,0.0001,8.752
2026-08-12 16:00:00,0.0001,8.77910599
2026-08-13 00:00:00,6.516e-05,8.67
2026-08-13 08:00:00,0.0001,8.75119489
2026-08-13 16:00:00,9.63e-05,8.74236317
2026-08-14 00:00:00,0.0001,8.889
2026-08-14 08:00:00,0.0001,8.766
2026-08-14 16:00:00,0.0001,8.85420734
2026-08-15 00:00:00,4.369e-05,8.966
2026-08-15 08:00:00,0.0001,9.33556354
2026-08-15 16:00:00,0.0001,9.5082119
2026-08-16 00:00:00,7.228e-05,9.46599104
2026-08-16 08:00:00,5.64e-05,9.3731391
2026-08-16 16:00:00,0.0001,9.389098
2026-08-17 00:00:00,0.0001,9.385
2026-08-17 08:00:00,0.0001,9.404
2026-08-17 16:00:00,4.14e-05,9.516
2026-08-18 00:00:00,-4.68e-06,9.537
2026-08-18 08:00:00,2.366e-05,9.42813971
2026-08-18 16:00:00,4.613e-05,9.47547509
2026-08-19 00:00:00,0.0001,9.533
2026-08-19 08:00:00,6.653e-05,9.693
2026-08-19 16:00:00,2.351e-05,9.916
2026-08-20 00:00:00,0.0001,10.549
2026-08-20 08:00:00,-4.1e-06,10.541
2026-08-20 16:00:00,2.713e-05,10.70866066
2026-08-21 00:00:00,3.777e-05,10.68726104
2026-08-21 08:00:00,0.0001,11.54373098
2026-08-21 16:00:00,0.0001,11.519
2026-08-22 00:00:00,0.0001,11.99340855
2026-08-22 08:00:00,0.0001,11.74814265
2026-08-22 16:00:00,0.0001,11.61571037
2026-08-23 00:00:00,0.0001,11.649
2026-08-23 08:00:00,0.0001,11.308
2026-08-23 16:00:00,0.0001,11.4585066
2026-08-24 00:00:00,0.0001,11.542
2026-08-24 08:00:00,0.0001,11.514
2026-08-24 16:00:00,0.0001,11.569
2026-08-25 00:00:00,0.0001,11.6288884
2026-08-25 08:00:00,0.0001,11.58673098
2026-08-25 16:00:00,0.0001,11.57864961
2026-08-26 00:00:00,0.0001,11.287
2026-08-26 08:00:00,0.0001,11.32908461
2026-08-26 16:00:00,6.053e-05,11.22976885
2026-08-27 00:00:00,0.0001,11.61741569
2026-08-27 08:00:00,0.0001,11.667
2026-08-27 16:00:00,0.0001,11.9212997
2026-08-28 00:00:00,7.591e-05,11.91108792
2026-08-28 08:00:00,3.337e-05,11.693
2026-08-28 16:00:00,-4.921e-05,11.564
2026-08-29 00:00:00,1.151e-05,11.42697865
2026-08-29 08:00:00,-2.054e-05,11.31759236
2026-08-29 16:00:00,2.038e-05,11.383
2026-08-30 00:00:00,5.655e-05,11.451
2026-08-30 08:00:00,4.493e-05,11.38227713
2026-08-30 16:00:00,3.89e-06,11.557
2026-08-31 00:00:00,8.15e-06,11.137
2026-08-31 08:00:00,4.917e-05,11.264
2026-08-31 16:00:00,2.902e-05,11.38026863
2026-09-01 00:00:00,7.744e-05,11.316
2026-09-01 08:00:00,9.006e-05,11.46806348
2026-09-01 16:00:00,0.0001,11.424
2026-09-02 00:00:00,0.0001,11.22750104
2026-09-02 08:00:00,0.0001,11.20224267
2026-09-02 16:00:00,2.044e-05,11.08334133
2026-09-03 00:00:00,0.0001,11.11300395
2026-09-03 08:00:00,8.574e-05,11.17210715
2026-09-03 16:00:00,0.0001,11.779
2026-09-04 00:00:00,0.0001,11.82977093
2026-09-04 08:00:00,9.98e-05,11.922
2026-09-04 16:00:00,-9.57e-06,11.652
2026-09-05 00:00:00,9.78e-05,11.62702147
2026-09-05 08:00:00,2.842e-05,11.73634551
2026-09-05 16:00:00,0.0001,11.942
2026-09-06 00:00:00,0.0001,12.046
2026-09-06 08:00:00,0.0001,12.20767018
2026-09-06 16:00:00,0.0001,12.21435536
2026-09-07 00:00:00,0.0001,13.23312365
2026-09-07 08:00:00,7.386e-05,13.186
2026-09-07 16:00:00,7.449e-05,12.86811151
2026-09-08 00:00:00,-3.161e-05,12.744
2026-09-08 08:00:00,4.605e-05,12.674
2026-09-08 16:00:00,2.856e-05,12.684
2026-09-09 00:00:00,4.083e-05,12.50967307
2026-09-09 08:00:00,3.953e-05,12.48285494
2026-09-09 16:00:00,5.51e-06,11.9961299
2026-09-10 00:00:00,-8.71e-06,11.79681165
2026-09-10 08:00:00,3.261e-05,11.77789078
2026-09-10 16:00:00,5.15e-05,11.631
2026-09-11 00:00:00,5.65e-06,11.45
2026-09-11 08:00:00,-1.904e-05,11.46942115
2026-09-11 16:00:00,-2.698e-05,11.70315919
2026-09-12 00:00:00,2.824e-05,11.545
2026-09-12 08:00:00,4.671e-05,11.56191558
2026-09-12 16:00:00,-1.309e-05,11.583
2026-09-13 00:00:00,2.746e-05,11.504
2026-09-13 08:00:00,2.209e-05,11.426
2026-09-13 16:00:00,-3.929e-05,11.25338512
2026-09-14 00:00:00,5.495e-05,11.19814992
2026-09-14 08:00:00,2.9e-07,11.404
2026-09-14 16:00:00,5.177e-05,11.458
2026-09-15 00:00:00,2.416e-05,11.51314553
2026-09-15 08:00:00,-1.082e-05,11.33612742
2026-09-15 16:00:00,5.106e-05,11.269
2026-09-16 00:00:00,1.316e-05,10.88
2026-09-16 08:00:00,3.855e-05,10.75236471
2026-09-16 16:00:00,2.53e-05,10.67340997
2026-09-17 00:00:00,7.233e-05,11.05103309
2026-09-17 08:00:00,4.347e-05,11.1747637
2026-09-17 16:00:00,4.012e-05,11.374
2026-09-18 00:00:00,0.0001,11.382
2026-09-18 08:00:00,0.0001,11.824
2026-09-18 16:00:00,0.0001,12.148
2026-09-19 00:00:00,0.0001,12.226831
2026-09-19 08:00:00,0.0001,12.29863985
2026-09-19 16:00:00,0.0001,12.56735382
2026-09-20 00:00:00,0.0001,12.416
2026-09-20 08:00:00,0.0001,11.97236916
2026-09-20 16:00:00,0.0001,12.37123915
2026-09-21 00:00:00,0.0001,12.51617067
2026-09-21 08:00:00,0.0001,12.556
2026-09-21 16:00:00,4.335e-05,13.016
2026-09-22 00:00:00,0.0001,13.17757047
2026-09-22 08:00:00,0.0001,12.89908385
2026-09-22 16:00:00,0.0001,13.03939753
2026-09-23 00:00:00,0.0001,13.04476894
2026-09-23 08:00:00,0.0001,12.92338088
2026-09-23 16:00:00,-3.526e-05,12.181
2026-09-24 00:00:00,1.463e-05,12.34776444
2026-09-24 08:00:00,6.845e-05,12.47360778
2026-09-24 16:00:00,0.0001,12.783
2026-09-25 00:00:00,0.0001,13.215
2026-09-25 08:00:00,0.0001,13.494
2026-09-25 16:00:00,0.0001,13.8272175
2026-09-26 00:00:00,0.0001,13.92521286
2026-09-26 08:00:00,7.251e-05,14.079
2026-09-26 16:00:00,3.745e-05,14.24
2026-09-27 00:00:00,2.745e-05,14.13976407
2026-09-27 08:00:00,6.448e-05,14.43949578
2026-09-27 16:00:00,3.045e-05,14.109
2026-09-28 00:00:00,3.618e-05,14.015
2026-09-28 08:00:00,0.0001,13.66752248
2026-09-28 16:00:00,2.231e-05,14.42525591
2026-09-29 00:00:00,0.0001,15.439
2026-09-29 08:00:00,-3.161e-05,15.197
2026-09-29 16:00:00,0.0001,14.787
2026-09-30 00:00:00,2.362e-05,14.59925443
