timestamp,rate,mark_price
2020-09-17 08:00:00,0.0001,
2020-09-17 16:00:00,0.0001,
2020-09-18 00:00:00,0.0001,
2020-09-18 08:00:00,-0.0074,
2020-09-18 16:00:00,-0.0075,
2020-09-19 00:00:00,-0.00131719,
2020-09-19 08:00:00,-0.00029712,
2020-09-19 16:00:00,-0.00037158,
2020-09-20 00:00:00,0.00011944,
2020-09-20 08:00:00,0.0001,
2020-09-20 16:00:00,0.00071743,
2020-09-21 00:00:00,0.0001,
2020-09-21 08:00:00,0.0001,
2020-09-21 16:00:00,0.0001,
2020-09-22 00:00:00,0.0001,
2020-09-22 08:00:00,0.0001,
2020-09-22 16:00:00,0.0001,
2020-09-23 00:00:00,0.0001,
2020-09-23 08:00:00,-0.00041675,
2020-09-23 16:00:00,-0.00269894,
2020-09-24 00:00:00,-0.00064055,
2020-09-24 08:00:00,-0.00133393,
2020-09-24 16:00:00,-0.00257834,
2020-09-25 00:00:00,-0.00036761,
2020-09-25 08:00:00,-0.00091582,
2020-09-25 16:00:00,-0.00021653,
2020-09-26 00:00:00,0.0001,
2020-09-26 08:00:00,0.0001,
2020-09-26 16:00:00,0.0001,
2020-09-27 00:00:00,0.00015401,
2020-09-27 08:00:00,0.00016577,
2020-09-27 16:00:00,0.00023287,
2020-09-28 00:00:00,0.00067745,
2020-09-28 08:00:00,0.0001,
2020-09-28 16:00:00,0.00025121,
2020-09-29 00:00:00,0.00023149,
2020-09-29 08:00:00,0.00034554,
2020-09-29 16:00:00,0.00024027,
2020-09-30 00:00:00,0.00030164,
2020-09-30 08:00:00,0.00039594,
2020-09-30 16:00:00,0.0001,
2020-10-01 00:00:00,0.00022484,
2020-10-01 08:00:00,0.00028747,
2020-10-01 16:00:00,0.00017782,
2020-10-02 00:00:00,0.00051812,
2020-10-02 08:00:00,0.00079814,
2020-10-02 16:00:00,0.0001,
2020-10-03 00:00:00,0.0001,
2020-10-03 08:00:00,0.0001,
2020-10-03 16:00:00,0.0001,
2020-10-04 00:00:00,0.0001,
2020-10-04 08:00:00,0.0001,
2020-10-04 16:00:00,0.0001,
2020-10-05 00:00:00,0.0001,
2020-10-05 08:00:00,0.0001,
2020-10-05 16:00:00,0.00052962,
2020-10-06 00:00:00,0.0001,
2020-10-06 08:00:00,0.00025766,
2020-10-06 16:00:00,0.00060949,
2020-10-07 00:00:00,0.00058529,
2020-10-07 08:00:00,-0.00053524,
2020-10-07 16:00:00,0.0001,
2020-10-08 00:00:00,-0.00029745,
2020-10-08 08:00:00,7.316e-05,
2020-10-08 16:00:00,-0.00029459,
2020-10-09 00:00:00,0.00028063,
2020-10-09 08:00:00,0.00068859,
2020-10-09 16:00:00,0.00039026,
2020-10-10 00:00:00,0.0001,
2020-10-10 08:00:00,0.0001,
2020-10-10 16:00:00,0.0001,
2020-10-11 00:00:00,0.0001,
2020-10-11 08:00:00,0.0001,
2020-10-11 16:00:00,0.0001,
2020-10-12 00:00:00,0.0001,
2020-10-12 08:00:00,0.0001,
2020-10-12 16:00:00,0.0001,
2020-10-13 00:00:00,0.0001,
2020-10-13 08:00:00,0.0001,
2020-10-13 16:00:00,0.0001,
2020-10-14 00:00:00,0.0001,
2020-10-14 08:00:00,0.0001,
2020-10-14 16:00:00,0.0001,
2020-10-15 00:00:00,0.0001,
2020-10-15 08:00:00,0.0001,
2020-10-15 16:00:00,0.0001,
2020-10-16 00:00:00,0.0001,
2020-10-16 08:00:00,-0.0008869,
2020-10-16 16:00:00,-0.00039167,
2020-10-17 00:00:00,-0.0003742,
2020-10-17 08:00:00,-0.00033851,
2020-10-17 16:00:00,1.387e-05,
2020-10-18 00:00:00,-0.00065126,
2020-10-18 08:00:00,-0.00013459,
2020-10-18 16:00:00,0.0001,
2020-10-19 00:00:00,-0.00156203,
2020-10-19 08:00:00,0.0001,
2020-10-19 16:00:00,0.0001,
2020-10-20 00:00:00,0.0001,
2020-10-20 08:00:00,0.0001,
2020-10-20 16:00:00,0.0001,
2020-10-21 00:00:00,0.0001,
2020-10-21 08:00:00,0.0001,
2020-10-21 16:00:00,0.0001,
2020-10-22 00:00:00,0.0001,
2020-10-22 08:00:00,0.0001,
2020-10-22 16:00:00,0.00011442,
2020-10-23 00:00:00,0.0001,
2020-10-23 08:00:00,0.0001,
2020-10-23 16:00:00,0.0001,
2020-10-24 00:00:00,0.00020546,
2020-10-24 08:00:00,0.00036615,
2020-10-24 16:00:00,0.00046906,
2020-10-25 00:00:00,0.00048222,
2020-10-25 08:00:00,0.00039338,
2020-10-25 16:00:00,0.0001887,
2020-10-26 00:00:00,0.0001,
2020-10-26 08:00:00,0.0001,
2020-10-26 16:00:00,0.0001,
2020-10-27 00:00:00,0.0001,
2020-10-27 08:00:00,0.0001,
2020-10-27 16:00:00,0.0001,
2020-10-28 00:00:00,0.0001,
2020-10-28 08:00:00,0.0001,
2020-10-28 16:00:00,0.0001,
2020-10-29 00:00:00,0.0001,
2020-10-29 08:00:00,0.0001,
2020-10-29 16:00:00,0.0001,
2020-10-30 00:00:00,0.0001,
2020-10-30 08:00:00,0.0001,
2020-10-30 16:00:00,0.0001,
2020-10-31 00:00:00,0.0001,
2020-10-31 08:00:00,0.0001,
2020-10-31 16:00:00,0.0001,
2020-11-01 00:00:00,0.0001,
2020-11-01 08:00:00,0.0001,
2020-11-01 16:00:00,0.0001,
2020-11-02 00:00:00,0.0001,
2020-11-02 08:00:00,0.0001,
2020-11-02 16:00:00,0.0001,
2020-11-03 00:00:00,0.0001,
2020-11-03 08:00:00,0.0001,
2020-11-03 16:00:00,0.0001,
2020-11-04 00:00:00,0.0001,
2020-11-04 08:00:00,0.0001,
2020-11-04 16:00:00,0.0001,
2020-11-05 00:00:00,0.0001,
2020-11-05 08:00:00,0.0001,
2020-11-05 16:00:00,0.0001,
2020-11-06 00:00:00,0.0001,
2020-11-06 08:00:00,0.0001,
2020-11-06 16:00:00,0.0001,
2020-11-07 00:00:00,0.0001,
2020-11-07 08:00:00,0.0001,
2020-11-07 16:00:00,0.0001,
2020-11-08 00:00:00,0.0001,
2020-11-08 08:00:00,0.0001,
2020-11-08 16:00:00,0.0001,
2020-11-09 00:00:00,0.0001,
2020-11-09 08:00:00,0.0001,
2020-11-09 16:00:00,0.0001,
2020-11-10 00:00:00,0.0001,
2020-11-10 08:00:00,0.0001,
2020-11-10 16:00:00,0.0001,
2020-11-11 00:00:00,0.0001,
2020-11-11 08:00:00,0.0001,
2020-11-11 16:00:00,0.0001,
2020-11-12 00:00:00,0.0001,
2020-11-12 08:00:00,0.0001,
2020-11-12 16:00:00,0.0001,
2020-11-13 00:00:00,0.0001,
2020-11-13 08:00:00,0.0001,
2020-11-13 16:00:00,0.0001,
2020-11-14 00:00:00,-0.00128763,
2020-11-14 08:00:00,0.0001,
2020-11-14 16:00:00,-0.00012312,
2020-11-15 00:00:00,0.0001,
2020-11-15 08:00:00,-0.0003165,
2020-11-15 16:00:00,0.0001,
2020-11-16 00:00:00,0.0001,
2020-11-16 08:00:00,0.0001,
2020-11-16 16:00:00,0.0001,
2020-11-17 00:00:00,0.00013445,
2020-11-17 08:00:00,0.00028928,
2020-11-17 16:00:00,0.00032445,
2020-11-18 00:00:00,0.00114486,
2020-11-18 08:00:00,0.00043001,
2020-11-18 16:00:00,0.00020418,
2020-11-19 00:00:00,0.00018911,
2020-11-19 08:00:00,0.00011921,
2020-11-19 16:00:00,0.00057968,
2020-11-20 00:00:00,0.00053494,
2020-11-20 08:00:00,0.00068796,
2020-11-20 16:00:00,0.00096621,
2020-11-21 00:00:00,0.00052513,
2020-11-21 08:00:00,0.0005251,
2020-11-21 16:00:00,0.00138876,
2020-11-22 00:00:00,0.00096978,
2020-11-22 08:00:00,0.00062701,
2020-11-22 16:00:00,0.00046988,
2020-11-23 00:00:00,0.00145117,
2020-11-23 08:00:00,0.00103392,
2020-11-23 16:00:00,0.00148367,
2020-11-24 00:00:00,0.00180621,
2020-11-24 08:00:00,0.00163877,
2020-11-24 16:00:00,0.00097639,
2020-11-25 00:00:00,0.00081607,
2020-11-25 08:00:00,0.00052312,
2020-11-25 16:00:00,0.00092519,
2020-11-26 00:00:00,0.00027205,
2020-11-26 08:00:00,0.0001,
2020-11-26 16:00:00,0.0001,
2020-11-27 00:00:00,0.0001,
2020-11-27 08:00:00,0.0001,
2020-11-27 16:00:00,0.0001,
2020-11-28 00:00:00,0.0001,
2020-11-28 08:00:00,0.0001,
2020-11-28 16:00:00,0.0001,
2020-11-29 00:00:00,0.0001,
2020-11-29 08:00:00,0.0001,
2020-11-29 16:00:00,0.0001,
2020-11-30 00:00:00,0.0001,
2020-11-30 08:00:00,0.0001,
2020-11-30 16:00:00,0.0001,
2020-12-01 00:00:00,0.0001,
2020-12-01 08:00:00,0.00028281,
2020-12-01 16:00:00,0.0001,
2020-12-02 00:00:00,0.0001,
2020-12-02 08:00:00,0.0001,
2020-12-02 16:00:00,0.0001,
2020-12-03 00:00:00,0.0001,
2020-12-03 08:00:00,0.0001,
2020-12-03 16:00:00,0.00024561,
2020-12-04 00:00:00,0.00023675,
2020-12-04 08:00:00,0.0001,
2020-12-04 16:00:00,0.0001,
2020-12-05 00:00:00,0.0001,
2020-12-05 08:00:00,0.0001,
2020-12-05 16:00:00,0.0001,
2020-12-06 00:00:00,0.0001,
2020-12-06 08:00:00,0.0001,
2020-12-06 16:00:00,0.0001,
2020-12-07 00:00:00,0.0001,
2020-12-07 08:00:00,0.0001,
2020-12-07 16:00:00,0.00041336,
2020-12-08 00:00:00,0.00029904,
2020-12-08 08:00:00,0.00044432,
2020-12-08 16:00:00,0.0001,
2020-12-09 00:00:00,0.0001,
2020-12-09 08:00:00,0.0001,
2020-12-09 16:00:00,0.0001,
2020-12-10 00:00:00,0.0001,
2020-12-10 08:00:00,0.0001,
2020-12-10 16:00:00,0.0001,
2020-12-11 00:00:00,0.0001,
2020-12-11 08:00:00,0.0001,
2020-12-11 16:00:00,0.0001,
2020-12-12 00:00:00,0.0001,
2020-12-12 08:00:00,0.0001,
2020-12-12 16:00:00,0.0001,
2020-12-13 00:00:00,0.0001,
2020-12-13 08:00:00,0.0001,
2020-12-13 16:00:00,0.0001,
2020-12-14 00:00:00,0.0001,
2020-12-14 08:00:00,0.0001,
2020-12-14 16:00:00,0.0001,
2020-12-15 00:00:00,0.0001,
2020-12-15 08:00:00,0.0001,
2020-12-15 16:00:00,0.0001,
2020-12-16 00:00:00,0.00013751,
2020-12-16 08:00:00,0.0001,
2020-12-16 16:00:00,0.00038269,
2020-12-17 00:00:00,0.00041739,
2020-12-17 08:00:00,0.00039645,
2020-12-17 16:00:00,0.00101192,
2020-12-18 00:00:00,0.00052536,
2020-12-18 08:00:00,0.00062172,
2020-12-18 16:00:00,0.0006743,
2020-12-19 00:00:00,0.00081486,
2020-12-19 08:00:00,0.0009243,
2020-12-19 16:00:00,0.00082687,
2020-12-20 00:00:00,0.00050678,
2020-12-20 08:00:00,0.00033757,
2020-12-20 16:00:00,0.00034977,
2020-12-21 00:00:00,0.0002903,
2020-12-21 08:00:00,0.00032557,
2020-12-21 16:00:00,0.00037777,
2020-12-22 00:00:00,0.0001,
2020-12-22 08:00:00,0.0001,
2020-12-22 16:00:00,0.0001,
2020-12-23 00:00:00,0.00011727,
2020-12-23 08:00:00,0.0001,
2020-12-23 16:00:00,0.0001,
2020-12-24 00:00:00,0.0001,
2020-12-24 08:00:00,0.0001,
2020-12-24 16:00:00,0.0001,
2020-12-25 00:00:00,0.0001,
2020-12-25 08:00:00,0.0001,
2020-12-25 16:00:00,0.00012131,
2020-12-26 00:00:00,0.0001,
2020-12-26 08:00:00,0.0001,
2020-12-26 16:00:00,0.00023074,
2020-12-27 00:00:00,0.00026574,
2020-12-27 08:00:00,0.00035427,
2020-12-27 16:00:00,0.00046499,
2020-12-28 00:00:00,0.00044627,
2020-12-28 08:00:00,0.00047483,
2020-12-28 16:00:00,0.00045436,
2020-12-29 00:00:00,0.00029017,
2020-12-29 08:00:00,0.00026795,
2020-12-29 16:00:00,0.00013958,
2020-12-30 00:00:00,0.00037627,
2020-12-30 08:00:00,0.00037646,
2020-12-30 16:00:00,0.00030891,
2020-12-31 00:00:00,0.00064699,
2020-12-31 08:00:00,0.00029782,
2020-12-31 16:00:00,0.00028422,
2021-01-01 00:00:00,0.0001,
2021-01-01 08:00:00,0.00054407,
2021-01-01 16:00:00,0.00060719,
2021-01-02 00:00:00,0.00047268,
2021-01-02 08:00:00,0.00047236,
2021-01-02 16:00:00,0.00070512,
2021-01-03 00:00:00,0.00042798,
2021-01-03 08:00:00,0.00059535,
2021-01-03 16:00:00,0.00107931,
2021-01-04 00:00:00,0.00124147,
2021-01-04 08:00:00,0.00228428,
2021-01-04 16:00:00,0.00030531,
2021-01-05 00:00:00,0.00044595,
2021-01-05 08:00:00,0.00012868,
2021-01-05 16:00:00,0.00027076,
2021-01-06 00:00:00,0.00040425,
2021-01-06 08:00:00,0.00125815,
2021-01-06 16:00:00,0.00157153,
2021-01-07 00:00:00,0.00034905,
2021-01-07 08:00:00,0.0011463,
2021-01-07 16:00:00,0.00118284,
2021-01-08 00:00:00,0.00091211,
2021-01-08 08:00:00,0.00034198,
2021-01-08 16:00:00,0.00112011,
2021-01-09 00:00:00,0.00050877,
2021-01-09 08:00:00,0.00091005,
2021-01-09 16:00:00,0.00138015,
2021-01-10 00:00:00,0.00238489,
2021-01-10 08:00:00,0.00184535,
2021-01-10 16:00:00,0.00074054,
2021-01-11 00:00:00,0.00064404,
2021-01-11 08:00:00,0.0001,
2021-01-11 16:00:00,0.0001,
2021-01-12 00:00:00,0.0001,
2021-01-12 08:00:00,0.0001,
2021-01-12 16:00:00,0.0001,
2021-01-13 00:00:00,0.0001,
2021-01-13 08:00:00,0.0001,
2021-01-13 16:00:00,0.0001,
2021-01-14 00:00:00,0.00022758,
2021-01-14 08:00:00,0.00036403,
2021-01-14 16:00:00,0.00068536,
2021-01-15 00:00:00,0.00052508,
2021-01-15 08:00:00,0.0004149,
2021-01-15 16:00:00,0.00049504,
2021-01-16 00:00:00,0.0001,
2021-01-16 08:00:00,0.0001762,
2021-01-16 16:00:00,0.0008813,
2021-01-17 00:00:00,0.00076329,
2021-01-17 08:00:00,0.00063415,
2021-01-17 16:00:00,0.00050044,
2021-01-18 00:00:00,0.00044043,
2021-01-18 08:00:00,0.00047629,
2021-01-18 16:00:00,0.00097013,
2021-01-19 00:00:00,0.00079608,
2021-01-19 08:00:00,0.00101476,
2021-01-19 16:00:00,0.00132478,
2021-01-20 00:00:00,0.00031637,
2021-01-20 08:00:00,0.00019336,
2021-01-20 16:00:00,0.0001,
2021-01-21 00:00:00,0.0001,
2021-01-21 08:00:00,0.00034715,
2021-01-21 16:00:00,0.0001,
2021-01-22 00:00:00,0.0001,
2021-01-22 08:00:00,0.0001,
2021-01-22 16:00:00,0.0001,
2021-01-23 00:00:00,0.0001,
2021-01-23 08:00:00,0.0001,
2021-01-23 16:00:00,0.0001371,
2021-01-24 00:00:00,0.0001,
2021-01-24 08:00:00,0.00017516,
2021-01-24 16:00:00,0.00029213,
2021-01-25 00:00:00,0.0001,
2021-01-25 08:00:00,0.0001,
2021-01-25 16:00:00,0.00021537,
2021-01-26 00:00:00,0.0001,
2021-01-26 08:00:00,0.0001,
2021-01-26 16:00:00,0.0001,
2021-01-27 00:00:00,0.0001,
2021-01-27 08:00:00,0.0001,
2021-01-27 16:00:00,0.0001,
2021-01-28 00:00:00,0.0001,
2021-01-28 08:00:00,0.0001,
2021-01-28 16:00:00,0.0001,
2021-01-29 00:00:00,0.0001,
2021-01-29 08:00:00,0.00054342,
2021-01-29 16:00:00,0.00115189,
2021-01-30 00:00:00,0.00044327,
2021-01-30 08:00:00,0.00016633,
2021-01-30 16:00:00,0.00063722,
2021-01-31 00:00:00,0.00081352,
2021-01-31 08:00:00,0.00093969,
2021-01-31 16:00:00,0.00090398,
2021-02-01 00:00:00,0.00056165,
2021-02-01 08:00:00,0.00048609,
2021-02-01 16:00:00,0.00067177,
2021-02-02 00:00:00,0.00120243,
2021-02-02 08:00:00,0.00084073,
2021-02-02 16:00:00,0.00140028,
2021-02-03 00:00:00,0.00139427,
2021-02-03 08:00:00,0.00206075,
2021-02-03 16:00:00,0.00190937,
2021-02-04 00:00:00,0.00182411,
2021-02-04 08:00:00,0.00197234,
2021-02-04 16:00:00,0.00143437,
2021-02-05 00:00:00,0.00162043,
2021-02-05 08:00:00,0.00176068,
2021-02-05 16:00:00,0.00265212,
2021-02-06 00:00:00,0.00112383,
2021-02-06 08:00:00,0.00092795,
2021-02-06 16:00:00,0.0011029,
2021-02-07 00:00:00,0.00173304,
2021-02-07 08:00:00,0.00105107,
2021-02-07 16:00:00,0.00100646,
2021-02-08 00:00:00,0.000951,
2021-02-08 08:00:00,0.00104635,
2021-02-08 16:00:00,0.00271984,
2021-02-09 00:00:00,0.00233865,
2021-02-09 08:00:00,0.003155,
2021-02-09 16:00:00,0.00232566,
2021-02-10 00:00:00,0.00245552,
2021-02-10 08:00:00,0.0033158,
2021-02-10 16:00:00,0.00115972,
2021-02-11 00:00:00,0.00085464,
2021-02-11 08:00:00,0.0010197,
2021-02-11 16:00:00,0.0021273,
2021-02-12 00:00:00,0.00206716,
2021-02-12 08:00:00,0.00281166,
2021-02-12 16:00:00,0.00331999,
2021-02-13 00:00:00,0.00264176,
2021-02-13 08:00:00,0.00281177,
2021-02-13 16:00:00,0.00156175,
2021-02-14 00:00:00,0.00217885,
2021-02-14 08:00:00,0.00243542,
2021-02-14 16:00:00,0.00211823,
2021-02-15 00:00:00,0.00136293,
2021-02-15 08:00:00,0.0001,
2021-02-15 16:00:00,0.0001,
2021-02-16 00:00:00,0.00034521,
2021-02-16 08:00:00,0.00026333,
2021-02-16 16:00:00,0.00019473,
2021-02-17 00:00:00,0.00016387,
2021-02-17 08:00:00,0.0001,
2021-02-17 16:00:00,0.00103364,
2021-02-18 00:00:00,0.00167221,
2021-02-18 08:00:00,0.00164788,
2021-02-18 16:00:00,0.00137706,
2021-02-19 00:00:00,0.00142989,
2021-02-19 08:00:00,0.00114726,
2021-02-19 16:00:00,0.00273405,
2021-02-20 00:00:00,0.00178725,
2021-02-20 08:00:00,0.00268901,
2021-02-20 16:00:00,0.00411945,
2021-02-21 00:00:00,0.00132247,
2021-02-21 08:00:00,0.00060404,
2021-02-21 16:00:00,0.00122455,
2021-02-22 00:00:00,0.00120872,
2021-02-22 08:00:00,0.00074972,
2021-02-22 16:00:00,0.0001,
2021-02-23 00:00:00,0.0001,
2021-02-23 08:00:00,0.0001,
2021-02-23 16:00:00,0.0001,
2021-02-24 00:00:00,0.0001,
2021-02-24 08:00:00,0.0001,
2021-02-24 16:00:00,0.00018058,
2021-02-25 00:00:00,0.0001,
2021-02-25 08:00:00,0.0001,
2021-02-25 16:00:00,0.00026803,
2021-02-26 00:00:00,0.0001,
2021-02-26 08:00:00,0.0001,
2021-02-26 16:00:00,0.0001,
2021-02-27 00:00:00,0.00011626,
2021-02-27 08:00:00,0.00036811,
2021-02-27 16:00:00,0.0004727,
2021-02-28 00:00:00,0.0001,
2021-02-28 08:00:00,0.0001,
2021-02-28 16:00:00,0.0001,
2021-03-01 00:00:00,0.00020074,
2021-03-01 08:00:00,0.0001,
2021-03-01 16:00:00,0.00027785,
2021-03-02 00:00:00,0.00056296,
2021-03-02 08:00:00,0.00074292,
2021-03-02 16:00:00,0.00063999,
2021-03-03 00:00:00,0.00037135,
2021-03-03 08:00:00,0.00072139,
2021-03-03 16:00:00,0.00072834,
2021-03-04 00:00:00,0.00033609,
2021-03-04 08:00:00,0.00066906,
2021-03-04 16:00:00,0.00084985,
2021-03-05 00:00:00,0.00013709,
2021-03-05 08:00:00,0.0001,
2021-03-05 16:00:00,0.00054666,
2021-03-06 00:00:00,0.00048613,
2021-03-06 08:00:00,0.00020092,
2021-03-06 16:00:00,0.00043931,
2021-03-07 00:00:00,0.0001,
2021-03-07 08:00:00,0.00046641,
2021-03-07 16:00:00,0.00033358,
2021-03-08 00:00:00,0.0001,
2021-03-08 08:00:00,0.00024797,
2021-03-08 16:00:00,0.00073912,
2021-03-09 00:00:00,0.00110138,
2021-03-09 08:00:00,0.00112657,
2021-03-09 16:00:00,0.00170191,
2021-03-10 00:00:00,0.001836,
2021-03-10 08:00:00,0.00100896,
2021-03-10 16:00:00,0.00137843,
2021-03-11 00:00:00,0.00105774,
2021-03-11 08:00:00,0.0008027,
2021-03-11 16:00:00,0.00093268,
2021-03-12 00:00:00,0.00116934,
2021-03-12 08:00:00,0.00127503,
2021-03-12 16:00:00,0.00093168,
2021-03-13 00:00:00,0.00130806,
2021-03-13 08:00:00,0.00088128,
2021-03-13 16:00:00,0.00155397,
2021-03-14 00:00:00,0.00150467,
2021-03-14 08:00:00,0.00108281,
2021-03-14 16:00:00,0.00124798,
2021-03-15 00:00:00,0.00064206,
2021-03-15 08:00:00,0.00060731,
2021-03-15 16:00:00,0.0003618,
2021-03-16 00:00:00,0.0001746,
2021-03-16 08:00:00,0.0001,
2021-03-16 16:00:00,0.00041326,
2021-03-17 00:00:00,0.0009333,
2021-03-17 08:00:00,0.00067198,
2021-03-17 16:00:00,0.0009537,
2021-03-18 00:00:00,0.00059268,
2021-03-18 08:00:00,0.00084563,
2021-03-18 16:00:00,0.00124285,
2021-03-19 00:00:00,0.00084578,
2021-03-19 08:00:00,0.00065194,
2021-03-19 16:00:00,0.00110839,
2021-03-20 00:00:00,0.00121073,
2021-03-20 08:00:00,0.00189105,
2021-03-20 16:00:00,0.00201301,
2021-03-21 00:00:00,0.00103473,
2021-03-21 08:00:00,0.00097636,
2021-03-21 16:00:00,0.00094223,
2021-03-22 00:00:00,0.00065561,
2021-03-22 08:00:00,0.0006534,
2021-03-22 16:00:00,0.00016627,
2021-03-23 00:00:00,0.00032282,
2021-03-23 08:00:00,0.00041211,
2021-03-23 16:00:00,0.0001,
2021-03-24 00:00:00,0.0001,
2021-03-24 08:00:00,0.0001,
2021-03-24 16:00:00,0.0001,
2021-03-25 00:00:00,0.0001,
2021-03-25 08:00:00,0.0001,
2021-03-25 16:00:00,0.0001,
2021-03-26 00:00:00,0.00035475,
2021-03-26 08:00:00,0.00021277,
2021-03-26 16:00:00,0.00035905,
2021-03-27 00:00:00,0.00046828,
2021-03-27 08:00:00,0.00063448,
2021-03-27 16:00:00,0.0008194,
2021-03-28 00:00:00,0.00071845,
2021-03-28 08:00:00,0.00084022,
2021-03-28 16:00:00,0.00095202,
2021-03-29 00:00:00,0.0007433,
2021-03-29 08:00:00,0.00112385,
2021-03-29 16:00:00,0.00123463,
2021-03-30 00:00:00,0.00117629,
2021-03-30 08:00:00,0.00126891,
2021-03-30 16:00:00,0.00152468,
2021-03-31 00:00:00,0.0015351,
2021-03-31 08:00:00,0.00156422,
2021-03-31 16:00:00,0.00074704,
2021-04-01 00:00:00,0.00131122,
2021-04-01 08:00:00,0.00158329,
2021-04-01 16:00:00,0.00207726,
2021-04-02 00:00:00,0.00143172,
2021-04-02 08:00:00,0.00255722,
2021-04-02 16:00:00,0.00238459,
2021-04-03 00:00:00,0.00178787,
2021-04-03 08:00:00,0.00185559,
2021-04-03 16:00:00,0.00163108,
2021-04-04 00:00:00,0.00045068,
2021-04-04 08:00:00,0.00064122,
2021-04-04 16:00:00,0.00056321,
2021-04-05 00:00:00,0.00091166,
2021-04-05 08:00:00,0.00106847,
2021-04-05 16:00:00,0.00164695,
2021-04-06 00:00:00,0.00198092,
2021-04-06 08:00:00,0.00194509,
2021-04-06 16:00:00,0.00154223,
2021-04-07 00:00:00,0.000859,
2021-04-07 08:00:00,0.00102459,
2021-04-07 16:00:00,0.00022474,
2021-04-08 00:00:00,0.0001,
2021-04-08 08:00:00,0.00014803,
2021-04-08 16:00:00,0.00046229,
2021-04-09 00:00:00,0.00030856,
2021-04-09 08:00:00,0.00036975,
2021-04-09 16:00:00,0.00064537,
2021-04-10 00:00:00,0.00055625,
2021-04-10 08:00:00,0.0015809,
2021-04-10 16:00:00,0.00127001,
2021-04-11 00:00:00,0.00126357,
2021-04-11 08:00:00,0.0012104,
2021-04-11 16:00:00,0.00142699,
2021-04-12 00:00:00,0.00162047,
2021-04-12 08:00:00,0.00197005,
2021-04-12 16:00:00,0.00197408,
2021-04-13 00:00:00,0.00135748,
2021-04-13 08:00:00,0.002038,
2021-04-13 16:00:00,0.00257447,
2021-04-14 00:00:00,0.00152626,
2021-04-14 08:00:00,0.00279629,
2021-04-14 16:00:00,0.00115108,
2021-04-15 00:00:00,0.00155608,
2021-04-15 08:00:00,0.00226754,
2021-04-15 16:00:00,0.00194841,
2021-04-16 00:00:00,0.00188209,
2021-04-16 08:00:00,0.00162524,
2021-04-16 16:00:00,0.00110591,
2021-04-17 00:00:00,0.00142014,
2021-04-17 08:00:00,0.00137137,
2021-04-17 16:00:00,0.00119117,
2021-04-18 00:00:00,0.00132173,
2021-04-18 08:00:00,8.792e-05,
2021-04-18 16:00:00,0.00013034,
2021-04-19 00:00:00,0.0001,
2021-04-19 08:00:00,0.0001,
2021-04-19 16:00:00,0.0001,
2021-04-20 00:00:00,0.0001,
2021-04-20 08:00:00,0.00012269,
2021-04-20 16:00:00,0.0001,
2021-04-21 00:00:00,0.00014611,
2021-04-21 08:00:00,0.00024818,
2021-04-21 16:00:00,0.00023261,
2021-04-22 00:00:00,0.00049429,
2021-04-22 08:00:00,0.0001,
2021-04-22 16:00:00,0.0001,
2021-04-23 00:00:00,0.00017073,
2021-04-23 08:00:00,0.00050349,
2021-04-23 16:00:00,0.0001,
2021-04-24 00:00:00,0.0001,
2021-04-24 08:00:00,0.0001,
2021-04-24 16:00:00,0.0001,
2021-04-25 00:00:00,0.0001,
2021-04-25 08:00:00,0.00028785,
2021-04-25 16:00:00,0.0001,
2021-04-26 00:00:00,0.00011483,
2021-04-26 08:00:00,0.0001,
2021-04-26 16:00:00,0.0001,
2021-04-27 00:00:00,0.0001,
2021-04-27 08:00:00,0.0003387,
2021-04-27 16:00:00,0.00041059,
2021-04-28 00:00:00,0.0001,
2021-04-28 08:00:00,0.0003732,
2021-04-28 16:00:00,0.0004463,
2021-04-29 00:00:00,0.00039718,
2021-04-29 08:00:00,0.00025687,
2021-04-29 16:00:00,0.0002307,
2021-04-30 00:00:00,0.00020789,
2021-04-30 08:00:00,0.00053234,
2021-04-30 16:00:00,0.00047094,
2021-05-01 00:00:00,0.00025149,
2021-05-01 08:00:00,0.00052713,
2021-05-01 16:00:00,0.00071786,
2021-05-02 00:00:00,0.00079551,
2021-05-02 08:00:00,0.00053308,
2021-05-02 16:00:00,0.00087993,
2021-05-03 00:00:00,0.00047969,
2021-05-03 08:00:00,0.00055273,
2021-05-03 16:00:00,0.00084317,
2021-05-04 00:00:00,0.00036722,
2021-05-04 08:00:00,0.00021401,
2021-05-04 16:00:00,0.0005516,
2021-05-05 00:00:00,0.00044418,
2021-05-05 08:00:00,0.00078948,
2021-05-05 16:00:00,0.00080777,
2021-05-06 00:00:00,0.00066238,
2021-05-06 08:00:00,0.00088906,
2021-05-06 16:00:00,0.00161236,
2021-05-07 00:00:00,0.00057536,
2021-05-07 08:00:00,0.0006864,
2021-05-07 16:00:00,0.00110082,
2021-05-08 00:00:00,0.00029559,
2021-05-08 08:00:00,0.00078746,
2021-05-08 16:00:00,0.00069408,
2021-05-09 00:00:00,0.00046466,
2021-05-09 08:00:00,0.00028699,
2021-05-09 16:00:00,0.00052714,
2021-05-10 00:00:00,0.00063324,
2021-05-10 08:00:00,0.0005406,
2021-05-10 16:00:00,0.00042534,
2021-05-11 00:00:00,0.0001,
2021-05-11 08:00:00,0.0001,
2021-05-11 16:00:00,0.00017099,
2021-05-12 00:00:00,0.0001,
2021-05-12 08:00:00,0.0001,
2021-05-12 16:00:00,0.00030704,
2021-05-13 00:00:00,0.0001,
2021-05-13 08:00:00,0.0001,
2021-05-13 16:00:00,0.0001,
2021-05-14 00:00:00,0.0001,
2021-05-14 08:00:00,0.0001,
2021-05-14 16:00:00,0.0001,
2021-05-15 00:00:00,0.0001,
2021-05-15 08:00:00,0.00024018,
2021-05-15 16:00:00,0.00026451,
2021-05-16 00:00:00,0.00024616,
2021-05-16 08:00:00,0.00012982,
2021-05-16 16:00:00,0.00042379,
2021-05-17 00:00:00,0.00023092,
2021-05-17 08:00:00,0.0001,
2021-05-17 16:00:00,0.00025121,
2021-05-18 00:00:00,0.0001,
2021-05-18 08:00:00,0.00015007,
2021-05-18 16:00:00,0.00017044,
2021-05-19 00:00:00,0.00020479,
2021-05-19 08:00:00,0.0001,
2021-05-19 16:00:00,-0.0075,
2021-05-20 00:00:00,0.0001,
2021-05-20 08:00:00,0.0001,
2021-05-20 16:00:00,0.0001,
2021-05-21 00:00:00,0.0001,
2021-05-21 08:00:00,0.0001,
2021-05-21 16:00:00,0.0001,
2021-05-22 00:00:00,0.0001,
2021-05-22 08:00:00,0.0001,
2021-05-22 16:00:00,0.0001,
2021-05-23 00:00:00,0.0001,
2021-05-23 08:00:00,0.0001,
2021-05-23 16:00:00,0.0001,
2021-05-24 00:00:00,0.0001,
2021-05-24 08:00:00,0.0001,
2021-05-24 16:00:00,0.0001,
2021-05-25 00:00:00,0.0001,
2021-05-25 08:00:00,0.0001,
2021-05-25 16:00:00,0.0001,
2021-05-26 00:00:00,0.0001,
2021-05-26 08:00:00,0.0001,
2021-05-26 16:00:00,0.0001,
2021-05-27 00:00:00,0.0001,
2021-05-27 08:00:00,0.0001,
2021-05-27 16:00:00,0.0001,
2021-05-28 00:00:00,0.0001,
2021-05-28 08:00:00,0.0001,
2021-05-28 16:00:00,0.0001,
2021-05-29 00:00:00,0.0001,
2021-05-29 08:00:00,0.0001,
2021-05-29 16:00:00,0.0001,
2021-05-30 00:00:00,0.0001,
2021-05-30 08:00:00,8.276e-05,
2021-05-30 16:00:00,0.0001,
2021-05-31 00:00:00,0.0001,
2021-05-31 08:00:00,-0.0001381,
2021-05-31 16:00:00,8.155e-05,
2021-06-01 00:00:00,-8.682e-05,
2021-06-01 08:00:00,0.0001,
2021-06-01 16:00:00,0.0001,
2021-06-02 00:00:00,0.0001,
2021-06-02 08:00:00,0.0001,
2021-06-02 16:00:00,0.0001,
2021-06-03 00:00:00,0.0001,
2021-06-03 08:00:00,0.0001,
2021-06-03 16:00:00,0.0001,
2021-06-04 00:00:00,0.0001,
2021-06-04 08:00:00,0.0001,
2021-06-04 16:00:00,0.0001,
2021-06-05 00:00:00,0.0001,
2021-06-05 08:00:00,0.0001,
2021-06-05 16:00:00,0.0001,
2021-06-06 00:00:00,0.0001,
2021-06-06 08:00:00,0.0001,
2021-06-06 16:00:00,0.0001,
2021-06-07 00:00:00,0.0001,
2021-06-07 08:00:00,0.0001,
2021-06-07 16:00:00,0.0001,
2021-06-08 00:00:00,0.0001,
2021-06-08 08:00:00,0.0001,
2021-06-08 16:00:00,0.0001,
2021-06-09 00:00:00,0.0001,
2021-06-09 08:00:00,0.0001,
2021-06-09 16:00:00,0.0001,
2021-06-10 00:00:00,0.0001,
2021-06-10 08:00:00,0.0001,
2021-06-10 16:00:00,0.0001,
2021-06-11 00:00:00,0.0001,
2021-06-11 08:00:00,0.0001,
2021-06-11 16:00:00,0.0001,
2021-06-12 00:00:00,0.0001,
2021-06-12 08:00:00,0.0001,
2021-06-12 16:00:00,0.0001,
2021-06-13 00:00:00,0.0001,
2021-06-13 08:00:00,0.0001,
2021-06-13 16:00:00,0.0001,
2021-06-14 00:00:00,0.0001,
2021-06-14 08:00:00,0.0001,
2021-06-14 16:00:00,0.0001,
2021-06-15 00:00:00,0.0001,
2021-06-15 08:00:00,0.0001,
2021-06-15 16:00:00,0.0001,
2021-06-16 00:00:00,0.0001,
2021-06-16 08:00:00,0.0001,
2021-06-16 16:00:00,0.0001,
2021-06-17 00:00:00,0.0001,
2021-06-17 08:00:00,0.0001,
2021-06-17 16:00:00,0.0001,
2021-06-18 00:00:00,0.0001,
2021-06-18 08:00:00,0.0001,
2021-06-18 16:00:00,0.0001,
2021-06-19 00:00:00,0.0001,
2021-06-19 08:00:00,0.0001,
2021-06-19 16:00:00,0.0001,
2021-06-20 00:00:00,0.0001,
2021-06-20 08:00:00,0.0001,
2021-06-20 16:00:00,0.0001,
2021-06-21 00:00:00,0.0001,
2021-06-21 08:00:00,0.0001,
2021-06-21 16:00:00,8.947e-05,
2021-06-22 00:00:00,9.667e-05,
2021-06-22 08:00:00,0.0001,
2021-06-22 16:00:00,0.0001,
2021-06-23 00:00:00,0.0001,
2021-06-23 08:00:00,0.0001,
2021-06-23 16:00:00,0.0001,
2021-06-24 00:00:00,0.0001,
2021-06-24 08:00:00,0.0001,
2021-06-24 16:00:00,0.0001,
2021-06-25 00:00:00,0.0001,
2021-06-25 08:00:00,0.0001,
2021-06-25 16:00:00,0.0001,
2021-06-26 00:00:00,7.143e-05,
2021-06-26 08:00:00,1.988e-05,
2021-06-26 16:00:00,0.0001,
2021-06-27 00:00:00,7.046e-05,
2021-06-27 08:00:00,0.0001,
2021-06-27 16:00:00,4.297e-05,
2021-06-28 00:00:00,5.017e-05,
2021-06-28 08:00:00,0.0001,
2021-06-28 16:00:00,0.0001,
2021-06-29 00:00:00,0.0001,
2021-06-29 08:00:00,0.0001,
2021-06-29 16:00:00,0.0001,
2021-06-30 00:00:00,0.0001,
2021-06-30 08:00:00,0.0001,
2021-06-30 16:00:00,0.0001,
2021-07-01 00:00:00,7.286e-05,
2021-07-01 08:00:00,0.0001,
2021-07-01 16:00:00,0.0001,
2021-07-02 00:00:00,0.0001,
2021-07-02 08:00:00,0.0001,
2021-07-02 16:00:00,8.416e-05,
2021-07-03 00:00:00,4.577e-05,
2021-07-03 08:00:00,7.696e-05,
2021-07-03 16:00:00,0.0001,
2021-07-04 00:00:00,0.0001,
2021-07-04 08:00:00,0.0001,
2021-07-04 16:00:00,0.0001,
2021-07-05 00:00:00,0.0001,
2021-07-05 08:00:00,0.0001,
2021-07-05 16:00:00,4.516e-05,
2021-07-06 00:00:00,8.738e-05,
2021-07-06 08:00:00,0.0001,
2021-07-06 16:00:00,0.0001,
2021-07-07 00:00:00,0.0001,
2021-07-07 08:00:00,0.0001,
2021-07-07 16:00:00,0.0001,
2021-07-08 00:00:00,0.0001,
2021-07-08 08:00:00,0.0001,
2021-07-08 16:00:00,0.0001,
2021-07-09 00:00:00,7.423e-05,
2021-07-09 08:00:00,0.0001,
2021-07-09 16:00:00,6.95e-06,
2021-07-10 00:00:00,0.0001,
2021-07-10 08:00:00,7.505e-05,
2021-07-10 16:00:00,0.0001,
2021-07-11 00:00:00,9.929e-05,
2021-07-11 08:00:00,0.0001,
2021-07-11 16:00:00,0.0001,
2021-07-12 00:00:00,0.0001,
2021-07-12 08:00:00,0.0001,
2021-07-12 16:00:00,0.0001,
2021-07-13 00:00:00,0.0001,
2021-07-13 08:00:00,0.0001,
2021-07-13 16:00:00,0.0001,
2021-07-14 00:00:00,0.0001,
2021-07-14 08:00:00,-5.295e-05,
2021-07-14 16:00:00,4.258e-05,
2021-07-15 00:00:00,0.0001,
2021-07-15 08:00:00,0.0001,
2021-07-15 16:00:00,-9.15e-05,
2021-07-16 00:00:00,0.0001,
2021-07-16 08:00:00,0.0001,
2021-07-16 16:00:00,0.0001,
2021-07-17 00:00:00,0.0001,
2021-07-17 08:00:00,0.0001,
2021-07-17 16:00:00,0.0001,
2021-07-18 00:00:00,0.0001,
2021-07-18 08:00:00,1.522e-05,
2021-07-18 16:00:00,0.0001,
2021-07-19 00:00:00,5.463e-05,
2021-07-19 08:00:00,3.78e-06,
2021-07-19 16:00:00,8.006e-05,
2021-07-20 00:00:00,1.63e-05,
2021-07-20 08:00:00,-0.00019187,
2021-07-20 16:00:00,-5.813e-05,
2021-07-21 00:00:00,-0.0002167,
2021-07-21 08:00:00,-0.00016313,
2021-07-21 16:00:00,-0.00022192,
2021-07-22 00:00:00,6.71e-05,
2021-07-22 08:00:00,0.0001,
2021-07-22 16:00:00,7.465e-05,
2021-07-23 00:00:00,0.0001,
2021-07-23 08:00:00,1.435e-05,
2021-07-23 16:00:00,9.08e-06,
2021-07-24 00:00:00,0.0001,
2021-07-24 08:00:00,0.0001,
2021-07-24 16:00:00,8.18e-05,
2021-07-25 00:00:00,-0.00023557,
2021-07-25 08:00:00,7.358e-05,
2021-07-25 16:00:00,5.374e-05,
2021-07-26 00:00:00,0.0001,
2021-07-26 08:00:00,0.0001,
2021-07-26 16:00:00,0.0001,
2021-07-27 00:00:00,-4.895e-05,
2021-07-27 08:00:00,-8.489e-05,
2021-07-27 16:00:00,8.718e-05,
2021-07-28 00:00:00,0.0001,
2021-07-28 08:00:00,7.255e-05,
2021-07-28 16:00:00,0.0001,
2021-07-29 00:00:00,0.0001,
2021-07-29 08:00:00,0.0001,
2021-07-29 16:00:00,0.0001,
2021-07-30 00:00:00,0.0001,
2021-07-30 08:00:00,0.0001,
2021-07-30 16:00:00,0.0001,
2021-07-31 00:00:00,0.0001,
2021-07-31 08:00:00,0.0001,
2021-07-31 16:00:00,0.0001,
2021-08-01 00:00:00,0.0001,
2021-08-01 08:00:00,0.0001,
2021-08-01 16:00:00,0.0001,
2021-08-02 00:00:00,0.0001,
2021-08-02 08:00:00,0.0001,
2021-08-02 16:00:00,0.0001,
2021-08-03 00:00:00,0.0001,
2021-08-03 08:00:00,0.0001,
2021-08-03 16:00:00,0.0001,
2021-08-04 00:00:00,0.0001,
2021-08-04 08:00:00,0.0001,
2021-08-04 16:00:00,0.0001,
2021-08-05 00:00:00,0.0001,
2021-08-05 08:00:00,0.0001,
2021-08-05 16:00:00,0.0001,
2021-08-06 00:00:00,0.0001,
2021-08-06 08:00:00,0.0001,
2021-08-06 16:00:00,0.0001,
2021-08-07 00:00:00,0.0001,
2021-08-07 08:00:00,0.0001,
2021-08-07 16:00:00,0.00024168,
2021-08-08 00:00:00,0.0001,
2021-08-08 08:00:00,0.0001,
2021-08-08 16:00:00,0.0001,
2021-08-09 00:00:00,0.0001,
2021-08-09 08:00:00,0.0001,
2021-08-09 16:00:00,0.00013969,
2021-08-10 00:00:00,0.00027412,
2021-08-10 08:00:00,0.0003572,
2021-08-10 16:00:00,0.00032392,
2021-08-11 00:00:00,0.00033547,
2021-08-11 08:00:00,0.00038561,
2021-08-11 16:00:00,0.00034643,
2021-08-12 00:00:00,0.0003334,
2021-08-12 08:00:00,0.00037954,
2021-08-12 16:00:00,0.0001,
2021-08-13 00:00:00,0.00019877,
2021-08-13 08:00:00,0.0001,
2021-08-13 16:00:00,0.00041578,
2021-08-14 00:00:00,0.0001,
2021-08-14 08:00:00,0.00031834,
2021-08-14 16:00:00,0.0001349,
2021-08-15 00:00:00,0.00059348,
2021-08-15 08:00:00,0.00052835,
2021-08-15 16:00:00,0.00034164,
2021-08-16 00:00:00,0.00065725,
2021-08-16 08:00:00,0.00077963,
2021-08-16 16:00:00,0.00062091,
2021-08-17 00:00:00,0.0001,
2021-08-17 08:00:00,0.0001,
2021-08-17 16:00:00,0.00016614,
2021-08-18 00:00:00,0.0001,
2021-08-18 08:00:00,0.0001,
2021-08-18 16:00:00,0.0001,
2021-08-19 00:00:00,0.0001,
2021-08-19 08:00:00,0.0001,
2021-08-19 16:00:00,0.0001,
2021-08-20 00:00:00,0.00010742,
2021-08-20 08:00:00,0.00014828,
2021-08-20 16:00:00,0.00036857,
2021-08-21 00:00:00,0.0002418,
2021-08-21 08:00:00,0.00063094,
2021-08-21 16:00:00,0.00025306,
2021-08-22 00:00:00,0.00011112,
2021-08-22 08:00:00,0.00017322,
2021-08-22 16:00:00,0.00023439,
2021-08-23 00:00:00,0.00018724,
2021-08-23 08:00:00,0.00081042,
2021-08-23 16:00:00,0.00077223,
2021-08-24 00:00:00,0.00070725,
2021-08-24 08:00:00,0.00067193,
2021-08-24 16:00:00,0.0001616,
2021-08-25 00:00:00,0.0001,
2021-08-25 08:00:00,0.0001,
2021-08-25 16:00:00,0.0001,
2021-08-26 00:00:00,0.0001,
2021-08-26 08:00:00,0.0001,
2021-08-26 16:00:00,0.0001,
2021-08-27 00:00:00,0.0001,
2021-08-27 08:00:00,0.0001,
2021-08-27 16:00:00,0.0001,
2021-08-28 00:00:00,0.0001,
2021-08-28 08:00:00,0.00016569,
2021-08-28 16:00:00,0.00024172,
2021-08-29 00:00:00,0.00024516,
2021-08-29 08:00:00,0.0001,
2021-08-29 16:00:00,0.00010308,
2021-08-30 00:00:00,0.00012394,
2021-08-30 08:00:00,0.0001,
2021-08-30 16:00:00,0.00014018,
2021-08-31 00:00:00,0.00033289,
2021-08-31 08:00:00,0.00018106,
2021-08-31 16:00:00,0.00021445,
2021-09-01 00:00:00,0.00010689,
2021-09-01 08:00:00,0.00047399,
2021-09-01 16:00:00,0.00034281,
2021-09-02 00:00:00,0.00058421,
2021-09-02 08:00:00,0.00102247,
2021-09-02 16:00:00,0.00085776,
2021-09-03 00:00:00,0.00055147,
2021-09-03 08:00:00,0.000825,
2021-09-03 16:00:00,0.00065012,
2021-09-04 00:00:00,0.0007308,
2021-09-04 08:00:00,0.0007882,
2021-09-04 16:00:00,0.00082789,
2021-09-05 00:00:00,0.00067891,
2021-09-05 08:00:00,0.00084864,
2021-09-05 16:00:00,0.00070981,
2021-09-06 00:00:00,0.00091354,
2021-09-06 08:00:00,0.00102953,
2021-09-06 16:00:00,0.00031769,
2021-09-07 00:00:00,0.00040211,
2021-09-07 08:00:00,0.0006859,
2021-09-07 16:00:00,-0.00178638,
2021-09-08 00:00:00,0.0001,
2021-09-08 08:00:00,0.0001,
2021-09-08 16:00:00,0.0001,
2021-09-09 00:00:00,0.0001,
2021-09-09 08:00:00,0.0001,
2021-09-09 16:00:00,0.0001,
2021-09-10 00:00:00,0.0001,
2021-09-10 08:00:00,0.0001,
2021-09-10 16:00:00,0.0001,
2021-09-11 00:00:00,0.0001,
2021-09-11 08:00:00,0.0001,
2021-09-11 16:00:00,0.0001,
2021-09-12 00:00:00,0.0001,
2021-09-12 08:00:00,0.0001,
2021-09-12 16:00:00,0.0001,
2021-09-13 00:00:00,0.0001,
2021-09-13 08:00:00,0.0001,
2021-09-13 16:00:00,0.0001,
2021-09-14 00:00:00,0.0001,
2021-09-14 08:00:00,0.0001,
2021-09-14 16:00:00,0.0001,
2021-09-15 00:00:00,0.0001,
2021-09-15 08:00:00,0.0001,
2021-09-15 16:00:00,0.0001,
2021-09-16 00:00:00,0.0001,
2021-09-16 08:00:00,0.0001,
2021-09-16 16:00:00,0.0001,
2021-09-17 00:00:00,0.0001,
2021-09-17 08:00:00,0.0001,
2021-09-17 16:00:00,0.0001,
2021-09-18 00:00:00,0.0001,
2021-09-18 08:00:00,0.0001,
2021-09-18 16:00:00,0.0001,
2021-09-19 00:00:00,0.0001,
2021-09-19 08:00:00,0.0001,
2021-09-19 16:00:00,0.0001,
2021-09-20 00:00:00,0.0001,
2021-09-20 08:00:00,0.0001,
2021-09-20 16:00:00,0.0001,
2021-09-21 00:00:00,0.0001,
2021-09-21 08:00:00,0.0001,
2021-09-21 16:00:00,0.0001,
2021-09-22 00:00:00,0.0001,
2021-09-22 08:00:00,0.0001,
2021-09-22 16:00:00,0.0001,
2021-09-23 00:00:00,0.0001,
2021-09-23 08:00:00,0.0001,
2021-09-23 16:00:00,0.0001,
2021-09-24 00:00:00,0.0001,
2021-09-24 08:00:00,0.0001,
2021-09-24 16:00:00,0.0001,
2021-09-25 00:00:00,0.0001,
2021-09-25 08:00:00,0.0001,
2021-09-25 16:00:00,0.0001,
2021-09-26 00:00:00,0.0001,
2021-09-26 08:00:00,0.0001,
2021-09-26 16:00:00,0.0001,
2021-09-27 00:00:00,0.0001,
2021-09-27 08:00:00,0.0001,
2021-09-27 16:00:00,0.0001,
2021-09-28 00:00:00,0.0001,
2021-09-28 08:00:00,0.0001,
2021-09-28 16:00:00,0.0001,
2021-09-29 00:00:00,0.0001,
2021-09-29 08:00:00,0.0001,
2021-09-29 16:00:00,0.0001,
2021-09-30 00:00:00,0.0001,
2021-09-30 08:00:00,0.0001,
2021-09-30 16:00:00,0.0001,
2021-10-01 00:00:00,5.934e-05,
2021-10-01 08:00:00,0.0001,
2021-10-01 16:00:00,0.0001,
2021-10-02 00:00:00,0.0001,
2021-10-02 08:00:00,0.0001,
2021-10-02 16:00:00,0.0001,
2021-10-03 00:00:00,0.0001,
2021-10-03 08:00:00,0.0001,
2021-10-03 16:00:00,0.0001,
2021-10-04 00:00:00,0.0001,
2021-10-04 08:00:00,0.0001,
2021-10-04 16:00:00,0.0001,
2021-10-05 00:00:00,0.0001,
2021-10-05 08:00:00,0.0001,
2021-10-05 16:00:00,0.0001,
2021-10-06 00:00:00,0.0001,
2021-10-06 08:00:00,0.0001,
2021-10-06 16:00:00,0.0001,
2021-10-07 00:00:00,0.0001,
2021-10-07 08:00:00,0.0001,
2021-10-07 16:00:00,0.00021599,
2021-10-08 00:00:00,0.00019816,
2021-10-08 08:00:00,0.00025198,
2021-10-08 16:00:00,0.00042959,
2021-10-09 00:00:00,0.00014573,
2021-10-09 08:00:00,0.0001,
2021-10-09 16:00:00,0.00019862,
2021-10-10 00:00:00,0.00021661,
2021-10-10 08:00:00,0.00042077,
2021-10-10 16:00:00,0.00031593,
2021-10-11 00:00:00,0.0001,
2021-10-11 08:00:00,0.0001,
2021-10-11 16:00:00,0.0001,
2021-10-12 00:00:00,0.0001,
2021-10-12 08:00:00,0.0001,
2021-10-12 16:00:00,0.0001,
2021-10-13 00:00:00,0.0001,
2021-10-13 08:00:00,0.0001,
2021-10-13 16:00:00,0.0001,
2021-10-14 00:00:00,0.0001,
2021-10-14 08:00:00,0.0001,
2021-10-14 16:00:00,0.00015412,
2021-10-15 00:00:00,0.0002627,
2021-10-15 08:00:00,0.00036201,
2021-10-15 16:00:00,0.00021169,
2021-10-16 00:00:00,0.0001,
2021-10-16 08:00:00,0.00028105,
2021-10-16 16:00:00,0.0002819,
2021-10-17 00:00:00,0.00023213,
2021-10-17 08:00:00,0.00026221,
2021-10-17 16:00:00,0.00036166,
2021-10-18 00:00:00,0.0001,
2021-10-18 08:00:00,0.0001332,
2021-10-18 16:00:00,0.00032471,
2021-10-19 00:00:00,0.00011811,
2021-10-19 08:00:00,0.00032095,
2021-10-19 16:00:00,0.00035844,
2021-10-20 00:00:00,0.00024955,
2021-10-20 08:00:00,0.00023339,
2021-10-20 16:00:00,0.00048587,
2021-10-21 00:00:00,0.00035857,
2021-10-21 08:00:00,0.00052417,
2021-10-21 16:00:00,0.00048626,
2021-10-22 00:00:00,0.0001315,
2021-10-22 08:00:00,0.0002525,
2021-10-22 16:00:00,0.00036578,
2021-10-23 00:00:00,0.00037282,
2021-10-23 08:00:00,0.00034953,
2021-10-23 16:00:00,0.00016303,
2021-10-24 00:00:00,0.00025061,
2021-10-24 08:00:00,0.00054544,
2021-10-24 16:00:00,0.00048424,
2021-10-25 00:00:00,0.00016286,
2021-10-25 08:00:00,0.00038013,
2021-10-25 16:00:00,0.00041535,
2021-10-26 00:00:00,0.00051945,
2021-10-26 08:00:00,0.00085175,
2021-10-26 16:00:00,0.00074351,
2021-10-27 00:00:00,0.00044064,
2021-10-27 08:00:00,0.000528,
2021-10-27 16:00:00,0.0001,
2021-10-28 00:00:00,0.0001,
2021-10-28 08:00:00,0.0001,
2021-10-28 16:00:00,0.0001,
2021-10-29 00:00:00,0.0001,
2021-10-29 08:00:00,0.0001,
2021-10-29 16:00:00,0.0001,
2021-10-30 00:00:00,0.0001,
2021-10-30 08:00:00,0.0002129,
2021-10-30 16:00:00,0.00017048,
2021-10-31 00:00:00,0.0002258,
2021-10-31 08:00:00,0.00026109,
2021-10-31 16:00:00,0.0001,
2021-11-01 00:00:00,0.00024514,
2021-11-01 08:00:00,0.00030678,
2021-11-01 16:00:00,0.00027574,
2021-11-02 00:00:00,0.0001,
2021-11-02 08:00:00,0.00048973,
2021-11-02 16:00:00,0.00044267,
2021-11-03 00:00:00,0.00048078,
2021-11-03 08:00:00,0.00049404,
2021-11-03 16:00:00,0.00016127,
2021-11-04 00:00:00,0.00042965,
2021-11-04 08:00:00,0.00051714,
2021-11-04 16:00:00,0.00050476,
2021-11-05 00:00:00,0.0001,
2021-11-05 08:00:00,0.00046794,
2021-11-05 16:00:00,0.00046572,
2021-11-06 00:00:00,0.00038414,
2021-11-06 08:00:00,0.0003818,
2021-11-06 16:00:00,0.000205,
2021-11-07 00:00:00,0.00021569,
2021-11-07 08:00:00,0.00035984,
2021-11-07 16:00:00,0.00049088,
2021-11-08 00:00:00,0.00045118,
2021-11-08 08:00:00,0.00054537,
2021-11-08 16:00:00,0.00065042,
2021-11-09 00:00:00,0.00048581,
2021-11-09 08:00:00,0.00065062,
2021-11-09 16:00:00,0.00059883,
2021-11-10 00:00:00,0.00040418,
2021-11-10 08:00:00,0.00047581,
2021-11-10 16:00:00,0.00058098,
2021-11-11 00:00:00,0.0001,
2021-11-11 08:00:00,0.0001,
2021-11-11 16:00:00,0.0001,
2021-11-12 00:00:00,0.0001,
2021-11-12 08:00:00,0.0001,
2021-11-12 16:00:00,0.0001,
2021-11-13 00:00:00,0.0001,
2021-11-13 08:00:00,0.0001,
2021-11-13 16:00:00,0.0001,
2021-11-14 00:00:00,0.0001,
2021-11-14 08:00:00,0.0001,
2021-11-14 16:00:00,0.0001,
2021-11-15 00:00:00,0.0001,
2021-11-15 08:00:00,0.0002304,
2021-11-15 16:00:00,0.00020424,
2021-11-16 00:00:00,0.00027089,
2021-11-16 08:00:00,0.0001,
2021-11-16 16:00:00,0.0001,
2021-11-17 00:00:00,0.0001,
2021-11-17 08:00:00,0.0001,
2021-11-17 16:00:00,0.0001,
2021-11-18 00:00:00,0.0001,
2021-11-18 08:00:00,0.0001,
2021-11-18 16:00:00,0.0001,
2021-11-19 00:00:00,0.0001,
2021-11-19 08:00:00,0.0001,
2021-11-19 16:00:00,0.0001,
2021-11-20 00:00:00,0.0001,
2021-11-20 08:00:00,0.0001,
2021-11-20 16:00:00,0.0001,
2021-11-21 00:00:00,0.0001,
2021-11-21 08:00:00,0.0001,
2021-11-21 16:00:00,0.0001,
2021-11-22 00:00:00,0.0001,
2021-11-22 08:00:00,0.0001,
2021-11-22 16:00:00,0.0001,
2021-11-23 00:00:00,0.0001,
2021-11-23 08:00:00,0.0001,
2021-11-23 16:00:00,0.0001,
2021-11-24 00:00:00,0.0001,
2021-11-24 08:00:00,0.0001,
2021-11-24 16:00:00,0.0001,
2021-11-25 00:00:00,0.0001,
2021-11-25 08:00:00,0.0001,
2021-11-25 16:00:00,0.0001,
2021-11-26 00:00:00,0.00017842,
2021-11-26 08:00:00,0.00020977,
2021-11-26 16:00:00,0.0001,
2021-11-27 00:00:00,0.0001,
2021-11-27 08:00:00,0.0001,
2021-11-27 16:00:00,0.0001,
2021-11-28 00:00:00,0.0001,
2021-11-28 08:00:00,0.0001,
2021-11-28 16:00:00,0.0001,
2021-11-29 00:00:00,0.0001,
2021-11-29 08:00:00,0.0001,
2021-11-29 16:00:00,0.0001,
2021-11-30 00:00:00,0.0001,
2021-11-30 08:00:00,0.0001,
2021-11-30 16:00:00,0.0001,
2021-12-01 00:00:00,0.0001,
2021-12-01 08:00:00,0.0001,
2021-12-01 16:00:00,0.0001,
2021-12-02 00:00:00,0.0001,
2021-12-02 08:00:00,0.0001,
2021-12-02 16:00:00,0.0001,
2021-12-03 00:00:00,0.0001,
2021-12-03 08:00:00,0.0001,
2021-12-03 16:00:00,0.0001,
2021-12-04 00:00:00,0.0001,
2021-12-04 08:00:00,1.797e-05,
2021-12-04 16:00:00,0.0001,
2021-12-05 00:00:00,0.0001,
2021-12-05 08:00:00,0.0001,
2021-12-05 16:00:00,0.0001,
2021-12-06 00:00:00,0.0001,
2021-12-06 08:00:00,0.0001,
2021-12-06 16:00:00,0.0001,
2021-12-07 00:00:00,-3.201e-05,
2021-12-07 08:00:00,0.0001,
2021-12-07 16:00:00,7.981e-05,
2021-12-08 00:00:00,0.0001,
2021-12-08 08:00:00,0.0001,
2021-12-08 16:00:00,0.0001,
2021-12-09 00:00:00,2.061e-05,
2021-12-09 08:00:00,0.0001,
2021-12-09 16:00:00,0.0001,
2021-12-10 00:00:00,-1.892e-05,
2021-12-10 08:00:00,0.0001,
2021-12-10 16:00:00,-1.681e-05,
2021-12-11 00:00:00,0.0001,
2021-12-11 08:00:00,0.0001,
2021-12-11 16:00:00,5.143e-05,
2021-12-12 00:00:00,9.65e-05,
2021-12-12 08:00:00,4.428e-05,
2021-12-12 16:00:00,-3.717e-05,
2021-12-13 00:00:00,6.697e-05,
2021-12-13 08:00:00,0.0001,
2021-12-13 16:00:00,0.0001,
2021-12-14 00:00:00,0.0001,
2021-12-14 08:00:00,0.0001,
2021-12-14 16:00:00,0.0001,
2021-12-15 00:00:00,5.854e-05,
2021-12-15 08:00:00,0.0001,
2021-12-15 16:00:00,0.0001,
2021-12-16 00:00:00,0.0001,
2021-12-16 08:00:00,0.0001,
2021-12-16 16:00:00,0.0001,
2021-12-17 00:00:00,0.0001,
2021-12-17 08:00:00,0.0001,
2021-12-17 16:00:00,-8.76e-06,
2021-12-18 00:00:00,0.0001,
2021-12-18 08:00:00,0.0001,
2021-12-18 16:00:00,0.0001,
2021-12-19 00:00:00,0.0001,
2021-12-19 08:00:00,0.0001,
2021-12-19 16:00:00,0.0001,
2021-12-20 00:00:00,0.0001,
2021-12-20 08:00:00,0.0001,
2021-12-20 16:00:00,0.0001,
2021-12-21 00:00:00,0.0001,
2021-12-21 08:00:00,0.0001,
2021-12-21 16:00:00,0.0001,
2021-12-22 00:00:00,0.0001,
2021-12-22 08:00:00,0.0001,
2021-12-22 16:00:00,0.0001,
2021-12-23 00:00:00,0.0001,
2021-12-23 08:00:00,0.0001,
2021-12-23 16:00:00,0.0001,
2021-12-24 00:00:00,0.0001,
2021-12-24 08:00:00,0.0001,
2021-12-24 16:00:00,0.0001,
2021-12-25 00:00:00,0.0001,
2021-12-25 08:00:00,0.0001,
2021-12-25 16:00:00,0.0001,
2021-12-26 00:00:00,0.0001,
2021-12-26 08:00:00,0.0001,
2021-12-26 16:00:00,0.0001,
2021-12-27 00:00:00,0.0001,
2021-12-27 08:00:00,0.0001,
2021-12-27 16:00:00,0.0001,
2021-12-28 00:00:00,0.0001,
2021-12-28 08:00:00,0.0001,
2021-12-28 16:00:00,0.0001,
2021-12-29 00:00:00,0.0001,
2021-12-29 08:00:00,0.0001,
2021-12-29 16:00:00,0.0001,
2021-12-30 00:00:00,0.0001,
2021-12-30 08:00:00,0.0001,
2021-12-30 16:00:00,0.0001,
2021-12-31 00:00:00,0.0001,
2021-12-31 08:00:00,0.0001,
2021-12-31 16:00:00,0.0001,
2022-01-01 00:00:00,0.0001,
2022-01-01 08:00:00,0.0001,
2022-01-01 16:00:00,0.0001,
2022-01-02 00:00:00,9.009e-05,
2022-01-02 08:00:00,0.0001,
2022-01-02 16:00:00,0.0001,
2022-01-03 00:00:00,0.0001,
2022-01-03 08:00:00,0.0001,
2022-01-03 16:00:00,0.0001,
2022-01-04 00:00:00,0.0001,
2022-01-04 08:00:00,0.0001,
2022-01-04 16:00:00,0.0001,
2022-01-05 00:00:00,0.0001,
2022-01-05 08:00:00,0.0001,
2022-01-05 16:00:00,0.0001,
2022-01-06 00:00:00,0.0001,
2022-01-06 08:00:00,0.0001,
2022-01-06 16:00:00,0.0001,
2022-01-07 00:00:00,8.745e-05,
2022-01-07 08:00:00,0.0001,
2022-01-07 16:00:00,0.0001,
2022-01-08 00:00:00,0.0001,
2022-01-08 08:00:00,0.0001,
2022-01-08 16:00:00,0.0001,
2022-01-09 00:00:00,0.0001,
2022-01-09 08:00:00,0.0001,
2022-01-09 16:00:00,0.0001,
2022-01-10 00:00:00,5.037e-05,
2022-01-10 08:00:00,0.0001,
2022-01-10 16:00:00,0.0001,
2022-01-11 00:00:00,0.0001,
2022-01-11 08:00:00,0.0001,
2022-01-11 16:00:00,0.0001,
2022-01-12 00:00:00,0.0001,
2022-01-12 08:00:00,0.0001,
2022-01-12 16:00:00,0.0001,
2022-01-13 00:00:00,0.0001,
2022-01-13 08:00:00,0.0001,
2022-01-13 16:00:00,0.0001,
2022-01-14 00:00:00,0.0001,
2022-01-14 08:00:00,0.0001,
2022-01-14 16:00:00,0.0001,
2022-01-15 00:00:00,0.0001,
2022-01-15 08:00:00,0.0001,
2022-01-15 16:00:00,0.0001,
2022-01-16 00:00:00,0.0001,
2022-01-16 08:00:00,0.0001,
2022-01-16 16:00:00,0.0001,
2022-01-17 00:00:00,0.0001,
2022-01-17 08:00:00,0.0001,
2022-01-17 16:00:00,0.0001,
2022-01-18 00:00:00,0.0001,
2022-01-18 08:00:00,0.0001,
2022-01-18 16:00:00,0.0001,
2022-01-19 00:00:00,0.0001,
2022-01-19 08:00:00,0.0001,
2022-01-19 16:00:00,3.694e-05,
2022-01-20 00:00:00,0.0001,
2022-01-20 08:00:00,0.0001,
2022-01-20 16:00:00,0.0001,
2022-01-21 00:00:00,6.146e-05,
2022-01-21 08:00:00,0.0001,
2022-01-21 16:00:00,0.0001,
2022-01-22 00:00:00,0.0001,
2022-01-22 08:00:00,9.607e-05,
2022-01-22 16:00:00,1.161e-05,
2022-01-23 00:00:00,0.0001,
2022-01-23 08:00:00,-9e-08,
2022-01-23 16:00:00,4.74e-05,
2022-01-24 00:00:00,0.0001,
2022-01-24 08:00:00,6.428e-05,
2022-01-24 16:00:00,0.0001,
2022-01-25 00:00:00,0.0001,
2022-01-25 08:00:00,0.0001,
2022-01-25 16:00:00,0.0001,
2022-01-26 00:00:00,0.0001,
2022-01-26 08:00:00,0.0001,
2022-01-26 16:00:00,0.0001,
2022-01-27 00:00:00,0.0001,
2022-01-27 08:00:00,0.0001,
2022-01-27 16:00:00,4.375e-05,
2022-01-28 00:00:00,7.491e-05,
2022-01-28 08:00:00,0.0001,
2022-01-28 16:00:00,0.0001,
2022-01-29 00:00:00,4.3e-06,
2022-01-29 08:00:00,0.0001,
2022-01-29 16:00:00,0.0001,
2022-01-30 00:00:00,0.0001,
2022-01-30 08:00:00,0.0001,
2022-01-30 16:00:00,0.0001,
2022-01-31 00:00:00,0.0001,
2022-01-31 08:00:00,0.0001,
2022-01-31 16:00:00,0.0001,
2022-02-01 00:00:00,0.0001,
2022-02-01 08:00:00,0.0001,
2022-02-01 16:00:00,0.0001,
2022-02-02 00:00:00,0.0001,
2022-02-02 08:00:00,0.0001,
2022-02-02 16:00:00,0.0001,
2022-02-03 00:00:00,0.0001,
2022-02-03 08:00:00,0.0001,
2022-02-03 16:00:00,0.0001,
2022-02-04 00:00:00,0.0001,
2022-02-04 08:00:00,4.442e-05,
2022-02-04 16:00:00,0.0001,
2022-02-05 00:00:00,0.0001,
2022-02-05 08:00:00,0.0001,
2022-02-05 16:00:00,0.0001,
2022-02-06 00:00:00,0.0001,
2022-02-06 08:00:00,0.0001,
2022-02-06 16:00:00,0.0001,
2022-02-07 00:00:00,0.0001,
2022-02-07 08:00:00,0.0001,
2022-02-07 16:00:00,0.0001,
2022-02-08 00:00:00,0.0001,
2022-02-08 08:00:00,0.0001,
2022-02-08 16:00:00,0.0001,
2022-02-09 00:00:00,0.0001,
2022-02-09 08:00:00,0.0001,
2022-02-09 16:00:00,0.0001,
2022-02-10 00:00:00,0.0001,
2022-02-10 08:00:00,0.0001,
2022-02-10 16:00:00,5.145e-05,
2022-02-11 00:00:00,0.0001,
2022-02-11 08:00:00,0.0001,
2022-02-11 16:00:00,0.0001,
2022-02-12 00:00:00,7.062e-05,
2022-02-12 08:00:00,-2.115e-05,
2022-02-12 16:00:00,0.0001,
2022-02-13 00:00:00,5.944e-05,
2022-02-13 08:00:00,-7.164e-05,
2022-02-13 16:00:00,3.41e-05,
2022-02-14 00:00:00,0.0001,
2022-02-14 08:00:00,9.829e-05,
2022-02-14 16:00:00,0.0001,
2022-02-15 00:00:00,0.0001,
2022-02-15 08:00:00,0.0001,
2022-02-15 16:00:00,0.0001,
2022-02-16 00:00:00,0.0001,
2022-02-16 08:00:00,0.0001,
2022-02-16 16:00:00,0.0001,
2022-02-17 00:00:00,0.0001,
2022-02-17 08:00:00,0.0001,
2022-02-17 16:00:00,0.0001,
2022-02-18 00:00:00,-4.447e-05,
2022-02-18 08:00:00,0.0001,
2022-02-18 16:00:00,0.0001,
2022-02-19 00:00:00,0.0001,
2022-02-19 08:00:00,0.0001,
2022-02-19 16:00:00,0.0001,
2022-02-20 00:00:00,0.0001,
2022-02-20 08:00:00,0.0001,
2022-02-20 16:00:00,0.0001,
2022-02-21 00:00:00,0.0001,
2022-02-21 08:00:00,0.0001,
2022-02-21 16:00:00,0.0001,
2022-02-22 00:00:00,-8.02e-06,
2022-02-22 08:00:00,2.69e-05,
2022-02-22 16:00:00,5.861e-05,
2022-02-23 00:00:00,9.197e-05,
2022-02-23 08:00:00,-3.145e-05,
2022-02-23 16:00:00,0.0001,
2022-02-24 00:00:00,0.0001,
2022-02-24 08:00:00,8.762e-05,
2022-02-24 16:00:00,7.97e-05,
2022-02-25 00:00:00,0.0001,
2022-02-25 08:00:00,4.179e-05,
2022-02-25 16:00:00,0.0001,
2022-02-26 00:00:00,0.0001,
2022-02-26 08:00:00,0.0001,
2022-02-26 16:00:00,0.0001,
2022-02-27 00:00:00,9.671e-05,
2022-02-27 08:00:00,0.0001,
2022-02-27 16:00:00,9.591e-05,
2022-02-28 00:00:00,0.0001,
2022-02-28 08:00:00,-6.147e-05,
2022-02-28 16:00:00,-9.19e-05,
2022-03-01 00:00:00,-3.671e-05,
2022-03-01 08:00:00,-6.513e-05,
2022-03-01 16:00:00,3.754e-05,
2022-03-02 00:00:00,0.0001,
2022-03-02 08:00:00,0.0001,
2022-03-02 16:00:00,0.0001,
2022-03-03 00:00:00,0.0001,
2022-03-03 08:00:00,0.0001,
2022-03-03 16:00:00,0.0001,
2022-03-04 00:00:00,4.835e-05,
2022-03-04 08:00:00,3.78e-06,
2022-03-04 16:00:00,2.087e-05,
2022-03-05 00:00:00,5.937e-05,
2022-03-05 08:00:00,-2.236e-05,
2022-03-05 16:00:00,0.0001,
2022-03-06 00:00:00,0.0001,
2022-03-06 08:00:00,8.516e-05,
2022-03-06 16:00:00,-3.593e-05,
2022-03-07 00:00:00,-6.369e-05,
2022-03-07 08:00:00,0.0001,
2022-03-07 16:00:00,0.0001,
2022-03-08 00:00:00,2.725e-05,
2022-03-08 08:00:00,0.0001,
2022-03-08 16:00:00,0.0001,
2022-03-09 00:00:00,-8.39e-06,
2022-03-09 08:00:00,0.0001,
2022-03-09 16:00:00,0.0001,
2022-03-10 00:00:00,0.0001,
2022-03-10 08:00:00,0.0001,
2022-03-10 16:00:00,6.571e-05,
2022-03-11 00:00:00,0.0001,
2022-03-11 08:00:00,6.004e-05,
2022-03-11 16:00:00,0.0001,
2022-03-12 00:00:00,0.0001,
2022-03-12 08:00:00,0.0001,
2022-03-12 16:00:00,0.0001,
2022-03-13 00:00:00,0.0001,
2022-03-13 08:00:00,0.0001,
2022-03-13 16:00:00,0.0001,
2022-03-14 00:00:00,0.0001,
2022-03-14 08:00:00,6.911e-05,
2022-03-14 16:00:00,0.0001,
2022-03-15 00:00:00,0.0001,
2022-03-15 08:00:00,-5.523e-05,
2022-03-15 16:00:00,0.0001,
2022-03-16 00:00:00,3.373e-05,
2022-03-16 08:00:00,0.0001,
2022-03-16 16:00:00,0.0001,
2022-03-17 00:00:00,0.0001,
2022-03-17 08:00:00,0.0001,
2022-03-17 16:00:00,0.0001,
2022-03-18 00:00:00,0.0001,
2022-03-18 08:00:00,0.0001,
2022-03-18 16:00:00,0.0001,
2022-03-19 00:00:00,1.607e-05,
2022-03-19 08:00:00,0.0001,
2022-03-19 16:00:00,0.0001,
2022-03-20 00:00:00,0.0001,
2022-03-20 08:00:00,0.0001,
2022-03-20 16:00:00,0.0001,
2022-03-21 00:00:00,0.0001,
2022-03-21 08:00:00,0.0001,
2022-03-21 16:00:00,0.0001,
2022-03-22 00:00:00,0.0001,
2022-03-22 08:00:00,0.0001,
2022-03-22 16:00:00,0.0001,
2022-03-23 00:00:00,0.0001,
2022-03-23 08:00:00,0.0001,
2022-03-23 16:00:00,0.0001,
2022-03-24 00:00:00,0.0001,
2022-03-24 08:00:00,0.0001,
2022-03-24 16:00:00,0.0001,
2022-03-25 00:00:00,0.0001,
2022-03-25 08:00:00,7.546e-05,
2022-03-25 16:00:00,9.934e-05,
2022-03-26 00:00:00,0.0001,
2022-03-26 08:00:00,0.0001,
2022-03-26 16:00:00,0.0001,
2022-03-27 00:00:00,0.0001,
2022-03-27 08:00:00,0.0001,
2022-03-27 16:00:00,0.0001,
2022-03-28 00:00:00,0.0001,
2022-03-28 08:00:00,0.0001,
2022-03-28 16:00:00,0.0001,
2022-03-29 00:00:00,0.0001,
2022-03-29 08:00:00,0.0001,
2022-03-29 16:00:00,0.0001,
2022-03-30 00:00:00,0.0001,
2022-03-30 08:00:00,0.0001,
2022-03-30 16:00:00,0.0001,
2022-03-31 00:00:00,0.0001,
2022-03-31 08:00:00,0.0001,
2022-03-31 16:00:00,0.0001,
2022-04-01 00:00:00,0.0001,
2022-04-01 08:00:00,0.0001,
2022-04-01 16:00:00,0.0001,
2022-04-02 00:00:00,0.0001,
2022-04-02 08:00:00,0.0001,
2022-04-02 16:00:00,0.0001,
2022-04-03 00:00:00,0.0001,
2022-04-03 08:00:00,0.0001,
2022-04-03 16:00:00,0.0001,
2022-04-04 00:00:00,0.0001,
2022-04-04 08:00:00,0.0001,
2022-04-04 16:00:00,0.0001,
2022-04-05 00:00:00,0.0001,
2022-04-05 08:00:00,0.0001,
2022-04-05 16:00:00,0.0001,
2022-04-06 00:00:00,0.0001,
2022-04-06 08:00:00,5.818e-05,
2022-04-06 16:00:00,0.0001,
2022-04-07 00:00:00,8.139e-05,
2022-04-07 08:00:00,9.872e-05,
2022-04-07 16:00:00,0.0001,
2022-04-08 00:00:00,1.004e-05,
2022-04-08 08:00:00,0.0001,
2022-04-08 16:00:00,0.0001,
2022-04-09 00:00:00,0.0001,
2022-04-09 08:00:00,0.0001,
2022-04-09 16:00:00,0.0001,
2022-04-10 00:00:00,0.0001,
2022-04-10 08:00:00,0.0001,
2022-04-10 16:00:00,0.0001,
2022-04-11 00:00:00,4.353e-05,
2022-04-11 08:00:00,0.0001,
2022-04-11 16:00:00,0.0001,
2022-04-12 00:00:00,0.0001,
2022-04-12 08:00:00,0.0001,
2022-04-12 16:00:00,0.0001,
2022-04-13 00:00:00,0.0001,
2022-04-13 08:00:00,-1.64e-06,
2022-04-13 16:00:00,8.641e-05,
2022-04-14 00:00:00,5.595e-05,
2022-04-14 08:00:00,0.0001,
2022-04-14 16:00:00,0.0001,
2022-04-15 00:00:00,8.595e-05,
2022-04-15 08:00:00,0.0001,
2022-04-15 16:00:00,9.42e-05,
2022-04-16 00:00:00,5.392e-05,
2022-04-16 08:00:00,0.0001,
2022-04-16 16:00:00,0.0001,
2022-04-17 00:00:00,0.0001,
2022-04-17 08:00:00,0.0001,
2022-04-17 16:00:00,0.0001,
2022-04-18 00:00:00,1.207e-05,
2022-04-18 08:00:00,9.435e-05,
2022-04-18 16:00:00,0.0001,
2022-04-19 00:00:00,8.943e-05,
2022-04-19 08:00:00,0.0001,
2022-04-19 16:00:00,0.0001,
2022-04-20 00:00:00,0.0001,
2022-04-20 08:00:00,0.0001,
2022-04-20 16:00:00,0.0001,
2022-04-21 00:00:00,0.0001,
2022-04-21 08:00:00,0.0001,
2022-04-21 16:00:00,0.0001,
2022-04-22 00:00:00,0.0001,
2022-04-22 08:00:00,0.0001,
2022-04-22 16:00:00,0.0001,
2022-04-23 00:00:00,0.0001,
2022-04-23 08:00:00,0.0001,
2022-04-23 16:00:00,0.0001,
2022-04-24 00:00:00,0.0001,
2022-04-24 08:00:00,0.0001,
2022-04-24 16:00:00,-4.788e-05,
2022-04-25 00:00:00,0.0001,
2022-04-25 08:00:00,1.729e-05,
2022-04-25 16:00:00,0.0001,
2022-04-26 00:00:00,0.0001,
2022-04-26 08:00:00,0.0001,
2022-04-26 16:00:00,0.0001,
2022-04-27 00:00:00,4.806e-05,
2022-04-27 08:00:00,0.0001,
2022-04-27 16:00:00,0.0001,
2022-04-28 00:00:00,0.0001,
2022-04-28 08:00:00,0.0001,
2022-04-28 16:00:00,0.0001,
2022-04-29 00:00:00,0.0001,
2022-04-29 08:00:00,0.0001,
2022-04-29 16:00:00,0.0001,
2022-04-30 00:00:00,6.923e-05,
2022-04-30 08:00:00,0.0001,
2022-04-30 16:00:00,0.0001,
2022-05-01 00:00:00,-2.305e-05,
2022-05-01 08:00:00,-7.247e-05,
2022-05-01 16:00:00,-1.638e-05,
2022-05-02 00:00:00,0.0001,
2022-05-02 08:00:00,0.0001,
2022-05-02 16:00:00,0.0001,
2022-05-03 00:00:00,7.407e-05,
2022-05-03 08:00:00,7.907e-05,
2022-05-03 16:00:00,6.623e-05,
2022-05-04 00:00:00,0.0001,
2022-05-04 08:00:00,0.0001,
2022-05-04 16:00:00,7.346e-05,
2022-05-05 00:00:00,0.0001,
2022-05-05 08:00:00,0.0001,
2022-05-05 16:00:00,6.723e-05,
2022-05-06 00:00:00,4.181e-05,
2022-05-06 08:00:00,-6.473e-05,
2022-05-06 16:00:00,0.0001,
2022-05-07 00:00:00,-8.646e-05,
2022-05-07 08:00:00,-6.458e-05,
2022-05-07 16:00:00,7.743e-05,
2022-05-08 00:00:00,-8.041e-05,
2022-05-08 08:00:00,2.514e-05,
2022-05-08 16:00:00,8.297e-05,
2022-05-09 00:00:00,-2.907e-05,
2022-05-09 08:00:00,1e-07,
2022-05-09 16:00:00,1.954e-05,
2022-05-10 00:00:00,-4.906e-05,
2022-05-10 08:00:00,0.0001,
2022-05-10 16:00:00,0.0001,
2022-05-11 00:00:00,0.0001,
2022-05-11 08:00:00,2.598e-05,
2022-05-11 16:00:00,-0.00028924,
2022-05-12 00:00:00,-2.246e-05,
2022-05-12 08:00:00,-0.00038566,
2022-05-12 16:00:00,5.12e-05,
2022-05-13 00:00:00,7.552e-05,
2022-05-13 08:00:00,4.781e-05,
2022-05-13 16:00:00,0.0001,
2022-05-14 00:00:00,0.0001,
2022-05-14 08:00:00,0.0001,
2022-05-14 16:00:00,6.947e-05,
2022-05-15 00:00:00,0.0001,
2022-05-15 08:00:00,6.671e-05,
2022-05-15 16:00:00,4.809e-05,
2022-05-16 00:00:00,0.0001,
2022-05-16 08:00:00,0.0001,
2022-05-16 16:00:00,7.786e-05,
2022-05-17 00:00:00,5.624e-05,
2022-05-17 08:00:00,0.0001,
2022-05-17 16:00:00,0.0001,
2022-05-18 00:00:00,0.0001,
2022-05-18 08:00:00,0.0001,
2022-05-18 16:00:00,6.435e-05,
2022-05-19 00:00:00,0.0001,
2022-05-19 08:00:00,3.89e-06,
2022-05-19 16:00:00,8.138e-05,
2022-05-20 00:00:00,-7.829e-05,
2022-05-20 08:00:00,2.94e-05,
2022-05-20 16:00:00,7.444e-05,
2022-05-21 00:00:00,6.124e-05,
2022-05-21 08:00:00,-6.602e-05,
2022-05-21 16:00:00,3.474e-05,
2022-05-22 00:00:00,8.334e-05,
2022-05-22 08:00:00,9.183e-05,
2022-05-22 16:00:00,0.0001,
2022-05-23 00:00:00,0.0001,
2022-05-23 08:00:00,0.0001,
2022-05-23 16:00:00,0.0001,
2022-05-24 00:00:00,-1.474e-05,
2022-05-24 08:00:00,-4.267e-05,
2022-05-24 16:00:00,3.955e-05,
2022-05-25 00:00:00,0.0001,
2022-05-25 08:00:00,2.856e-05,
2022-05-25 16:00:00,2.464e-05,
2022-05-26 00:00:00,0.0001,
2022-05-26 08:00:00,1.941e-05,
2022-05-26 16:00:00,-2.123e-05,
2022-05-27 00:00:00,3.405e-05,
2022-05-27 08:00:00,-9.667e-05,
2022-05-27 16:00:00,4.271e-05,
2022-05-28 00:00:00,2.774e-05,
2022-05-28 08:00:00,-4.62e-06,
2022-05-28 16:00:00,1.884e-05,
2022-05-29 00:00:00,-6.536e-05,
2022-05-29 08:00:00,-0.00011129,
2022-05-29 16:00:00,4.154e-05,
2022-05-30 00:00:00,2.318e-05,
2022-05-30 08:00:00,0.0001,
2022-05-30 16:00:00,0.0001,
2022-05-31 00:00:00,0.0001,
2022-05-31 08:00:00,0.0001,
2022-05-31 16:00:00,0.0001,
2022-06-01 00:00:00,0.0001,
2022-06-01 08:00:00,9.85e-05,
2022-06-01 16:00:00,8.467e-05,
2022-06-02 00:00:00,-5.105e-05,
2022-06-02 08:00:00,7.643e-05,
2022-06-02 16:00:00,8.9e-05,
2022-06-03 00:00:00,8.514e-05,
2022-06-03 08:00:00,8.76e-05,
2022-06-03 16:00:00,-4.9e-06,
2022-06-04 00:00:00,0.0001,
2022-06-04 08:00:00,0.0001,
2022-06-04 16:00:00,0.0001,
2022-06-05 00:00:00,0.0001,
2022-06-05 08:00:00,0.0001,
2022-06-05 16:00:00,3.76e-05,
2022-06-06 00:00:00,7.7e-07,
2022-06-06 08:00:00,0.0001,
2022-06-06 16:00:00,1.836e-05,
2022-06-07 00:00:00,0.0001,
2022-06-07 08:00:00,5.62e-06,
2022-06-07 16:00:00,9.597e-05,
2022-06-08 00:00:00,0.0001,
2022-06-08 08:00:00,3.723e-05,
2022-06-08 16:00:00,0.0001,
2022-06-09 00:00:00,0.0001,
2022-06-09 08:00:00,-2.399e-05,
2022-06-09 16:00:00,0.0001,
2022-06-10 00:00:00,0.0001,
2022-06-10 08:00:00,0.0001,
2022-06-10 16:00:00,-3.03e-05,
2022-06-11 00:00:00,-0.00017546,
2022-06-11 08:00:00,-3.253e-05,
2022-06-11 16:00:00,-0.00031672,
2022-06-12 00:00:00,-9.171e-05,
2022-06-12 08:00:00,-5.989e-05,
2022-06-12 16:00:00,-0.0001647,
2022-06-13 00:00:00,-9.626e-05,
2022-06-13 08:00:00,-0.00042157,
2022-06-13 16:00:00,-0.00012118,
2022-06-14 00:00:00,-4.042e-05,
2022-06-14 08:00:00,-5.057e-05,
2022-06-14 16:00:00,5.96e-06,
2022-06-15 00:00:00,-0.00021277,
2022-06-15 08:00:00,-0.00029273,
2022-06-15 16:00:00,-0.00015649,
2022-06-16 00:00:00,0.0001,
2022-06-16 08:00:00,9.512e-05,
2022-06-16 16:00:00,-3.834e-05,
2022-06-17 00:00:00,6.926e-05,
2022-06-17 08:00:00,7.837e-05,
2022-06-17 16:00:00,7.736e-05,
2022-06-18 00:00:00,7.803e-05,
2022-06-18 08:00:00,4.639e-05,
2022-06-18 16:00:00,2.507e-05,
2022-06-19 00:00:00,6.756e-05,
2022-06-19 08:00:00,9.3e-06,
2022-06-19 16:00:00,0.0001,
2022-06-20 00:00:00,0.0001,
2022-06-20 08:00:00,0.0001,
2022-06-20 16:00:00,0.0001,
2022-06-21 00:00:00,0.0001,
2022-06-21 08:00:00,0.0001,
2022-06-21 16:00:00,0.0001,
2022-06-22 00:00:00,7.41e-05,
2022-06-22 08:00:00,0.0001,
2022-06-22 16:00:00,1.766e-05,
2022-06-23 00:00:00,8.976e-05,
2022-06-23 08:00:00,-2.819e-05,
2022-06-23 16:00:00,-0.00011669,
2022-06-24 00:00:00,-2.471e-05,
2022-06-24 08:00:00,2.949e-05,
2022-06-24 16:00:00,6.508e-05,
2022-06-25 00:00:00,-0.00010046,
2022-06-25 08:00:00,9.999e-05,
2022-06-25 16:00:00,6.669e-05,
2022-06-26 00:00:00,0.0001,
2022-06-26 08:00:00,8.74e-05,
2022-06-26 16:00:00,0.0001,
2022-06-27 00:00:00,-1.277e-05,
2022-06-27 08:00:00,8.813e-05,
2022-06-27 16:00:00,8.119e-05,
2022-06-28 00:00:00,-3.459e-05,
2022-06-28 08:00:00,-3.389e-05,
2022-06-28 16:00:00,-0.00020414,
2022-06-29 00:00:00,-0.00018631,
2022-06-29 08:00:00,0.0001,
2022-06-29 16:00:00,-5.695e-05,
2022-06-30 00:00:00,-9.251e-05,
2022-06-30 08:00:00,-7.693e-05,
2022-06-30 16:00:00,0.0001,
2022-07-01 00:00:00,-0.00013917,
2022-07-01 08:00:00,5.254e-05,
2022-07-01 16:00:00,8.595e-05,
2022-07-02 00:00:00,0.0001,
2022-07-02 08:00:00,0.0001,
2022-07-02 16:00:00,8.446e-05,
2022-07-03 00:00:00,0.0001,
2022-07-03 08:00:00,1.918e-05,
2022-07-03 16:00:00,1.336e-05,
2022-07-04 00:00:00,0.0001,
2022-07-04 08:00:00,0.0001,
2022-07-04 16:00:00,0.0001,
2022-07-05 00:00:00,0.0001,
2022-07-05 08:00:00,0.0001,
2022-07-05 16:00:00,0.0001,
2022-07-06 00:00:00,0.0001,
2022-07-06 08:00:00,0.0001,
2022-07-06 16:00:00,0.0001,
2022-07-07 00:00:00,0.0001,
2022-07-07 08:00:00,0.0001,
2022-07-07 16:00:00,0.0001,
2022-07-08 00:00:00,0.0001,
2022-07-08 08:00:00,0.0001,
2022-07-08 16:00:00,0.0001,
2022-07-09 00:00:00,0.0001,
2022-07-09 08:00:00,-0.00011683,
2022-07-09 16:00:00,-6.361e-05,
2022-07-10 00:00:00,8.47e-06,
2022-07-10 08:00:00,0.0001,
2022-07-10 16:00:00,0.0001,
2022-07-11 00:00:00,0.0001,
2022-07-11 08:00:00,0.0001,
2022-07-11 16:00:00,0.0001,
2022-07-12 00:00:00,7.945e-05,
2022-07-12 08:00:00,-0.00026016,
2022-07-12 16:00:00,0.0001,
2022-07-13 00:00:00,4.66e-05,
2022-07-13 08:00:00,5.339e-05,
2022-07-13 16:00:00,-0.00015673,
2022-07-14 00:00:00,1.427e-05,
2022-07-14 08:00:00,6.014e-05,
2022-07-14 16:00:00,-0.00017988,
2022-07-15 00:00:00,-1.904e-05,
2022-07-15 08:00:00,6.076e-05,
2022-07-15 16:00:00,0.0001,
2022-07-16 00:00:00,0.0001,
2022-07-16 08:00:00,0.0001,
2022-07-16 16:00:00,-7.62e-06,
2022-07-17 00:00:00,7.122e-05,
2022-07-17 08:00:00,-4.476e-05,
2022-07-17 16:00:00,2.55e-06,
2022-07-18 00:00:00,0.0001,
2022-07-18 08:00:00,0.0001,
2022-07-18 16:00:00,0.0001,
2022-07-19 00:00:00,1.792e-05,
2022-07-19 08:00:00,0.0001,
2022-07-19 16:00:00,0.0001,
2022-07-20 00:00:00,2.704e-05,
2022-07-20 08:00:00,0.0001,
2022-07-20 16:00:00,5.553e-05,
2022-07-21 00:00:00,-3.037e-05,
2022-07-21 08:00:00,0.0001,
2022-07-21 16:00:00,8.927e-05,
2022-07-22 00:00:00,0.0001,
2022-07-22 08:00:00,0.0001,
2022-07-22 16:00:00,0.0001,
2022-07-23 00:00:00,-0.00016266,
2022-07-23 08:00:00,0.0001,
2022-07-23 16:00:00,5.178e-05,
2022-07-24 00:00:00,7.657e-05,
2022-07-24 08:00:00,0.0001,
2022-07-24 16:00:00,7.943e-05,
2022-07-25 00:00:00,5.24e-05,
2022-07-25 08:00:00,4.546e-05,
2022-07-25 16:00:00,7.02e-06,
2022-07-26 00:00:00,5.641e-05,
2022-07-26 08:00:00,-0.00010197,
2022-07-26 16:00:00,-6.722e-05,
2022-07-27 00:00:00,-0.0002192,
2022-07-27 08:00:00,-6.262e-05,
2022-07-27 16:00:00,-0.00011573,
2022-07-28 00:00:00,0.0001,
2022-07-28 08:00:00,0.0001,
2022-07-28 16:00:00,0.0001,
2022-07-29 00:00:00,0.0001,
2022-07-29 08:00:00,0.0001,
2022-07-29 16:00:00,0.0001,
2022-07-30 00:00:00,0.0001,
2022-07-30 08:00:00,0.0001,
2022-07-30 16:00:00,0.0001,
2022-07-31 00:00:00,0.0001,
2022-07-31 08:00:00,0.0001,
2022-07-31 16:00:00,0.0001,
2022-08-01 00:00:00,0.0001,
2022-08-01 08:00:00,0.0001,
2022-08-01 16:00:00,0.0001,
2022-08-02 00:00:00,0.0001,
2022-08-02 08:00:00,0.0001,
2022-08-02 16:00:00,0.0001,
2022-08-03 00:00:00,0.0001,
2022-08-03 08:00:00,0.0001,
2022-08-03 16:00:00,0.0001,
2022-08-04 00:00:00,0.0001,
2022-08-04 08:00:00,0.0001,
2022-08-04 16:00:00,0.0001,
2022-08-05 00:00:00,0.0001,
2022-08-05 08:00:00,0.0001,
2022-08-05 16:00:00,0.0001,
2022-08-06 00:00:00,0.0001,
2022-08-06 08:00:00,0.0001,
2022-08-06 16:00:00,0.0001,
2022-08-07 00:00:00,0.0001,
2022-08-07 08:00:00,0.0001,
2022-08-07 16:00:00,0.0001,
2022-08-08 00:00:00,0.0001,
2022-08-08 08:00:00,0.0001,
2022-08-08 16:00:00,0.0001,
2022-08-09 00:00:00,0.0001,
2022-08-09 08:00:00,0.0001,
2022-08-09 16:00:00,-9.919e-05,
2022-08-10 00:00:00,6.717e-05,
2022-08-10 08:00:00,6.744e-05,
2022-08-10 16:00:00,0.0001,
2022-08-11 00:00:00,0.0001,
2022-08-11 08:00:00,0.0001,
2022-08-11 16:00:00,0.0001,
2022-08-12 00:00:00,0.0001,
2022-08-12 08:00:00,0.0001,
2022-08-12 16:00:00,0.0001,
2022-08-13 00:00:00,0.0001,
2022-08-13 08:00:00,0.0001,
2022-08-13 16:00:00,0.0001,
2022-08-14 00:00:00,0.0001,
2022-08-14 08:00:00,0.0001,
2022-08-14 16:00:00,0.0001,
2022-08-15 00:00:00,-6.81e-06,
2022-08-15 08:00:00,-2.125e-05,
2022-08-15 16:00:00,6.043e-05,
2022-08-16 00:00:00,9.943e-05,
2022-08-16 08:00:00,0.0001,
2022-08-16 16:00:00,9.439e-05,
2022-08-17 00:00:00,0.0001,
2022-08-17 08:00:00,-1.77e-06,
2022-08-17 16:00:00,8.586e-05,
2022-08-18 00:00:00,0.0001,
2022-08-18 08:00:00,0.0001,
2022-08-18 16:00:00,0.0001,
2022-08-19 00:00:00,3.145e-05,
2022-08-19 08:00:00,-4.192e-05,
2022-08-19 16:00:00,-6.44e-06,
2022-08-20 00:00:00,-9.301e-05,
2022-08-20 08:00:00,-1.75e-05,
2022-08-20 16:00:00,3.169e-05,
2022-08-21 00:00:00,5.967e-05,
2022-08-21 08:00:00,7.835e-05,
2022-08-21 16:00:00,9.95e-05,
2022-08-22 00:00:00,5.505e-05,
2022-08-22 08:00:00,5.247e-05,
2022-08-22 16:00:00,8.227e-05,
2022-08-23 00:00:00,0.0001,
2022-08-23 08:00:00,0.0001,
2022-08-23 16:00:00,0.0001,
2022-08-24 00:00:00,0.0001,
2022-08-24 08:00:00,0.0001,
2022-08-24 16:00:00,0.0001,
2022-08-25 00:00:00,2.636e-05,
2022-08-25 08:00:00,0.0001,
2022-08-25 16:00:00,1.68e-05,
2022-08-26 00:00:00,0.0001,
2022-08-26 08:00:00,7.447e-05,
2022-08-26 16:00:00,-4.13e-05,
2022-08-27 00:00:00,-9.704e-05,
2022-08-27 08:00:00,-0.00010114,
2022-08-27 16:00:00,-4.17e-05,
2022-08-28 00:00:00,-0.00029492,
2022-08-28 08:00:00,-8.079e-05,
2022-08-28 16:00:00,-0.00034573,
2022-08-29 00:00:00,-0.00038287,
2022-08-29 08:00:00,-4.641e-05,
2022-08-29 16:00:00,2.901e-05,
2022-08-30 00:00:00,6.099e-05,
2022-08-30 08:00:00,-1.106e-05,
2022-08-30 16:00:00,-4.627e-05,
2022-08-31 00:00:00,5.272e-05,
2022-08-31 08:00:00,0.0001,
2022-08-31 16:00:00,-4.434e-05,
2022-09-01 00:00:00,-4.9e-06,
2022-09-01 08:00:00,-9.689e-05,
2022-09-01 16:00:00,3.873e-05,
2022-09-02 00:00:00,9.996e-05,
2022-09-02 08:00:00,0.0001,
2022-09-02 16:00:00,-7.29e-06,
2022-09-03 00:00:00,-8e-08,
2022-09-03 08:00:00,-3.147e-05,
2022-09-03 16:00:00,-7.975e-05,
2022-09-04 00:00:00,-5.967e-05,
2022-09-04 08:00:00,-3.533e-05,
2022-09-04 16:00:00,7.449e-05,
2022-09-05 00:00:00,-1.649e-05,
2022-09-05 08:00:00,-1.942e-05,
2022-09-05 16:00:00,4.243e-05,
2022-09-06 00:00:00,0.0001,
2022-09-06 08:00:00,0.0001,
2022-09-06 16:00:00,-3.27e-06,
2022-09-07 00:00:00,-0.000186,
2022-09-07 08:00:00,7.985e-05,
2022-09-07 16:00:00,4.254e-05,
2022-09-08 00:00:00,6.347e-05,
2022-09-08 08:00:00,0.0001,
2022-09-08 16:00:00,7.476e-05,
2022-09-09 00:00:00,0.0001,
2022-09-09 08:00:00,0.0001,
2022-09-09 16:00:00,0.0001,
2022-09-10 00:00:00,0.0001,
2022-09-10 08:00:00,0.0001,
2022-09-10 16:00:00,0.0001,
2022-09-11 00:00:00,0.0001,
2022-09-11 08:00:00,9.989e-05,
2022-09-11 16:00:00,0.0001,
2022-09-12 00:00:00,4.609e-05,
2022-09-12 08:00:00,0.0001,
2022-09-12 16:00:00,0.0001,
2022-09-13 00:00:00,0.0001,
2022-09-13 08:00:00,8.455e-05,
2022-09-13 16:00:00,0.0001,
2022-09-14 00:00:00,-0.00013795,
2022-09-14 08:00:00,-3.443e-05,
2022-09-14 16:00:00,0.0001,
2022-09-15 00:00:00,-1.67e-06,
2022-09-15 08:00:00,-9.598e-05,
2022-09-15 16:00:00,-0.00016359,
2022-09-16 00:00:00,-1.72e-05,
2022-09-16 08:00:00,7.123e-05,
2022-09-16 16:00:00,-5.529e-05,
2022-09-17 00:00:00,8.039e-05,
2022-09-17 08:00:00,-2.673e-05,
2022-09-17 16:00:00,0.0001,
2022-09-18 00:00:00,3.824e-05,
2022-09-18 08:00:00,4.878e-05,
2022-09-18 16:00:00,-9.82e-05,
2022-09-19 00:00:00,-0.00015088,
2022-09-19 08:00:00,-3.094e-05,
2022-09-19 16:00:00,4.488e-05,
2022-09-20 00:00:00,-0.00011755,
2022-09-20 08:00:00,4.022e-05,
2022-09-20 16:00:00,9.821e-05,
2022-09-21 00:00:00,4.119e-05,
2022-09-21 08:00:00,-0.00012223,
2022-09-21 16:00:00,3.883e-05,
2022-09-22 00:00:00,-0.000223,
2022-09-22 08:00:00,6.275e-05,
2022-09-22 16:00:00,0.0001,
2022-09-23 00:00:00,2.548e-05,
2022-09-23 08:00:00,0.0001,
2022-09-23 16:00:00,0.0001,
2022-09-24 00:00:00,0.0001,
2022-09-24 08:00:00,0.0001,
2022-09-24 16:00:00,0.0001,
2022-09-25 00:00:00,7.008e-05,
2022-09-25 08:00:00,0.0001,
2022-09-25 16:00:00,0.0001,
2022-09-26 00:00:00,7.936e-05,
2022-09-26 08:00:00,9.69e-05,
2022-09-26 16:00:00,0.0001,
2022-09-27 00:00:00,0.0001,
2022-09-27 08:00:00,-0.00012474,
2022-09-27 16:00:00,0.0001,
2022-09-28 00:00:00,9.307e-05,
2022-09-28 08:00:00,0.0001,
2022-09-28 16:00:00,0.0001,
2022-09-29 00:00:00,0.0001,
2022-09-29 08:00:00,6.067e-05,
2022-09-29 16:00:00,0.0001,
2022-09-30 00:00:00,0.0001,
2022-09-30 08:00:00,7.624e-05,
2022-09-30 16:00:00,2.561e-05,
2022-10-01 00:00:00,1.852e-05,
2022-10-01 08:00:00,0.0001,
2022-10-01 16:00:00,0.0001,
2022-10-02 00:00:00,0.0001,
2022-10-02 08:00:00,0.0001,
2022-10-02 16:00:00,0.0001,
2022-10-03 00:00:00,1.093e-05,
2022-10-03 08:00:00,0.0001,
2022-10-03 16:00:00,0.0001,
2022-10-04 00:00:00,0.0001,
2022-10-04 08:00:00,0.0001,
2022-10-04 16:00:00,3.849e-05,
2022-10-05 00:00:00,3.503e-05,
2022-10-05 08:00:00,8.223e-05,
2022-10-05 16:00:00,0.0001,
2022-10-06 00:00:00,0.0001,
2022-10-06 08:00:00,7.723e-05,
2022-10-06 16:00:00,5.098e-05,
2022-10-07 00:00:00,7.983e-05,
2022-10-07 08:00:00,8.743e-05,
2022-10-07 16:00:00,0.0001,
2022-10-08 00:00:00,0.0001,
2022-10-08 08:00:00,0.0001,
2022-10-08 16:00:00,0.0001,
2022-10-09 00:00:00,0.0001,
2022-10-09 08:00:00,0.0001,
2022-10-09 16:00:00,0.0001,
2022-10-10 00:00:00,0.0001,
2022-10-10 08:00:00,0.0001,
2022-10-10 16:00:00,0.0001,
2022-10-11 00:00:00,0.0001,
2022-10-11 08:00:00,0.0001,
2022-10-11 16:00:00,0.0001,
2022-10-12 00:00:00,0.0001,
2022-10-12 08:00:00,2.317e-05,
2022-10-12 16:00:00,0.0001,
2022-10-13 00:00:00,0.0001,
2022-10-13 08:00:00,-5.61e-06,
2022-10-13 16:00:00,-0.00010577,
2022-10-14 00:00:00,-1.986e-05,
2022-10-14 08:00:00,0.0001,
2022-10-14 16:00:00,-8.174e-05,
2022-10-15 00:00:00,0.0001,
2022-10-15 08:00:00,3.59e-05,
2022-10-15 16:00:00,2.251e-05,
2022-10-16 00:00:00,9.716e-05,
2022-10-16 08:00:00,-0.00010087,
2022-10-16 16:00:00,-7.46e-05,
2022-10-17 00:00:00,-7.971e-05,
2022-10-17 08:00:00,5.069e-05,
2022-10-17 16:00:00,2.345e-05,
2022-10-18 00:00:00,6.344e-05,
2022-10-18 08:00:00,-1.478e-05,
2022-10-18 16:00:00,2.879e-05,
2022-10-19 00:00:00,0.0001,
2022-10-19 08:00:00,3.462e-05,
2022-10-19 16:00:00,0.0001,
2022-10-20 00:00:00,7.09e-05,
2022-10-20 08:00:00,0.0001,
2022-10-20 16:00:00,-6.07e-05,
2022-10-21 00:00:00,-3.233e-05,
2022-10-21 08:00:00,5.072e-05,
2022-10-21 16:00:00,0.0001,
2022-10-22 00:00:00,2.692e-05,
2022-10-22 08:00:00,-7.77e-05,
2022-10-22 16:00:00,-6.308e-05,
2022-10-23 00:00:00,8.129e-05,
2022-10-23 08:00:00,2.673e-05,
2022-10-23 16:00:00,-8.979e-05,
2022-10-24 00:00:00,4.412e-05,
2022-10-24 08:00:00,0.0001,
2022-10-24 16:00:00,0.0001,
2022-10-25 00:00:00,5.493e-05,
2022-10-25 08:00:00,3.02e-05,
2022-10-25 16:00:00,0.0001,
2022-10-26 00:00:00,0.0001,
2022-10-26 08:00:00,7.568e-05,
2022-10-26 16:00:00,4.278e-05,
2022-10-27 00:00:00,0.0001,
2022-10-27 08:00:00,6.303e-05,
2022-10-27 16:00:00,0.0001,
2022-10-28 00:00:00,0.0001,
2022-10-28 08:00:00,0.0001,
2022-10-28 16:00:00,0.0001,
2022-10-29 00:00:00,0.0001,
2022-10-29 08:00:00,3.045e-05,
2022-10-29 16:00:00,0.0001,
2022-10-30 00:00:00,0.0001,
2022-10-30 08:00:00,0.0001,
2022-10-30 16:00:00,0.0001,
2022-10-31 00:00:00,0.0001,
2022-10-31 08:00:00,0.0001,
2022-10-31 16:00:00,5.075e-05,
2022-11-01 00:00:00,9.495e-05,
2022-11-01 08:00:00,0.0001,
2022-11-01 16:00:00,0.0001,
2022-11-02 00:00:00,0.0001,
2022-11-02 08:00:00,-3.09e-06,
2022-11-02 16:00:00,7.12e-06,
2022-11-03 00:00:00,0.0001,
2022-11-03 08:00:00,0.0001,
2022-11-03 16:00:00,0.0001,
2022-11-04 00:00:00,3.135e-05,
2022-11-04 08:00:00,0.0001,
2022-11-04 16:00:00,0.0001,
2022-11-05 00:00:00,0.0001,
2022-11-05 08:00:00,0.0001,
2022-11-05 16:00:00,0.0001,
2022-11-06 00:00:00,9.05e-05,
2022-11-06 08:00:00,0.0001,
2022-11-06 16:00:00,0.0001,
2022-11-07 00:00:00,6.995e-05,
2022-11-07 08:00:00,0.0001,
2022-11-07 16:00:00,0.0001,
2022-11-08 00:00:00,4.438e-05,
2022-11-08 08:00:00,-0.00011773,
2022-11-08 16:00:00,9.347e-05,
2022-11-09 00:00:00,-9.284e-05,
2022-11-09 08:00:00,0.0001,
2022-11-09 16:00:00,-0.00013788,
2022-11-10 00:00:00,-0.00021266,
2022-11-10 08:00:00,-0.00032756,
2022-11-10 16:00:00,3.686e-05,
2022-11-11 00:00:00,8.335e-05,
2022-11-11 08:00:00,5.665e-05,
2022-11-11 16:00:00,0.0001,
2022-11-12 00:00:00,0.0001,
2022-11-12 08:00:00,-0.00019706,
2022-11-12 16:00:00,0.0001,
2022-11-13 00:00:00,4.609e-05,
2022-11-13 08:00:00,0.0001,
2022-11-13 16:00:00,0.0001,
2022-11-14 00:00:00,0.0001,
2022-11-14 08:00:00,0.0001,
2022-11-14 16:00:00,0.0001,
2022-11-15 00:00:00,0.0001,
2022-11-15 08:00:00,0.0001,
2022-11-15 16:00:00,0.0001,
2022-11-16 00:00:00,0.0001,
2022-11-16 08:00:00,0.0001,
2022-11-16 16:00:00,0.0001,
2022-11-17 00:00:00,4.788e-05,
2022-11-17 08:00:00,0.0001,
2022-11-17 16:00:00,0.0001,
2022-11-18 00:00:00,0.0001,
2022-11-18 08:00:00,-3.371e-05,
2022-11-18 16:00:00,0.0001,
2022-11-19 00:00:00,0.0001,
2022-11-19 08:00:00,6.122e-05,
2022-11-19 16:00:00,0.0001,
2022-11-20 00:00:00,0.0001,
2022-11-20 08:00:00,0.0001,
2022-11-20 16:00:00,2.896e-05,
2022-11-21 00:00:00,-7.57e-06,
2022-11-21 08:00:00,1.102e-05,
2022-11-21 16:00:00,9.083e-05,
2022-11-22 00:00:00,0.0001,
2022-11-22 08:00:00,0.0001,
2022-11-22 16:00:00,0.0001,
2022-11-23 00:00:00,0.0001,
2022-11-23 08:00:00,0.0001,
2022-11-23 16:00:00,0.0001,
2022-11-24 00:00:00,0.0001,
2022-11-24 08:00:00,0.0001,
2022-11-24 16:00:00,9.044e-05,
2022-11-25 00:00:00,5.702e-05,
2022-11-25 08:00:00,0.0001,
2022-11-25 16:00:00,-0.00011779,
2022-11-26 00:00:00,0.0001,
2022-11-26 08:00:00,8.773e-05,
2022-11-26 16:00:00,5.875e-05,
2022-11-27 00:00:00,4.317e-05,
2022-11-27 08:00:00,4.549e-05,
2022-11-27 16:00:00,-1.836e-05,
2022-11-28 00:00:00,5.72e-05,
2022-11-28 08:00:00,-5.344e-05,
2022-11-28 16:00:00,-2.618e-05,
2022-11-29 00:00:00,0.0001,
2022-11-29 08:00:00,0.0001,
2022-11-29 16:00:00,0.0001,
2022-11-30 00:00:00,0.0001,
2022-11-30 08:00:00,0.0001,
2022-11-30 16:00:00,0.0001,
2022-12-01 00:00:00,4.173e-05,
2022-12-01 08:00:00,0.0001,
2022-12-01 16:00:00,0.0001,
2022-12-02 00:00:00,5.133e-05,
2022-12-02 08:00:00,0.0001,
2022-12-02 16:00:00,0.0001,
2022-12-03 00:00:00,8.36e-06,
2022-12-03 08:00:00,0.0001,
2022-12-03 16:00:00,0.0001,
2022-12-04 00:00:00,0.0001,
2022-12-04 08:00:00,0.0001,
2022-12-04 16:00:00,0.0001,
2022-12-05 00:00:00,0.0001,
2022-12-05 08:00:00,0.0001,
2022-12-05 16:00:00,0.0001,
2022-12-06 00:00:00,0.0001,
2022-12-06 08:00:00,-3.415e-05,
2022-12-06 16:00:00,0.0001,
2022-12-07 00:00:00,9.631e-05,
2022-12-07 08:00:00,0.0001,
2022-12-07 16:00:00,0.0001,
2022-12-08 00:00:00,0.0001,
2022-12-08 08:00:00,0.0001,
2022-12-08 16:00:00,0.0001,
2022-12-09 00:00:00,7.133e-05,
2022-12-09 08:00:00,0.0001,
2022-12-09 16:00:00,-1.626e-05,
2022-12-10 00:00:00,1.53e-05,
2022-12-10 08:00:00,7.3e-07,
2022-12-10 16:00:00,5.101e-05,
2022-12-11 00:00:00,5.577e-05,
2022-12-11 08:00:00,-0.00013271,
2022-12-11 16:00:00,-8.488e-05,
2022-12-12 00:00:00,-0.00013925,
2022-12-12 08:00:00,1.05e-05,
2022-12-12 16:00:00,5.018e-05,
2022-12-13 00:00:00,9.24e-05,
2022-12-13 08:00:00,5.277e-05,
2022-12-13 16:00:00,0.0001,
2022-12-14 00:00:00,0.0001,
2022-12-14 08:00:00,5.174e-05,
2022-12-14 16:00:00,0.0001,
2022-12-15 00:00:00,5.16e-05,
2022-12-15 08:00:00,3.284e-05,
2022-12-15 16:00:00,0.0001,
2022-12-16 00:00:00,0.0001,
2022-12-16 08:00:00,0.0001,
2022-12-16 16:00:00,-5.535e-05,
2022-12-17 00:00:00,-1.567e-05,
2022-12-17 08:00:00,2.247e-05,
2022-12-17 16:00:00,0.0001,
2022-12-18 00:00:00,0.0001,
2022-12-18 08:00:00,-2.724e-05,
2022-12-18 16:00:00,0.0001,
2022-12-19 00:00:00,0.0001,
2022-12-19 08:00:00,-4.58e-05,
2022-12-19 16:00:00,0.0001,
2022-12-20 00:00:00,-9.126e-05,
2022-12-20 08:00:00,6.4e-05,
2022-12-20 16:00:00,4.839e-05,
2022-12-21 00:00:00,0.0001,
2022-12-21 08:00:00,-3.684e-05,
2022-12-21 16:00:00,0.0001,
2022-12-22 00:00:00,0.0001,
2022-12-22 08:00:00,0.0001,
2022-12-22 16:00:00,0.0001,
2022-12-23 00:00:00,0.0001,
2022-12-23 08:00:00,0.0001,
2022-12-23 16:00:00,0.0001,
2022-12-24 00:00:00,7.069e-05,
2022-12-24 08:00:00,0.0001,
2022-12-24 16:00:00,5.557e-05,
2022-12-25 00:00:00,-1.891e-05,
2022-12-25 08:00:00,-6.016e-05,
2022-12-25 16:00:00,-1.303e-05,
2022-12-26 00:00:00,0.0001,
2022-12-26 08:00:00,8.744e-05,
2022-12-26 16:00:00,0.0001,
2022-12-27 00:00:00,0.0001,
2022-12-27 08:00:00,0.0001,
2022-12-27 16:00:00,1.509e-05,
2022-12-28 00:00:00,7.862e-05,
2022-12-28 08:00:00,-1.011e-05,
2022-12-28 16:00:00,4.244e-05,
2022-12-29 00:00:00,-6.946e-05,
2022-12-29 08:00:00,0.0001,
2022-12-29 16:00:00,4.253e-05,
2022-12-30 00:00:00,0.0001,
2022-12-30 08:00:00,4.358e-05,
2022-12-30 16:00:00,0.0001,
2022-12-31 00:00:00,0.0001,
2022-12-31 08:00:00,0.0001,
2022-12-31 16:00:00,0.0001,
2023-01-01 00:00:00,0.0001,
2023-01-01 08:00:00,0.0001,
2023-01-01 16:00:00,0.0001,
2023-01-02 00:00:00,0.0001,
2023-01-02 08:00:00,3.704e-05,
2023-01-02 16:00:00,-1.492e-05,
2023-01-03 00:00:00,6.05e-05,
2023-01-03 08:00:00,0.0001,
2023-01-03 16:00:00,0.0001,
2023-01-04 00:00:00,0.0001,
2023-01-04 08:00:00,0.0001,
2023-01-04 16:00:00,0.0001,
2023-01-05 00:00:00,1.897e-05,
2023-01-05 08:00:00,0.0001,
2023-01-05 16:00:00,4.82e-05,
2023-01-06 00:00:00,5.623e-05,
2023-01-06 08:00:00,0.0001,
2023-01-06 16:00:00,5.78e-05,
2023-01-07 00:00:00,0.0001,
2023-01-07 08:00:00,0.0001,
2023-01-07 16:00:00,0.0001,
2023-01-08 00:00:00,5.638e-05,
2023-01-08 08:00:00,3.34e-06,
2023-01-08 16:00:00,0.0001,
2023-01-09 00:00:00,0.0001,
2023-01-09 08:00:00,0.0001,
2023-01-09 16:00:00,0.0001,
2023-01-10 00:00:00,0.0001,
2023-01-10 08:00:00,0.0001,
2023-01-10 16:00:00,0.0001,
2023-01-11 00:00:00,0.0001,
2023-01-11 08:00:00,0.0001,
2023-01-11 16:00:00,6.769e-05,
2023-01-12 00:00:00,0.0001,
2023-01-12 08:00:00,0.0001,
2023-01-12 16:00:00,0.0001,
2023-01-13 00:00:00,9.654e-05,
2023-01-13 08:00:00,0.0001,
2023-01-13 16:00:00,3.487e-05,
2023-01-14 00:00:00,0.0001,
2023-01-14 08:00:00,0.0001,
2023-01-14 16:00:00,0.0001,
2023-01-15 00:00:00,0.0001,
2023-01-15 08:00:00,0.0001,
2023-01-15 16:00:00,0.0001,
2023-01-16 00:00:00,0.0001,
2023-01-16 08:00:00,0.0001,
2023-01-16 16:00:00,0.0001,
2023-01-17 00:00:00,0.0001,
2023-01-17 08:00:00,0.0001,
2023-01-17 16:00:00,0.0001,
2023-01-18 00:00:00,0.0001,
2023-01-18 08:00:00,0.0001,
2023-01-18 16:00:00,0.0001,
2023-01-19 00:00:00,0.0001,
2023-01-19 08:00:00,0.0001,
2023-01-19 16:00:00,0.0001,
2023-01-20 00:00:00,0.0001,
2023-01-20 08:00:00,0.0001,
2023-01-20 16:00:00,0.0001,
2023-01-21 00:00:00,0.0001,
2023-01-21 08:00:00,0.0001,
2023-01-21 16:00:00,0.0001,
2023-01-22 00:00:00,0.0001,
2023-01-22 08:00:00,0.0001,
2023-01-22 16:00:00,0.0001,
2023-01-23 00:00:00,0.0001,
2023-01-23 08:00:00,0.0001,
2023-01-23 16:00:00,0.0001,
2023-01-24 00:00:00,0.0001,
2023-01-24 08:00:00,0.00018035,
2023-01-24 16:00:00,0.0001,
2023-01-25 00:00:00,0.0001,
2023-01-25 08:00:00,0.0001,
2023-01-25 16:00:00,0.0001,
2023-01-26 00:00:00,0.0001,
2023-01-26 08:00:00,0.0001,
2023-01-26 16:00:00,0.0001,
2023-01-27 00:00:00,0.0001,
2023-01-27 08:00:00,0.0001,
2023-01-27 16:00:00,0.0001,
2023-01-28 00:00:00,0.0001,
2023-01-28 08:00:00,0.0001,
2023-01-28 16:00:00,0.0001,
2023-01-29 00:00:00,0.0001,
2023-01-29 08:00:00,0.0001,
2023-01-29 16:00:00,0.0001,
2023-01-30 00:00:00,0.0001,
2023-01-30 08:00:00,0.0001,
2023-01-30 16:00:00,0.0001,
2023-01-31 00:00:00,0.0001,
2023-01-31 08:00:00,0.0001,
2023-01-31 16:00:00,0.0001,
2023-02-01 00:00:00,0.0001,
2023-02-01 08:00:00,0.0001,
2023-02-01 16:00:00,0.0001,
2023-02-02 00:00:00,0.0001,
2023-02-02 08:00:00,0.0001,
2023-02-02 16:00:00,0.0001,
2023-02-03 00:00:00,0.0001,
2023-02-03 08:00:00,0.0001,
2023-02-03 16:00:00,0.0001,
2023-02-04 00:00:00,0.0001,
2023-02-04 08:00:00,0.0001,
2023-02-04 16:00:00,0.0001,
2023-02-05 00:00:00,0.0001,
2023-02-05 08:00:00,0.0001,
2023-02-05 16:00:00,0.0001,
2023-02-06 00:00:00,0.0001,
2023-02-06 08:00:00,0.0001,
2023-02-06 16:00:00,0.0001,
2023-02-07 00:00:00,0.0001,
2023-02-07 08:00:00,0.0001,
2023-02-07 16:00:00,0.0001,
2023-02-08 00:00:00,0.0001,
2023-02-08 08:00:00,0.0001,
2023-02-08 16:00:00,0.0001,
2023-02-09 00:00:00,0.0001,
2023-02-09 08:00:00,0.0001,
2023-02-09 16:00:00,0.0001,
2023-02-10 00:00:00,0.0001,
2023-02-10 08:00:00,0.0001,
2023-02-10 16:00:00,0.0001,
2023-02-11 00:00:00,0.0001,
2023-02-11 08:00:00,0.0001,
2023-02-11 16:00:00,0.0001,
2023-02-12 00:00:00,0.0001,
2023-02-12 08:00:00,6.717e-05,
2023-02-12 16:00:00,0.0001,
2023-02-13 00:00:00,4.036e-05,
2023-02-13 08:00:00,0.0001,
2023-02-13 16:00:00,0.0001,
2023-02-14 00:00:00,0.0001,
2023-02-14 08:00:00,0.0001,
2023-02-14 16:00:00,0.0001,
2023-02-15 00:00:00,0.0001,
2023-02-15 08:00:00,0.0001,
2023-02-15 16:00:00,0.0001,
2023-02-16 00:00:00,0.0001,
2023-02-16 08:00:00,0.0001,
2023-02-16 16:00:00,0.0001,
2023-02-17 00:00:00,0.0001,
2023-02-17 08:00:00,0.0001,
2023-02-17 16:00:00,0.0001,
2023-02-18 00:00:00,0.0001,
2023-02-18 08:00:00,0.0001,
2023-02-18 16:00:00,0.0001,
2023-02-19 00:00:00,0.0001,
2023-02-19 08:00:00,0.0001,
2023-02-19 16:00:00,0.0001,
2023-02-20 00:00:00,0.0001,
2023-02-20 08:00:00,0.0001,
2023-02-20 16:00:00,0.0001,
2023-02-21 00:00:00,0.0001,
2023-02-21 08:00:00,0.0001,
2023-02-21 16:00:00,0.0001,
2023-02-22 00:00:00,0.0001,
2023-02-22 08:00:00,0.0001,
2023-02-22 16:00:00,0.0001,
2023-02-23 00:00:00,0.0001,
2023-02-23 08:00:00,0.0001,
2023-02-23 16:00:00,0.0001,
2023-02-24 00:00:00,0.0001,
2023-02-24 08:00:00,0.0001,
2023-02-24 16:00:00,0.0001,
2023-02-25 00:00:00,0.0001,
2023-02-25 08:00:00,0.0001,
2023-02-25 16:00:00,0.0001,
2023-02-26 00:00:00,0.0001,
2023-02-26 08:00:00,0.0001,
2023-02-26 16:00:00,0.0001,
2023-02-27 00:00:00,0.0001,
2023-02-27 08:00:00,0.0001,
2023-02-27 16:00:00,0.0001,
2023-02-28 00:00:00,0.0001,
2023-02-28 08:00:00,0.0001,
2023-02-28 16:00:00,0.0001,
2023-03-01 00:00:00,0.0001,
2023-03-01 08:00:00,0.0001,
2023-03-01 16:00:00,0.0001,
2023-03-02 00:00:00,0.0001,
2023-03-02 08:00:00,0.0001,
2023-03-02 16:00:00,0.0001,
2023-03-03 00:00:00,0.0001,
2023-03-03 08:00:00,0.0001,
2023-03-03 16:00:00,0.0001,
2023-03-04 00:00:00,0.0001,
2023-03-04 08:00:00,0.0001,
2023-03-04 16:00:00,8.917e-05,
2023-03-05 00:00:00,0.0001,
2023-03-05 08:00:00,0.0001,
2023-03-05 16:00:00,7.458e-05,
2023-03-06 00:00:00,5.094e-05,
2023-03-06 08:00:00,0.0001,
2023-03-06 16:00:00,0.0001,
2023-03-07 00:00:00,0.0001,
2023-03-07 08:00:00,0.0001,
2023-03-07 16:00:00,0.0001,
2023-03-08 00:00:00,0.0001,
2023-03-08 08:00:00,4.161e-05,
2023-03-08 16:00:00,0.0001,
2023-03-09 00:00:00,6.825e-05,
2023-03-09 08:00:00,0.0001,
2023-03-09 16:00:00,0.0001,
2023-03-10 00:00:00,-1.134e-05,
2023-03-10 08:00:00,8.942e-05,
2023-03-10 16:00:00,0.0001,
2023-03-11 00:00:00,0.0001,
2023-03-11 08:00:00,0.0001,
2023-03-11 16:00:00,4.539e-05,
2023-03-12 00:00:00,0.0001,
2023-03-12 08:00:00,0.0001,
2023-03-12 16:00:00,-7.492e-05,
2023-03-13 00:00:00,7.266e-05,
2023-03-13 08:00:00,0.0001,
2023-03-13 16:00:00,0.0001,
2023-03-14 00:00:00,0.0001,
2023-03-14 08:00:00,0.0001,
2023-03-14 16:00:00,0.0001,
2023-03-15 00:00:00,0.0001,
2023-03-15 08:00:00,0.0001,
2023-03-15 16:00:00,0.0001,
2023-03-16 00:00:00,0.0001,
2023-03-16 08:00:00,0.0001,
2023-03-16 16:00:00,0.0001,
2023-03-17 00:00:00,0.0001,
2023-03-17 08:00:00,0.0001,
2023-03-17 16:00:00,0.0001,
2023-03-18 00:00:00,0.0001,
2023-03-18 08:00:00,0.0001,
2023-03-18 16:00:00,0.0001,
2023-03-19 00:00:00,0.0001,
2023-03-19 08:00:00,0.0001,
2023-03-19 16:00:00,0.0001,
2023-03-20 00:00:00,0.0001,
2023-03-20 08:00:00,0.0001,
2023-03-20 16:00:00,0.0001,
2023-03-21 00:00:00,4.788e-05,
2023-03-21 08:00:00,0.0001,
2023-03-21 16:00:00,0.0001,
2023-03-22 00:00:00,0.0001,
2023-03-22 08:00:00,0.0001,
2023-03-22 16:00:00,0.0001,
2023-03-23 00:00:00,0.0001,
2023-03-23 08:00:00,0.0001,
2023-03-23 16:00:00,0.0001,
2023-03-24 00:00:00,0.0001,
2023-03-24 08:00:00,0.0001,
2023-03-24 16:00:00,0.0001,
2023-03-25 00:00:00,6.171e-05,
2023-03-25 08:00:00,-0.00011264,
2023-03-25 16:00:00,2.205e-05,
2023-03-26 00:00:00,4.399e-05,
2023-03-26 08:00:00,9.728e-05,
2023-03-26 16:00:00,4.152e-05,
2023-03-27 00:00:00,1.465e-05,
2023-03-27 08:00:00,7.985e-05,
2023-03-27 16:00:00,0.0001,
2023-03-28 00:00:00,5.7e-05,
2023-03-28 08:00:00,2.069e-05,
2023-03-28 16:00:00,5.947e-05,
2023-03-29 00:00:00,0.0001,
2023-03-29 08:00:00,4.798e-05,
2023-03-29 16:00:00,0.0001,
2023-03-30 00:00:00,0.0001,
2023-03-30 08:00:00,0.0001,
2023-03-30 16:00:00,0.0001,
2023-03-31 00:00:00,0.0001,
2023-03-31 08:00:00,0.0001,
2023-03-31 16:00:00,0.0001,
2023-04-01 00:00:00,0.0001,
2023-04-01 08:00:00,0.0001,
2023-04-01 16:00:00,0.0001,
2023-04-02 00:00:00,0.0001,
2023-04-02 08:00:00,9.382e-05,
2023-04-02 16:00:00,8.036e-05,
2023-04-03 00:00:00,7.603e-05,
2023-04-03 08:00:00,0.0001,
2023-04-03 16:00:00,6.725e-05,
2023-04-04 00:00:00,9.968e-05,
2023-04-04 08:00:00,-3.161e-05,
2023-04-04 16:00:00,0.0001,
2023-04-05 00:00:00,0.0001,
2023-04-05 08:00:00,0.0001,
2023-04-05 16:00:00,0.0001,
2023-04-06 00:00:00,0.0001,
2023-04-06 08:00:00,0.0001,
2023-04-06 16:00:00,0.0001,
2023-04-07 00:00:00,7.083e-05,
2023-04-07 08:00:00,5.738e-05,
2023-04-07 16:00:00,0.0001,
2023-04-08 00:00:00,4.044e-05,
2023-04-08 08:00:00,9.168e-05,
2023-04-08 16:00:00,4.875e-05,
2023-04-09 00:00:00,3.361e-05,
2023-04-09 08:00:00,9.756e-05,
2023-04-09 16:00:00,6.388e-05,
2023-04-10 00:00:00,8.995e-05,
2023-04-10 08:00:00,4.241e-05,
2023-04-10 16:00:00,5.141e-05,
2023-04-11 00:00:00,0.0001,
2023-04-11 08:00:00,0.0001,
2023-04-11 16:00:00,0.0001,
2023-04-12 00:00:00,0.0001,
2023-04-12 08:00:00,-1.799e-05,
2023-04-12 16:00:00,0.0001,
2023-04-13 00:00:00,0.0001,
2023-04-13 08:00:00,0.0001,
2023-04-13 16:00:00,0.0001,
2023-04-14 00:00:00,0.0001,
2023-04-14 08:00:00,0.0001,
2023-04-14 16:00:00,0.0001,
2023-04-15 00:00:00,0.0001,
2023-04-15 08:00:00,0.0001,
2023-04-15 16:00:00,0.0001,
2023-04-16 00:00:00,0.0001,
2023-04-16 08:00:00,0.0001,
2023-04-16 16:00:00,0.0001,
2023-04-17 00:00:00,0.0001,
2023-04-17 08:00:00,0.0001,
2023-04-17 16:00:00,0.0001,
2023-04-18 00:00:00,0.0001,
2023-04-18 08:00:00,0.0001,
2023-04-18 16:00:00,0.0001,
2023-04-19 00:00:00,0.0001,
2023-04-19 08:00:00,0.0001,
2023-04-19 16:00:00,0.0001,
2023-04-20 00:00:00,0.0001,
2023-04-20 08:00:00,0.0001,
2023-04-20 16:00:00,0.0001,
2023-04-21 00:00:00,0.0001,
2023-04-21 08:00:00,0.0001,
2023-04-21 16:00:00,0.0001,
2023-04-22 00:00:00,0.0001,
2023-04-22 08:00:00,8.9e-06,
2023-04-22 16:00:00,0.0001,
2023-04-23 00:00:00,-2.137e-05,
2023-04-23 08:00:00,0.0001,
2023-04-23 16:00:00,0.0001,
2023-04-24 00:00:00,0.0001,
2023-04-24 08:00:00,0.0001,
2023-04-24 16:00:00,0.0001,
2023-04-25 00:00:00,0.0001,
2023-04-25 08:00:00,0.0001,
2023-04-25 16:00:00,0.0001,
2023-04-26 00:00:00,0.0001,
2023-04-26 08:00:00,0.0001,
2023-04-26 16:00:00,0.0001,
2023-04-27 00:00:00,4.51e-05,
2023-04-27 08:00:00,0.0001,
2023-04-27 16:00:00,0.0001,
2023-04-28 00:00:00,0.0001,
2023-04-28 08:00:00,0.0001,
2023-04-28 16:00:00,0.0001,
2023-04-29 00:00:00,0.0001,
2023-04-29 08:00:00,0.0001,
2023-04-29 16:00:00,0.0001,
2023-04-30 00:00:00,0.0001,
2023-04-30 08:00:00,9.59e-05,
2023-04-30 16:00:00,7.66e-05,
2023-05-01 00:00:00,6.816e-05,
2023-05-01 08:00:00,8.385e-05,
2023-05-01 16:00:00,0.0001,
2023-05-02 00:00:00,6.792e-05,
2023-05-02 08:00:00,9.433e-05,
2023-05-02 16:00:00,0.0001,
2023-05-03 00:00:00,3.79e-05,
2023-05-03 08:00:00,0.0001,
2023-05-03 16:00:00,6.789e-05,
2023-05-04 00:00:00,0.0001,
2023-05-04 08:00:00,0.0001,
2023-05-04 16:00:00,0.0001,
2023-05-05 00:00:00,1.84e-05,
2023-05-05 08:00:00,6.225e-05,
2023-05-05 16:00:00,0.0001,
2023-05-06 00:00:00,0.0001,
2023-05-06 08:00:00,0.0001,
2023-05-06 16:00:00,0.0001,
2023-05-07 00:00:00,6.438e-05,
2023-05-07 08:00:00,9.621e-05,
2023-05-07 16:00:00,9.174e-05,
2023-05-08 00:00:00,0.0001,
2023-05-08 08:00:00,0.0001,
2023-05-08 16:00:00,0.0001,
2023-05-09 00:00:00,-7.745e-05,
2023-05-09 08:00:00,4.441e-05,
2023-05-09 16:00:00,7.242e-05,
2023-05-10 00:00:00,5.462e-05,
2023-05-10 08:00:00,8.862e-05,
2023-05-10 16:00:00,5.606e-05,
2023-05-11 00:00:00,0.0001,
2023-05-11 08:00:00,7.194e-05,
2023-05-11 16:00:00,0.0001,
2023-05-12 00:00:00,0.0001,
2023-05-12 08:00:00,8.767e-05,
2023-05-12 16:00:00,0.0001,
2023-05-13 00:00:00,0.0001,
2023-05-13 08:00:00,0.0001,
2023-05-13 16:00:00,0.0001,
2023-05-14 00:00:00,0.0001,
2023-05-14 08:00:00,5.989e-05,
2023-05-14 16:00:00,0.0001,
2023-05-15 00:00:00,0.0001,
2023-05-15 08:00:00,0.0001,
2023-05-15 16:00:00,0.0001,
2023-05-16 00:00:00,0.0001,
2023-05-16 08:00:00,9.545e-05,
2023-05-16 16:00:00,0.0001,
2023-05-17 00:00:00,0.0001,
2023-05-17 08:00:00,5.189e-05,
2023-05-17 16:00:00,0.0001,
2023-05-18 00:00:00,0.0001,
2023-05-18 08:00:00,4.827e-05,
2023-05-18 16:00:00,0.0001,
2023-05-19 00:00:00,8.872e-05,
2023-05-19 08:00:00,0.0001,
2023-05-19 16:00:00,0.0001,
2023-05-20 00:00:00,0.0001,
2023-05-20 08:00:00,0.0001,
2023-05-20 16:00:00,4.589e-05,
2023-05-21 00:00:00,9.344e-05,
2023-05-21 08:00:00,4.558e-05,
2023-05-21 16:00:00,8.922e-05,
2023-05-22 00:00:00,5.373e-05,
2023-05-22 08:00:00,1.41e-06,
2023-05-22 16:00:00,0.0001,
2023-05-23 00:00:00,7.87e-05,
2023-05-23 08:00:00,0.0001,
2023-05-23 16:00:00,0.0001,
2023-05-24 00:00:00,0.0001,
2023-05-24 08:00:00,0.0001,
2023-05-24 16:00:00,0.0001,
2023-05-25 00:00:00,0.0001,
2023-05-25 08:00:00,0.0001,
2023-05-25 16:00:00,0.0001,
2023-05-26 00:00:00,1.003e-05,
2023-05-26 08:00:00,0.0001,
2023-05-26 16:00:00,0.0001,
2023-05-27 00:00:00,7.692e-05,
2023-05-27 08:00:00,8.298e-05,
2023-05-27 16:00:00,0.0001,
2023-05-28 00:00:00,0.0001,
2023-05-28 08:00:00,0.0001,
2023-05-28 16:00:00,0.0001,
2023-05-29 00:00:00,0.0001,
2023-05-29 08:00:00,0.0001,
2023-05-29 16:00:00,0.0001,
2023-05-30 00:00:00,0.0001,
2023-05-30 08:00:00,0.0001,
2023-05-30 16:00:00,0.0001,
2023-05-31 00:00:00,0.0001,
2023-05-31 08:00:00,0.0001,
2023-05-31 16:00:00,0.0001,
2023-06-01 00:00:00,3.474e-05,
2023-06-01 08:00:00,0.0001,
2023-06-01 16:00:00,0.0001,
2023-06-02 00:00:00,0.0001,
2023-06-02 08:00:00,0.0001,
2023-06-02 16:00:00,0.0001,
2023-06-03 00:00:00,0.0001,
2023-06-03 08:00:00,0.0001,
2023-06-03 16:00:00,0.0001,
2023-06-04 00:00:00,0.0001,
2023-06-04 08:00:00,0.0001,
2023-06-04 16:00:00,0.0001,
2023-06-05 00:00:00,0.0001,
2023-06-05 08:00:00,0.0001,
2023-06-05 16:00:00,0.0001,
2023-06-06 00:00:00,-3.051e-05,
2023-06-06 08:00:00,4.041e-05,
2023-06-06 16:00:00,0.0001,
2023-06-07 00:00:00,0.0001,
2023-06-07 08:00:00,0.0001,
2023-06-07 16:00:00,0.0001,
2023-06-08 00:00:00,0.0001,
2023-06-08 08:00:00,0.0001,
2023-06-08 16:00:00,0.0001,
2023-06-09 00:00:00,0.0001,
2023-06-09 08:00:00,0.0001,
2023-06-09 16:00:00,0.0001,
2023-06-10 00:00:00,0.0001,
2023-06-10 08:00:00,-3.151e-05,
2023-06-10 16:00:00,-0.00014967,
2023-06-11 00:00:00,-5.554e-05,
2023-06-11 08:00:00,-0.00017185,
2023-06-11 16:00:00,-3.751e-05,
2023-06-12 00:00:00,6.679e-05,
2023-06-12 08:00:00,0.0001,
2023-06-12 16:00:00,5.52e-06,
2023-06-13 00:00:00,-1.62e-06,
2023-06-13 08:00:00,-0.00015319,
2023-06-13 16:00:00,-0.00014533,
2023-06-14 00:00:00,-5.366e-05,
2023-06-14 08:00:00,-5.896e-05,
2023-06-14 16:00:00,-0.00016946,
2023-06-15 00:00:00,-5.028e-05,
2023-06-15 08:00:00,-2.03e-06,
2023-06-15 16:00:00,4.775e-05,
2023-06-16 00:00:00,2.194e-05,
2023-06-16 08:00:00,-0.00010583,
2023-06-16 16:00:00,9.398e-05,
2023-06-17 00:00:00,5.04e-05,
2023-06-17 08:00:00,5.005e-05,
2023-06-17 16:00:00,0.0001,
2023-06-18 00:00:00,3.806e-05,
2023-06-18 08:00:00,9.633e-05,
2023-06-18 16:00:00,8.324e-05,
2023-06-19 00:00:00,6.919e-05,
2023-06-19 08:00:00,9.777e-05,
2023-06-19 16:00:00,5.327e-05,
2023-06-20 00:00:00,0.0001,
2023-06-20 08:00:00,9.206e-05,
2023-06-20 16:00:00,-4.349e-05,
2023-06-21 00:00:00,0.0001,
2023-06-21 08:00:00,0.0001,
2023-06-21 16:00:00,3.971e-05,
2023-06-22 00:00:00,2.314e-05,
2023-06-22 08:00:00,1.241e-05,
2023-06-22 16:00:00,6.037e-05,
2023-06-23 00:00:00,0.0001,
2023-06-23 08:00:00,0.0001,
2023-06-23 16:00:00,0.0001,
2023-06-24 00:00:00,0.0001,
2023-06-24 08:00:00,0.0001,
2023-06-24 16:00:00,3.187e-05,
2023-06-25 00:00:00,0.0001,
2023-06-25 08:00:00,0.0001,
2023-06-25 16:00:00,0.0001,
2023-06-26 00:00:00,-0.00012756,
2023-06-26 08:00:00,5.062e-05,
2023-06-26 16:00:00,8.637e-05,
2023-06-27 00:00:00,2.667e-05,
2023-06-27 08:00:00,0.0001,
2023-06-27 16:00:00,5.507e-05,
2023-06-28 00:00:00,0.0001,
2023-06-28 08:00:00,1.544e-05,
2023-06-28 16:00:00,0.0001,
2023-06-29 00:00:00,8.747e-05,
2023-06-29 08:00:00,0.0001,
2023-06-29 16:00:00,8.613e-05,
2023-06-30 00:00:00,1.73e-06,
2023-06-30 08:00:00,8.584e-05,
2023-06-30 16:00:00,0.0001,
2023-07-01 00:00:00,4.994e-05,
2023-07-01 08:00:00,0.0001,
2023-07-01 16:00:00,0.0001,
2023-07-02 00:00:00,0.0001,
2023-07-02 08:00:00,0.0001,
2023-07-02 16:00:00,0.0001,
2023-07-03 00:00:00,0.0001,
2023-07-03 08:00:00,0.0001,
2023-07-03 16:00:00,0.0001,
2023-07-04 00:00:00,0.0001,
2023-07-04 08:00:00,0.0001,
2023-07-04 16:00:00,0.0001,
2023-07-05 00:00:00,0.0001,
2023-07-05 08:00:00,0.0001,
2023-07-05 16:00:00,0.0001,
2023-07-06 00:00:00,0.0001,
2023-07-06 08:00:00,0.0001,
2023-07-06 16:00:00,3.812e-05,
2023-07-07 00:00:00,8.173e-05,
2023-07-07 08:00:00,0.0001,
2023-07-07 16:00:00,0.0001,
2023-07-08 00:00:00,0.0001,
2023-07-08 08:00:00,2.58e-06,
2023-07-08 16:00:00,1.8e-06,
2023-07-09 00:00:00,2.975e-05,
2023-07-09 08:00:00,-7.515e-05,
2023-07-09 16:00:00,-6e-06,
2023-07-10 00:00:00,-3.531e-05,
2023-07-10 08:00:00,0.0001,
2023-07-10 16:00:00,0.0001,
2023-07-11 00:00:00,0.0001,
2023-07-11 08:00:00,0.0001,
2023-07-11 16:00:00,6.386e-05,
2023-07-12 00:00:00,0.0001,
2023-07-12 08:00:00,0.0001,
2023-07-12 16:00:00,0.0001,
2023-07-13 00:00:00,3.431e-05,
2023-07-13 08:00:00,0.0001,
2023-07-13 16:00:00,-4.163e-05,
2023-07-14 00:00:00,0.0001,
2023-07-14 08:00:00,0.0001,
2023-07-14 16:00:00,0.0001,
2023-07-15 00:00:00,0.0001,
2023-07-15 08:00:00,0.0001,
2023-07-15 16:00:00,0.0001,
2023-07-16 00:00:00,0.0001,
2023-07-16 08:00:00,0.0001,
2023-07-16 16:00:00,0.0001,
2023-07-17 00:00:00,-3.639e-05,
2023-07-17 08:00:00,0.0001,
2023-07-17 16:00:00,7.844e-05,
2023-07-18 00:00:00,0.0001,
2023-07-18 08:00:00,0.0001,
2023-07-18 16:00:00,0.0001,
2023-07-19 00:00:00,0.0001,
2023-07-19 08:00:00,0.0001,
2023-07-19 16:00:00,0.0001,
2023-07-20 00:00:00,0.0001,
2023-07-20 08:00:00,0.0001,
2023-07-20 16:00:00,0.0001,
2023-07-21 00:00:00,0.0001,
2023-07-21 08:00:00,0.0001,
2023-07-21 16:00:00,0.0001,
2023-07-22 00:00:00,8.707e-05,
2023-07-22 08:00:00,7.429e-05,
2023-07-22 16:00:00,0.0001,
2023-07-23 00:00:00,4.41e-05,
2023-07-23 08:00:00,5.656e-05,
2023-07-23 16:00:00,0.0001,
2023-07-24 00:00:00,0.0001,
2023-07-24 08:00:00,6.522e-05,
2023-07-24 16:00:00,0.0001,
2023-07-25 00:00:00,7.84e-05,
2023-07-25 08:00:00,7.128e-05,
2023-07-25 16:00:00,6.971e-05,
2023-07-26 00:00:00,6.527e-05,
2023-07-26 08:00:00,0.0001,
2023-07-26 16:00:00,7.56e-05,
2023-07-27 00:00:00,0.0001,
2023-07-27 08:00:00,7.815e-05,
2023-07-27 16:00:00,4.156e-05,
2023-07-28 00:00:00,1.666e-05,
2023-07-28 08:00:00,0.0001,
2023-07-28 16:00:00,0.0001,
2023-07-29 00:00:00,8.981e-05,
2023-07-29 08:00:00,0.0001,
2023-07-29 16:00:00,0.0001,
2023-07-30 00:00:00,0.0001,
2023-07-30 08:00:00,0.0001,
2023-07-30 16:00:00,0.0001,
2023-07-31 00:00:00,0.0001,
2023-07-31 08:00:00,0.0001,
2023-07-31 16:00:00,0.0001,
2023-08-01 00:00:00,0.0001,
2023-08-01 08:00:00,0.0001,
2023-08-01 16:00:00,0.0001,
2023-08-02 00:00:00,0.0001,
2023-08-02 08:00:00,0.0001,
2023-08-02 16:00:00,0.0001,
2023-08-03 00:00:00,1.662e-05,
2023-08-03 08:00:00,0.0001,
2023-08-03 16:00:00,0.0001,
2023-08-04 00:00:00,0.0001,
2023-08-04 08:00:00,0.0001,
2023-08-04 16:00:00,0.0001,
2023-08-05 00:00:00,0.0001,
2023-08-05 08:00:00,0.0001,
2023-08-05 16:00:00,0.0001,
2023-08-06 00:00:00,0.0001,
2023-08-06 08:00:00,0.0001,
2023-08-06 16:00:00,0.0001,
2023-08-07 00:00:00,0.0001,
2023-08-07 08:00:00,3.719e-05,
2023-08-07 16:00:00,0.0001,
2023-08-08 00:00:00,0.0001,
2023-08-08 08:00:00,0.0001,
2023-08-08 16:00:00,0.0001,
2023-08-09 00:00:00,0.0001,
2023-08-09 08:00:00,0.0001,
2023-08-09 16:00:00,0.0001,
2023-08-10 00:00:00,0.0001,
2023-08-10 08:00:00,0.0001,
2023-08-10 16:00:00,0.0001,
2023-08-11 00:00:00,0.0001,
2023-08-11 08:00:00,0.0001,
2023-08-11 16:00:00,0.0001,
2023-08-12 00:00:00,0.0001,
2023-08-12 08:00:00,0.0001,
2023-08-12 16:00:00,0.0001,
2023-08-13 00:00:00,0.0001,
2023-08-13 08:00:00,0.0001,
2023-08-13 16:00:00,0.0001,
2023-08-14 00:00:00,0.0001,
2023-08-14 08:00:00,0.0001,
2023-08-14 16:00:00,0.0001,
2023-08-15 00:00:00,0.0001,
2023-08-15 08:00:00,0.0001,
2023-08-15 16:00:00,0.0001,
2023-08-16 00:00:00,0.0001,
2023-08-16 08:00:00,0.0001,
2023-08-16 16:00:00,7.199e-05,
2023-08-17 00:00:00,4.247e-05,
2023-08-17 08:00:00,1.706e-05,
2023-08-17 16:00:00,-1.7e-06,
2023-08-18 00:00:00,-0.00011984,
2023-08-18 08:00:00,4.379e-05,
2023-08-18 16:00:00,0.0001,
2023-08-19 00:00:00,7.56e-06,
2023-08-19 08:00:00,5.236e-05,
2023-08-19 16:00:00,8.91e-05,
2023-08-20 00:00:00,-1.627e-05,
2023-08-20 08:00:00,5.381e-05,
2023-08-20 16:00:00,5.53e-05,
2023-08-21 00:00:00,8.39e-06,
2023-08-21 08:00:00,1.698e-05,
2023-08-21 16:00:00,3.673e-05,
2023-08-22 00:00:00,6.568e-05,
2023-08-22 08:00:00,5.731e-05,
2023-08-22 16:00:00,8.112e-05,
2023-08-23 00:00:00,7.14e-05,
2023-08-23 08:00:00,6.799e-05,
2023-08-23 16:00:00,-4.02e-06,
2023-08-24 00:00:00,7.724e-05,
2023-08-24 08:00:00,-0.00017212,
2023-08-24 16:00:00,1.666e-05,
2023-08-25 00:00:00,2.85e-05,
2023-08-25 08:00:00,5.713e-05,
2023-08-25 16:00:00,7.355e-05,
2023-08-26 00:00:00,7.371e-05,
2023-08-26 08:00:00,6.294e-05,
2023-08-26 16:00:00,-9.63e-06,
2023-08-27 00:00:00,2.153e-05,
2023-08-27 08:00:00,8.729e-05,
2023-08-27 16:00:00,6.475e-05,
2023-08-28 00:00:00,0.0001,
2023-08-28 08:00:00,6.828e-05,
2023-08-28 16:00:00,0.0001,
2023-08-29 00:00:00,6.507e-05,
2023-08-29 08:00:00,4.915e-05,
2023-08-29 16:00:00,-9.013e-05,
2023-08-30 00:00:00,0.0001,
2023-08-30 08:00:00,9.852e-05,
2023-08-30 16:00:00,0.0001,
2023-08-31 00:00:00,6.672e-05,
2023-08-31 08:00:00,0.0001,
2023-08-31 16:00:00,3.95e-05,
2023-09-01 00:00:00,-0.00018545,
2023-09-01 08:00:00,-2.005e-05,
2023-09-01 16:00:00,6.857e-05,
2023-09-02 00:00:00,9.504e-05,
2023-09-02 08:00:00,8.468e-05,
2023-09-02 16:00:00,6.428e-05,
2023-09-03 00:00:00,0.0001,
2023-09-03 08:00:00,8.1e-07,
2023-09-03 16:00:00,0.0001,
2023-09-04 00:00:00,7.711e-05,
2023-09-04 08:00:00,5.977e-05,
2023-09-04 16:00:00,7.976e-05,
2023-09-05 00:00:00,0.0001,
2023-09-05 08:00:00,0.0001,
2023-09-05 16:00:00,0.0001,
2023-09-06 00:00:00,1.7e-07,
2023-09-06 08:00:00,9.325e-05,
2023-09-06 16:00:00,-3.312e-05,
2023-09-07 00:00:00,0.0001,
2023-09-07 08:00:00,0.0001,
2023-09-07 16:00:00,5.806e-05,
2023-09-08 00:00:00,4.947e-05,
2023-09-08 08:00:00,3.236e-05,
2023-09-08 16:00:00,-0.000112,
2023-09-09 00:00:00,-3.464e-05,
2023-09-09 08:00:00,-8e-07,
2023-09-09 16:00:00,-4.263e-05,
2023-09-10 00:00:00,-6.452e-05,
2023-09-10 08:00:00,3.566e-05,
2023-09-10 16:00:00,-4.725e-05,
2023-09-11 00:00:00,-4.118e-05,
2023-09-11 08:00:00,6.412e-05,
2023-09-11 16:00:00,5.227e-05,
2023-09-12 00:00:00,6.662e-05,
2023-09-12 08:00:00,-1.784e-05,
2023-09-12 16:00:00,9.332e-05,
2023-09-13 00:00:00,0.0001,
2023-09-13 08:00:00,8.892e-05,
2023-09-13 16:00:00,3.256e-05,
2023-09-14 00:00:00,7.804e-05,
2023-09-14 08:00:00,7.729e-05,
2023-09-14 16:00:00,7.743e-05,
2023-09-15 00:00:00,9.469e-05,
2023-09-15 08:00:00,-9.7e-06,
2023-09-15 16:00:00,0.0001,
2023-09-16 00:00:00,0.0001,
2023-09-16 08:00:00,0.0001,
2023-09-16 16:00:00,-6.939e-05,
2023-09-17 00:00:00,-2.275e-05,
2023-09-17 08:00:00,-1.5e-06,
2023-09-17 16:00:00,3.834e-05,
2023-09-18 00:00:00,-5.209e-05,
2023-09-18 08:00:00,6.971e-05,
2023-09-18 16:00:00,-1.881e-05,
2023-09-19 00:00:00,3.481e-05,
2023-09-19 08:00:00,-7.98e-06,
2023-09-19 16:00:00,0.0001,
2023-09-20 00:00:00,5.515e-05,
2023-09-20 08:00:00,-5.075e-05,
2023-09-20 16:00:00,2.701e-05,
2023-09-21 00:00:00,5.878e-05,
2023-09-21 08:00:00,-1.83e-05,
2023-09-21 16:00:00,-7.307e-05,
2023-09-22 00:00:00,-5.601e-05,
2023-09-22 08:00:00,1.381e-05,
2023-09-22 16:00:00,-5.4e-06,
2023-09-23 00:00:00,4.213e-05,
2023-09-23 08:00:00,-7.923e-05,
2023-09-23 16:00:00,-5.89e-06,
2023-09-24 00:00:00,-7.22e-06,
2023-09-24 08:00:00,3.511e-05,
2023-09-24 16:00:00,0.0001,
2023-09-25 00:00:00,1.799e-05,
2023-09-25 08:00:00,5.969e-05,
2023-09-25 16:00:00,9.196e-05,
2023-09-26 00:00:00,0.0001,
2023-09-26 08:00:00,0.0001,
2023-09-26 16:00:00,0.0001,
2023-09-27 00:00:00,7.023e-05,
2023-09-27 08:00:00,9.3e-05,
2023-09-27 16:00:00,-3.189e-05,
2023-09-28 00:00:00,-6.98e-05,
2023-09-28 08:00:00,-2.925e-05,
2023-09-28 16:00:00,3.609e-05,
2023-09-29 00:00:00,9.5e-06,
2023-09-29 08:00:00,4.961e-05,
2023-09-29 16:00:00,-5.723e-05,
2023-09-30 00:00:00,6.482e-05,
2023-09-30 08:00:00,2.976e-05,
2023-09-30 16:00:00,2.977e-05,
2023-10-01 00:00:00,0.0001,
2023-10-01 08:00:00,0.0001,
2023-10-01 16:00:00,5.61e-05,
2023-10-02 00:00:00,0.0001,
2023-10-02 08:00:00,-1.096e-05,
2023-10-02 16:00:00,-3.384e-05,
2023-10-03 00:00:00,-4.014e-05,
2023-10-03 08:00:00,2.253e-05,
2023-10-03 16:00:00,3.454e-05,
2023-10-04 00:00:00,-3.97e-06,
2023-10-04 08:00:00,-1.78e-05,
2023-10-04 16:00:00,-0.0001113,
2023-10-05 00:00:00,-1.434e-05,
2023-10-05 08:00:00,-4.58e-05,
2023-10-05 16:00:00,4.64e-06,
2023-10-06 00:00:00,7.388e-05,
2023-10-06 08:00:00,6.298e-05,
2023-10-06 16:00:00,9.479e-05,
2023-10-07 00:00:00,5.222e-05,
2023-10-07 08:00:00,0.0001,
2023-10-07 16:00:00,4.763e-05,
2023-10-08 00:00:00,6.734e-05,
2023-10-08 08:00:00,0.0001,
2023-10-08 16:00:00,-1.313e-05,
2023-10-09 00:00:00,3.902e-05,
2023-10-09 08:00:00,8.273e-05,
2023-10-09 16:00:00,-0.00019251,
2023-10-10 00:00:00,-0.00010774,
2023-10-10 08:00:00,2.454e-05,
2023-10-10 16:00:00,2.4e-07,
2023-10-11 00:00:00,3.449e-05,
2023-10-11 08:00:00,6.711e-05,
2023-10-11 16:00:00,6.864e-05,
2023-10-12 00:00:00,-4.334e-05,
2023-10-12 08:00:00,7.71e-06,
2023-10-12 16:00:00,7.005e-05,
2023-10-13 00:00:00,-0.00017505,
2023-10-13 08:00:00,-1.775e-05,
2023-10-13 16:00:00,-2.233e-05,
2023-10-14 00:00:00,3.334e-05,
2023-10-14 08:00:00,5.966e-05,
2023-10-14 16:00:00,0.0001,
2023-10-15 00:00:00,7.425e-05,
2023-10-15 08:00:00,9.463e-05,
2023-10-15 16:00:00,0.0001,
2023-10-16 00:00:00,4.509e-05,
2023-10-16 08:00:00,1.98e-06,
2023-10-16 16:00:00,-8.367e-05,
2023-10-17 00:00:00,-0.00012134,
2023-10-17 08:00:00,-6.358e-05,
2023-10-17 16:00:00,-0.00017718,
2023-10-18 00:00:00,-0.00022693,
2023-10-18 08:00:00,3.557e-05,
2023-10-18 16:00:00,0.0001,
2023-10-19 00:00:00,0.0001,
2023-10-19 08:00:00,7.833e-05,
2023-10-19 16:00:00,0.0001,
2023-10-20 00:00:00,0.0001,
2023-10-20 08:00:00,0.0001,
2023-10-20 16:00:00,0.0001,
2023-10-21 00:00:00,0.0001,
2023-10-21 08:00:00,0.0001,
2023-10-21 16:00:00,0.0001,
2023-10-22 00:00:00,0.0001,
2023-10-22 08:00:00,0.0001,
2023-10-22 16:00:00,0.0001,
2023-10-23 00:00:00,0.0001,
2023-10-23 08:00:00,0.0001,
2023-10-23 16:00:00,8.463e-05,
2023-10-24 00:00:00,0.0001,
2023-10-24 08:00:00,0.0001,
2023-10-24 16:00:00,0.0001,
2023-10-25 00:00:00,0.0001,
2023-10-25 08:00:00,0.0001,
2023-10-25 16:00:00,0.0001,
2023-10-26 00:00:00,5.934e-05,
2023-10-26 08:00:00,0.0001,
2023-10-26 16:00:00,0.0001,
2023-10-27 00:00:00,0.0001,
2023-10-27 08:00:00,5.285e-05,
2023-10-27 16:00:00,0.0001,
2023-10-28 00:00:00,0.0001,
2023-10-28 08:00:00,0.0001,
2023-10-28 16:00:00,0.0001,
2023-10-29 00:00:00,0.0001,
2023-10-29 08:00:00,0.0001,
2023-10-29 16:00:00,0.0001,
2023-10-30 00:00:00,0.0001,
2023-10-30 08:00:00,0.0001,
2023-10-30 16:00:00,0.0001,
2023-10-31 00:00:00,0.0001,
2023-10-31 08:00:00,0.0001,4.12673985
2023-10-31 16:00:00,0.0001,4.04159876
2023-11-01 00:00:00,0.0001,4.15033869
2023-11-01 08:00:00,0.0001,4.08784389
2023-11-01 16:00:00,0.0001,4.10073026
2023-11-02 00:00:00,0.00021346,4.80015602
2023-11-02 08:00:00,0.00015995,4.70538735
2023-11-02 16:00:00,0.00012185,4.56643153
2023-11-03 00:00:00,0.0001,4.69361636
2023-11-03 08:00:00,0.0001,4.688
2023-11-03 16:00:00,0.0001,4.756
2023-11-04 00:00:00,0.0001,4.656
2023-11-04 08:00:00,0.0001,4.75347666
2023-11-04 16:00:00,0.0001,4.663
2023-11-05 00:00:00,0.0001,4.7159038
2023-11-05 08:00:00,0.0001,4.832
2023-11-05 16:00:00,0.0001,4.68987114
2023-11-06 00:00:00,0.0001,4.77639665
2023-11-06 08:00:00,0.0001,4.7673813
2023-11-06 16:00:00,0.00011888,5.07666271
2023-11-07 00:00:00,0.00016153,5.11293245
2023-11-07 08:00:00,0.00024377,5.012
2023-11-07 16:00:00,0.0001,4.85392699
2023-11-08 00:00:00,0.0001,4.93289474
2023-11-08 08:00:00,0.0001,4.99883532
2023-11-08 16:00:00,0.0001,5.18094997
2023-11-09 00:00:00,0.0001,5.18088587
2023-11-09 08:00:00,0.0001,5.177
2023-11-09 16:00:00,0.00020897,5.24983108
2023-11-10 00:00:00,0.0001,5.12118762
2023-11-10 08:00:00,0.0001,5.15339312
2023-11-10 16:00:00,0.0001,5.197
2023-11-11 00:00:00,0.00020406,5.28608934
2023-11-11 08:00:00,0.00022792,5.31246981
2023-11-11 16:00:00,0.00036775,5.48976545
2023-11-12 00:00:00,0.00040896,5.398
2023-11-12 08:00:00,0.00036828,5.476
2023-11-12 16:00:00,0.0003094,5.389
2023-11-13 00:00:00,0.00040026,5.42145162
2023-11-13 08:00:00,0.0001,5.419
2023-11-13 16:00:00,0.00020019,5.542
2023-11-14 00:00:00,0.0001,5.22547716
2023-11-14 08:00:00,0.00012562,5.289
2023-11-14 16:00:00,0.0001,5.16129499
2023-11-15 00:00:00,0.0001,5.05967265
2023-11-15 08:00:00,0.0001,5.22598369
2023-11-15 16:00:00,0.0001,5.337
2023-11-16 00:00:00,0.0001,5.38463166
2023-11-16 08:00:00,0.00021492,5.5250414
2023-11-16 16:00:00,0.00017288,5.272
2023-11-17 00:00:00,0.0001,5.1990534
2023-11-17 08:00:00,0.0001,5.23212177
2023-11-17 16:00:00,0.0001,4.87116897
2023-11-18 00:00:00,0.0001,5.109
2023-11-18 08:00:00,0.0001,4.94782703
2023-11-18 16:00:00,0.0001,5.0323482
2023-11-19 00:00:00,0.0001,5.06491186
2023-11-19 08:00:00,0.0001,5.09258311
2023-11-19 16:00:00,0.0001,5.09270942
2023-11-20 00:00:00,0.0001,5.237
2023-11-20 08:00:00,0.0001,5.24495187
2023-11-20 16:00:00,0.0001,5.298
2023-11-21 00:00:00,0.0001,5.19122129
2023-11-21 08:00:00,0.0001,5.10063651
2023-11-21 16:00:00,0.0001,5.04457525
2023-11-22 00:00:00,0.0001,4.84877044
2023-11-22 08:00:00,0.0001,5.27281794
2023-11-22 16:00:00,0.0001,5.70184419
2023-11-23 00:00:00,0.0001,6.11088811
2023-11-23 08:00:00,0.0001,6.14861614
2023-11-23 16:00:00,0.0001,6.229
2023-11-24 00:00:00,0.0001,6.3298736
2023-11-24 08:00:00,0.0001,6.192
2023-11-24 16:00:00,0.0001,6.14718558
2023-11-25 00:00:00,0.0001,6.16538955
2023-11-25 08:00:00,0.0001,6.21587121
2023-11-25 16:00:00,0.0001,6.11264727
2023-11-26 00:00:00,0.0001,6.1679338
2023-11-26 08:00:00,0.0001,6.152
2023-11-26 16:00:00,0.0001,5.89866679
2023-11-27 00:00:00,0.0001,6.17958763
2023-11-27 08:00:00,0.0001,6.03489564
2023-11-27 16:00:00,0.0001,6.1911085
2023-11-28 00:00:00,0.0001,6.29515124
2023-11-28 08:00:00,0.0001,6.21821376
2023-11-28 16:00:00,0.0001,6.21387535
2023-11-29 00:00:00,0.0001,6.16299463
2023-11-29 08:00:00,0.0001,6.29083845
2023-11-29 16:00:00,0.0001,6.07367361
2023-11-30 00:00:00,0.0001,6.00795023
2023-11-30 08:00:00,0.0001,5.95265507
2023-11-30 16:00:00,0.0001,5.964
2023-12-01 00:00:00,0.0001,5.95818454
2023-12-01 08:00:00,0.0001,5.99947336
2023-12-01 16:00:00,0.0001,6.00950237
2023-12-02 00:00:00,0.0001,6.01732603
2023-12-02 08:00:00,0.0001,6.061
2023-12-02 16:00:00,0.0001,6.05075957
2023-12-03 00:00:00,0.00018336,6.175
2023-12-03 08:00:00,0.00017135,6.1509033
2023-12-03 16:00:00,0.00016588,6.00705751
2023-12-04 00:00:00,0.00013043,6.061
2023-12-04 08:00:00,0.00022611,6.17416268
2023-12-04 16:00:00,0.0001,6.02746645
2023-12-05 00:00:00,0.0001,6.113
2023-12-05 08:00:00,0.0001,6.04846437
2023-12-05 16:00:00,0.0001,6.218
2023-12-06 00:00:00,0.00018658,6.2607778
2023-12-06 08:00:00,0.00018692,6.102
2023-12-06 16:00:00,0.0001,6.055
2023-12-07 00:00:00,0.0001,6.001
2023-12-07 08:00:00,0.0001178,6.146
2023-12-07 16:00:00,0.0001,6.199
2023-12-08 00:00:00,0.00019514,6.29845577
2023-12-08 08:00:00,0.00028058,6.326
2023-12-08 16:00:00,0.0002088,6.32
2023-12-09 00:00:00,0.00030329,6.51999415
2023-12-09 08:00:00,0.00040237,6.765
2023-12-09 16:00:00,0.00040176,6.66905184
2023-12-10 00:00:00,0.00019015,6.84685894
2023-12-10 08:00:00,0.00019889,6.724
2023-12-10 16:00:00,0.00025669,6.65212508
2023-12-11 00:00:00,0.00023407,6.61069376
2023-12-11 08:00:00,0.0001,6.2070501
2023-12-11 16:00:00,0.0001,6.11533354
2023-12-12 00:00:00,0.0001,6.104
2023-12-12 08:00:00,0.0001,6.257
2023-12-12 16:00:00,0.0001,6.257
2023-12-13 00:00:00,0.00014457,6.23815427
2023-12-13 08:00:00,0.0001,6.06507275
2023-12-13 16:00:00,0.00012691,6.22081033
2023-12-14 00:00:00,0.00012516,6.30131547
2023-12-14 08:00:00,0.0001672,6.32855734
2023-12-14 16:00:00,0.00019804,6.29
2023-12-15 00:00:00,0.00028571,6.36744978
2023-12-15 08:00:00,0.00031004,6.16852774
2023-12-15 16:00:00,0.00023474,6.144
2023-12-16 00:00:00,0.0001,6.036
2023-12-16 08:00:00,0.0001,6.16151171
2023-12-16 16:00:00,0.0001,6.22401001
2023-12-17 00:00:00,0.0001,6.16994562
2023-12-17 08:00:00,0.0001,6.09
2023-12-17 16:00:00,0.00019001,6.20235601
2023-12-18 00:00:00,0.0001,6.07015363
2023-12-18 08:00:00,0.0001,5.88551262
2023-12-18 16:00:00,0.0001,5.757
2023-12-19 00:00:00,0.0001,5.946
2023-12-19 08:00:00,0.0001,6.005
2023-12-19 16:00:00,0.0001,5.91601443
2023-12-20 00:00:00,0.0001,5.83847969
2023-12-20 08:00:00,0.00013424,5.977
2023-12-20 16:00:00,0.00014549,6.07832022
2023-12-21 00:00:00,0.00014123,5.93257675
2023-12-21 08:00:00,0.00020543,5.96216962
2023-12-21 16:00:00,0.00016472,5.961
2023-12-22 00:00:00,0.0003172,6.18743569
2023-12-22 08:00:00,0.0002614,6.185
2023-12-22 16:00:00,0.00025659,6.344
2023-12-23 00:00:00,0.00026439,6.397
2023-12-23 08:00:00,0.00014123,6.21193081
2023-12-23 16:00:00,0.00028194,6.19699716
2023-12-24 00:00:00,0.00025297,6.34350626
2023-12-24 08:00:00,0.00035048,6.57782635
2023-12-24 16:00:00,0.00020709,6.93701523
2023-12-25 00:00:00,0.00012913,6.84732551
2023-12-25 08:00:00,0.00025613,6.78200636
2023-12-25 16:00:00,0.00039708,7.021
2023-12-26 00:00:00,0.00033332,6.97596656
2023-12-26 08:00:00,0.00029061,6.784
2023-12-26 16:00:00,0.0004782,7.3051995
2023-12-27 00:00:00,0.00021104,7.357
2023-12-27 08:00:00,0.00031654,7.206
2023-12-27 16:00:00,0.00049956,7.245
2023-12-28 00:00:00,0.00051648,7.24234363
2023-12-28 08:00:00,0.00080443,7.919
2023-12-28 16:00:00,0.00072246,7.5890903
2023-12-29 00:00:00,0.00067526,7.818
2023-12-29 08:00:00,0.00051383,7.53139523
2023-12-29 16:00:00,0.00054799,7.532
2023-12-30 00:00:00,0.00052076,7.576
2023-12-30 08:00:00,0.00044889,7.644
2023-12-30 16:00:00,0.00035421,7.51235475
2023-12-31 00:00:00,0.0002926,7.36319302
2023-12-31 08:00:00,0.0004515,7.469
2023-12-31 16:00:00,0.00051934,7.543
2024-01-01 00:00:00,0.00042047,7.232
2024-01-01 08:00:00,0.00039106,7.30959101
2024-01-01 16:00:00,0.00039973,7.497
2024-01-02 00:00:00,0.00067295,7.612
2024-01-02 08:00:00,0.00050802,7.57572946
2024-01-02 16:00:00,0.00056838,7.303
2024-01-03 00:00:00,0.00011651,7.17949287
2024-01-03 08:00:00,0.000152,7.26373982
2024-01-03 16:00:00,0.0001,6.60097572
2024-01-04 00:00:00,0.0001,6.432
2024-01-04 08:00:00,0.0001,6.50214376
2024-01-04 16:00:00,0.0001,6.65966964
2024-01-05 00:00:00,0.0001,6.531
2024-01-05 08:00:00,0.0001,6.522
2024-01-05 16:00:00,0.0001,6.32164206
2024-01-06 00:00:00,0.0001,6.43339912
2024-01-06 08:00:00,0.0001,6.13665109
2024-01-06 16:00:00,0.0001,6.401
2024-01-07 00:00:00,0.0001,6.31
2024-01-07 08:00:00,0.0001,6.40181877
2024-01-07 16:00:00,0.0001,6.20792928
2024-01-08 00:00:00,0.0001,6.003
2024-01-08 08:00:00,0.0001,5.90603228
2024-01-08 16:00:00,0.0001,6.04758351
2024-01-09 00:00:00,0.0001,6.23746194
2024-01-09 08:00:00,0.0001,6.10998606
2024-01-09 16:00:00,0.0001,5.82407793
2024-01-10 00:00:00,0.0001,6.00936168
2024-01-10 08:00:00,0.0001,6.035
2024-01-10 16:00:00,0.0001,6.2398728
2024-01-11 00:00:00,0.0001,6.56394114
2024-01-11 08:00:00,0.0001,6.64920476
2024-01-11 16:00:00,0.0001,6.68314289
2024-01-12 00:00:00,0.0001,6.81903059
2024-01-12 08:00:00,0.0001,6.72297532
2024-01-12 16:00:00,0.0001,6.75853445
2024-01-13 00:00:00,0.0001,6.582
2024-01-13 08:00:00,0.0001,6.62456248
2024-01-13 16:00:00,0.0001,6.576
2024-01-14 00:00:00,0.0001,6.63566516
2024-01-14 08:00:00,0.0001,6.6282896
2024-01-14 16:00:00,0.0001,6.55829131
2024-01-15 00:00:00,0.0001,6.32
2024-01-15 08:00:00,0.0001,6.53739697
2024-01-15 16:00:00,0.0001,6.51224589
2024-01-16 00:00:00,0.0001,6.66961804
2024-01-16 08:00:00,0.0001,6.813
2024-01-16 16:00:00,0.0001,6.84359065
2024-01-17 00:00:00,0.0001,6.82552293
2024-01-17 08:00:00,0.0001,6.71026473
2024-01-17 16:00:00,0.0001,6.737
2024-01-18 00:00:00,0.0001,6.774
2024-01-18 08:00:00,0.0001,6.70823874
2024-01-18 16:00:00,0.0001,6.58831285
2024-01-19 00:00:00,0.0001,6.31644851
2024-01-19 08:00:00,0.0001,6.31956077
2024-01-19 16:00:00,0.0001,6.22664574
2024-01-20 00:00:00,0.0001,6.35666236
2024-01-20 08:00:00,0.0001,6.54486658
2024-01-20 16:00:00,0.0001,6.481
2024-01-21 00:00:00,0.0001,6.49668839
2024-01-21 08:00:00,0.0001,6.464
2024-01-21 16:00:00,0.0001,6.44081259
2024-01-22 00:00:00,0.0001,6.37744715
2024-01-22 08:00:00,0.0001,6.30073745
2024-01-22 16:00:00,0.0001,6.138
2024-01-23 00:00:00,0.0001,6.044
2024-01-23 08:00:00,0.0001,5.98722928
2024-01-23 16:00:00,0.0001,5.7150752
2024-01-24 00:00:00,0.0001,5.84012477
2024-01-24 08:00:00,0.0001,5.788
2024-01-24 16:00:00,0.0001,5.824
2024-01-25 00:00:00,0.0001,5.8650672
2024-01-25 08:00:00,0.0001,5.843
2024-01-25 16:00:00,0.0001,5.71986274
2024-01-26 00:00:00,0.0001,5.748
2024-01-26 08:00:00,0.0001,5.74066235
2024-01-26 16:00:00,0.0001,5.91735826
2024-01-27 00:00:00,0.0001,5.94911483
2024-01-27 08:00:00,0.0001,5.892
2024-01-27 16:00:00,0.0001,5.93959824
2024-01-28 00:00:00,0.0001,5.986
2024-01-28 08:00:00,0.0001,5.98428128
2024-01-28 16:00:00,0.0001,5.963
2024-01-29 00:00:00,0.0001,5.941
2024-01-29 08:00:00,0.0001,5.962
2024-01-29 16:00:00,0.0001,6.0016723
2024-01-30 00:00:00,0.0001,6.143
2024-01-30 08:00:00,0.0001,6.168
2024-01-30 16:00:00,0.0001,6.24567118
2024-01-31 00:00:00,0.0001,6.256
2024-01-31 08:00:00,0.0001,6.21666058
2024-01-31 16:00:00,0.0001,6.09056577
2024-02-01 00:00:00,0.0001,5.998
2024-02-01 08:00:00,0.0001,5.979
2024-02-01 16:00:00,0.0001,5.9862748
2024-02-02 00:00:00,0.0001,6.046
2024-02-02 08:00:00,0.0001,6.16531297
2024-02-02 16:00:00,0.0001,6.246
2024-02-03 00:00:00,0.0001,6.132
2024-02-03 08:00:00,0.0001,6.167
2024-02-03 16:00:00,0.0001,6.115
2024-02-04 00:00:00,0.0001,6.108
2024-02-04 08:00:00,0.0001,6.03758828
2024-02-04 16:00:00,0.0001,6.04637857
2024-02-05 00:00:00,0.0001,5.978
2024-02-05 08:00:00,0.0001,6.039
2024-02-05 16:00:00,0.0001,6.002
2024-02-06 00:00:00,0.0001,6.00122895
2024-02-06 08:00:00,0.0001,6.139
2024-02-06 16:00:00,0.0001,6.215
2024-02-07 00:00:00,0.0001,6.276
2024-02-07 08:00:00,6.1e-05,6.249
2024-02-07 16:00:00,0.0001,6.316
2024-02-08 00:00:00,0.0001,6.391
2024-02-08 08:00:00,0.0001,6.3841735
2024-02-08 16:00:00,0.0001,6.391
2024-02-09 00:00:00,0.0001,6.313
2024-02-09 08:00:00,0.0001,6.419
2024-02-09 16:00:00,0.0001,6.54527385
2024-02-10 00:00:00,0.0001,6.65133213
2024-02-10 08:00:00,0.0001,6.613
2024-02-10 16:00:00,0.0001,6.61833593
2024-02-11 00:00:00,0.0001,6.62768996
2024-02-11 08:00:00,0.0001,6.6451642
2024-02-11 16:00:00,0.0001,6.605
2024-02-12 00:00:00,0.0001,6.681
2024-02-12 08:00:00,0.0001,6.59608925
2024-02-12 16:00:00,0.0001,6.69290876
2024-02-13 00:00:00,0.0001,6.83715517
2024-02-13 08:00:00,0.0001,6.76512631
2024-02-13 16:00:00,0.0001,6.66374433
2024-02-14 00:00:00,0.0001,6.683
2024-02-14 08:00:00,0.0001,6.71373046
2024-02-14 16:00:00,0.0001,6.82524706
2024-02-15 00:00:00,0.0001,6.89272578
2024-02-15 08:00:00,0.00019699,7.04279547
2024-02-15 16:00:00,0.0001,7.26878461
2024-02-16 00:00:00,0.00011116,7.50703015
2024-02-16 08:00:00,0.00023432,7.54500227
2024-02-16 16:00:00,0.00018857,7.40540755
2024-02-17 00:00:00,0.0001,7.44761268
2024-02-17 08:00:00,0.00025284,7.493
2024-02-17 16:00:00,0.00022385,7.60406568
2024-02-18 00:00:00,0.00021028,7.77562794
2024-02-18 08:00:00,0.0001226,7.74239508
2024-02-18 16:00:00,0.00020652,7.63876179
2024-02-19 00:00:00,0.00013319,7.663
2024-02-19 08:00:00,0.00024621,7.717
2024-02-19 16:00:00,0.00020913,7.615
2024-02-20 00:00:00,0.00034029,7.707
2024-02-20 08:00:00,0.00032007,7.591
2024-02-20 16:00:00,0.00027755,7.32682398
2024-02-21 00:00:00,0.00017625,7.565
2024-02-21 08:00:00,0.00020538,7.3
2024-02-21 16:00:00,0.00014211,7.2238293
2024-02-22 00:00:00,0.00014587,7.397
2024-02-22 08:00:00,0.0002563,7.475
2024-02-22 16:00:00,0.00026086,7.44444977
2024-02-23 00:00:00,0.00025905,7.363
2024-02-23 08:00:00,0.00028724,7.107
2024-02-23 16:00:00,0.0002306,11.40823056
2024-02-24 00:00:00,0.00038889,11.40330969
2024-02-24 08:00:00,0.00024246,12.58920472
2024-02-24 16:00:00,0.00029755,11.142
2024-02-25 00:00:00,0.00031568,11.271
2024-02-25 08:00:00,0.00040906,10.53306366
2024-02-25 16:00:00,0.0003558,10.48489508
2024-02-26 00:00:00,0.00051558,11.149
2024-02-26 08:00:00,0.00043205,10.659
2024-02-26 16:00:00,0.00037503,10.776
2024-02-27 00:00:00,0.00033937,10.622
2024-02-27 08:00:00,0.00060713,10.79065696
2024-02-27 16:00:00,0.00042936,10.60463095
2024-02-28 00:00:00,0.00041938,10.843
2024-02-28 08:00:00,0.00040882,11.048
2024-02-28 16:00:00,0.00055255,10.75903388
2024-02-29 00:00:00,0.00052433,10.937
2024-02-29 08:00:00,0.00078669,10.87669379
2024-02-29 16:00:00,0.00062875,10.928
2024-03-01 00:00:00,0.00059693,11.13480366
2024-03-01 08:00:00,0.00045891,10.8530145
2024-03-01 16:00:00,0.0004645,11.721
2024-03-02 00:00:00,0.00062931,11.575
2024-03-02 08:00:00,0.0007815,12.43817382
2024-03-02 16:00:00,0.00049678,12.331
2024-03-03 00:00:00,0.00068391,12.628
2024-03-03 08:00:00,0.00066494,12.073
2024-03-03 16:00:00,0.00050923,12.80872762
2024-03-04 00:00:00,0.00044319,12.64496238
2024-03-04 08:00:00,0.00058008,12.398
2024-03-04 16:00:00,0.00057363,12.7888197
2024-03-05 00:00:00,0.00044411,12.37006997
2024-03-05 08:00:00,0.00119001,12.991
2024-03-05 16:00:00,0.00072138,13.393
2024-03-06 00:00:00,0.00013146,13.18995738
2024-03-06 08:00:00,0.0001723,14.82445426
2024-03-06 16:00:00,0.00035647,15.74972684
2024-03-07 00:00:00,0.00020608,15.413
2024-03-07 08:00:00,0.00031016,14.968
2024-03-07 16:00:00,0.00028582,15.121
2024-03-08 00:00:00,0.00036634,14.88847809
2024-03-08 08:00:00,0.00033971,14.91603043
2024-03-08 16:00:00,0.00034096,14.53712954
2024-03-09 00:00:00,0.00024645,14.59659665
2024-03-09 08:00:00,0.00040596,14.68227802
2024-03-09 16:00:00,0.00063387,14.245
2024-03-10 00:00:00,0.00056987,14.19117763
2024-03-10 08:00:00,0.00065248,14.33806011
2024-03-10 16:00:00,0.00043075,13.908
2024-03-11 00:00:00,0.00047694,14.23844288
2024-03-11 08:00:00,0.00054971,14.30054876
2024-03-11 16:00:00,0.00051571,14.158
2024-03-12 00:00:00,0.00068594,14.459
2024-03-12 08:00:00,0.00053315,14.11605431
2024-03-12 16:00:00,0.0005042,14.18245171
2024-03-13 00:00:00,0.00048949,14.078
2024-03-13 08:00:00,0.00056984,14.504
2024-03-13 16:00:00,0.0005247,13.97167987
2024-03-14 00:00:00,0.00044574,14.24248388
2024-03-14 08:00:00,0.00059281,14.173
2024-03-14 16:00:00,0.00050703,13.76163707
2024-03-15 00:00:00,0.00053181,13.96453724
2024-03-15 08:00:00,0.00016868,13.14138894
2024-03-15 16:00:00,0.00014718,12.78622182
2024-03-16 00:00:00,0.00020885,13.07307336
2024-03-16 08:00:00,0.0002492,13.02054341
2024-03-16 16:00:00,0.00014836,12.61423544
2024-03-17 00:00:00,0.0001,12.04283224
2024-03-17 08:00:00,0.00011196,11.632
2024-03-17 16:00:00,0.00011105,12.558
2024-03-18 00:00:00,0.00011518,12.436
2024-03-18 08:00:00,0.00012243,12.39460818
2024-03-18 16:00:00,0.00017281,11.93196635
2024-03-19 00:00:00,0.00017555,11.88119683
2024-03-19 08:00:00,0.00015801,11.00789701
2024-03-19 16:00:00,0.0001,11.13420534
2024-03-20 00:00:00,0.0001,10.621
2024-03-20 08:00:00,0.0001,11.104
2024-03-20 16:00:00,0.0001,11.046
2024-03-21 00:00:00,0.0001,11.91484801
2024-03-21 08:00:00,0.0001,11.86
2024-03-21 16:00:00,0.0001,12.05324133
2024-03-22 00:00:00,0.00010737,12.19342187
2024-03-22 08:00:00,0.0001,12.11696201
2024-03-22 16:00:00,0.0001,11.68982244
2024-03-23 00:00:00,0.00014821,11.7639627
2024-03-23 08:00:00,0.00015809,11.82580172
2024-03-23 16:00:00,0.00014611,11.95927053
2024-03-24 00:00:00,0.00016318,11.622
2024-03-24 08:00:00,0.00012803,11.7351976
2024-03-24 16:00:00,0.00012474,11.860721
2024-03-25 00:00:00,0.00014032,12.04889123
2024-03-25 08:00:00,0.0001,12.06637586
2024-03-25 16:00:00,0.00016195,12.564
2024-03-26 00:00:00,0.00015493,12.436
2024-03-26 08:00:00,0.0001,12.73838322
2024-03-26 16:00:00,0.00025525,12.57282541
2024-03-27 00:00:00,0.0003753,12.70688084
2024-03-27 08:00:00,0.00027039,12.49380952
2024-03-27 16:00:00,0.00031534,12.373
2024-03-28 00:00:00,0.00043464,12.25924082
2024-03-28 08:00:00,0.00044618,12.515
2024-03-28 16:00:00,0.00035094,12.441
2024-03-29 00:00:00,0.00034946,12.76200926
2024-03-29 08:00:00,0.0003021,12.5229648
2024-03-29 16:00:00,0.00038885,12.66095274
2024-03-30 00:00:00,0.00039615,12.65309205
2024-03-30 08:00:00,0.0003111,12.5646703
2024-03-30 16:00:00,0.00051209,12.783
2024-03-31 00:00:00,0.00037903,12.616766
2024-03-31 08:00:00,0.00058893,13.3
2024-03-31 16:00:00,0.00042478,12.9528858
2024-04-01 00:00:00,0.00053402,12.959
2024-04-01 08:00:00,0.00028726,12.51
2024-04-01 16:00:00,0.00018573,12.30269433
2024-04-02 00:00:00,0.00019716,12.426
2024-04-02 08:00:00,0.0001,11.565
2024-04-02 16:00:00,0.0001,11.236
2024-04-03 00:00:00,0.00010908,11.30839171
2024-04-03 08:00:00,0.00012786,11.094
2024-04-03 16:00:00,0.0001,10.96064513
2024-04-04 00:00:00,0.0001,10.8753624
2024-04-04 08:00:00,0.0001,11.072
2024-04-04 16:00:00,0.00010256,11.1258438
2024-04-05 00:00:00,0.00011878,10.983
2024-04-05 08:00:00,0.00010517,10.714
2024-04-05 16:00:00,0.0001,10.9180959
2024-04-06 00:00:00,0.00010732,10.93231083
2024-04-06 08:00:00,0.0001,11.07056872
2024-04-06 16:00:00,0.0001,11.1493626
2024-04-07 00:00:00,0.0001,11.246
2024-04-07 08:00:00,0.0001,11.269
2024-04-07 16:00:00,0.0001,11.32290277
2024-04-08 00:00:00,0.0001,11.40847472
2024-04-08 08:00:00,0.00013999,11.49628993
2024-04-08 16:00:00,0.00015532,11.61939538
2024-04-09 00:00:00,0.00020736,11.63297533
2024-04-09 08:00:00,0.00018942,11.35891203
2024-04-09 16:00:00,0.00019476,11.20556053
2024-04-10 00:00:00,0.00026274,11.219
2024-04-10 08:00:00,0.00016337,11.18011658
2024-04-10 16:00:00,0.00010759,11.123
2024-04-11 00:00:00,0.00010025,10.052
2024-04-11 08:00:00,0.0001,9.3804092
2024-04-11 16:00:00,0.0001,9.032
2024-04-12 00:00:00,0.0001,9.14494694
2024-04-12 08:00:00,0.00012767,9.108
2024-04-12 16:00:00,0.00017125,8.842
2024-04-13 00:00:00,0.0001,7.926
2024-04-13 08:00:00,0.0001,7.839
2024-04-13 16:00:00,0.0001,7.808
2024-04-14 00:00:00,0.0001,6.90523158
2024-04-14 08:00:00,0.0001,7.254
2024-04-14 16:00:00,0.0001,7.11547022
2024-04-15 00:00:00,0.0001,7.518
2024-04-15 08:00:00,0.0001,7.85841885
2024-04-15 16:00:00,0.0001,7.50553868
2024-04-16 00:00:00,0.0001,7.24320391
2024-04-16 08:00:00,0.0001,7.264
2024-04-16 16:00:00,8.467e-05,6.86791895
2024-04-17 00:00:00,7.028e-05,7.182
2024-04-17 08:00:00,8.068e-05,7.0798019
2024-04-17 16:00:00,-6.67e-06,6.70691699
2024-04-18 00:00:00,1.694e-05,6.88673502
2024-04-18 08:00:00,9.997e-05,6.89644273
2024-04-18 16:00:00,9.858e-05,7.219
2024-04-19 00:00:00,1.555e-05,7.295
2024-04-19 08:00:00,0.0001,7.494
2024-04-19 16:00:00,0.0001,7.5760717
2024-04-20 00:00:00,0.0001,7.488
2024-04-20 08:00:00,3.765e-05,7.574
2024-04-20 16:00:00,0.0001,7.70077204
2024-04-21 00:00:00,9.279e-05,7.869
2024-04-21 08:00:00,2.164e-05,7.83
2024-04-21 16:00:00,4.529e-05,7.728
2024-04-22 00:00:00,0.0001,7.72413845
2024-04-22 08:00:00,2.704e-05,7.991
2024-04-22 16:00:00,-2.91e-06,8.041
2024-04-23 00:00:00,-5.165e-05,8.19740768
2024-04-23 08:00:00,6.68e-06,8.069
2024-04-23 16:00:00,8.293e-05,8.0364671
2024-04-24 00:00:00,3.342e-05,7.94345829
2024-04-24 08:00:00,6.836e-05,8.10152645
2024-04-24 16:00:00,3.333e-05,7.72409626
2024-04-25 00:00:00,6.816e-05,7.71275635
2024-04-25 08:00:00,8.654e-05,7.744
2024-04-25 16:00:00,8.273e-05,8.032
2024-04-26 00:00:00,5.044e-05,7.92772316
2024-04-26 08:00:00,3.175e-05,7.764
2024-04-26 16:00:00,-5.257e-05,7.58517598
2024-04-27 00:00:00,2.802e-05,7.70054726
2024-04-27 08:00:00,1.6e-06,7.689
2024-04-27 16:00:00,0.0001,7.708
2024-04-28 00:00:00,3.97e-05,7.971
2024-04-28 08:00:00,2.456e-05,8.015
2024-04-28 16:00:00,9.828e-05,8.165
2024-04-29 00:00:00,8.805e-05,7.823
2024-04-29 08:00:00,0.0001,7.62058118
2024-04-29 16:00:00,-3.019e-05,7.68239141
2024-04-30 00:00:00,8.967e-05,7.68449664
2024-04-30 08:00:00,0.0001,7.611
2024-04-30 16:00:00,2.448e-05,7.12154366
2024-05-01 00:00:00,-7.095e-05,7.032
2024-05-01 08:00:00,7.22e-05,6.736
2024-05-01 16:00:00,-6.84e-06,6.79591248
2024-05-02 00:00:00,7.174e-05,7.04329981
2024-05-02 08:00:00,4.939e-05,6.94073752
2024-05-02 16:00:00,5.59e-05,7.169
2024-05-03 00:00:00,7.71e-05,7.10229695
2024-05-03 08:00:00,0.0001,6.99212133
2024-05-03 16:00:00,2.041e-05,7.437
2024-05-04 00:00:00,3.631e-05,7.57762367
2024-05-04 08:00:00,-1.71e-05,7.50464644
2024-05-04 16:00:00,0.0001,7.5364943
2024-05-05 00:00:00,1.323e-05,7.528
2024-05-05 08:00:00,0.0001,7.4282285
2024-05-05 16:00:00,0.0001,7.528
2024-05-06 00:00:00,6.927e-05,7.58437808
2024-05-06 08:00:00,0.0001,7.78
2024-05-06 16:00:00,0.0001,7.56415623
2024-05-07 00:00:00,0.0001,7.47
2024-05-07 08:00:00,0.0001,7.47708668
2024-05-07 16:00:00,0.0001,7.575
2024-05-08 00:00:00,0.0001,7.39568812
2024-05-08 08:00:00,0.0001,7.27458389
2024-05-08 16:00:00,0.0001,7.447
2024-05-09 00:00:00,0.0001,7.325
2024-05-09 08:00:00,0.0001,7.29809229
2024-05-09 16:00:00,0.0001,7.36701842
2024-05-10 00:00:00,0.0001,7.5
2024-05-10 08:00:00,0.0001,7.547
2024-05-10 16:00:00,0.0001,7.225
2024-05-11 00:00:00,-7.93e-06,7.10200119
2024-05-11 08:00:00,-3.824e-05,7.117
2024-05-11 16:00:00,6.721e-05,7.102
2024-05-12 00:00:00,-5.637e-05,7.031
2024-05-12 08:00:00,-1.263e-05,7.07124142
2024-05-12 16:00:00,0.0001,7.18191818
2024-05-13 00:00:00,8.712e-05,7.05805236
2024-05-13 08:00:00,5.651e-05,7.076
2024-05-13 16:00:00,0.0001,7.112
2024-05-14 00:00:00,0.0001,7.00252776
2024-05-14 08:00:00,0.0001,6.949
2024-05-14 16:00:00,0.0001,6.91320204
2024-05-15 00:00:00,-9.05e-06,6.7829839
2024-05-15 08:00:00,-7.429e-05,6.858
2024-05-15 16:00:00,0.0001,7.266
2024-05-16 00:00:00,0.0001,7.36
2024-05-16 08:00:00,0.0001,7.403
2024-05-16 16:00:00,0.0001,7.191
2024-05-17 00:00:00,0.0001,7.291
2024-05-17 08:00:00,0.0001,7.48827677
2024-05-17 16:00:00,0.0001,7.571
2024-05-18 00:00:00,0.0001,7.487
2024-05-18 08:00:00,-1.461e-05,7.543
2024-05-18 16:00:00,8.614e-05,7.972
2024-05-19 00:00:00,0.0001,7.85481709
2024-05-19 08:00:00,7.45e-06,7.908
2024-05-19 16:00:00,9.628e-05,7.69573037
2024-05-20 00:00:00,0.0001,7.63691579
2024-05-20 08:00:00,-2.865e-05,7.73209895
2024-05-20 16:00:00,7.47e-05,7.7204255
2024-05-21 00:00:00,0.0001,9.32751839
2024-05-21 08:00:00,0.0001,9.27968969
2024-05-21 16:00:00,0.0001,9.346
2024-05-22 00:00:00,0.0001,9.661
2024-05-22 08:00:00,0.0001,9.475
2024-05-22 16:00:00,0.0001,9.279
2024-05-23 00:00:00,0.0001,9.311
2024-05-23 08:00:00,0.0001,9.71631236
2024-05-23 16:00:00,0.0001,9.288
2024-05-24 00:00:00,0.0001,9.09
2024-05-24 08:00:00,0.0001,9.10250985
2024-05-24 16:00:00,0.0001,9.15455413
2024-05-25 00:00:00,0.0001,10.214
2024-05-25 08:00:00,0.0001,10.88493119
2024-05-25 16:00:00,0.0001,10.90675985
2024-05-26 00:00:00,0.0001,11.33168008
2024-05-26 08:00:00,0.0001,11.331
2024-05-26 16:00:00,0.0001,11.44905628
2024-05-27 00:00:00,0.0001,11.17539929
2024-05-27 08:00:00,0.0001,11.158
2024-05-27 16:00:00,0.0001,11.118
2024-05-28 00:00:00,0.0001,11.065
2024-05-28 08:00:00,0.00015529,10.92
2024-05-28 16:00:00,0.00015026,10.837
2024-05-29 00:00:00,0.00019465,11.1179296
2024-05-29 08:00:00,0.0001,10.843
2024-05-29 16:00:00,0.0001,10.51841169
2024-05-30 00:00:00,0.0001,10.45
2024-05-30 08:00:00,0.00015243,10.46
2024-05-30 16:00:00,0.0001,10.91538002
2024-05-31 00:00:00,0.0001,10.768
2024-05-31 08:00:00,0.0001,10.64303556
2024-05-31 16:00:00,0.0001,10.422
2024-06-01 00:00:00,0.0001,9.96561538
2024-06-01 08:00:00,0.0001,10.00402076
2024-06-01 16:00:00,0.0001,9.951
2024-06-02 00:00:00,0.00013532,9.89
2024-06-02 08:00:00,0.00015708,9.754
2024-06-02 16:00:00,0.00010016,9.70684858
2024-06-03 00:00:00,0.0001,9.42511451
2024-06-03 08:00:00,0.0001,9.682
2024-06-03 16:00:00,0.0001,9.668
2024-06-04 00:00:00,0.0001,9.49993165
2024-06-04 08:00:00,0.0001,9.51041264
2024-06-04 16:00:00,0.0001,10.38003872
2024-06-05 00:00:00,0.0001412,11.472
2024-06-05 08:00:00,0.0001,11.25
2024-06-05 16:00:00,0.0001,10.955
2024-06-06 00:00:00,0.0001,11.172
2024-06-06 08:00:00,0.00014742,10.773
2024-06-06 16:00:00,0.0001,10.742
2024-06-07 00:00:00,0.00010571,10.62746263
2024-06-07 08:00:00,0.00018639,10.701
2024-06-07 16:00:00,0.0001658,10.469
2024-06-08 00:00:00,0.0001,9.8208824
2024-06-08 08:00:00,0.0001,10.07
2024-06-08 16:00:00,0.0001,9.99
2024-06-09 00:00:00,0.0001,10.0515589
2024-06-09 08:00:00,0.0001,9.97756049
2024-06-09 16:00:00,0.0001,9.77250182
2024-06-10 00:00:00,0.0001,9.82195977
2024-06-10 08:00:00,0.0001,9.63050693
2024-06-10 16:00:00,0.0001,10.65349356
2024-06-11 00:00:00,0.0001,10.35220102
2024-06-11 08:00:00,0.0001,9.42762641
2024-06-11 16:00:00,0.0001,8.90911371
2024-06-12 00:00:00,0.0001,8.97190002
2024-06-12 08:00:00,0.0001,9.4868283
2024-06-12 16:00:00,0.0001,10.23825337
2024-06-13 00:00:00,0.0001,10.07817578
2024-06-13 08:00:00,0.0001,9.86910668
2024-06-13 16:00:00,0.0001,9.82069516
2024-06-14 00:00:00,0.0001,10.15739469
2024-06-14 08:00:00,0.0001,10.65865596
2024-06-14 16:00:00,0.0001,10.62213952
2024-06-15 00:00:00,0.0001,10.42529809
2024-06-15 08:00:00,0.0001,10.96228672
2024-06-15 16:00:00,0.0001,11.543
2024-06-16 00:00:00,0.0001,11.51798352
2024-06-16 08:00:00,0.0001,11.48393725
2024-06-16 16:00:00,0.0001,11.48043925
2024-06-17 00:00:00,0.0001,11.98
2024-06-17 08:00:00,0.0001,11.01402835
2024-06-17 16:00:00,0.0001,10.728
2024-06-18 00:00:00,0.0001,10.602
2024-06-18 08:00:00,6.317e-05,9.877
2024-06-18 16:00:00,0.0001,9.52466562
2024-06-19 00:00:00,2.529e-05,9.76
2024-06-19 08:00:00,9.772e-05,10.37
2024-06-19 16:00:00,0.0001,10.0006325
2024-06-20 00:00:00,0.0001,9.95060503
2024-06-20 08:00:00,0.0001,10.113
2024-06-20 16:00:00,3.971e-05,9.94302911
2024-06-21 00:00:00,0.0001,10.0260548
2024-06-21 08:00:00,8.524e-05,9.84438265
2024-06-21 16:00:00,0.0001,9.99431194
2024-06-22 00:00:00,-6.686e-05,9.8004829
2024-06-22 08:00:00,7.975e-05,9.99365743
2024-06-22 16:00:00,0.0001,9.93126847
2024-06-23 00:00:00,0.0001,9.83306681
2024-06-23 08:00:00,2.288e-05,10.007
2024-06-23 16:00:00,0.0001,9.98787395
2024-06-24 00:00:00,0.0001,9.76701624
2024-06-24 08:00:00,0.0001,9.20991955
2024-06-24 16:00:00,6.262e-05,8.836
2024-06-25 00:00:00,4.015e-05,9.32066263
2024-06-25 08:00:00,9.318e-05,9.421
2024-06-25 16:00:00,0.0001,9.425
2024-06-26 00:00:00,0.0001,9.5
2024-06-26 08:00:00,0.0001,9.469
2024-06-26 16:00:00,0.0001,9.319
2024-06-27 00:00:00,0.0001,9.389
2024-06-27 08:00:00,0.0001,9.20603912
2024-06-27 16:00:00,0.0001,9.448
2024-06-28 00:00:00,0.0001,9.50221612
2024-06-28 08:00:00,0.0001,9.513
2024-06-28 16:00:00,0.0001,9.36799334
2024-06-29 00:00:00,6.232e-05,8.99781475
2024-06-29 08:00:00,-6.295e-05,9.051
2024-06-29 16:00:00,-2.858e-05,8.996
2024-06-30 00:00:00,5.851e-05,8.852
2024-06-30 08:00:00,0.0001,8.971
2024-06-30 16:00:00,7.921e-05,9.17081396
2024-07-01 00:00:00,0.0001,9.29250518
2024-07-01 08:00:00,0.0001,9.372
2024-07-01 16:00:00,0.0001,9.258
2024-07-02 00:00:00,0.0001,9.14467121
2024-07-02 08:00:00,0.0001,9.053
2024-07-02 16:00:00,0.0001,9.003
2024-07-03 00:00:00,0.0001,8.99608978
2024-07-03 08:00:00,0.0001,8.8719022
2024-07-03 16:00:00,0.0001,8.635
2024-07-04 00:00:00,0.0001,8.517
2024-07-04 08:00:00,8.486e-05,8.077
2024-07-04 16:00:00,0.0001,8.03106975
2024-07-05 00:00:00,6.933e-05,7.624
2024-07-05 08:00:00,4.423e-05,7.08268633
2024-07-05 16:00:00,3.45e-05,7.72495514
2024-07-06 00:00:00,9.315e-05,7.772
2024-07-06 08:00:00,0.0001,7.84036327
2024-07-06 16:00:00,9.284e-05,7.95682977
2024-07-07 00:00:00,5.813e-05,8.185
2024-07-07 08:00:00,7.974e-05,7.943
2024-07-07 16:00:00,5.139e-05,7.80857277
2024-07-08 00:00:00,0.0001,7.643
2024-07-08 08:00:00,1.959e-05,7.70351458
2024-07-08 16:00:00,0.0001,7.90511638
2024-07-09 00:00:00,3.514e-05,8.03114047
2024-07-09 08:00:00,7.424e-05,8.149
2024-07-09 16:00:00,0.0001,8.07700697
2024-07-10 00:00:00,5.693e-05,8.16872578
2024-07-10 08:00:00,0.0001,8.12076018
2024-07-10 16:00:00,0.0001,8.093
2024-07-11 00:00:00,0.0001,8.02297956
2024-07-11 08:00:00,0.0001,7.98358349
2024-07-11 16:00:00,1.654e-05,7.829
2024-07-12 00:00:00,0.0001,7.82429206
2024-07-12 08:00:00,0.0001,7.81307909
2024-07-12 16:00:00,9.818e-05,8.123
2024-07-13 00:00:00,0.0001,8.11135175
2024-07-13 08:00:00,0.0001,8.195
2024-07-13 16:00:00,4.826e-05,8.17628602
2024-07-14 00:00:00,0.0001,8.152
2024-07-14 08:00:00,0.0001,8.33138406
2024-07-14 16:00:00,0.0001,8.217
2024-07-15 00:00:00,0.0001,8.41939665
2024-07-15 08:00:00,0.0001,8.435
2024-07-15 16:00:00,3.789e-05,8.37755693
2024-07-16 00:00:00,0.0001,8.58860182
2024-07-16 08:00:00,7.333e-05,8.03562313
2024-07-16 16:00:00,-2.107e-05,8.334435
2024-07-17 00:00:00,5.755e-05,8.166
2024-07-17 08:00:00,0.0001,8.277
2024-07-17 16:00:00,8.693e-05,8.06738753
2024-07-18 00:00:00,8.15e-05,7.917
2024-07-18 08:00:00,0.0001,7.926
2024-07-18 16:00:00,0.0001,7.687
2024-07-19 00:00:00,9.977e-05,7.833
2024-07-19 08:00:00,0.0001,7.73
2024-07-19 16:00:00,0.0001,7.929
2024-07-20 00:00:00,-4.271e-05,7.99000132
2024-07-20 08:00:00,0.0001,7.956
2024-07-20 16:00:00,1.021e-05,7.993
2024-07-21 00:00:00,9.138e-05,8.00651756
2024-07-21 08:00:00,5.651e-05,7.887
2024-07-21 16:00:00,1.482e-05,7.97
2024-07-22 00:00:00,0.0001,8.123
2024-07-22 08:00:00,0.0001,7.92559126
2024-07-22 16:00:00,8.047e-05,7.909
2024-07-23 00:00:00,0.0001,7.807
2024-07-23 08:00:00,4.96e-06,7.696
2024-07-23 16:00:00,5.549e-05,7.84101918
2024-07-24 00:00:00,0.0001,7.705
2024-07-24 08:00:00,0.0001,7.608
2024-07-24 16:00:00,7.503e-05,7.545
2024-07-25 00:00:00,1.016e-05,7.41800284
2024-07-25 08:00:00,7.908e-05,7.1693831
2024-07-25 16:00:00,5.126e-05,7.227
2024-07-26 00:00:00,3.927e-05,7.28504505
2024-07-26 08:00:00,4.644e-05,7.60750745
2024-07-26 16:00:00,0.0001,7.61
2024-07-27 00:00:00,0.0001,7.67257913
2024-07-27 08:00:00,0.0001,7.715
2024-07-27 16:00:00,0.0001,7.741
2024-07-28 00:00:00,8.357e-05,7.667
2024-07-28 08:00:00,-5.332e-05,7.5529487
2024-07-28 16:00:00,-5.028e-05,7.558
2024-07-29 00:00:00,-3.8e-05,7.528
2024-07-29 08:00:00,0.0001,7.83102626
2024-07-29 16:00:00,0.0001,7.77841586
2024-07-30 00:00:00,9.91e-05,7.6791911
2024-07-30 08:00:00,0.0001,7.656
2024-07-30 16:00:00,8.895e-05,7.542
2024-07-31 00:00:00,-1.067e-05,7.38759213
2024-07-31 08:00:00,0.0001,7.408
2024-07-31 16:00:00,4.048e-05,7.31293161
2024-08-01 00:00:00,-2.284e-05,7.16680298
2024-08-01 08:00:00,-2.26e-06,7.04709243
2024-08-01 16:00:00,6.34e-06,7.07996575
2024-08-02 00:00:00,0.0001,7.17905135
2024-08-02 08:00:00,6.805e-05,7.1065833
2024-08-02 16:00:00,4.67e-06,6.7178962
2024-08-03 00:00:00,-5.953e-05,6.60993217
2024-08-03 08:00:00,-3.537e-05,6.669
2024-08-03 16:00:00,2.982e-05,6.57547781
2024-08-04 00:00:00,-8.847e-05,6.623
2024-08-04 08:00:00,-9.593e-05,6.598
2024-08-04 16:00:00,4.611e-05,6.216
2024-08-05 00:00:00,7.232e-05,6.145
2024-08-05 08:00:00,-5.8e-07,5.19693034
2024-08-05 16:00:00,1.686e-05,5.38293795
2024-08-06 00:00:00,-5.726e-05,5.36
2024-08-06 08:00:00,-2.04e-06,5.799
2024-08-06 16:00:00,9.544e-05,5.81285293
2024-08-07 00:00:00,8.656e-05,5.78266861
2024-08-07 08:00:00,4.72e-06,5.899
2024-08-07 16:00:00,9.256e-05,5.695
2024-08-08 00:00:00,7.505e-05,5.657
2024-08-08 08:00:00,4.374e-05,5.901
2024-08-08 16:00:00,7.891e-05,5.99510952
2024-08-09 00:00:00,6.973e-05,6.278
2024-08-09 08:00:00,1.17e-06,6.19933063
2024-08-09 16:00:00,0.0001,5.982
2024-08-10 00:00:00,7.218e-05,6.139
2024-08-10 08:00:00,1.901e-05,6.17425633
2024-08-10 16:00:00,8.731e-05,6.197
2024-08-11 00:00:00,-2.835e-05,6.18512785
2024-08-11 08:00:00,3.528e-05,6.28360083
2024-08-11 16:00:00,2.901e-05,6.07094806
2024-08-12 00:00:00,-9.76e-06,5.90171674
2024-08-12 08:00:00,2.414e-05,5.98267459
2024-08-12 16:00:00,6.441e-05,6.20183765
2024-08-13 00:00:00,-2.784e-05,6.2352161
2024-08-13 08:00:00,-7.652e-05,6.14454994
2024-08-13 16:00:00,-2.123e-05,6.22204448
2024-08-14 00:00:00,0.0001,6.34105625
2024-08-14 08:00:00,-6.488e-05,6.47
2024-08-14 16:00:00,1.367e-05,6.36806267
2024-08-15 00:00:00,7.169e-05,6.43374709
2024-08-15 08:00:00,8.576e-05,6.251
2024-08-15 16:00:00,-4.054e-05,6.391
2024-08-16 00:00:00,-8.906e-05,6.20381819
2024-08-16 08:00:00,0.0001,6.387
2024-08-16 16:00:00,1.138e-05,6.3072048
2024-08-17 00:00:00,4.045e-05,6.49324724
2024-08-17 08:00:00,-1.688e-05,6.45017464
2024-08-17 16:00:00,-5.3e-05,6.33492171
2024-08-18 00:00:00,6.374e-05,6.41481399
2024-08-18 08:00:00,7.368e-05,6.30406196
2024-08-18 16:00:00,-4.757e-05,6.339
2024-08-19 00:00:00,-9.731e-05,6.165
2024-08-19 08:00:00,6.018e-05,6.17936124
2024-08-19 16:00:00,4.948e-05,6.07336698
2024-08-20 00:00:00,6.918e-05,6.19131569
2024-08-20 08:00:00,0.0001,6.38102055
2024-08-20 16:00:00,3.381e-05,6.15860997
2024-08-21 00:00:00,-3.129e-05,6.25427791
2024-08-21 08:00:00,8.845e-05,6.503
2024-08-21 16:00:00,7.827e-05,6.596
2024-08-22 00:00:00,0.0001,7.098
2024-08-22 08:00:00,4.753e-05,6.94892176
2024-08-22 16:00:00,0.0001,6.89935188
2024-08-23 00:00:00,0.0001,6.915
2024-08-23 08:00:00,3.503e-05,6.91345589
2024-08-23 16:00:00,0.0001,6.882
2024-08-24 00:00:00,4.769e-05,6.995
2024-08-24 08:00:00,7.292e-05,6.98331476
2024-08-24 16:00:00,0.0001,7.00498298
2024-08-25 00:00:00,0.0001,6.9135533
2024-08-25 08:00:00,6.19e-06,6.7100886
2024-08-25 16:00:00,0.0001,6.729
2024-08-26 00:00:00,-2.274e-05,6.62358624
2024-08-26 08:00:00,7.792e-05,6.5474028
2024-08-26 16:00:00,5.572e-05,6.41740046
2024-08-27 00:00:00,3.167e-05,6.28676107
2024-08-27 08:00:00,3.428e-05,6.216
2024-08-27 16:00:00,3.411e-05,6.029
2024-08-28 00:00:00,-9.736e-05,5.71040851
2024-08-28 08:00:00,-8.273e-05,5.62626197
2024-08-28 16:00:00,-0.00012096,5.72889261
2024-08-29 00:00:00,-5.893e-05,5.766
2024-08-29 08:00:00,-6.453e-05,5.84170866
2024-08-29 16:00:00,-2.676e-05,5.9690036
2024-08-30 00:00:00,-6.321e-05,5.83367236
2024-08-30 08:00:00,4.569e-05,5.79272145
2024-08-30 16:00:00,4.128e-05,5.61717866
2024-08-31 00:00:00,5.977e-05,5.89
2024-08-31 08:00:00,4.38e-05,5.97891086
2024-08-31 16:00:00,2.335e-05,5.97754216
2024-09-01 00:00:00,5.035e-05,5.939
2024-09-01 08:00:00,1.266e-05,5.779
2024-09-01 16:00:00,-1.393e-05,5.745
2024-09-02 00:00:00,-0.00015285,5.60982021
2024-09-02 08:00:00,-3.44e-05,5.697
2024-09-02 16:00:00,5.573e-05,6.14224662
2024-09-03 00:00:00,0.0001,6.1011432
2024-09-03 08:00:00,0.0001,6.25270048
2024-09-03 16:00:00,7.687e-05,6.056
2024-09-04 00:00:00,4.761e-05,6.0371432
2024-09-04 08:00:00,-2.194e-05,6.271
2024-09-04 16:00:00,-1.123e-05,6.399102
2024-09-05 00:00:00,7.322e-05,6.42777251
2024-09-05 08:00:00,4.033e-05,6.256
2024-09-05 16:00:00,7.611e-05,6.234
2024-09-06 00:00:00,9.543e-05,6.30550566
2024-09-06 08:00:00,0.0001,6.177
2024-09-06 16:00:00,0.0001,6.16401456
2024-09-07 00:00:00,5.399e-05,6.17367779
2024-09-07 08:00:00,5.943e-05,6.29159926
2024-09-07 16:00:00,6.142e-05,6.461
2024-09-08 00:00:00,5.582e-05,6.428
2024-09-08 08:00:00,2.315e-05,6.41815421
2024-09-08 16:00:00,8.396e-05,6.256
2024-09-09 00:00:00,-2.764e-05,6.345
2024-09-09 08:00:00,5.17e-05,6.67069986
2024-09-09 16:00:00,4.43e-05,6.544
2024-09-10 00:00:00,0.0001,6.72824441
2024-09-10 08:00:00,4.887e-05,6.555
2024-09-10 16:00:00,-1.623e-05,6.547
2024-09-11 00:00:00,-5.63e-06,6.699
2024-09-11 08:00:00,-2.144e-05,6.7226736
2024-09-11 16:00:00,-2.348e-05,6.743
2024-09-12 00:00:00,5.125e-05,6.74748799
2024-09-12 08:00:00,-0.00011816,6.73
2024-09-12 16:00:00,-5.025e-05,6.653
2024-09-13 00:00:00,-1.817e-05,6.786
2024-09-13 08:00:00,-5.84e-06,6.745
2024-09-13 16:00:00,6.073e-05,7.03386265
2024-09-14 00:00:00,2.2e-06,6.933
2024-09-14 08:00:00,3.91e-05,6.72529288
2024-09-14 16:00:00,-0.00013647,6.69752944
2024-09-15 00:00:00,3.684e-05,6.66102394
2024-09-15 08:00:00,6.443e-05,6.785
2024-09-15 16:00:00,7.163e-05,6.80258144
2024-09-16 00:00:00,0.0001,6.52986472
2024-09-16 08:00:00,-7.64e-06,6.51
2024-09-16 16:00:00,-1.662e-05,6.377
2024-09-17 00:00:00,1.721e-05,6.408
2024-09-17 08:00:00,-7.87e-06,6.62396934
2024-09-17 16:00:00,7.769e-05,6.95971529
2024-09-18 00:00:00,7.527e-05,6.784
2024-09-18 08:00:00,-1.856e-05,6.648
2024-09-18 16:00:00,1.423e-05,6.431
2024-09-19 00:00:00,3.465e-05,6.769
2024-09-19 08:00:00,0.0001,6.867
2024-09-19 16:00:00,6.311e-05,6.75205453
2024-09-20 00:00:00,4.127e-05,6.793
2024-09-20 08:00:00,5.109e-05,6.94001893
2024-09-20 16:00:00,5.272e-05,6.7632677
2024-09-21 00:00:00,4.501e-05,6.82515933
2024-09-21 08:00:00,0.0001,6.766
2024-09-21 16:00:00,0.0001,6.805
2024-09-22 00:00:00,0.0001,6.9008755
2024-09-22 08:00:00,7.609e-05,6.69948798
2024-09-22 16:00:00,-1.605e-05,6.61495561
2024-09-23 00:00:00,3.953e-05,6.63319571
2024-09-23 08:00:00,8.821e-05,6.704
2024-09-23 16:00:00,9.614e-05,6.865
2024-09-24 00:00:00,0.0001,6.82
2024-09-24 08:00:00,0.0001,6.958
2024-09-24 16:00:00,0.0001,6.85
2024-09-25 00:00:00,0.0001,6.924
2024-09-25 08:00:00,0.0001,6.88
2024-09-25 16:00:00,0.0001,6.859
2024-09-26 00:00:00,0.0001,6.77372407
2024-09-26 08:00:00,0.0001,7.01171357
2024-09-26 16:00:00,0.0001,7.295
2024-09-27 00:00:00,0.0001,7.352
2024-09-27 08:00:00,0.0001,7.35394353
2024-09-27 16:00:00,5.307e-05,7.50862473
2024-09-28 00:00:00,0.0001,7.615
2024-09-28 08:00:00,0.0001,7.5293306
2024-09-28 16:00:00,0.0001,7.672
2024-09-29 00:00:00,0.0001,7.60022362
2024-09-29 08:00:00,0.0001,7.415
2024-09-29 16:00:00,0.0001,7.44555746
2024-09-30 00:00:00,0.0001,7.45195362
2024-09-30 08:00:00,0.0001,7.55509441
2024-09-30 16:00:00,9.209e-05,7.522
2024-10-01 00:00:00,4.886e-05,7.388
2024-10-01 08:00:00,0.0001,7.75355321
2024-10-01 16:00:00,4.618e-05,7.19109837
2024-10-02 00:00:00,4.796e-05,6.865
2024-10-02 08:00:00,-1.999e-05,7.192
2024-10-02 16:00:00,0.0001,7.015
2024-10-03 00:00:00,1.096e-05,6.6653622
2024-10-03 08:00:00,-4.919e-05,6.59961813
2024-10-03 16:00:00,-2.789e-05,6.51540502
2024-10-04 00:00:00,4.613e-05,6.562
2024-10-04 08:00:00,-1.434e-05,6.77
2024-10-04 16:00:00,-6.838e-05,6.72
2024-10-05 00:00:00,-8.689e-05,6.714
2024-10-05 08:00:00,-2.15e-06,6.74122208
2024-10-05 16:00:00,6.753e-05,6.87058559
2024-10-06 00:00:00,3.42e-06,6.82370691
2024-10-06 08:00:00,6.158e-05,6.8232085
2024-10-06 16:00:00,-2.359e-05,6.952
2024-10-07 00:00:00,4.523e-05,7.07404575
2024-10-07 08:00:00,8.943e-05,7.308
2024-10-07 16:00:00,0.0001,7.37154873
2024-10-08 00:00:00,0.0001,7.227
2024-10-08 08:00:00,0.0001,7.09282864
2024-10-08 16:00:00,0.0001,7.077
2024-10-09 00:00:00,0.0001,7.172
2024-10-09 08:00:00,0.0001,7.113
2024-10-09 16:00:00,0.0001,7.359
2024-10-10 00:00:00,0.0001,7.28849006
2024-10-10 08:00:00,8.626e-05,7.575
2024-10-10 16:00:00,-0.00013185,8.31041815
2024-10-11 00:00:00,0.0001,8.126
2024-10-11 08:00:00,-3.117e-05,8.13647665
2024-10-11 16:00:00,0.0001,7.9513577
2024-10-12 00:00:00,0.0001,7.8885581
2024-10-12 08:00:00,0.0001,7.85036225
2024-10-12 16:00:00,0.0001,7.9272871
2024-10-13 00:00:00,0.0001,8.123
2024-10-13 08:00:00,0.0001,7.96860126
2024-10-13 16:00:00,0.0001,7.64032015
2024-10-14 00:00:00,0.0001,7.678
2024-10-14 08:00:00,4.931e-05,7.85801434
2024-10-14 16:00:00,0.0001,8.227
2024-10-15 00:00:00,0.0001,8.13471719
2024-10-15 08:00:00,0.0001,8.046
2024-10-15 16:00:00,0.0001,7.79626641
2024-10-16 00:00:00,0.0001,7.84582683
2024-10-16 08:00:00,0.0001,7.72927999
2024-10-16 16:00:00,0.0001,7.60379985
2024-10-17 00:00:00,0.0001,7.569
2024-10-17 08:00:00,0.0001,7.50170812
2024-10-17 16:00:00,0.0001,7.417
2024-10-18 00:00:00,0.0001,7.345
2024-10-18 08:00:00,0.0001,7.485
2024-10-18 16:00:00,0.0001,7.4875344
2024-10-19 00:00:00,0.0001,7.46596944
2024-10-19 08:00:00,0.0001,7.496
2024-10-19 16:00:00,0.0001,7.438
2024-10-20 00:00:00,0.0001,7.318
2024-10-20 08:00:00,0.0001,7.408
2024-10-20 16:00:00,0.0001,7.62570872
2024-10-21 00:00:00,0.0001,7.75891488
2024-10-21 08:00:00,0.0001,7.65756082
2024-10-21 16:00:00,0.0001,7.51777143
2024-10-22 00:00:00,0.0001,7.79070077
2024-10-22 08:00:00,0.0001,8.13018612
2024-10-22 16:00:00,0.0001,8.044
2024-10-23 00:00:00,0.0001,7.99533881
2024-10-23 08:00:00,0.0001,7.774
2024-10-23 16:00:00,0.0001,7.68571487
2024-10-24 00:00:00,0.0001,7.85405359
2024-10-24 08:00:00,0.0001,8.02401114
2024-10-24 16:00:00,0.0001,8.00386093
2024-10-25 00:00:00,0.0001,8.041
2024-10-25 08:00:00,0.0001,7.872
2024-10-25 16:00:00,0.0001,8.023
2024-10-26 00:00:00,0.0001,7.42769443
2024-10-26 08:00:00,0.0001,7.54576147
2024-10-26 16:00:00,4.768e-05,7.304
2024-10-27 00:00:00,0.0001,7.441
2024-10-27 08:00:00,0.0001,7.603
2024-10-27 16:00:00,0.0001,7.488
2024-10-28 00:00:00,0.0001,7.533
2024-10-28 08:00:00,0.0001,7.51349405
2024-10-28 16:00:00,0.0001,7.491
2024-10-29 00:00:00,0.0001,7.783
2024-10-29 08:00:00,0.0001,7.90055127
2024-10-29 16:00:00,0.0001,7.852
2024-10-30 00:00:00,0.0001,7.93635724
2024-10-30 08:00:00,0.0001,8.0106893
2024-10-30 16:00:00,0.0001,8.15078558
2024-10-31 00:00:00,0.0001,8.11690239
2024-10-31 08:00:00,0.0001,7.972
2024-10-31 16:00:00,0.0001,7.707
2024-11-01 00:00:00,0.0001,7.61497311
2024-11-01 08:00:00,0.0001,7.73468892
2024-11-01 16:00:00,0.0001,7.80921983
2024-11-02 00:00:00,0.0001,7.55049082
2024-11-02 08:00:00,0.0001,7.487
2024-11-02 16:00:00,0.0001,7.33352929
2024-11-03 00:00:00,0.0001,7.3906516
2024-11-03 08:00:00,0.0001,7.14968081
2024-11-03 16:00:00,0.0001,6.96991706
2024-11-04 00:00:00,0.0001,7.04275665
2024-11-04 08:00:00,5.649e-05,6.883
2024-11-04 16:00:00,6.627e-05,6.87652045
2024-11-05 00:00:00,0.0001,6.7799808
2024-11-05 08:00:00,0.0001,6.939
2024-11-05 16:00:00,0.0001,7.078
2024-11-06 00:00:00,0.0001,7.194
2024-11-06 08:00:00,0.0001,8.85494139
2024-11-06 16:00:00,0.0001,9.29154254
2024-11-07 00:00:00,0.0001,9.29330224
2024-11-07 08:00:00,0.0001,8.93131925
2024-11-07 16:00:00,0.0001,9.118
2024-11-08 00:00:00,0.0001,8.9021682
2024-11-08 08:00:00,0.0001,8.74192019
2024-11-08 16:00:00,0.0001,8.79287062
2024-11-09 00:00:00,0.0001,8.85670584
2024-11-09 08:00:00,0.0001,9.04418307
2024-11-09 16:00:00,0.0001,8.94960306
2024-11-10 00:00:00,0.0001,9.24699968
2024-11-10 08:00:00,0.0001,9.235
2024-11-10 16:00:00,0.000301,9.39084247
2024-11-11 00:00:00,0.00027402,9.22127168
2024-11-11 08:00:00,0.00015892,8.952
2024-11-11 16:00:00,0.0001,9.06277318
2024-11-12 00:00:00,0.00031981,9.339
2024-11-12 08:00:00,0.00030741,9.716
2024-11-12 16:00:00,0.00022642,8.82736782
2024-11-13 00:00:00,0.0001,8.94622863
2024-11-13 08:00:00,0.0001,8.47596014
2024-11-13 16:00:00,0.0001,9.07780413
2024-11-14 00:00:00,0.0001,8.63439695
2024-11-14 08:00:00,0.0001,8.73089012
2024-11-14 16:00:00,0.0001,8.246
2024-11-15 00:00:00,0.0001,8.18097235
2024-11-15 08:00:00,0.0001,8.07524464
2024-11-15 16:00:00,0.0001,7.989
2024-11-16 00:00:00,0.0001,8.571
2024-11-16 08:00:00,0.0001,8.788
2024-11-16 16:00:00,0.00013577,8.93807347
2024-11-17 00:00:00,0.0001,9.08328517
2024-11-17 08:00:00,0.0001,9.051
2024-11-17 16:00:00,0.00016418,8.888
2024-11-18 00:00:00,0.0001,8.75406032
2024-11-18 08:00:00,0.00020489,9.23654853
2024-11-18 16:00:00,0.0001901,9.23255433
2024-11-19 00:00:00,0.00012388,9.248
2024-11-19 08:00:00,0.00029908,9.15569277
2024-11-19 16:00:00,0.00021138,9.399
2024-11-20 00:00:00,0.00011115,9.40427145
2024-11-20 08:00:00,0.0001,9.10828357
2024-11-20 16:00:00,0.0001,9.038
2024-11-21 00:00:00,0.0001,8.811
2024-11-21 08:00:00,0.0001,8.86420882
2024-11-21 16:00:00,0.0001,9.15437298
2024-11-22 00:00:00,0.0001,9.254
2024-11-22 08:00:00,0.00015695,9.30167551
2024-11-22 16:00:00,0.00020375,9.499
2024-11-23 00:00:00,0.00015673,9.91866202
2024-11-23 08:00:00,0.00034956,10.51513069
2024-11-23 16:00:00,0.00037251,11.26265747
2024-11-24 00:00:00,0.00028777,10.74259368
2024-11-24 08:00:00,0.00029738,11.137
2024-11-24 16:00:00,0.00020256,10.17294056
2024-11-25 00:00:00,0.00026497,10.90533863
2024-11-25 08:00:00,0.00018378,11.489
2024-11-25 16:00:00,0.00021439,12.282
2024-11-26 00:00:00,0.00018165,11.13475076
2024-11-26 08:00:00,0.0001,11.379
2024-11-26 16:00:00,0.0001,10.762
2024-11-27 00:00:00,0.00013925,10.883
2024-11-27 08:00:00,0.00017515,11.69764906
2024-11-27 16:00:00,0.00028864,12.86793331
2024-11-28 00:00:00,0.00019005,13.53853133
2024-11-28 08:00:00,0.0001,12.69927868
2024-11-28 16:00:00,0.0001,12.60715778
2024-11-29 00:00:00,0.00023229,12.77
2024-11-29 08:00:00,0.00022307,12.428
2024-11-29 16:00:00,0.00014661,12.812
2024-11-30 00:00:00,0.00016881,12.5935146
2024-11-30 08:00:00,0.00012541,12.98913492
2024-11-30 16:00:00,0.00010898,12.739
2024-12-01 00:00:00,0.00025219,12.791
2024-12-01 08:00:00,0.0001889,13.125
2024-12-01 16:00:00,0.00027384,13.16514979
2024-12-02 00:00:00,0.00037108,13.06793784
2024-12-02 08:00:00,0.0001706,13.054
2024-12-02 16:00:00,0.00029607,14.283
2024-12-03 00:00:00,0.00032871,14.01168771
2024-12-03 08:00:00,0.00029555,14.0573188
2024-12-03 16:00:00,0.00028507,14.25922733
2024-12-04 00:00:00,0.00045432,15.133
2024-12-04 08:00:00,0.00048495,15.33059283
2024-12-04 16:00:00,0.00043843,16.061
2024-12-05 00:00:00,0.00033262,15.6843366
2024-12-05 08:00:00,0.00051631,15.408
2024-12-05 16:00:00,0.00040979,15.44
2024-12-06 00:00:00,0.00036547,15.036
2024-12-06 08:00:00,0.00034272,16.159
2024-12-06 16:00:00,0.00023898,16.679
2024-12-07 00:00:00,0.00055069,17.5761512
2024-12-07 08:00:00,0.00029504,18.25196084
2024-12-07 16:00:00,0.00027345,17.57126719
2024-12-08 00:00:00,0.00038534,18.06324199
2024-12-08 08:00:00,0.00036933,18.389
2024-12-08 16:00:00,0.00038101,18.64206254
2024-12-09 00:00:00,0.00019938,18.61080594
2024-12-09 08:00:00,0.00029092,17.818
2024-12-09 16:00:00,0.0001,17.141
2024-12-10 00:00:00,0.0001,16.03761067
2024-12-10 08:00:00,0.0001,15.687
2024-12-10 16:00:00,0.0001,14.68583743
2024-12-11 00:00:00,0.0001,15.24877016
2024-12-11 08:00:00,0.0001,15.237
2024-12-11 16:00:00,0.0001,16.99107228
2024-12-12 00:00:00,0.0001,17.15485505
2024-12-12 08:00:00,0.0001,18.34500733
2024-12-12 16:00:00,0.0001,18.11927445
2024-12-13 00:00:00,0.0001,17.7051694
2024-12-13 08:00:00,0.0001,17.284
2024-12-13 16:00:00,0.0001,16.94525725
2024-12-14 00:00:00,0.0001,17.489
2024-12-14 08:00:00,0.0001,17.173
2024-12-14 16:00:00,0.0001,16.79384264
2024-12-15 00:00:00,0.0001,16.74875014
2024-12-15 08:00:00,0.0001,16.31455459
2024-12-15 16:00:00,0.0001,17.004
2024-12-16 00:00:00,0.0001,17.06742475
2024-12-16 08:00:00,0.0001,16.76618746
2024-12-16 16:00:00,0.0001,16.51570323
2024-12-17 00:00:00,0.0001,16.22982752
2024-12-17 08:00:00,0.0001,15.85736227
2024-12-17 16:00:00,0.0001,15.70270943
2024-12-18 00:00:00,0.0001,16.241
2024-12-18 08:00:00,0.0001,16.32738163
2024-12-18 16:00:00,0.0001,15.6010884
2024-12-19 00:00:00,0.0001,14.80470624
2024-12-19 08:00:00,0.0001,14.6516102
2024-12-19 16:00:00,0.0001,14.63506285
2024-12-20 00:00:00,0.0001,12.722
2024-12-20 08:00:00,0.0001,12.74597021
2024-12-20 16:00:00,9.169e-05,12.509
2024-12-21 00:00:00,0.0001,13.672
2024-12-21 08:00:00,0.0001,14.47297462
2024-12-21 16:00:00,0.0001,13.56775353
2024-12-22 00:00:00,1.048e-05,13.378
2024-12-22 08:00:00,4.283e-05,13.544
2024-12-22 16:00:00,2.815e-05,13.71162974
2024-12-23 00:00:00,9.693e-05,13.89092904
2024-12-23 08:00:00,0.0001,13.823
2024-12-23 16:00:00,6.243e-05,13.514
2024-12-24 00:00:00,0.0001,14.28586919
2024-12-24 08:00:00,0.0001,13.887
2024-12-24 16:00:00,0.0001,14.60625094
2024-12-25 00:00:00,0.0001,14.58661814
2024-12-25 08:00:00,0.0001,14.131
2024-12-25 16:00:00,7.476e-05,13.858
2024-12-26 00:00:00,5.336e-05,13.9
2024-12-26 08:00:00,0.0001,13.237
2024-12-26 16:00:00,7.551e-05,12.88584452
2024-12-27 00:00:00,1.041e-05,13.25689852
2024-12-27 08:00:00,9.573e-05,13.53906007
2024-12-27 16:00:00,0.0001,13.493
2024-12-28 00:00:00,0.0001,13.345
2024-12-28 08:00:00,0.0001,13.06258907
2024-12-28 16:00:00,0.0001,13.293
2024-12-29 00:00:00,0.0001,13.57112456
2024-12-29 08:00:00,0.0001,13.47604985
2024-12-29 16:00:00,0.0001,13.23226987
2024-12-30 00:00:00,0.0001,12.999
2024-12-30 08:00:00,0.0001,13.424
2024-12-30 16:00:00,0.0001,12.89319741
2024-12-31 00:00:00,0.0001,13.315
2024-12-31 08:00:00,0.0001,13.28
2024-12-31 16:00:00,0.0001,13.59
2025-01-01 00:00:00,0.0001,13.23964561
2025-01-01 08:00:00,0.0001,13.248
2025-01-01 16:00:00,0.0001,13.479
2025-01-02 00:00:00,0.0001,13.622
2025-01-02 08:00:00,0.0001,14.12918816
2025-01-02 16:00:00,0.0001,14.307
2025-01-03 00:00:00,0.0001,14.37700388
2025-01-03 08:00:00,0.0001,14.06895802
2025-01-03 16:00:00,0.0001,14.926
2025-01-04 00:00:00,0.0001,15.20943974
2025-01-04 08:00:00,0.0001,14.96
2025-01-04 16:00:00,0.0001,15.12790153
2025-01-05 00:00:00,0.0001,15.27456777
2025-01-05 08:00:00,0.0001,15.088
2025-01-05 16:00:00,0.0001,15.04019828
2025-01-06 00:00:00,0.0001,15.158
2025-01-06 08:00:00,0.0001,15.17040331
2025-01-06 16:00:00,0.0001,15.34635523
2025-01-07 00:00:00,0.0001,15.07276465
2025-01-07 08:00:00,0.0001,14.8961436
2025-01-07 16:00:00,0.0001,14.08589853
2025-01-08 00:00:00,4.977e-05,13.5226258
2025-01-08 08:00:00,0.0001,13.28
2025-01-08 16:00:00,7.284e-05,13.23556808
2025-01-09 00:00:00,2.731e-05,13.10877537
2025-01-09 08:00:00,0.0001,12.764
2025-01-09 16:00:00,0.0001,12.894
2025-01-10 00:00:00,-6.56e-05,12.8562785
2025-01-10 08:00:00,-2.292e-05,13.38721231
2025-01-10 16:00:00,0.0001,13.116
2025-01-11 00:00:00,0.0001,13.938
2025-01-11 08:00:00,0.0001,13.515
2025-01-11 16:00:00,-1.654e-05,13.647
2025-01-12 00:00:00,2.065e-05,13.639
2025-01-12 08:00:00,7.96e-05,13.709
2025-01-12 16:00:00,4.783e-05,13.76605256
2025-01-13 00:00:00,2.668e-05,13.624
2025-01-13 08:00:00,-5.745e-05,13.113
2025-01-13 16:00:00,9.487e-05,12.5813103
2025-01-14 00:00:00,2.99e-06,12.88556734
2025-01-14 08:00:00,6.651e-05,12.947
2025-01-14 16:00:00,4.792e-05,13.20580573
2025-01-15 00:00:00,0.0001,13.308
2025-01-15 08:00:00,0.0001,13.32966973
2025-01-15 16:00:00,0.0001,14.206
2025-01-16 00:00:00,0.0001,14.53609042
2025-01-16 08:00:00,0.0001,14.354
2025-01-16 16:00:00,0.0001,14.43717399
2025-01-17 00:00:00,0.0001,14.09110549
2025-01-17 08:00:00,0.0001,14.764
2025-01-17 16:00:00,0.0001,14.929
2025-01-18 00:00:00,0.0001,14.977
2025-01-18 08:00:00,0.0001,14.05284788
2025-01-18 16:00:00,7.692e-05,14.158
2025-01-19 00:00:00,0.0001,14.16479093
2025-01-19 08:00:00,0.0001,13.895
2025-01-19 16:00:00,0.0001,14.20835483
2025-01-20 00:00:00,0.0001,13.284354
2025-01-20 08:00:00,0.0001,14.20454183
2025-01-20 16:00:00,0.0001,13.93668089
2025-01-21 00:00:00,0.0001,13.518
2025-01-21 08:00:00,0.0001,13.216
2025-01-21 16:00:00,0.0001,13.45985436
2025-01-22 00:00:00,0.0001,13.50584604
2025-01-22 08:00:00,0.0001,13.30576143
2025-01-22 16:00:00,0.0001,13.23895123
2025-01-23 00:00:00,0.0001,12.88655647
2025-01-23 08:00:00,0.0001,12.705
2025-01-23 16:00:00,9.859e-05,12.792
2025-01-24 00:00:00,0.0001,12.80145035
2025-01-24 08:00:00,0.0001,12.905
2025-01-24 16:00:00,0.0001,12.88
2025-01-25 00:00:00,4.189e-05,12.45735368
2025-01-25 08:00:00,9.113e-05,12.159
2025-01-25 16:00:00,7.817e-05,12.28222486
2025-01-26 00:00:00,1.359e-05,12.085
2025-01-26 08:00:00,3.916e-05,12.18
2025-01-26 16:00:00,0.0001,11.958
2025-01-27 00:00:00,0.0001,11.42253033
2025-01-27 08:00:00,7.391e-05,10.634
2025-01-27 16:00:00,8.771e-05,10.864
2025-01-28 00:00:00,0.0001,10.997
2025-01-28 08:00:00,5.02e-06,11.15576209
2025-01-28 16:00:00,0.0001,11.102
2025-01-29 00:00:00,-3.246e-05,11.13273856
2025-01-29 08:00:00,1.541e-05,11.894
2025-01-29 16:00:00,-2.412e-05,11.661
2025-01-30 00:00:00,1.087e-05,11.72303807
2025-01-30 08:00:00,2.678e-05,11.9034493
2025-01-30 16:00:00,8.648e-05,12.079
2025-01-31 00:00:00,9.274e-05,11.96117953
2025-01-31 08:00:00,0.0001,11.86444855
2025-01-31 16:00:00,0.0001,12.67888069
2025-02-01 00:00:00,0.0001,11.767
2025-02-01 08:00:00,9.875e-05,11.609
2025-02-01 16:00:00,5.796e-05,11.44
2025-02-02 00:00:00,0.0001,10.85312074
2025-02-02 08:00:00,8.783e-05,10.681
2025-02-02 16:00:00,1.327e-05,10.489
2025-02-03 00:00:00,2.125e-05,9.179
2025-02-03 08:00:00,-0.00022561,9.307
2025-02-03 16:00:00,-7.31e-05,9.88677018
2025-02-04 00:00:00,-0.00023634,9.95446231
2025-02-04 08:00:00,-0.00014734,9.03271994
2025-02-04 16:00:00,7.685e-05,9.296
2025-02-05 00:00:00,7.641e-05,9.064
2025-02-05 08:00:00,9.683e-05,9.33017377
2025-02-05 16:00:00,4.088e-05,9.383
2025-02-06 00:00:00,4.216e-05,9.266
2025-02-06 08:00:00,-2.937e-05,9.342
2025-02-06 16:00:00,-0.00015515,8.978
2025-02-07 00:00:00,-0.00010494,8.97629788
2025-02-07 08:00:00,-9.676e-05,8.963
2025-02-07 16:00:00,-1.562e-05,9.115
2025-02-08 00:00:00,-3.775e-05,9.00397498
2025-02-08 08:00:00,7.509e-05,8.85501875
2025-02-08 16:00:00,4.595e-05,8.88602379
2025-02-09 00:00:00,0.0001,9.1348529
2025-02-09 08:00:00,0.0001,9.259
2025-02-09 16:00:00,7.817e-05,9.25461342
2025-02-10 00:00:00,5.932e-05,9.125
2025-02-10 08:00:00,9.542e-05,9.1363875
2025-02-10 16:00:00,7.375e-05,9.211
2025-02-11 00:00:00,1.473e-05,9.45326019
2025-02-11 08:00:00,7.125e-05,9.982
2025-02-11 16:00:00,6.746e-05,9.636
2025-02-12 00:00:00,-1.973e-05,9.37551574
2025-02-12 08:00:00,7.2e-06,9.48287407
2025-02-12 16:00:00,0.0001,9.448
2025-02-13 00:00:00,8.054e-05,9.948
2025-02-13 08:00:00,8.808e-05,9.677
2025-02-13 16:00:00,8.22e-06,9.574
2025-02-14 00:00:00,-6.316e-05,9.883
2025-02-14 08:00:00,5.283e-05,9.876
2025-02-14 16:00:00,6.53e-05,10.103
2025-02-15 00:00:00,6.361e-05,10.049
2025-02-15 08:00:00,-3.421e-05,9.89932407
2025-02-15 16:00:00,1.096e-05,9.848
2025-02-16 00:00:00,2.94e-06,9.806
2025-02-16 08:00:00,5.809e-05,9.74
2025-02-16 16:00:00,6.041e-05,9.71
2025-02-17 00:00:00,3.286e-05,9.58019259
2025-02-17 08:00:00,3.962e-05,9.68004074
2025-02-17 16:00:00,6.482e-05,9.85567963
2025-02-18 00:00:00,6.026e-05,9.931
2025-02-18 08:00:00,-7.894e-05,9.54942222
2025-02-18 16:00:00,7.99e-05,9.34921667
2025-02-19 00:00:00,-2.46e-06,9.62673796
2025-02-19 08:00:00,9.852e-05,9.67138506
2025-02-19 16:00:00,9.139e-05,9.47665833
2025-02-20 00:00:00,4.135e-05,9.42911574
2025-02-20 08:00:00,5.39e-05,9.24009352
2025-02-20 16:00:00,5.959e-05,8.998
2025-02-21 00:00:00,3.353e-05,9.339
2025-02-21 08:00:00,0.0001,9.26
2025-02-21 16:00:00,7.582e-05,9.171
2025-02-22 00:00:00,0.0001,8.73228333
2025-02-22 08:00:00,9.677e-05,8.804
2025-02-22 16:00:00,-2.304e-05,9.00379402
2025-02-23 00:00:00,-1.46e-06,9.03264464
2025-02-23 08:00:00,4.239e-05,9.2
2025-02-23 16:00:00,2.83e-05,8.94128704
2025-02-24 00:00:00,6.962e-05,9.015
2025-02-24 08:00:00,6.392e-05,8.67675185
2025-02-24 16:00:00,0.0001,8.33150556
2025-02-25 00:00:00,1.953e-05,7.972
2025-02-25 08:00:00,8.17e-05,7.68565639
2025-02-25 16:00:00,0.0001,7.80860345
2025-02-26 00:00:00,2.477e-05,8.30700926
2025-02-26 08:00:00,0.0001,8.25900463
2025-02-26 16:00:00,1.669e-05,8.12128981
2025-02-27 00:00:00,9.825e-05,7.90437315
2025-02-27 08:00:00,7.994e-05,8.128
2025-02-27 16:00:00,7.214e-05,8.07955
2025-02-28 00:00:00,3.625e-05,7.86250109
2025-02-28 08:00:00,5.039e-05,7.15516111
2025-02-28 16:00:00,5.79e-06,7.471
2025-03-01 00:00:00,9.968e-05,7.49286389
2025-03-01 08:00:00,-1.34e-05,7.429
2025-03-01 16:00:00,4.495e-05,7.33314444
2025-03-02 00:00:00,8.158e-05,7.49300177
2025-03-02 08:00:00,-7.718e-05,7.45078831
2025-03-02 16:00:00,-4.975e-05,7.573
2025-03-03 00:00:00,0.0001,8.265
2025-03-03 08:00:00,-4.064e-05,7.976
2025-03-03 16:00:00,1.05e-06,7.715
2025-03-04 00:00:00,-0.00010645,7.122
2025-03-04 08:00:00,4.518e-05,6.764
2025-03-04 16:00:00,8.941e-05,6.814
2025-03-05 00:00:00,8.996e-05,7.06587778
2025-03-05 08:00:00,7.588e-05,7.37527685
2025-03-05 16:00:00,6.217e-05,7.317
2025-03-06 00:00:00,4.181e-05,7.51690345
2025-03-06 08:00:00,3.317e-05,7.518
2025-03-06 16:00:00,4.491e-05,7.32900783
2025-03-07 00:00:00,2.563e-05,7.099
2025-03-07 08:00:00,3.064e-05,7.187
2025-03-07 16:00:00,0.0001,7.25477685
2025-03-08 00:00:00,7.424e-05,7.066
2025-03-08 08:00:00,7.671e-05,6.95281793
2025-03-08 16:00:00,6.35e-05,7.04479722
2025-03-09 00:00:00,-1.4e-06,7.158
2025-03-09 08:00:00,-7.675e-05,7.05809815
2025-03-09 16:00:00,2.594e-05,6.73955926
2025-03-10 00:00:00,-9.082e-05,6.391
2025-03-10 08:00:00,-5.524e-05,6.746
2025-03-10 16:00:00,3.117e-05,6.3721037
2025-03-11 00:00:00,-0.00012818,5.902
2025-03-11 08:00:00,0.0001,5.87978474
2025-03-11 16:00:00,5.963e-05,5.99
2025-03-12 00:00:00,4.277e-05,6.094
2025-03-12 08:00:00,4.298e-05,6.003
2025-03-12 16:00:00,7.138e-05,5.821
2025-03-13 00:00:00,0.0001,5.907
2025-03-13 08:00:00,8.542e-05,5.814
2025-03-13 16:00:00,0.0001,5.89209074
2025-03-14 00:00:00,9.967e-05,5.88568809
2025-03-14 08:00:00,4.832e-05,5.879
2025-03-14 16:00:00,4.7e-06,5.98038697
2025-03-15 00:00:00,1.107e-05,6.023
2025-03-15 08:00:00,9.61e-06,6.09226111
2025-03-15 16:00:00,-5.514e-05,6.126
2025-03-16 00:00:00,-0.00012752,6.266
2025-03-16 08:00:00,2.62e-06,6.269
2025-03-16 16:00:00,-3.5e-05,6.043
2025-03-17 00:00:00,6.371e-05,6.13579697
2025-03-17 08:00:00,9.6e-05,6.17641536
2025-03-17 16:00:00,1.46e-05,6.189
2025-03-18 00:00:00,3.242e-05,6.292
2025-03-18 08:00:00,3.08e-05,6.26363148
2025-03-18 16:00:00,9.438e-05,6.13604074
2025-03-19 00:00:00,3.443e-05,6.371
2025-03-19 08:00:00,7.424e-05,6.326
2025-03-19 16:00:00,0.0001,6.93719722
2025-03-20 00:00:00,0.0001,6.979
2025-03-20 08:00:00,3.29e-05,6.861
2025-03-20 16:00:00,7.414e-05,6.71126389
2025-03-21 00:00:00,0.0001,6.908
2025-03-21 08:00:00,6.173e-05,6.873
2025-03-21 16:00:00,2.948e-05,6.744
2025-03-22 00:00:00,-7.617e-05,6.776
2025-03-22 08:00:00,-1.769e-05,6.80930172
2025-03-22 16:00:00,-0.00011602,6.73478056
2025-03-23 00:00:00,-7.554e-05,6.73117778
2025-03-23 08:00:00,-8.06e-05,6.77517037
2025-03-23 16:00:00,-3.449e-05,6.684
2025-03-24 00:00:00,-2.783e-05,6.685
2025-03-24 08:00:00,-4.159e-05,6.88534074
2025-03-24 16:00:00,6.373e-05,7.03949907
2025-03-25 00:00:00,8.358e-05,7.08260631
2025-03-25 08:00:00,0.0001,7.013
2025-03-25 16:00:00,4.202e-05,6.98022222
2025-03-26 00:00:00,6.759e-05,6.96144167
2025-03-26 08:00:00,4.152e-05,7.0783213
2025-03-26 16:00:00,1.26e-06,6.83177222
2025-03-27 00:00:00,-2.318e-05,6.719
2025-03-27 08:00:00,0.0001,6.85711574
2025-03-27 16:00:00,0.0001,6.77315741
2025-03-28 00:00:00,0.0001,6.722
2025-03-28 08:00:00,0.0001,6.38807778
2025-03-28 16:00:00,2.12e-06,6.10313131
2025-03-29 00:00:00,0.0001,6.17010136
2025-03-29 08:00:00,0.0001,6.12126111
2025-03-29 16:00:00,4.189e-05,5.974
2025-03-30 00:00:00,9.876e-05,5.955
2025-03-30 08:00:00,4.047e-05,5.99
2025-03-30 16:00:00,5.576e-05,5.95
2025-03-31 00:00:00,4.279e-05,5.868
2025-03-31 08:00:00,2.374e-05,5.874
2025-03-31 16:00:00,2.308e-05,6.00271759
2025-04-01 00:00:00,-1.325e-05,5.96900926
2025-04-01 08:00:00,6.4e-07,6.10076204
2025-04-01 16:00:00,8.142e-05,6.274
2025-04-02 00:00:00,-2.76e-06,6.26153704
2025-04-02 08:00:00,5.19e-05,6.08093333
2025-04-02 16:00:00,2.606e-05,6.24097222
2025-04-03 00:00:00,-2.305e-05,5.83
2025-04-03 08:00:00,6.822e-05,5.96114368
2025-04-03 16:00:00,7.09e-05,5.76258716
2025-04-04 00:00:00,-7.53e-06,5.867
2025-04-04 08:00:00,8.172e-05,5.975
2025-04-04 16:00:00,3.797e-05,5.8383
2025-04-05 00:00:00,7.502e-05,5.905
2025-04-05 08:00:00,7.354e-05,5.895
2025-04-05 16:00:00,5.291e-05,5.794
2025-04-06 00:00:00,-1.698e-05,5.86202593
2025-04-06 08:00:00,6.182e-05,5.828
2025-04-06 16:00:00,-1.139e-05,5.622
2025-04-07 00:00:00,-2.967e-05,5.09603831
2025-04-07 08:00:00,3.869e-05,4.70205556
2025-04-07 16:00:00,3.08e-06,5.114
2025-04-08 00:00:00,8.618e-05,5.119
2025-04-08 08:00:00,-8.985e-05,5.16422315
2025-04-08 16:00:00,8.743e-05,5.098
2025-04-09 00:00:00,1.28e-05,4.773
2025-04-09 08:00:00,6.224e-05,4.88946481
2025-04-09 16:00:00,8.194e-05,4.864
2025-04-10 00:00:00,0.0001,5.41
2025-04-10 08:00:00,0.0001,5.208
2025-04-10 16:00:00,6.358e-05,4.90127778
2025-04-11 00:00:00,2.975e-05,5.01961019
2025-04-11 08:00:00,9.218e-05,5.146
2025-04-11 16:00:00,9.084e-05,5.212
2025-04-12 00:00:00,6.748e-05,5.2301713
2025-04-12 08:00:00,-1.921e-05,5.283
2025-04-12 16:00:00,3.693e-05,5.513
2025-04-13 00:00:00,4.248e-05,5.499
2025-04-13 08:00:00,3.44e-05,5.38503519
2025-04-13 16:00:00,3.452e-05,5.35112315
2025-04-14 00:00:00,1.296e-05,5.328
2025-04-14 08:00:00,-2.132e-05,5.439
2025-04-14 16:00:00,-5.56e-05,5.384
2025-04-15 00:00:00,-2.664e-05,5.345
2025-04-15 08:00:00,-0.00011304,5.412
2025-04-15 16:00:00,-7.892e-05,5.284
2025-04-16 00:00:00,8.85e-06,5.1803046
2025-04-16 08:00:00,4.892e-05,5.117
2025-04-16 16:00:00,4.79e-06,5.169
2025-04-17 00:00:00,8.008e-05,5.14714537
2025-04-17 08:00:00,0.0001,5.264
2025-04-17 16:00:00,3.414e-05,5.171
2025-04-18 00:00:00,9.291e-05,5.179
2025-04-18 08:00:00,0.0001,5.204
2025-04-18 16:00:00,5.032e-05,5.155
2025-04-19 00:00:00,6.546e-05,5.17056705
2025-04-19 08:00:00,0.0001,5.266
2025-04-19 16:00:00,5.829e-05,5.24128796
2025-04-20 00:00:00,9.769e-05,5.316
2025-04-20 08:00:00,0.0001,5.272
2025-04-20 16:00:00,2.282e-05,5.206
2025-04-21 00:00:00,0.0001,5.24851263
2025-04-21 08:00:00,0.0001,5.465
2025-04-21 16:00:00,0.0001,5.406
2025-04-22 00:00:00,-5.3e-06,5.26990833
2025-04-22 08:00:00,9.91e-06,5.37175093
2025-04-22 16:00:00,0.0001,5.60358333
2025-04-23 00:00:00,0.0001,5.807
2025-04-23 08:00:00,0.0001,5.937
2025-04-23 16:00:00,0.0001,5.9894339
2025-04-24 00:00:00,0.0001,6.032
2025-04-24 08:00:00,0.0001,5.75705932
2025-04-24 16:00:00,0.0001,5.849
2025-04-25 00:00:00,0.0001,5.81
2025-04-25 08:00:00,0.0001,5.89903164
2025-04-25 16:00:00,0.0001,5.92644301
2025-04-26 00:00:00,0.0001,5.826
2025-04-26 08:00:00,0.0001,5.91506237
2025-04-26 16:00:00,0.0001,5.8280381
2025-04-27 00:00:00,0.0001,5.811
2025-04-27 08:00:00,8.14e-06,5.734
2025-04-27 16:00:00,7.385e-05,5.56723011
2025-04-28 00:00:00,3.255e-05,5.497
2025-04-28 08:00:00,-1.257e-05,5.546
2025-04-28 16:00:00,-8.997e-05,5.407
2025-04-29 00:00:00,3.977e-05,5.433
2025-04-29 08:00:00,8.465e-05,5.49518378
2025-04-29 16:00:00,4.167e-05,5.364
2025-04-30 00:00:00,-3.616e-05,5.26836937
2025-04-30 08:00:00,1.966e-05,5.286
2025-04-30 16:00:00,-5.414e-05,5.18849099
2025-05-01 00:00:00,2.276e-05,5.26587117
2025-05-01 08:00:00,3.963e-05,5.25627838
2025-05-01 16:00:00,-2.039e-05,5.34109366
2025-05-02 00:00:00,0.0001,5.31476086
2025-05-02 08:00:00,-7.972e-05,5.26028649
2025-05-02 16:00:00,6.796e-05,5.25265946
2025-05-03 00:00:00,7.577e-05,5.247
2025-05-03 08:00:00,7.93e-06,5.169
2025-05-03 16:00:00,6.495e-05,5.15735586
2025-05-04 00:00:00,7.039e-05,5.085
2025-05-04 08:00:00,2.202e-05,5.092
2025-05-04 16:00:00,3.553e-05,5.06716667
2025-05-05 00:00:00,5.62e-06,4.98241982
2025-05-05 08:00:00,0.0001,5.098
2025-05-05 16:00:00,-7.44e-06,4.94246261
2025-05-06 00:00:00,4.523e-05,4.974
2025-05-06 08:00:00,7.087e-05,4.923
2025-05-06 16:00:00,3.956e-05,4.875
2025-05-07 00:00:00,6.079e-05,4.964
2025-05-07 08:00:00,7.735e-05,4.95909189
2025-05-07 16:00:00,-9.437e-05,4.80836892
2025-05-08 00:00:00,8.83e-05,4.874
2025-05-08 08:00:00,0.0001,5.18946486
2025-05-08 16:00:00,0.0001,5.54216216
2025-05-09 00:00:00,0.0001,6.15313514
2025-05-09 08:00:00,0.0001,6.4808
2025-05-09 16:00:00,0.0001,6.25705245
2025-05-10 00:00:00,0.0001,6.354
2025-05-10 08:00:00,0.0001,6.60512365
2025-05-10 16:00:00,0.0001,6.75717658
2025-05-11 00:00:00,0.0001,7.553
2025-05-11 08:00:00,0.0001,7.03772905
2025-05-11 16:00:00,0.0001,6.79772883
2025-05-12 00:00:00,0.0001,6.92777072
2025-05-12 08:00:00,0.0001,7.134
2025-05-12 16:00:00,0.0001,6.905
2025-05-13 00:00:00,0.0001,6.88448311
2025-05-13 08:00:00,0.0001,6.64
2025-05-13 16:00:00,0.0001,6.85030405
2025-05-14 00:00:00,0.0001,7.089
2025-05-14 08:00:00,0.0001,6.79
2025-05-14 16:00:00,5.437e-05,6.64633559
2025-05-15 00:00:00,0.0001,6.604
2025-05-15 08:00:00,0.0001,6.35249955
2025-05-15 16:00:00,7.092e-05,6.41268514
2025-05-16 00:00:00,6.62e-05,6.22624369
2025-05-16 08:00:00,0.0001,6.33468919
2025-05-16 16:00:00,0.0001,6.30366577
2025-05-17 00:00:00,0.0001,6.0730955
2025-05-17 08:00:00,1.839e-05,5.90268423
2025-05-17 16:00:00,4.377e-05,5.826
2025-05-18 00:00:00,1.679e-05,5.73612297
2025-05-18 08:00:00,2.509e-05,5.97052474
2025-05-18 16:00:00,6.449e-05,6.321
2025-05-19 00:00:00,5.581e-05,6.127
2025-05-19 08:00:00,2.923e-05,5.75261351
2025-05-19 16:00:00,7.268e-05,5.84776532
2025-05-20 00:00:00,0.0001,5.927
2025-05-20 08:00:00,4.39e-05,5.954
2025-05-20 16:00:00,5.758e-05,5.78704189
2025-05-21 00:00:00,6.663e-05,6.021
2025-05-21 08:00:00,0.0001,6.31544595
2025-05-21 16:00:00,3.994e-05,6.326
2025-05-22 00:00:00,7.846e-05,6.206
2025-05-22 08:00:00,0.0001,6.37079324
2025-05-22 16:00:00,0.0001,6.463
2025-05-23 00:00:00,0.0001,6.4307027
2025-05-23 08:00:00,0.0001,6.427
2025-05-23 16:00:00,8.216e-05,6.13014099
2025-05-24 00:00:00,4.047e-05,5.977
2025-05-24 08:00:00,6.717e-05,6.106
2025-05-24 16:00:00,8.685e-05,6.21414595
2025-05-25 00:00:00,4.164e-05,6.114
2025-05-25 08:00:00,6.956e-05,6.00621667
2025-05-25 16:00:00,4.232e-05,6.02744369
2025-05-26 00:00:00,0.0001,6.156
2025-05-26 08:00:00,0.0001,6.52078333
2025-05-26 16:00:00,0.0001,6.53256747
2025-05-27 00:00:00,7.125e-05,6.50033514
2025-05-27 08:00:00,6.004e-05,6.65351351
2025-05-27 16:00:00,-5.262e-05,6.50817095
2025-05-28 00:00:00,-9.82e-06,6.321
2025-05-28 08:00:00,0.0001,6.69622838
2025-05-28 16:00:00,0.0001,6.72872973
2025-05-29 00:00:00,0.0001,6.84515338
2025-05-29 08:00:00,5.279e-05,7.159
2025-05-29 16:00:00,-6.303e-05,6.78429369
2025-05-30 00:00:00,-0.00014572,6.556
2025-05-30 08:00:00,-6.148e-05,6.515
2025-05-30 16:00:00,7.851e-05,6.49937941
2025-05-31 00:00:00,1.324e-05,6.20159955
2025-05-31 08:00:00,-4.715e-05,6.055
2025-05-31 16:00:00,-4.201e-05,6.075
2025-06-01 00:00:00,9.71e-06,6.04734009
2025-06-01 08:00:00,0.0001,6.177
2025-06-01 16:00:00,0.0001,6.20731171
2025-06-02 00:00:00,7.982e-05,6.308
2025-06-02 08:00:00,-5.702e-05,6.155
2025-06-02 16:00:00,0.0001,6.31677072
2025-06-03 00:00:00,0.0001,6.442
2025-06-03 08:00:00,-5.376e-05,6.398
2025-06-03 16:00:00,0.0001,6.77651351
2025-06-04 00:00:00,0.0001,6.63103919
2025-06-04 08:00:00,8.839e-05,6.69912297
2025-06-04 16:00:00,-0.0001379,6.476
2025-06-05 00:00:00,-3.574e-05,6.306
2025-06-05 08:00:00,1.816e-05,6.256
2025-06-05 16:00:00,3.82e-05,6.348
2025-06-06 00:00:00,-0.00013274,5.89239369
2025-06-06 08:00:00,-4.261e-05,5.984
2025-06-06 16:00:00,4.988e-05,6.08911261
2025-06-07 00:00:00,8.857e-05,5.986
2025-06-07 08:00:00,-1.474e-05,6.174
2025-06-07 16:00:00,0.0001,6.313
2025-06-08 00:00:00,0.0001,6.34506261
2025-06-08 08:00:00,0.0001,6.28211847
2025-06-08 16:00:00,0.0001,6.35861427
2025-06-09 00:00:00,0.0001,6.32280586
2025-06-09 08:00:00,0.0001,6.27540179
2025-06-09 16:00:00,0.0001,6.491
2025-06-10 00:00:00,0.0001,6.84315405
2025-06-10 08:00:00,0.0001,7.128
2025-06-10 16:00:00,0.0001,8.19921622
2025-06-11 00:00:00,0.0001,8.66378423
2025-06-11 08:00:00,0.0001,8.37905856
2025-06-11 16:00:00,0.0001,8.348
2025-06-12 00:00:00,0.0001,8.15821232
2025-06-12 08:00:00,0.0001,7.95111961
2025-06-12 16:00:00,0.0001,7.75529324
2025-06-13 00:00:00,0.0001,7.4845223
2025-06-13 08:00:00,1.94e-05,7.397
2025-06-13 16:00:00,7.94e-05,7.48009001
2025-06-14 00:00:00,0.0001,7.75386126
2025-06-14 08:00:00,2.787e-05,7.33257051
2025-06-14 16:00:00,1.951e-05,7.19263725
2025-06-15 00:00:00,-5.531e-05,7.298
2025-06-15 08:00:00,6.299e-05,7.21557162
2025-06-15 16:00:00,-3.13e-05,7.14
2025-06-16 00:00:00,4.717e-05,7.17732117
2025-06-16 08:00:00,2.449e-05,7.635
2025-06-16 16:00:00,0.0001,7.834
2025-06-17 00:00:00,0.0001,7.441
2025-06-17 08:00:00,0.0001,7.63528739
2025-06-17 16:00:00,3.087e-05,7.317
2025-06-18 00:00:00,0.0001,7.433
2025-06-18 08:00:00,-1.021e-05,7.47010495
2025-06-18 16:00:00,5.754e-05,7.484
2025-06-19 00:00:00,0.0001,7.583
2025-06-19 08:00:00,8.06e-05,7.73377477
2025-06-19 16:00:00,5.78e-05,7.511
2025-06-20 00:00:00,6.26e-06,7.67621734
2025-06-20 08:00:00,-1.46e-06,7.82262162
2025-06-20 16:00:00,6.998e-05,7.526
2025-06-21 00:00:00,-0.00028812,7.063
2025-06-21 08:00:00,-8.612e-05,6.944
2025-06-21 16:00:00,2.838e-05,6.80993514
2025-06-22 00:00:00,0.0001,6.46
2025-06-22 08:00:00,-6.624e-05,6.423
2025-06-22 16:00:00,0.0001,6.191
2025-06-23 00:00:00,-0.00012286,6.25451532
2025-06-23 08:00:00,-4.944e-05,6.34049865
2025-06-23 16:00:00,-4.577e-05,6.169
2025-06-24 00:00:00,0.0001,6.793
2025-06-24 08:00:00,0.0001,6.8770018
2025-06-24 16:00:00,0.0001,6.963
2025-06-25 00:00:00,8.183e-05,7.05743468
2025-06-25 08:00:00,0.0001,7.245
2025-06-25 16:00:00,0.0001,6.88983649
2025-06-26 00:00:00,0.0001,6.97
2025-06-26 08:00:00,6.871e-05,7.195
2025-06-26 16:00:00,4.277e-05,6.84575737
2025-06-27 00:00:00,5.242e-05,6.804
2025-06-27 08:00:00,0.0001,6.86803504
2025-06-27 16:00:00,5.032e-05,6.92439865
2025-06-28 00:00:00,9.226e-05,6.906
2025-06-28 08:00:00,5.658e-05,6.95043694
2025-06-28 16:00:00,0.0001,7.067
2025-06-29 00:00:00,0.0001,7.124
2025-06-29 08:00:00,-6.793e-05,7.038
2025-06-29 16:00:00,0.0001,7.13
2025-06-30 00:00:00,0.0001,7.39175766
2025-06-30 08:00:00,0.0001,7.291
2025-06-30 16:00:00,0.0001,7.19716847
2025-07-01 00:00:00,0.0001,7.1255527
2025-07-01 08:00:00,6.148e-05,7.11332318
2025-07-01 16:00:00,7.321e-05,6.932
2025-07-02 00:00:00,-7.824e-05,6.58705631
2025-07-02 08:00:00,0.0001,7.001
2025-07-02 16:00:00,0.0001,7.30056757
2025-07-03 00:00:00,0.0001,7.34707568
2025-07-03 08:00:00,0.0001,7.697
2025-07-03 16:00:00,0.0001,7.595
2025-07-04 00:00:00,0.0001,7.46672162
2025-07-04 08:00:00,0.0001,7.294
2025-07-04 16:00:00,-4.377e-05,6.90000766
2025-07-05 00:00:00,-0.00014692,6.92717658
2025-07-05 08:00:00,1.298e-05,7.00081261
2025-07-05 16:00:00,2.758e-05,6.907
2025-07-06 00:00:00,0.0001,7.3292973
2025-07-06 08:00:00,0.0001,7.257
2025-07-06 16:00:00,0.0001,7.39
2025-07-07 00:00:00,0.0001,7.419
2025-07-07 08:00:00,0.0001,7.414
2025-07-07 16:00:00,0.0001,7.336
2025-07-08 00:00:00,0.0001,7.38711428
2025-07-08 08:00:00,0.0001,7.4268
2025-07-08 16:00:00,0.0001,7.575
2025-07-09 00:00:00,0.0001,7.657
2025-07-09 08:00:00,9.764e-05,7.757
2025-07-09 16:00:00,0.0001,8.15387748
2025-07-10 00:00:00,0.0001,8.29645946
2025-07-10 08:00:00,0.0001,8.3811955
2025-07-10 16:00:00,0.0001,8.057
2025-07-11 00:00:00,0.0001,8.463
2025-07-11 08:00:00,0.0001,8.62419797
2025-07-11 16:00:00,0.0001,8.73694685
2025-07-12 00:00:00,0.0001,8.693
2025-07-12 08:00:00,0.0001,8.56399414
2025-07-12 16:00:00,0.0001,8.231
2025-07-13 00:00:00,0.0001,8.389
2025-07-13 08:00:00,2.775e-05,8.499
2025-07-13 16:00:00,9.924e-05,8.58782704
2025-07-14 00:00:00,9.931e-05,8.509
2025-07-14 08:00:00,0.0001,9.39254595
2025-07-14 16:00:00,0.0001,9.27894595
2025-07-15 00:00:00,0.0001,9.127
2025-07-15 08:00:00,0.0001,9.045
2025-07-15 16:00:00,0.0001,9.134
2025-07-16 00:00:00,0.0001,9.348
2025-07-16 08:00:00,0.0001,9.258
2025-07-16 16:00:00,0.0001,9.015
2025-07-17 00:00:00,6.843e-05,8.89445856
2025-07-17 08:00:00,2.296e-05,8.999
2025-07-17 16:00:00,0.0001,8.884
2025-07-18 00:00:00,0.0001,8.93013514
2025-07-18 08:00:00,0.00031086,10.5172518
2025-07-18 16:00:00,0.00010419,10.295
2025-07-19 00:00:00,0.0001,10.13284324
2025-07-19 08:00:00,0.0001,10.23500631
2025-07-19 16:00:00,0.0001,10.088
2025-07-20 00:00:00,0.0001,10.17105045
2025-07-20 08:00:00,0.0001,10.50732973
2025-07-20 16:00:00,0.0001,10.78852523
2025-07-21 00:00:00,0.0001,10.65832432
2025-07-21 08:00:00,0.0001,10.5567027
2025-07-21 16:00:00,0.0001,11.10493468
2025-07-22 00:00:00,0.0001,10.832
2025-07-22 08:00:00,0.0001,10.35295901
2025-07-22 16:00:00,0.0001,10.53341126
2025-07-23 00:00:00,0.0001,10.77962477
2025-07-23 08:00:00,0.0001,10.51403288
2025-07-23 16:00:00,0.0001,10.16913514
2025-07-24 00:00:00,0.0001,10.17450225
2025-07-24 08:00:00,0.0001,9.98602703
2025-07-24 16:00:00,0.0001,10.35842432
2025-07-25 00:00:00,0.0001,10.118
2025-07-25 08:00:00,0.0001,9.989
2025-07-25 16:00:00,0.0001,10.086
2025-07-26 00:00:00,0.0001,10.42737838
2025-07-26 08:00:00,0.0001,10.41327613
2025-07-26 16:00:00,0.0001,10.44785856
2025-07-27 00:00:00,0.0001,10.56
2025-07-27 08:00:00,0.0001,10.569
2025-07-27 16:00:00,0.0001,10.74630811
2025-07-28 00:00:00,0.0001,10.98389189
2025-07-28 08:00:00,0.0001,11.052
2025-07-28 16:00:00,0.0001,10.58034279
2025-07-29 00:00:00,0.0001,10.461
2025-07-29 08:00:00,0.0001,10.62977943
2025-07-29 16:00:00,0.0001,10.15435
2025-07-30 00:00:00,0.0001,10.30240586
2025-07-30 08:00:00,0.0001,10.291
2025-07-30 16:00:00,7.896e-05,10.056
2025-07-31 00:00:00,0.0001,10.00521622
2025-07-31 08:00:00,0.0001,10.132
2025-07-31 16:00:00,4.053e-05,9.65728169
2025-08-01 00:00:00,0.0001,9.34131577
2025-08-01 08:00:00,0.0001,9.22748784
2025-08-01 16:00:00,0.0001,9.0664464
2025-08-02 00:00:00,0.0001,9.03412928
2025-08-02 08:00:00,5.471e-05,9.07043649
2025-08-02 16:00:00,9.163e-05,8.934
2025-08-03 00:00:00,0.0001,8.756
2025-08-03 08:00:00,3.983e-05,8.9933464
2025-08-03 16:00:00,0.0001,9.13762658
2025-08-04 00:00:00,-1.604e-05,9.145
2025-08-04 08:00:00,0.0001,9.31704685
2025-08-04 16:00:00,0.0001,9.985
2025-08-05 00:00:00,0.0001,9.9607964
2025-08-05 08:00:00,0.0001,9.708
2025-08-05 16:00:00,0.0001,9.49205931
2025-08-06 00:00:00,3.916e-05,9.57573153
2025-08-06 08:00:00,0.0001,9.659
2025-08-06 16:00:00,0.0001,9.72156471
2025-08-07 00:00:00,4.288e-05,9.69177353
2025-08-07 08:00:00,0.0001,9.786
2025-08-07 16:00:00,0.0001,10.104
2025-08-08 00:00:00,0.0001,10.42362083
2025-08-08 08:00:00,0.0001,10.602
2025-08-08 16:00:00,0.0001,10.60725591
2025-08-09 00:00:00,0.0001,10.85941935
2025-08-09 08:00:00,0.0001,11.188
2025-08-09 16:00:00,0.0001,10.86112903
2025-08-10 00:00:00,0.0001,10.97637204
2025-08-10 08:00:00,0.0001,10.63383871
2025-08-10 16:00:00,0.0001,11.06079946
2025-08-11 00:00:00,0.0001,10.94606022
2025-08-11 08:00:00,0.0001,11.0362973
2025-08-11 16:00:00,0.0001,10.907
2025-08-12 00:00:00,0.0001,11.036
2025-08-12 08:00:00,4.966e-05,11.22370631
2025-08-12 16:00:00,0.0001,11.35570676
2025-08-13 00:00:00,0.0001,11.596
2025-08-13 08:00:00,0.0001,11.99018919
2025-08-13 16:00:00,0.0001,11.99016351
2025-08-14 00:00:00,0.0001,12.13010811
2025-08-14 08:00:00,0.0001,11.61416216
2025-08-14 16:00:00,0.0001,10.9920991
2025-08-15 00:00:00,0.0001,10.87107523
2025-08-15 08:00:00,6.792e-05,11.03331081
2025-08-15 16:00:00,0.0001,10.56186486
2025-08-16 00:00:00,0.0001,10.717
2025-08-16 08:00:00,0.0001,10.998
2025-08-16 16:00:00,0.0001,10.88776505
2025-08-17 00:00:00,0.0001,11.009
2025-08-17 08:00:00,0.0001,11.124
2025-08-17 16:00:00,0.0001,11.35445376
2025-08-18 00:00:00,0.0001,11.013
2025-08-18 08:00:00,7.184e-05,10.27621828
2025-08-18 16:00:00,4.64e-05,10.47660383
2025-08-19 00:00:00,4.982e-05,10.482
2025-08-19 08:00:00,8.988e-05,10.293
2025-08-19 16:00:00,4.47e-05,10.222
2025-08-20 00:00:00,0.0001,9.947
2025-08-20 08:00:00,1.017e-05,10.18
2025-08-20 16:00:00,2.26e-05,10.334
2025-08-21 00:00:00,6.66e-05,10.607
2025-08-21 08:00:00,0.0001,10.536
2025-08-21 16:00:00,8.727e-05,10.257
2025-08-22 00:00:00,0.0001,10.222
2025-08-22 08:00:00,6.843e-05,10.43018667
2025-08-22 16:00:00,6.875e-05,11.00791351
2025-08-23 00:00:00,0.0001,11.437
2025-08-23 08:00:00,0.0001,11.177
2025-08-23 16:00:00,0.0001,11.26051757
2025-08-24 00:00:00,0.0001,11.3452009
2025-08-24 08:00:00,0.0001,11.062
2025-08-24 16:00:00,0.0001,11.039
2025-08-25 00:00:00,0.0001,10.924
2025-08-25 08:00:00,0.0001,10.33743108
2025-08-25 16:00:00,9.676e-05,10.10477883
2025-08-26 00:00:00,4.551e-05,9.69803604
2025-08-26 08:00:00,4.433e-05,9.74516644
2025-08-26 16:00:00,3.95e-05,9.70565811
2025-08-27 00:00:00,-1.127e-05,9.94706261
2025-08-27 08:00:00,7.809e-05,9.905
2025-08-27 16:00:00,0.0001,10.102
2025-08-28 00:00:00,0.0001,9.85283649
2025-08-28 08:00:00,0.0001,10.041
2025-08-28 16:00:00,0.0001,9.87027387
2025-08-29 00:00:00,0.0001,10.01837838
2025-08-29 08:00:00,0.0001,9.64939099
2025-08-29 16:00:00,0.0001,9.54284617
2025-08-30 00:00:00,0.0001,9.629
2025-08-30 08:00:00,0.0001,9.813
2025-08-30 16:00:00,0.0001,9.7512518
2025-08-31 00:00:00,0.0001,9.723
2025-08-31 08:00:00,0.0001,9.815
2025-08-31 16:00:00,0.0001,9.8
2025-09-01 00:00:00,0.0001,9.61489808
2025-09-01 08:00:00,5.872e-05,9.73683784
2025-09-01 16:00:00,9.948e-05,9.3624973
2025-09-02 00:00:00,0.0001,9.348
2025-09-02 08:00:00,9.048e-05,9.48986847
2025-09-02 16:00:00,0.0001,9.37267568
2025-09-03 00:00:00,0.0001,9.58008108
2025-09-03 08:00:00,0.0001,9.44554214
2025-09-03 16:00:00,0.0001,9.70556216
2025-09-04 00:00:00,0.0001,9.67613423
2025-09-04 08:00:00,0.0001,9.446
2025-09-04 16:00:00,3.463e-05,9.22532297
2025-09-05 00:00:00,2.991e-05,9.284
2025-09-05 08:00:00,6.557e-05,9.585
2025-09-05 16:00:00,0.0001,9.3583036
2025-09-06 00:00:00,0.0001,9.393
2025-09-06 08:00:00,0.0001,9.316
2025-09-06 16:00:00,0.0001,9.26393919
2025-09-07 00:00:00,0.0001,9.329
2025-09-07 08:00:00,0.0001,9.355
2025-09-07 16:00:00,0.0001,9.37015856
2025-09-08 00:00:00,0.0001,9.394
2025-09-08 08:00:00,0.0001,9.40161667
2025-09-08 16:00:00,0.0001,9.734
2025-09-09 00:00:00,0.0001,9.55106532
2025-09-09 08:00:00,0.0001,9.73829386
2025-09-09 16:00:00,0.0001,9.456
2025-09-10 00:00:00,4.47e-06,9.535
2025-09-10 08:00:00,0.0001,9.64301077
2025-09-10 16:00:00,0.0001,9.75
2025-09-11 00:00:00,0.0001,9.736
2025-09-11 08:00:00,0.0001,9.916
2025-09-11 16:00:00,0.0001,9.749
2025-09-12 00:00:00,0.0001,9.982
2025-09-12 08:00:00,0.0001,10.06306216
2025-09-12 16:00:00,3.94e-05,10.02
2025-09-13 00:00:00,0.0001,10.175
2025-09-13 08:00:00,4.208e-05,10.149
2025-09-13 16:00:00,0.0001,10.11
2025-09-14 00:00:00,0.0001,10.11851871
2025-09-14 08:00:00,-7.63e-06,9.686
2025-09-14 16:00:00,-2.636e-05,9.38431847
2025-09-15 00:00:00,2.861e-05,9.40948288
2025-09-15 08:00:00,-3.413e-05,9.26255991
2025-09-15 16:00:00,-4.32e-06,9.122
2025-09-16 00:00:00,5.513e-05,9.158
2025-09-16 08:00:00,4.996e-05,9.166
2025-09-16 16:00:00,8.067e-05,9.234
2025-09-17 00:00:00,1.538e-05,9.31602387
2025-09-17 08:00:00,6.263e-05,9.348
2025-09-17 16:00:00,4.299e-05,9.202
2025-09-18 00:00:00,0.0001,9.547
2025-09-18 08:00:00,0.0001,9.51032207
2025-09-18 16:00:00,0.0001,9.534
2025-09-19 00:00:00,0.0001,9.602
2025-09-19 08:00:00,0.0001,9.36072072
2025-09-19 16:00:00,3.335e-05,9.177
2025-09-20 00:00:00,-2.724e-05,9.15783153
2025-09-20 08:00:00,7.101e-05,9.22668468
2025-09-20 16:00:00,3.711e-05,9.231
2025-09-21 00:00:00,7.918e-05,9.17968919
2025-09-21 08:00:00,0.0001,9.169
2025-09-21 16:00:00,1.118e-05,9.09124505
2025-09-22 00:00:00,4.79e-06,9.039
2025-09-22 08:00:00,-1.818e-05,8.165
2025-09-22 16:00:00,2.734e-05,8.07
2025-09-23 00:00:00,-3.11e-05,8.22687297
2025-09-23 08:00:00,6e-07,8.156
2025-09-23 16:00:00,-1.643e-05,8.14
2025-09-24 00:00:00,4.091e-05,8.055
2025-09-24 08:00:00,8.723e-05,8.119
2025-09-24 16:00:00,-1.561e-05,8.091
2025-09-25 00:00:00,-1.597e-05,7.89547477
2025-09-25 08:00:00,2.521e-05,7.727
2025-09-25 16:00:00,8.941e-05,7.67903063
2025-09-26 00:00:00,-2.897e-05,7.452
2025-09-26 08:00:00,4.04e-05,7.45
2025-09-26 16:00:00,5.1e-07,7.45701892
2025-09-27 00:00:00,0.0001,7.61612342
2025-09-27 08:00:00,0.0001,7.526
2025-09-27 16:00:00,0.0001,7.594
2025-09-28 00:00:00,0.0001,7.614
2025-09-28 08:00:00,6.481e-05,7.519
2025-09-28 16:00:00,7.957e-05,7.539
2025-09-29 00:00:00,5.967e-05,7.74866036
2025-09-29 08:00:00,4.812e-05,7.66979099
2025-09-29 16:00:00,4.661e-05,7.68704505
2025-09-30 00:00:00,9.572e-05,7.74
2025-09-30 08:00:00,9.047e-05,7.5953964
2025-09-30 16:00:00,3.52e-06,7.48
2025-10-01 00:00:00,0.0001,7.637
2025-10-01 08:00:00,0.0001,7.58123719
2025-10-01 16:00:00,2.263e-05,7.97588869
2025-10-02 00:00:00,9.321e-05,8.068
2025-10-02 08:00:00,0.0001,8.156
2025-10-02 16:00:00,0.0001,8.16405135
2025-10-03 00:00:00,0.0001,8.347
2025-10-03 08:00:00,0.0001,8.21254865
2025-10-03 16:00:00,0.0001,8.36208378
2025-10-04 00:00:00,0.0001,8.17
2025-10-04 08:00:00,4.938e-05,8.065
2025-10-04 16:00:00,6.261e-05,7.92907568
2025-10-05 00:00:00,2.884e-05,8.0193018
2025-10-05 08:00:00,0.0001,8.394
2025-10-05 16:00:00,0.0001,8.206
2025-10-06 00:00:00,3.267e-05,8.0544973
2025-10-06 08:00:00,6.206e-05,8.19903784
2025-10-06 16:00:00,0.0001,8.368
2025-10-07 00:00:00,0.0001,8.34204505
2025-10-07 08:00:00,0.0001,8.096
2025-10-07 16:00:00,5.109e-05,7.814
2025-10-08 00:00:00,-4.02e-05,7.762
2025-10-08 08:00:00,3.785e-05,7.776
2025-10-08 16:00:00,0.0001,7.884
2025-10-09 00:00:00,0.0001,8.06967568
2025-10-09 08:00:00,0.0001,7.835
2025-10-09 16:00:00,5.279e-05,7.73848468
2025-10-10 00:00:00,0.0001,7.85201351
2025-10-10 08:00:00,0.0001,8.15312523
2025-10-10 16:00:00,0.0001,7.75
2025-10-11 00:00:00,0.0001,5.774
2025-10-11 08:00:00,2.858e-05,5.87975405
2025-10-11 16:00:00,-2.576e-05,6.076
2025-10-12 00:00:00,1.863e-05,5.8505027
2025-10-12 08:00:00,6.267e-05,6.14
2025-10-12 16:00:00,6.675e-05,6.47688018
2025-10-13 00:00:00,0.0001,6.616
2025-10-13 08:00:00,8.094e-05,6.716
2025-10-13 16:00:00,6.085e-05,6.751
2025-10-14 00:00:00,5.859e-05,7.048
2025-10-14 08:00:00,4.783e-05,6.531
2025-10-14 16:00:00,2.888e-05,6.76013288
2025-10-15 00:00:00,7.651e-05,6.81808559
2025-10-15 08:00:00,-1.59e-05,6.84679369
2025-10-15 16:00:00,0.0001,6.536
2025-10-16 00:00:00,7.739e-05,6.566
2025-10-16 08:00:00,-1.765e-05,6.586
2025-10-16 16:00:00,6.388e-05,6.34778964
2025-10-17 00:00:00,7.847e-05,6.276
2025-10-17 08:00:00,5.24e-06,5.955
2025-10-17 16:00:00,6.346e-05,6.16974505
2025-10-18 00:00:00,1.703e-05,6.131
2025-10-18 08:00:00,4.355e-05,6.07409189
2025-10-18 16:00:00,5.057e-05,5.9494329
2025-10-19 00:00:00,4.678e-05,6.02002793
2025-10-19 08:00:00,3.518e-05,6.00603694
2025-10-19 16:00:00,2.404e-05,6.28038018
2025-10-20 00:00:00,2.042e-05,6.25716757
2025-10-20 08:00:00,4.475e-05,6.46581351
2025-10-20 16:00:00,2.234e-05,6.36673514
2025-10-21 00:00:00,7.096e-05,6.333
2025-10-21 08:00:00,5.22e-05,6.202
2025-10-21 16:00:00,8.063e-05,6.588
2025-10-22 00:00:00,0.0001,6.251
2025-10-22 08:00:00,-1.708e-05,6.192
2025-10-22 16:00:00,5.552e-05,6.14135315
2025-10-23 00:00:00,6.907e-05,6.03212973
2025-10-23 08:00:00,7.54e-06,6.173
2025-10-23 16:00:00,0.0001,6.258
2025-10-24 00:00:00,9.856e-05,6.312
2025-10-24 08:00:00,0.0001,6.355
2025-10-24 16:00:00,0.0001,6.194
2025-10-25 00:00:00,7.924e-05,6.24191007
2025-10-25 08:00:00,5.961e-05,6.183
2025-10-25 16:00:00,4.16e-05,6.18522883
2025-10-26 00:00:00,2.192e-05,6.24082523
2025-10-26 08:00:00,3.884e-05,6.22082793
2025-10-26 16:00:00,8.649e-05,6.536
2025-10-27 00:00:00,0.0001,6.66156396
2025-10-27 08:00:00,0.0001,6.724
2025-10-27 16:00:00,1.602e-05,6.57
2025-10-28 00:00:00,0.0001,6.50951678
2025-10-28 08:00:00,5.783e-05,6.529
2025-10-28 16:00:00,2.094e-05,6.52500991
2025-10-29 00:00:00,-1.109e-05,6.336
2025-10-29 08:00:00,-4.26e-06,6.3447
2025-10-29 16:00:00,6.303e-05,6.223
2025-10-30 00:00:00,9.689e-05,6.291
2025-10-30 08:00:00,-0.0002205,6.117
2025-10-30 16:00:00,-9.258e-05,5.807
2025-10-31 00:00:00,-0.00018495,5.84
2025-10-31 08:00:00,-7.627e-05,5.87986937
2025-10-31 16:00:00,2.697e-05,5.73589795
2025-11-01 00:00:00,-3.334e-05,5.74
2025-11-01 08:00:00,-3.09e-06,5.80168018
2025-11-01 16:00:00,8.24e-05,5.85263063
2025-11-02 00:00:00,-3.285e-05,5.861
2025-11-02 08:00:00,3.725e-05,5.91005856
2025-11-02 16:00:00,6.571e-05,5.75394324
2025-11-03 00:00:00,7.324e-05,5.85632072
2025-11-03 08:00:00,7.967e-05,5.34016126
2025-11-03 16:00:00,-4.182e-05,5.13137698
2025-11-04 00:00:00,1.914e-05,5.19516216
2025-11-04 08:00:00,3.306e-05,5.058
2025-11-04 16:00:00,6.267e-05,5.14988725
2025-11-05 00:00:00,7.729e-05,5.07
2025-11-05 08:00:00,8.754e-05,5.218
2025-11-05 16:00:00,-2.528e-05,5.368
2025-11-06 00:00:00,2.396e-05,5.344
2025-11-06 08:00:00,7.907e-05,5.24352432
2025-11-06 16:00:00,7.715e-05,5.196
2025-11-07 00:00:00,9.054e-05,5.252
2025-11-07 08:00:00,2.152e-05,5.46733964
2025-11-07 16:00:00,6.557e-05,5.56911622
2025-11-08 00:00:00,0.0001,5.871
2025-11-08 08:00:00,6.489e-05,5.99185586
2025-11-08 16:00:00,5.778e-05,5.987
2025-11-09 00:00:00,2.304e-05,6.006
2025-11-09 08:00:00,6.706e-05,5.935
2025-11-09 16:00:00,5.54e-05,6.5149973
2025-11-10 00:00:00,6.286e-05,6.57
2025-11-10 08:00:00,4.723e-05,6.73985766
2025-11-10 16:00:00,8.349e-05,6.96662703
2025-11-11 00:00:00,0.0001,9.25721622
2025-11-11 08:00:00,1.032e-05,8.448
2025-11-11 16:00:00,3.997e-05,8.984
2025-11-12 00:00:00,0.0001,8.245
2025-11-12 08:00:00,4.426e-05,8.40816558
2025-11-12 16:00:00,2.61e-06,7.81948649
2025-11-13 00:00:00,0.0001,7.56462162
2025-11-13 08:00:00,-4.731e-05,7.865
2025-11-13 16:00:00,9.101e-05,7.92526281
2025-11-14 00:00:00,-2.19e-06,7.74945676
2025-11-14 08:00:00,0.0001,7.51840901
2025-11-14 16:00:00,0.0001,7.27
2025-11-15 00:00:00,8.089e-05,6.98737791
2025-11-15 08:00:00,5.772e-05,7.501
2025-11-15 16:00:00,7.166e-05,7.462
2025-11-16 00:00:00,2.236e-05,7.356
2025-11-16 08:00:00,0.0001,7.85708468
2025-11-16 16:00:00,1.503e-05,7.32949804
2025-11-17 00:00:00,8.976e-05,7.17444129
2025-11-17 08:00:00,0.0001,8.09684865
2025-11-17 16:00:00,2.03e-05,7.77413281
2025-11-18 00:00:00,-9.72e-06,7.417
2025-11-18 08:00:00,1.539e-05,7.37783784
2025-11-18 16:00:00,0.0001,7.611
2025-11-19 00:00:00,0.0001,7.49950541
2025-11-19 08:00:00,-1.683e-05,7.29334234
2025-11-19 16:00:00,7.854e-05,6.88496513
2025-11-20 00:00:00,0.0001,7.22
2025-11-20 08:00:00,0.0001,7.31956074
2025-11-20 16:00:00,0.0001,7.055
2025-11-21 00:00:00,3.937e-05,6.56861384
2025-11-21 08:00:00,0.0001,6.28280473
2025-11-21 16:00:00,0.0001,6.22982131
2025-11-22 00:00:00,0.0001,6.42500698
2025-11-22 08:00:00,6.282e-05,6.318
2025-11-22 16:00:00,9.931e-05,6.054957
2025-11-23 00:00:00,8.306e-05,6.15704557
2025-11-23 08:00:00,6.462e-05,6.19449667
2025-11-23 16:00:00,4.13e-05,6.2435769
2025-11-24 00:00:00,7.38e-05,6.13204585
2025-11-24 08:00:00,6.645e-05,6.229
2025-11-24 16:00:00,2.454e-05,6.192
2025-11-25 00:00:00,7.32e-06,6.29228309
2025-11-25 08:00:00,-3.092e-05,6.195
2025-11-25 16:00:00,-3.828e-05,5.92
2025-11-26 00:00:00,0.0001,6.231
2025-11-26 08:00:00,0.0001,6.22861325
2025-11-26 16:00:00,2.974e-05,6.039
2025-11-27 00:00:00,0.0001,6.30117901
2025-11-27 08:00:00,-2.478e-05,6.19765004
2025-11-27 16:00:00,5.668e-05,6.17960431
2025-11-28 00:00:00,-1.122e-05,6.13631804
2025-11-28 08:00:00,1.77e-05,6.08512505
2025-11-28 16:00:00,2.307e-05,6.27146429
2025-11-29 00:00:00,6.246e-05,6.12430394
2025-11-29 08:00:00,2.267e-05,6.107
2025-11-29 16:00:00,2.652e-05,6.121
2025-11-30 00:00:00,-1.414e-05,6.055
2025-11-30 08:00:00,4.617e-05,6.21744767
2025-11-30 16:00:00,-1.296e-05,6.129
2025-12-01 00:00:00,5.83e-06,6.03726591
2025-12-01 08:00:00,8.21e-06,5.55025826
2025-12-01 16:00:00,5.395e-05,5.57018209
2025-12-02 00:00:00,5.041e-05,5.596
2025-12-02 08:00:00,4.883e-05,5.48670804
2025-12-02 16:00:00,3.969e-05,5.9783089
2025-12-03 00:00:00,1.312e-05,5.915
2025-12-03 08:00:00,5.736e-05,6.0536076
2025-12-03 16:00:00,8.699e-05,5.99817713
2025-12-04 00:00:00,0.0001,6.10315238
2025-12-04 08:00:00,7.08e-05,6.09122546
2025-12-04 16:00:00,5.61e-05,6.04628018
2025-12-05 00:00:00,8.428e-05,5.958
2025-12-05 08:00:00,9.999e-05,5.951
2025-12-05 16:00:00,1.093e-05,5.729
2025-12-06 00:00:00,-3.282e-05,5.46950795
2025-12-06 08:00:00,-8.343e-05,5.488
2025-12-06 16:00:00,-1.872e-05,5.52514446
2025-12-07 00:00:00,4.73e-05,5.56
2025-12-07 08:00:00,-6.4e-07,5.587
2025-12-07 16:00:00,4.069e-05,5.52157594
2025-12-08 00:00:00,3.21e-06,5.458
2025-12-08 08:00:00,3.477e-05,5.66447265
2025-12-08 16:00:00,1.612e-05,5.59596881
2025-12-09 00:00:00,1.674e-05,5.614
2025-12-09 08:00:00,7.08e-05,5.475302
2025-12-09 16:00:00,6.548e-05,5.71751456
2025-12-10 00:00:00,0.0001,5.74302842
2025-12-10 08:00:00,-8.018e-05,5.61
2025-12-10 16:00:00,-5.126e-05,5.57912196
2025-12-11 00:00:00,0.0001,5.59794961
2025-12-11 08:00:00,-0.00010847,5.353
2025-12-11 16:00:00,-1.698e-05,5.34460543
2025-12-12 00:00:00,0.0001,5.54606247
2025-12-12 08:00:00,2.066e-05,5.57167922
2025-12-12 16:00:00,3.917e-05,5.28524137
2025-12-13 00:00:00,1.417e-05,5.42
2025-12-13 08:00:00,0.0001,5.431
2025-12-13 16:00:00,6.739e-05,5.462
2025-12-14 00:00:00,0.0001,5.50025793
2025-12-14 08:00:00,6.137e-05,5.48009443
2025-12-14 16:00:00,8.099e-05,5.379
2025-12-15 00:00:00,1.986e-05,5.306
2025-12-15 08:00:00,8.1e-07,5.375
2025-12-15 16:00:00,-4.203e-05,5.10043211
2025-12-16 00:00:00,-1.836e-05,5.075
2025-12-16 08:00:00,-2.795e-05,5.025
2025-12-16 16:00:00,0.0001,5.248
2025-12-17 00:00:00,0.0001,5.196
2025-12-17 08:00:00,0.0001,5.094
2025-12-17 16:00:00,3.039e-05,5.079
2025-12-18 00:00:00,-1.178e-05,4.96309441
2025-12-18 08:00:00,-7.313e-05,4.928
2025-12-18 16:00:00,8.233e-05,5.28804044
2025-12-19 00:00:00,-0.00013917,4.958
2025-12-19 08:00:00,-6.105e-05,5.188
2025-12-19 16:00:00,0.0001,5.19014196
2025-12-20 00:00:00,0.0001,5.316
2025-12-20 08:00:00,5.367e-05,5.73090647
2025-12-20 16:00:00,0.0001,6.046
2025-12-21 00:00:00,0.0001,6.26
2025-12-21 08:00:00,0.0001,6.31600107
2025-12-21 16:00:00,3.443e-05,6.086
2025-12-22 00:00:00,4.759e-05,6.11241905
2025-12-22 08:00:00,3.645e-05,6.243
2025-12-22 16:00:00,7.177e-05,6.14969069
2025-12-23 00:00:00,6.463e-05,6.015
2025-12-23 08:00:00,8.491e-05,6.043
2025-12-23 16:00:00,4.452e-05,5.733
2025-12-24 00:00:00,-1.043e-05,5.80608907
2025-12-24 08:00:00,0.0001,5.597
2025-12-24 16:00:00,4.424e-05,5.76230387
2025-12-25 00:00:00,0.0001,5.775
2025-12-25 08:00:00,5.4e-05,5.785
2025-12-25 16:00:00,6.068e-05,5.9
2025-12-26 00:00:00,1.937e-05,5.81
2025-12-26 08:00:00,6.648e-05,5.894
2025-12-26 16:00:00,-1.248e-05,5.807
2025-12-27 00:00:00,5.577e-05,5.827
2025-12-27 08:00:00,0.0001,6.002
2025-12-27 16:00:00,0.0001,5.951
2025-12-28 00:00:00,8.999e-05,5.964
2025-12-28 08:00:00,0.0001,6.32633628
2025-12-28 16:00:00,0.0001,6.4436327
2025-12-29 00:00:00,1.388e-05,6.226
2025-12-29 08:00:00,4.683e-05,6.18335863
2025-12-29 16:00:00,-1.132e-05,6.051
2025-12-30 00:00:00,7.694e-05,5.99139528
2025-12-30 08:00:00,9.449e-05,5.95441233
2025-12-30 16:00:00,0.0001,6.00494077
2025-12-31 00:00:00,0.0001,5.922
2025-12-31 08:00:00,0.0001,5.912
2025-12-31 16:00:00,8.682e-05,5.851
2026-01-01 00:00:00,7.37e-05,5.638
2026-01-01 08:00:00,9.909e-05,5.641
2026-01-01 16:00:00,-6.331e-05,5.74304175
2026-01-02 00:00:00,0.0001,5.8052354
2026-01-02 08:00:00,2.478e-05,5.744
2026-01-02 16:00:00,2.061e-05,5.861
2026-01-03 00:00:00,0.0001,6.03715504
2026-01-03 08:00:00,5.842e-05,5.78
2026-01-03 16:00:00,-8.948e-05,5.81155986
2026-01-04 00:00:00,0.0001,5.915
2026-01-04 08:00:00,0.0001,5.868
2026-01-04 16:00:00,6.678e-05,5.94237537
2026-01-05 00:00:00,-0.00017663,5.84810593
2026-01-05 08:00:00,4.246e-05,5.907
2026-01-05 16:00:00,-2.64e-05,5.87291008
2026-01-06 00:00:00,0.0001,6.159
2026-01-06 08:00:00,-8.767e-05,6.116
2026-01-06 16:00:00,4.341e-05,6.14063533
2026-01-07 00:00:00,5.249e-05,6.06629556
2026-01-07 08:00:00,2.77e-05,6.04499652
2026-01-07 16:00:00,-0.00010771,5.74437575
2026-01-08 00:00:00,-4.849e-05,5.72250176
2026-01-08 08:00:00,8.305e-05,5.60984787
2026-01-08 16:00:00,-9.6e-07,5.49
2026-01-09 00:00:00,-4.131e-05,5.48422702
2026-01-09 08:00:00,-1.38e-05,5.465
2026-01-09 16:00:00,3.881e-05,5.496
2026-01-10 00:00:00,5.536e-05,5.468
2026-01-10 08:00:00,5.372e-05,5.513
2026-01-10 16:00:00,0.0001,5.505
2026-01-11 00:00:00,8.544e-05,5.471
2026-01-11 08:00:00,9.138e-05,5.504
2026-01-11 16:00:00,7.696e-05,5.47300826
2026-01-12 00:00:00,3.532e-05,5.451
2026-01-12 08:00:00,-2.042e-05,5.44809286
2026-01-12 16:00:00,-5.437e-05,5.386
2026-01-13 00:00:00,-1.851e-05,5.364
2026-01-13 08:00:00,9.953e-05,5.42963243
2026-01-13 16:00:00,0.0001,5.566
2026-01-14 00:00:00,0.0001,5.729
2026-01-14 08:00:00,0.0001,5.75741574
2026-01-14 16:00:00,0.0001,5.78322709
2026-01-15 00:00:00,8.933e-05,5.68
2026-01-15 08:00:00,-3.63e-06,5.505
2026-01-15 16:00:00,-8.87e-06,5.39873077
2026-01-16 00:00:00,-0.00015298,5.34677335
2026-01-16 08:00:00,-1.602e-05,5.31
2026-01-16 16:00:00,-6.41e-06,5.16402624
2026-01-17 00:00:00,7.623e-05,5.312
2026-01-17 08:00:00,0.0001,5.36127652
2026-01-17 16:00:00,3.44e-06,5.43242116
2026-01-18 00:00:00,5.808e-05,5.349
2026-01-18 08:00:00,-2.155e-05,5.30760698
2026-01-18 16:00:00,-1.2e-06,5.333
2026-01-19 00:00:00,6.079e-05,5.093
2026-01-19 08:00:00,-1.137e-05,4.963
2026-01-19 16:00:00,-7.504e-05,4.97537336
2026-01-20 00:00:00,9.822e-05,5.02386214
2026-01-20 08:00:00,4.64e-05,4.939
2026-01-20 16:00:00,-2.319e-05,4.807
2026-01-21 00:00:00,-4.536e-05,4.798
2026-01-21 08:00:00,1.726e-05,4.8828519
2026-01-21 16:00:00,1.903e-05,4.97
2026-01-22 00:00:00,4.906e-05,4.936
2026-01-22 08:00:00,-1.745e-05,4.927
2026-01-22 16:00:00,-0.00013069,4.81542818
2026-01-23 00:00:00,-5.472e-05,4.834
2026-01-23 08:00:00,4.29e-06,4.86840577
2026-01-23 16:00:00,-5.371e-05,4.893
2026-01-24 00:00:00,1.682e-05,4.86839237
2026-01-24 08:00:00,5.684e-05,4.88431874
2026-01-24 16:00:00,3.184e-05,4.84
2026-01-25 00:00:00,9.543e-05,4.852
2026-01-25 08:00:00,8.291e-05,4.82520723
2026-01-25 16:00:00,-3.581e-05,4.81280853
2026-01-26 00:00:00,-6.96e-05,4.634
2026-01-26 08:00:00,-8.838e-05,4.61669125
2026-01-26 16:00:00,-4.339e-05,4.686
2026-01-27 00:00:00,5.109e-05,4.708
2026-01-27 08:00:00,7.31e-05,4.68734377
2026-01-27 16:00:00,-7.024e-05,4.71032358
2026-01-28 00:00:00,0.0001,4.799
2026-01-28 08:00:00,0.0001,4.796
2026-01-28 16:00:00,-1.18e-06,4.812
2026-01-29 00:00:00,6.021e-05,4.81989684
2026-01-29 08:00:00,-2.25e-06,4.726
2026-01-29 16:00:00,-0.00013838,4.451
2026-01-30 00:00:00,4.043e-05,4.39429283
2026-01-30 08:00:00,-0.0001194,4.25345332
2026-01-30 16:00:00,7.194e-05,4.26016696
2026-01-31 00:00:00,6.849e-05,4.27359955
2026-01-31 08:00:00,7.1e-07,4.225
2026-01-31 16:00:00,-3.329e-05,3.9920059
2026-02-01 00:00:00,6.405e-05,3.96057675
2026-02-01 08:00:00,9.422e-05,3.955
2026-02-01 16:00:00,2.173e-05,3.827
2026-02-02 00:00:00,2.603e-05,3.835
2026-02-02 08:00:00,-6.206e-05,3.848
2026-02-02 16:00:00,2.363e-05,3.96688077
2026-02-03 00:00:00,-5.918e-05,3.924
2026-02-03 08:00:00,2.668e-05,3.90529901
2026-02-03 16:00:00,5.561e-05,3.963
2026-02-04 00:00:00,8.8e-06,3.858
2026-02-04 08:00:00,0.0001,3.92416513
2026-02-04 16:00:00,1.663e-05,3.718
2026-02-05 00:00:00,0.0001,3.799
2026-02-05 08:00:00,6.569e-05,3.7
2026-02-05 16:00:00,-3.565e-05,3.352
2026-02-06 00:00:00,0.0001,3.16646263
2026-02-06 08:00:00,-5.57e-05,3.192
2026-02-06 16:00:00,-6.893e-05,3.446
2026-02-07 00:00:00,0.0001,3.55
2026-02-07 08:00:00,0.0001,3.4629738
2026-02-07 16:00:00,4.617e-05,3.518
2026-02-08 00:00:00,5.028e-05,3.536
2026-02-08 08:00:00,1.157e-05,3.486
2026-02-08 16:00:00,-1.49e-05,3.508
2026-02-09 00:00:00,3.454e-05,3.46649152
2026-02-09 08:00:00,-1.744e-05,3.45272811
2026-02-09 16:00:00,0.0001,3.432
2026-02-10 00:00:00,5.11e-06,3.492
2026-02-10 08:00:00,1.44e-05,3.359
2026-02-10 16:00:00,5.738e-05,3.364
2026-02-11 00:00:00,9.394e-05,3.358
2026-02-11 08:00:00,3.7e-05,3.255
2026-02-11 16:00:00,3.949e-05,3.824
2026-02-12 00:00:00,-0.00017032,3.36547807
2026-02-12 08:00:00,-0.00022294,3.40807842
2026-02-12 16:00:00,-0.00011276,3.34085236
2026-02-13 00:00:00,-0.00019734,3.24488928
2026-02-13 08:00:00,3.543e-05,3.299
2026-02-13 16:00:00,1.167e-05,3.406
2026-02-14 00:00:00,0.0001,3.39587392
2026-02-14 08:00:00,-1.468e-05,3.402
2026-02-14 16:00:00,5.988e-05,3.582
2026-02-15 00:00:00,0.0001,3.626
2026-02-15 08:00:00,1.136e-05,3.621
2026-02-15 16:00:00,3.306e-05,3.50674249
2026-02-16 00:00:00,5.815e-05,3.47
2026-02-16 08:00:00,6.32e-06,3.533
2026-02-16 16:00:00,3.565e-05,3.452
2026-02-17 00:00:00,3.869e-05,3.59839338
2026-02-17 08:00:00,8.216e-05,3.565
2026-02-17 16:00:00,8.66e-06,3.50008868
2026-02-18 00:00:00,-4.963e-05,3.522
2026-02-18 08:00:00,-3.611e-05,3.57234767
2026-02-18 16:00:00,6.116e-05,3.55584833
2026-02-19 00:00:00,-1.144e-05,3.40106463
2026-02-19 08:00:00,6.329e-05,3.431
2026-02-19 16:00:00,2.594e-05,3.32836164
2026-02-20 00:00:00,5.023e-05,3.389
2026-02-20 08:00:00,3.531e-05,3.39661096
2026-02-20 16:00:00,4.241e-05,3.454
2026-02-21 00:00:00,0.0001,3.48926191
2026-02-21 08:00:00,2.757e-05,3.538
2026-02-21 16:00:00,6.874e-05,3.638
2026-02-22 00:00:00,3.942e-05,3.60682186
2026-02-22 08:00:00,1e-06,3.578
2026-02-22 16:00:00,4.04e-06,3.47110193
2026-02-23 00:00:00,5.886e-05,3.488
2026-02-23 08:00:00,-2.49e-06,3.35174245
2026-02-23 16:00:00,-3.02e-05,3.391
2026-02-24 00:00:00,1.23e-06,3.34516177
2026-02-24 08:00:00,4.407e-05,3.318
2026-02-24 16:00:00,3.568e-05,3.36
2026-02-25 00:00:00,-6.98e-06,3.33547849
2026-02-25 08:00:00,9.364e-05,3.496
2026-02-25 16:00:00,0.0001,3.936
2026-02-26 00:00:00,0.0001,4.054
2026-02-26 08:00:00,6.28e-05,3.988
2026-02-26 16:00:00,6.172e-05,3.8
2026-02-27 00:00:00,-1.095e-05,3.876
2026-02-27 08:00:00,6.741e-05,3.89031876
2026-02-27 16:00:00,6.002e-05,3.793
2026-02-28 00:00:00,9.822e-05,3.739
2026-02-28 08:00:00,5.473e-05,3.63298411
2026-02-28 16:00:00,7.38e-06,3.656
2026-03-01 00:00:00,4.631e-05,3.808
2026-03-01 08:00:00,1.167e-05,3.81
2026-03-01 16:00:00,-2.517e-05,3.7809061
2026-03-02 00:00:00,6.076e-05,3.745
2026-03-02 08:00:00,3.963e-05,3.76237299
2026-03-02 16:00:00,2.331e-05,3.98179894
2026-03-03 00:00:00,-0.0001206,3.92623211
2026-03-03 08:00:00,0.0001,3.879
2026-03-03 16:00:00,1.951e-05,3.84456104
2026-03-04 00:00:00,5.173e-05,3.91081378
2026-03-04 08:00:00,4.565e-05,3.95394088
2026-03-04 16:00:00,-7.724e-05,4.03817573
2026-03-05 00:00:00,1.894e-05,3.97578966
2026-03-05 08:00:00,3.11e-06,3.96716001
2026-03-05 16:00:00,-1.641e-05,4.005
2026-03-06 00:00:00,7.875e-05,3.96861813
2026-03-06 08:00:00,9.663e-05,4.009
2026-03-06 16:00:00,3.011e-05,3.829
2026-03-07 00:00:00,2.98e-05,3.846
2026-03-07 08:00:00,0.0001,3.82445075
2026-03-07 16:00:00,4.027e-05,3.793
2026-03-08 00:00:00,6.697e-05,3.77
2026-03-08 08:00:00,-8.396e-05,3.72321081
2026-03-08 16:00:00,7.58e-05,3.6922514
2026-03-09 00:00:00,3.298e-05,3.65918065
2026-03-09 08:00:00,1.212e-05,3.77674069
2026-03-09 16:00:00,0.0001,3.933
2026-03-10 00:00:00,1.725e-05,3.85824665
2026-03-10 08:00:00,2.433e-05,3.951
2026-03-10 16:00:00,4.142e-05,3.939
2026-03-11 00:00:00,5.41e-06,3.841
2026-03-11 08:00:00,-2.202e-05,3.821
2026-03-11 16:00:00,8.14e-05,3.89805657
2026-03-12 00:00:00,0.0001,3.896
2026-03-12 08:00:00,-1.937e-05,3.888
2026-03-12 16:00:00,7.283e-05,3.894
2026-03-13 00:00:00,0.0001,3.91511757
2026-03-13 08:00:00,8.456e-05,3.99
2026-03-13 16:00:00,0.0001,4.06438532
2026-03-14 00:00:00,3.135e-05,4.00141877
2026-03-14 08:00:00,7.693e-05,3.92351041
2026-03-14 16:00:00,-6.253e-05,3.931
2026-03-15 00:00:00,-1.576e-05,3.944
2026-03-15 08:00:00,4.488e-05,3.941
2026-03-15 16:00:00,4.929e-05,3.953
2026-03-16 00:00:00,5.457e-05,4.06716624
2026-03-16 08:00:00,-6.157e-05,4.078
2026-03-16 16:00:00,-4.659e-05,4.079
2026-03-17 00:00:00,0.0001,4.15436042
2026-03-17 08:00:00,-5.597e-05,4.02429523
2026-03-17 16:00:00,-1.138e-05,3.96904155
2026-03-18 00:00:00,-3.855e-05,3.95453992
2026-03-18 08:00:00,7.109e-05,3.94059774
2026-03-18 16:00:00,-0.00011918,3.671
2026-03-19 00:00:00,-4.844e-05,3.679
2026-03-19 08:00:00,-4.616e-05,3.59532674
2026-03-19 16:00:00,2.891e-05,3.528
2026-03-20 00:00:00,-9.53e-05,3.578
2026-03-20 08:00:00,2.442e-05,3.61848192
2026-03-20 16:00:00,-1.964e-05,3.56
2026-03-21 00:00:00,-7.909e-05,3.603
2026-03-21 08:00:00,1.293e-05,3.592
2026-03-21 16:00:00,2.585e-05,3.59453332
2026-03-22 00:00:00,2.67e-05,3.48414925
2026-03-22 08:00:00,-2.286e-05,3.47856065
2026-03-22 16:00:00,-9.893e-05,3.48146656
2026-03-23 00:00:00,-2.713e-05,3.46925071
2026-03-23 08:00:00,3.605e-05,3.48
2026-03-23 16:00:00,-5.38e-05,3.527
2026-03-24 00:00:00,-1.479e-05,3.585
2026-03-24 08:00:00,0.0001,3.596
2026-03-24 16:00:00,6.621e-05,3.56732246
2026-03-25 00:00:00,0.0001,3.60547932
2026-03-25 08:00:00,6.359e-05,3.642
2026-03-25 16:00:00,0.0001,3.699
2026-03-26 00:00:00,9.823e-05,3.706
2026-03-26 08:00:00,6.851e-05,3.607
2026-03-26 16:00:00,1.63e-06,3.51400317
2026-03-27 00:00:00,3.012e-05,3.52448228
2026-03-27 08:00:00,4.23e-06,3.512
2026-03-27 16:00:00,-7.658e-05,3.406
2026-03-28 00:00:00,6.625e-05,3.386
2026-03-28 08:00:00,-0.00010666,3.39550013
2026-03-28 16:00:00,1.4e-06,3.41342905
2026-03-29 00:00:00,5.898e-05,3.38138882
2026-03-29 08:00:00,-8.773e-05,3.39218619
2026-03-29 16:00:00,-4.83e-05,3.35829859
2026-03-30 00:00:00,2.657e-05,3.35258984
2026-03-30 08:00:00,0.0001,3.535
2026-03-30 16:00:00,0.0001,3.524
2026-03-31 00:00:00,0.0001,3.478
2026-03-31 08:00:00,7.088e-05,3.509
2026-03-31 16:00:00,4.538e-05,3.51105708
2026-04-01 00:00:00,4.59e-05,3.54203946
2026-04-01 08:00:00,8.755e-05,3.6256791
2026-04-01 16:00:00,4.457e-05,3.62186987
2026-04-02 00:00:00,8.758e-05,3.566
2026-04-02 08:00:00,-9.825e-05,3.33463314
2026-04-02 16:00:00,-0.00030207,3.179
2026-04-03 00:00:00,4.101e-05,3.1713526
2026-04-03 08:00:00,4.995e-05,3.23319206
2026-04-03 16:00:00,-0.0001351,3.167
2026-04-04 00:00:00,-2.779e-05,3.169
2026-04-04 08:00:00,4.038e-05,3.14845137
2026-04-04 16:00:00,-9.025e-05,3.12549571
2026-04-05 00:00:00,-5.373e-05,3.124
2026-04-05 08:00:00,-0.00012783,3.076
2026-04-05 16:00:00,-4.302e-05,3.09611926
2026-04-06 00:00:00,-1.993e-05,3.14600304
2026-04-06 08:00:00,-4.41e-06,3.152
2026-04-06 16:00:00,-9.529e-05,3.188
2026-04-07 00:00:00,-6.205e-05,3.094
2026-04-07 08:00:00,-0.00010279,3.072
2026-04-07 16:00:00,-8.177e-05,3.02741305
2026-04-08 00:00:00,0.0001,3.284
2026-04-08 08:00:00,3.036e-05,3.249
2026-04-08 16:00:00,-3.194e-05,3.169
2026-04-09 00:00:00,-1.011e-05,3.11867915
2026-04-09 08:00:00,-9.759e-05,3.083
2026-04-09 16:00:00,-0.00015292,3.12608734
2026-04-10 00:00:00,0.0001,3.105
2026-04-10 08:00:00,7.38e-05,3.11010472
2026-04-10 16:00:00,8.996e-05,3.15549065
2026-04-11 00:00:00,7.624e-05,3.16319889
2026-04-11 08:00:00,-3.393e-05,3.139
2026-04-11 16:00:00,-5.559e-05,3.14449121
2026-04-12 00:00:00,3.539e-05,3.14751952
2026-04-12 08:00:00,-0.00022708,3.07391542
2026-04-12 16:00:00,-1.508e-05,3.02709968
2026-04-13 00:00:00,-8.305e-05,3.0163443
2026-04-13 08:00:00,-0.00010463,3.05
2026-04-13 16:00:00,4.981e-05,3.086
2026-04-14 00:00:00,0.0001,3.23312814
2026-04-14 08:00:00,0.0001,3.174
2026-04-14 16:00:00,0.0001,3.156
2026-04-15 00:00:00,-3.56e-06,3.12848384
2026-04-15 08:00:00,0.0001,3.12718295
2026-04-15 16:00:00,9.543e-05,3.19076799
2026-04-16 00:00:00,0.0001,3.22218827
2026-04-16 08:00:00,9.724e-05,3.26221563
2026-04-16 16:00:00,5.854e-05,3.402
2026-04-17 00:00:00,0.0001,3.42701912
2026-04-17 08:00:00,5.137e-05,3.398
2026-04-17 16:00:00,7.678e-05,3.50533271
2026-04-18 00:00:00,8.293e-05,3.45082646
2026-04-18 08:00:00,6.25e-06,3.463
2026-04-18 16:00:00,6.144e-05,3.38015177
2026-04-19 00:00:00,5.021e-05,3.34646268
2026-04-19 08:00:00,7.57e-05,3.271
2026-04-19 16:00:00,5.298e-05,3.32
2026-04-20 00:00:00,8.097e-05,3.228
2026-04-20 08:00:00,1.071e-05,3.286
2026-04-20 16:00:00,3.58e-05,3.2345237
2026-04-21 00:00:00,3.754e-05,3.23
2026-04-21 08:00:00,-1.9e-06,3.251
2026-04-21 16:00:00,-4.202e-05,3.24115887
2026-04-22 00:00:00,-2.57e-06,3.26945784
2026-04-22 08:00:00,0.0001,3.39127871
2026-04-22 16:00:00,5.429e-05,3.40798228
2026-04-23 00:00:00,9.677e-05,3.314
2026-04-23 08:00:00,-4.668e-05,3.25223519
2026-04-23 16:00:00,-9.95e-06,3.296
2026-04-24 00:00:00,0.0001,3.29143384
2026-04-24 08:00:00,-4.96e-05,3.248
2026-04-24 16:00:00,9.038e-05,3.26112032
2026-04-25 00:00:00,2.324e-05,3.2500943
2026-04-25 08:00:00,-4.77e-06,3.257
2026-04-25 16:00:00,-5.634e-05,3.24271913
2026-04-26 00:00:00,2.915e-05,3.257
2026-04-26 08:00:00,0.0001,3.282
2026-04-26 16:00:00,9.025e-05,3.276
2026-04-27 00:00:00,4.098e-05,3.28015495
2026-04-27 08:00:00,-6.283e-05,3.22438773
2026-04-27 16:00:00,-2.744e-05,3.193
2026-04-28 00:00:00,-1.193e-05,3.25
2026-04-28 08:00:00,4.118e-05,3.216
2026-04-28 16:00:00,0.0001,3.22459556
2026-04-29 00:00:00,0.0001,3.241
2026-04-29 08:00:00,0.0001,3.289
2026-04-29 16:00:00,-8.511e-05,3.183
2026-04-30 00:00:00,3.867e-05,3.19
2026-04-30 08:00:00,-9.05e-05,3.19568698
2026-04-30 16:00:00,3.319e-05,3.19170675
2026-05-01 00:00:00,-9.498e-05,3.1845262
2026-05-01 08:00:00,2.994e-05,3.211
2026-05-01 16:00:00,9.754e-05,3.247
2026-05-02 00:00:00,2.408e-05,3.202
2026-05-02 08:00:00,-0.00010105,3.19970843
2026-05-02 16:00:00,0.0001,3.245
2026-05-03 00:00:00,0.0001,3.25482673
2026-05-03 08:00:00,-3.182e-05,3.224
2026-05-03 16:00:00,0.0001,3.24667641
2026-05-04 00:00:00,0.0001,3.23248278
2026-05-04 08:00:00,0.0001,3.374
2026-05-04 16:00:00,-3.277e-05,3.296
2026-05-05 00:00:00,-9.489e-05,3.272
2026-05-05 08:00:00,0.0001,3.34210806
2026-05-05 16:00:00,0.0001,3.36640589
2026-05-06 00:00:00,0.0001,3.35604373
2026-05-06 08:00:00,6.526e-05,3.398
2026-05-06 16:00:00,7.175e-05,3.47827149
2026-05-07 00:00:00,0.0001,3.47208601
2026-05-07 08:00:00,9.781e-05,3.49305059
2026-05-07 16:00:00,-3.65e-05,3.40623112
2026-05-08 00:00:00,8.116e-05,3.43241698
2026-05-08 08:00:00,0.0001,3.43412507
2026-05-08 16:00:00,2.639e-05,3.6
2026-05-09 00:00:00,0.0001,3.709
2026-05-09 08:00:00,1.642e-05,3.67146895
2026-05-09 16:00:00,5.166e-05,3.634
2026-05-10 00:00:00,5.995e-05,3.807
2026-05-10 08:00:00,0.0001,4.001
2026-05-10 16:00:00,6.757e-05,4.02
2026-05-11 00:00:00,0.0001,3.991
2026-05-11 08:00:00,6.41e-05,3.89810281
2026-05-11 16:00:00,5.396e-05,3.902
2026-05-12 00:00:00,4.044e-05,3.89328916
2026-05-12 08:00:00,5.081e-05,3.822
2026-05-12 16:00:00,7.366e-05,3.70589251
2026-05-13 00:00:00,6.385e-05,3.7627487
2026-05-13 08:00:00,2.301e-05,3.79585872
2026-05-13 16:00:00,2.114e-05,3.58547197
2026-05-14 00:00:00,1.98e-06,3.621
2026-05-14 08:00:00,-5.637e-05,3.593
2026-05-14 16:00:00,-1.72e-05,3.757
2026-05-15 00:00:00,7.838e-05,3.7300932
2026-05-15 08:00:00,-8.999e-05,3.703
2026-05-15 16:00:00,-2.75e-05,3.6003726
2026-05-16 00:00:00,0.0001,3.59901712
2026-05-16 08:00:00,-3.056e-05,3.536
2026-05-16 16:00:00,-1.84e-06,3.502
2026-05-17 00:00:00,4.602e-05,3.484
2026-05-17 08:00:00,6.519e-05,3.514
2026-05-17 16:00:00,-8e-06,3.55243506
2026-05-18 00:00:00,1.528e-05,3.469
2026-05-18 08:00:00,3.222e-05,3.40634434
2026-05-18 16:00:00,6.041e-05,3.383
2026-05-19 00:00:00,7.611e-05,3.543
2026-05-19 08:00:00,5.756e-05,3.522
2026-05-19 16:00:00,2.912e-05,3.454
2026-05-20 00:00:00,6.09e-06,3.45
2026-05-20 08:00:00,6.118e-05,3.55189265
2026-05-20 16:00:00,0.0001,3.637
2026-05-21 00:00:00,0.0001,3.61243608
2026-05-21 08:00:00,3.307e-05,3.651
2026-05-21 16:00:00,6.091e-05,3.564
2026-05-22 00:00:00,6.627e-05,3.60521735
2026-05-22 08:00:00,6.294e-05,3.601
2026-05-22 16:00:00,9.607e-05,3.59170574
2026-05-23 00:00:00,1.613e-05,3.4
2026-05-23 08:00:00,-7.125e-05,3.28730684
2026-05-23 16:00:00,1.662e-05,3.39959363
2026-05-24 00:00:00,0.0001,3.46250444
2026-05-24 08:00:00,3.53e-05,3.453
2026-05-24 16:00:00,4.164e-05,3.38813333
2026-05-25 00:00:00,-7.476e-05,3.38303889
2026-05-25 08:00:00,9.848e-05,3.371
2026-05-25 16:00:00,-7.849e-05,3.36655893
2026-05-26 00:00:00,-2.93e-05,3.32572652
2026-05-26 08:00:00,9.58e-06,3.28795686
2026-05-26 16:00:00,0.0001,3.29323373
2026-05-27 00:00:00,-5.612e-05,3.249
2026-05-27 08:00:00,9.06e-06,3.288
2026-05-27 16:00:00,5.517e-05,3.293
2026-05-28 00:00:00,2.498e-05,3.09175098
2026-05-28 08:00:00,-6.533e-05,3.042
2026-05-28 16:00:00,6.888e-05,3.00837595
2026-05-29 00:00:00,8.354e-05,3.05
2026-05-29 08:00:00,9.5e-06,3.05377348
2026-05-29 16:00:00,9.596e-05,3.05346078
2026-05-30 00:00:00,-3.005e-05,3.01746898
2026-05-30 08:00:00,7.008e-05,3.013
2026-05-30 16:00:00,1.78e-05,3.04454965
2026-05-31 00:00:00,-7.82e-06,3.05467166
2026-05-31 08:00:00,1.148e-05,3.035
2026-05-31 16:00:00,-1.177e-05,2.98840925
2026-06-01 00:00:00,2.648e-05,3.024
2026-06-01 08:00:00,-1.641e-05,2.95524957
2026-06-01 16:00:00,0.0001,2.93126675
2026-06-02 00:00:00,0.0001,2.98365551
2026-06-02 08:00:00,-1.754e-05,2.90734741
2026-06-02 16:00:00,-1.518e-05,2.79864398
2026-06-03 00:00:00,-5.12e-06,2.799
2026-06-03 08:00:00,4.15e-05,2.869
2026-06-03 16:00:00,0.0001,2.9
2026-06-04 00:00:00,0.0001,2.79843908
2026-06-04 08:00:00,6.272e-05,2.673
2026-06-04 16:00:00,5.545e-05,2.693
2026-06-05 00:00:00,-5.817e-05,2.65314892
2026-06-05 08:00:00,-3.34e-06,2.551
2026-06-05 16:00:00,2.697e-05,2.42221013
2026-06-06 00:00:00,2.838e-05,2.45959701
2026-06-06 08:00:00,2.894e-05,2.438
2026-06-06 16:00:00,-8.18e-06,2.443
2026-06-07 00:00:00,1.566e-05,2.46446314
2026-06-07 08:00:00,1.861e-05,2.57339393
2026-06-07 16:00:00,0.0001,2.512
2026-06-08 00:00:00,0.0001,2.571
2026-06-08 08:00:00,5.888e-05,2.54
2026-06-08 16:00:00,9.597e-05,2.569
2026-06-09 00:00:00,8.44e-05,2.514
2026-06-09 08:00:00,6.511e-05,2.522
2026-06-09 16:00:00,4.402e-05,2.465
2026-06-10 00:00:00,0.0001,2.4767239
2026-06-10 08:00:00,3.208e-05,2.463
2026-06-10 16:00:00,-1.254e-05,2.5
2026-06-11 00:00:00,3.168e-05,2.39490457
2026-06-11 08:00:00,5.12e-06,2.506
2026-06-11 16:00:00,8.876e-05,2.55011395
2026-06-12 00:00:00,0.0001,2.495
2026-06-12 08:00:00,5.567e-05,2.509
2026-06-12 16:00:00,6.996e-05,2.512
2026-06-13 00:00:00,0.0001,2.49811758
2026-06-13 08:00:00,0.0001,2.51636478
2026-06-13 16:00:00,6.242e-05,2.572
2026-06-14 00:00:00,3.772e-05,2.555
2026-06-14 08:00:00,1.95e-05,2.529
2026-06-14 16:00:00,2.931e-05,2.491
2026-06-15 00:00:00,2.346e-05,2.59062779
2026-06-15 08:00:00,2.987e-05,2.593
2026-06-15 16:00:00,9.984e-05,2.737
2026-06-16 00:00:00,-1.03e-05,2.84420369
2026-06-16 08:00:00,8.238e-05,2.977766
2026-06-16 16:00:00,0.0001,3.022
2026-06-17 00:00:00,0.0001,3.29036043
2026-06-17 08:00:00,7.715e-05,3.642
2026-06-17 16:00:00,4.478e-05,3.332
2026-06-18 00:00:00,4.229e-05,3.22407632
2026-06-18 08:00:00,5.395e-05,3.103
2026-06-18 16:00:00,8.04e-06,3.018
2026-06-19 00:00:00,-8.35e-06,3.20534873
2026-06-19 08:00:00,8.09e-06,3.02548031
2026-06-19 16:00:00,2.823e-05,3.053
2026-06-20 00:00:00,-2.32e-06,3.08284932
2026-06-20 08:00:00,-8.177e-05,3.009
2026-06-20 16:00:00,5.93e-06,3.048
2026-06-21 00:00:00,9.46e-06,3.004
2026-06-21 08:00:00,6.716e-05,2.99941753
2026-06-21 16:00:00,6.687e-05,3.113
2026-06-22 00:00:00,2.086e-05,2.983
2026-06-22 08:00:00,-4.453e-05,3.014
2026-06-22 16:00:00,7.59e-06,3.068
2026-06-23 00:00:00,-8.279e-05,2.98220061
2026-06-23 08:00:00,5.285e-05,2.86104495
2026-06-23 16:00:00,8.357e-05,2.90188965
2026-06-24 00:00:00,0.0001,2.92233919
2026-06-24 08:00:00,0.0001,2.895
2026-06-24 16:00:00,3.753e-05,2.80729646
2026-06-25 00:00:00,3.031e-05,2.924
2026-06-25 08:00:00,7.987e-05,2.964
2026-06-25 16:00:00,-7.42e-06,2.857
2026-06-26 00:00:00,5.958e-05,2.883
2026-06-26 08:00:00,5.469e-05,2.93524625
2026-06-26 16:00:00,9.69e-06,2.94
2026-06-27 00:00:00,7.261e-05,2.96163947
2026-06-27 08:00:00,7.71e-06,2.943
2026-06-27 16:00:00,4.809e-05,2.997
2026-06-28 00:00:00,3.371e-05,2.922
2026-06-28 08:00:00,-1.58e-06,2.904
2026-06-28 16:00:00,1.591e-05,2.93499797
2026-06-29 00:00:00,6.762e-05,2.92350894
2026-06-29 08:00:00,0.0001,2.93958904
2026-06-29 16:00:00,9.119e-05,2.96083558
2026-06-30 00:00:00,-3.75e-06,2.89
2026-06-30 08:00:00,0.0001,2.876
2026-06-30 16:00:00,-4.978e-05,2.757
2026-07-01 00:00:00,6.837e-05,2.7759905
2026-07-01 08:00:00,0.0001,2.78060925
2026-07-01 16:00:00,7.961e-05,2.80220009
2026-07-02 00:00:00,2.731e-05,2.788
2026-07-02 08:00:00,2.407e-05,2.823
2026-07-02 16:00:00,0.0001,3.16764281
2026-07-03 00:00:00,0.0001,3.179
2026-07-03 08:00:00,0.0001,3.19610829
2026-07-03 16:00:00,0.0001,3.26549409
2026-07-04 00:00:00,0.0001,3.20827742
2026-07-04 08:00:00,0.0001,3.18252038
2026-07-04 16:00:00,0.0001,3.2580214
2026-07-05 00:00:00,0.0001,3.216
2026-07-05 08:00:00,0.0001,3.19607868
2026-07-05 16:00:00,9.04e-05,3.1435249
2026-07-06 00:00:00,0.0001,3.173
2026-07-06 08:00:00,9.592e-05,3.114
2026-07-06 16:00:00,5.152e-05,3.192
2026-07-07 00:00:00,0.0001,3.1800042
2026-07-07 08:00:00,7.123e-05,3.159
2026-07-07 16:00:00,0.0001,3.253
2026-07-08 00:00:00,0.0001,3.19
2026-07-08 08:00:00,0.0001,3.28878221
2026-07-08 16:00:00,0.0001,3.27420353
2026-07-09 00:00:00,1.086e-05,3.278
2026-07-09 08:00:00,0.0001,3.36921973
2026-07-09 16:00:00,6.6e-06,3.341
2026-07-10 00:00:00,0.0001,3.39233686
2026-07-10 08:00:00,0.0001,3.48806169
2026-07-10 16:00:00,0.0001,3.555
2026-07-11 00:00:00,0.0001,3.52175818
2026-07-11 08:00:00,0.0001,3.51846095
2026-07-11 16:00:00,0.0001,3.744
2026-07-12 00:00:00,8.09e-05,3.65444953
2026-07-12 08:00:00,-2.601e-05,3.62858643
2026-07-12 16:00:00,2.093e-05,3.67615475
2026-07-13 00:00:00,4.9e-05,3.591
2026-07-13 08:00:00,-1.764e-05,3.53648341
2026-07-13 16:00:00,5.774e-05,3.5151524
2026-07-14 00:00:00,9.794e-05,3.55165388
2026-07-14 08:00:00,-6.18e-06,3.575
2026-07-14 16:00:00,-6.005e-05,3.702
2026-07-15 00:00:00,-4.59e-06,3.662
2026-07-15 08:00:00,2.981e-05,3.590735
2026-07-15 16:00:00,-2.94e-06,3.684
2026-07-16 00:00:00,-7.26e-06,3.616
2026-07-16 08:00:00,8.497e-05,3.67662859
2026-07-16 16:00:00,4.685e-05,3.62852271
2026-07-17 00:00:00,1.79e-06,3.53777474
2026-07-17 08:00:00,1.7e-07,3.513
2026-07-17 16:00:00,8.212e-05,3.50855063
2026-07-18 00:00:00,5.82e-05,3.63890868
2026-07-18 08:00:00,1.478e-05,3.5138816
2026-07-18 16:00:00,1.4e-07,3.516
2026-07-19 00:00:00,4.399e-05,3.56754284
2026-07-19 08:00:00,3.104e-05,3.537
2026-07-19 16:00:00,3.86e-06,3.51643628
2026-07-20 00:00:00,4.682e-05,3.51537229
2026-07-20 08:00:00,-6.39e-05,3.4430228
2026-07-20 16:00:00,0.0001,3.544
2026-07-21 00:00:00,0.0001,3.632
2026-07-21 08:00:00,0.0001,3.72454818
2026-07-21 16:00:00,0.0001,3.66881913
2026-07-22 00:00:00,0.0001,3.718
2026-07-22 08:00:00,0.0001,3.687
2026-07-22 16:00:00,0.0001,3.814
2026-07-23 00:00:00,4.856e-05,3.779
2026-07-23 08:00:00,5.431e-05,3.82346681
2026-07-23 16:00:00,7.451e-05,3.80239848
2026-07-24 00:00:00,2.841e-05,3.755
2026-07-24 08:00:00,7.218e-05,3.84815393
2026-07-24 16:00:00,6.123e-05,3.827
2026-07-25 00:00:00,5.326e-05,3.78139189
2026-07-25 08:00:00,8.94e-06,3.677
2026-07-25 16:00:00,5.815e-05,3.66
2026-07-26 00:00:00,8.247e-05,3.667
2026-07-26 08:00:00,3.532e-05,3.65877823
2026-07-26 16:00:00,0.0001,3.952
2026-07-27 00:00:00,0.0001,3.89019508
2026-07-27 08:00:00,0.0001,3.897
2026-07-27 16:00:00,3.475e-05,3.822
2026-07-28 00:00:00,-6.038e-05,3.706
2026-07-28 08:00:00,7.88e-05,3.70850369
2026-07-28 16:00:00,9.459e-05,3.916
2026-07-29 00:00:00,8.812e-05,3.8927912
2026-07-29 08:00:00,-3.718e-05,3.81192514
2026-07-29 16:00:00,4.885e-05,3.96824542
2026-07-30 00:00:00,0.0001,3.98840701
2026-07-30 08:00:00,7.624e-05,3.989
2026-07-30 16:00:00,0.0001,4.32823283
2026-07-31 00:00:00,0.0001,4.43
2026-07-31 08:00:00,7.878e-05,4.3956365
2026-07-31 16:00:00,7.996e-05,4.24740089
2026-08-01 00:00:00,2.029e-05,4.34610707
2026-08-01 08:00:00,0.0001,4.097
2026-08-01 16:00:00,1.241e-05,4.09708512
2026-08-02 00:00:00,0.0001,4.084
2026-08-02 08:00:00,5.182e-05,4.21717443
2026-08-02 16:00:00,0.0001,4.21391847
2026-08-03 00:00:00,7.878e-05,4.168
2026-08-03 08:00:00,0.0001,4.06
2026-08-03 16:00:00,-6.425e-05,3.925
2026-08-04 00:00:00,-0.00012306,3.90606397
2026-08-04 08:00:00,7.348e-05,3.88841901
2026-08-04 16:00:00,9.173e-05,3.83939314
2026-08-05 00:00:00,4.29e-05,3.851
2026-08-05 08:00:00,3.73e-06,3.965
2026-08-05 16:00:00,-4.035e-05,4.015
2026-08-06 00:00:00,7.421e-05,4.0434198
2026-08-06 08:00:00,0.0001,4.024
2026-08-06 16:00:00,0.0001,4.06887149
2026-08-07 00:00:00,6.631e-05,4.015
2026-08-07 08:00:00,5.843e-05,3.96854734
2026-08-07 16:00:00,6.09e-05,3.99142212
2026-08-08 00:00:00,2.193e-05,3.979
2026-08-08 08:00:00,0.0001,3.98911119
2026-08-08 16:00:00,0.0001,3.98941239
2026-08-09 00:00:00,0.0001,4.00683287
2026-08-09 08:00:00,0.0001,3.961
2026-08-09 16:00:00,0.0001,4.072
2026-08-10 00:00:00,0.0001,3.98666626
2026-08-10 08:00:00,0.0001,4.04245103
2026-08-10 16:00:00,4.53e-05,3.94120336
2026-08-11 00:00:00,0.0001,3.94256038
2026-08-11 08:00:00,0.0001,3.9420266
2026-08-11 16:00:00,-4.626e-05,3.69720596
2026-08-12 00:00:00,-6.449e-05,3.74946701
2026-08-12 08:00:00,-5.49e-06,3.50042804
2026-08-12 16:00:00,1.774e-05,3.51005237
2026-08-13 00:00:00,0.0001,3.572
2026-08-13 08:00:00,9.416e-05,3.591
2026-08-13 16:00:00,-0.00010177,3.46814704
2026-08-14 00:00:00,-4.649e-05,3.477
2026-08-14 08:00:00,9.4e-06,3.462
2026-08-14 16:00:00,0.0001,3.23576061
2026-08-15 00:00:00,0.0001,3.19872075
2026-08-15 08:00:00,4.604e-05,3.23870692
2026-08-15 16:00:00,3.433e-05,3.254
2026-08-16 00:00:00,-1.214e-05,3.23707455
2026-08-16 08:00:00,5.303e-05,3.273
2026-08-16 16:00:00,3.441e-05,3.309
2026-08-17 00:00:00,-5.775e-05,3.272
2026-08-17 08:00:00,-1.155e-05,3.295
2026-08-17 16:00:00,-4.64e-05,3.30980785
2026-08-18 00:00:00,7.541e-05,3.2835595
2026-08-18 08:00:00,2.315e-05,3.2579431
2026-08-18 16:00:00,-4.22e-06,3.27602757
2026-08-19 00:00:00,4.55e-05,3.293
2026-08-19 08:00:00,8.022e-05,3.32642337
2026-08-19 16:00:00,0.0001,3.513
2026-08-20 00:00:00,0.0001,3.63275363
2026-08-20 08:00:00,7.551e-05,3.621
2026-08-20 16:00:00,0.0001,3.69952047
2026-08-21 00:00:00,0.0001,3.76146642
2026-08-21 08:00:00,0.0001,3.916
2026-08-21 16:00:00,0.0001,3.963
2026-08-22 00:00:00,0.0001,4.1340417
2026-08-22 08:00:00,0.0001,4.18181388
2026-08-22 16:00:00,0.0001,4.18536687
2026-08-23 00:00:00,0.0001,4.299
2026-08-23 08:00:00,0.0001,4.09865491
2026-08-23 16:00:00,0.00010972,4.562
2026-08-24 00:00:00,0.0001,4.524
2026-08-24 08:00:00,0.0001,4.387
2026-08-24 16:00:00,0.0001,4.31619105
2026-08-25 00:00:00,0.0001,4.331
2026-08-25 08:00:00,0.0001,4.31542099
2026-08-25 16:00:00,0.0001,4.40105923
2026-08-26 00:00:00,0.0001,4.269
2026-08-26 08:00:00,0.0001,4.26569554
2026-08-26 16:00:00,0.0001,4.217
2026-08-27 00:00:00,0.0001,4.38
2026-08-27 08:00:00,0.0001,4.37996813
2026-08-27 16:00:00,0.0001,4.519
2026-08-28 00:00:00,0.0001,4.684
2026-08-28 08:00:00,0.0001,4.598
2026-08-28 16:00:00,4.62e-05,4.482
2026-08-29 00:00:00,9.54e-05,4.435
2026-08-29 08:00:00,7.772e-05,4.39259201
2026-08-29 16:00:00,9.955e-05,4.48519209
2026-08-30 00:00:00,0.0001,4.67865443
2026-08-30 08:00:00,0.0001,4.887
2026-08-30 16:00:00,0.0001,5.16220221
2026-08-31 00:00:00,0.0001,5.12671768
2026-08-31 08:00:00,4.595e-05,5.158
2026-08-31 16:00:00,3.242e-05,5.165
2026-09-01 00:00:00,8.206e-05,5.228
2026-09-01 08:00:00,0.0001,5.80707172
2026-09-01 16:00:00,0.0001,5.72166096
2026-09-02 00:00:00,0.0001,5.84574727
2026-09-02 08:00:00,0.0001,6.29930745
2026-09-02 16:00:00,0.0001,5.872
2026-09-03 00:00:00,8.733e-05,5.851
2026-09-03 08:00:00,0.0001,5.714
2026-09-03 16:00:00,7.442e-05,6.218
2026-09-04 00:00:00,0.0001,6.323
2026-09-04 08:00:00,7.235e-05,6.229
2026-09-04 16:00:00,0.0001,6.27990881
2026-09-05 00:00:00,4.92e-05,6.181
2026-09-05 08:00:00,2.872e-05,6.20026962
2026-09-05 16:00:00,0.0001,6.341
2026-09-06 00:00:00,0.0001,7.04909897
2026-09-06 08:00:00,0.0001,6.9350138
2026-09-06 16:00:00,4.944e-05,6.972
2026-09-07 00:00:00,4.438e-05,7.293
2026-09-07 08:00:00,8.478e-05,7.08426791
2026-09-07 16:00:00,7.798e-05,6.778
2026-09-08 00:00:00,0.0001,6.857
2026-09-08 08:00:00,0.0001,7.05014233
2026-09-08 16:00:00,5.45e-06,6.92933191
2026-09-09 00:00:00,0.0001,6.74865096
2026-09-09 08:00:00,8.433e-05,6.8
2026-09-09 16:00:00,8.556e-05,6.52605771
2026-09-10 00:00:00,5.551e-05,6.155
2026-09-10 08:00:00,5.043e-05,5.98314217
2026-09-10 16:00:00,7.654e-05,5.996
2026-09-11 00:00:00,7.504e-05,5.947
2026-09-11 08:00:00,-4.6e-06,6.08568679
2026-09-11 16:00:00,-1.01e-06,6.15940227
2026-09-12 00:00:00,8.122e-05,6.008
2026-09-12 08:00:00,2.326e-05,6.351
2026-09-12 16:00:00,5.286e-05,6.515
2026-09-13 00:00:00,-6.47e-06,6.36866544
2026-09-13 08:00:00,3.831e-05,6.297
2026-09-13 16:00:00,2.167e-05,6.236
2026-09-14 00:00:00,7.38e-06,6.12112318
2026-09-14 08:00:00,9.475e-05,6.349
2026-09-14 16:00:00,8.218e-05,6.368
2026-09-15 00:00:00,9.154e-05,6.52966396
2026-09-15 08:00:00,8.17e-05,6.566
2026-09-15 16:00:00,-1.888e-05,6.328
2026-09-16 00:00:00,6.458e-05,6.361
2026-09-16 08:00:00,2.476e-05,6.26816062
2026-09-16 16:00:00,-6.18e-05,6.191
2026-09-17 00:00:00,9.778e-05,6.707
2026-09-17 08:00:00,-3.8e-07,6.80543622
2026-09-17 16:00:00,-5.8e-06,7.123
2026-09-18 00:00:00,0.0001,7.791
2026-09-18 08:00:00,0.0001,8.76649866
2026-09-18 16:00:00,0.0001,8.74920558
2026-09-19 00:00:00,0.0001,8.86848924
2026-09-19 08:00:00,0.0001,9.1504183
2026-09-19 16:00:00,0.0001,8.885
2026-09-20 00:00:00,0.0001,8.6723306
2026-09-20 08:00:00,0.0001,8.701
2026-09-20 16:00:00,0.0001,8.72023064
2026-09-21 00:00:00,8.804e-05,8.726
2026-09-21 08:00:00,0.0001,8.63
2026-09-21 16:00:00,7.126e-05,8.83514812
2026-09-22 00:00:00,0.0001,8.99
2026-09-22 08:00:00,0.0001,8.92116535
2026-09-22 16:00:00,0.0001,9.18063669
2026-09-23 00:00:00,0.0001,10.23043975
2026-09-23 08:00:00,0.0001,10.43690914
2026-09-23 16:00:00,-1.572e-05,9.11636832
2026-09-24 00:00:00,4.503e-05,9.238
2026-09-24 08:00:00,5.264e-05,9.25341631
2026-09-24 16:00:00,2.088e-05,9.24
2026-09-25 00:00:00,7.999e-05,9.14658603
2026-09-25 08:00:00,7.226e-05,9.1034872
2026-09-25 16:00:00,0.0001,9.583
2026-09-26 00:00:00,0.0001,9.62920435
2026-09-26 08:00:00,3.061e-05,9.706
2026-09-26 16:00:00,0.0001,9.72258948
2026-09-27 00:00:00,0.0001,9.7
2026-09-27 08:00:00,0.0001,10.07917868
2026-09-27 16:00:00,7.439e-05,9.625
2026-09-28 00:00:00,0.0001,9.678
2026-09-28 08:00:00,0.0001,9.058
2026-09-28 16:00:00,2.37e-05,8.834
2026-09-29 00:00:00,2.831e-05,8.8
2026-09-29 08:00:00,3.714e-05,8.93782167
2026-09-29 16:00:00,0.0001,8.86001956
2026-09-30 00:00:00,0.0001,8.884
