timestamp,rate,mark_price
2021-12-01 00:00:00,-5.0549999999999995e-05,
2021-12-01 08:00:00,0.0,
2021-12-01 16:00:00,0.0,
2021-12-02 00:00:00,0.0,
2021-12-02 08:00:00,0.0,
2021-12-02 16:00:00,0.0,
2021-12-03 00:00:00,-2.5620000000000002e-05,
2021-12-03 08:00:00,0.0,
2021-12-03 16:00:00,0.0,
2021-12-04 00:00:00,0.0,
2021-12-04 08:00:00,3.4170000000000007e-05,
2021-12-04 16:00:00,0.0,
2021-12-05 00:00:00,-9.276e-05,
2021-12-05 08:00:00,0.0,
2021-12-05 16:00:00,0.0,
2021-12-06 00:00:00,0.0,
2021-12-06 08:00:00,0.0,
2021-12-06 16:00:00,0.0,
2021-12-07 00:00:00,0.0,
2021-12-07 08:00:00,2.940000000000001e-05,
2021-12-07 16:00:00,0.0,
2021-12-08 00:00:00,0.0,
2021-12-08 08:00:00,0.0,
2021-12-08 16:00:00,0.0,
2021-12-09 00:00:00,0.0,
2021-12-09 08:00:00,0.0,
2021-12-09 16:00:00,0.0,
2021-12-10 00:00:00,0.0,
2021-12-10 08:00:00,0.0,
2021-12-10 16:00:00,8.327e-05,
2021-12-11 00:00:00,0.0,
2021-12-11 08:00:00,0.0,
2021-12-11 16:00:00,1.9399999999999984e-06,
2021-12-12 00:00:00,0.0,
2021-12-12 08:00:00,0.0,
2021-12-12 16:00:00,0.0,
2021-12-13 00:00:00,0.0,
2021-12-13 08:00:00,0.00015974,
2021-12-13 16:00:00,5.8370000000000005e-05,
2021-12-14 00:00:00,0.0001464,
2021-12-14 08:00:00,0.0,
2021-12-14 16:00:00,0.0,
2021-12-15 00:00:00,0.0,
2021-12-15 08:00:00,0.0,
2021-12-15 16:00:00,0.0,
2021-12-16 00:00:00,0.0,
2021-12-16 08:00:00,0.0,
2021-12-16 16:00:00,6.766000000000001e-05,
2021-12-17 00:00:00,0.0,
2021-12-17 08:00:00,0.0,
2021-12-17 16:00:00,0.0,
2021-12-18 00:00:00,0.0,
2021-12-18 08:00:00,4.4229999999999995e-05,
2021-12-18 16:00:00,0.0,
2021-12-19 00:00:00,5.6470000000000007e-05,
2021-12-19 08:00:00,0.0,
2021-12-19 16:00:00,0.0,
2021-12-20 00:00:00,0.0,
2021-12-20 08:00:00,0.0,
2021-12-20 16:00:00,0.0,
2021-12-21 00:00:00,0.0,
2021-12-21 08:00:00,0.0,
2021-12-21 16:00:00,0.0,
2021-12-22 00:00:00,0.0,
2021-12-22 08:00:00,0.0,
2021-12-22 16:00:00,0.0,
2021-12-23 00:00:00,0.0,
2021-12-23 08:00:00,0.0,
2021-12-23 16:00:00,6.617e-05,
2021-12-24 00:00:00,0.0,
2021-12-24 08:00:00,0.0,
2021-12-24 16:00:00,0.0,
2021-12-25 00:00:00,0.0,
2021-12-25 08:00:00,0.0,
2021-12-25 16:00:00,0.0,
2021-12-26 00:00:00,0.0,
2021-12-26 08:00:00,0.0,
2021-12-26 16:00:00,0.0,
2021-12-27 00:00:00,0.0,
2021-12-27 08:00:00,0.0,
2021-12-27 16:00:00,0.0,
2021-12-28 00:00:00,0.0,
2021-12-28 08:00:00,7.746000000000001e-05,
2021-12-28 16:00:00,5.7740000000000006e-05,
2021-12-29 00:00:00,1.9360000000000004e-05,
2021-12-29 08:00:00,0.0,
2021-12-29 16:00:00,3.141e-05,
2021-12-30 00:00:00,7.680000000000008e-06,
2021-12-30 08:00:00,0.00010764,
2021-12-30 16:00:00,0.0,
2021-12-31 00:00:00,3.151e-05,
2021-12-31 08:00:00,9.028000000000001e-05,
2021-12-31 16:00:00,0.0,
2022-01-01 00:00:00,0.0,
2022-01-01 08:00:00,0.0,
2022-01-01 16:00:00,0.0,
2022-01-02 00:00:00,6.124e-05,
2022-01-02 08:00:00,7.737e-05,
2022-01-02 16:00:00,3.286000000000001e-05,
2022-01-03 00:00:00,3.0270000000000007e-05,
2022-01-03 08:00:00,4.9160000000000004e-05,
2022-01-03 16:00:00,2.6060000000000005e-05,
2022-01-04 00:00:00,0.0,
2022-01-04 08:00:00,0.0,
2022-01-04 16:00:00,0.0,
2022-01-05 00:00:00,0.0,
2022-01-05 08:00:00,0.0,
2022-01-05 16:00:00,0.0,
2022-01-06 00:00:00,4.6240000000000005e-05,
2022-01-06 08:00:00,0.0,
2022-01-06 16:00:00,5.6680000000000006e-05,
2022-01-07 00:00:00,8.065000000000001e-05,
2022-01-07 08:00:00,0.0,
2022-01-07 16:00:00,0.0,
2022-01-08 00:00:00,0.0,
2022-01-08 08:00:00,0.0,
2022-01-08 16:00:00,0.0,
2022-01-09 00:00:00,0.0,
2022-01-09 08:00:00,0.00017234,
2022-01-09 16:00:00,4.53e-05,
2022-01-10 00:00:00,0.00011281,
2022-01-10 08:00:00,0.00012304,
2022-01-10 16:00:00,8.401e-05,
2022-01-11 00:00:00,0.0,
2022-01-11 08:00:00,3.8020000000000005e-05,
2022-01-11 16:00:00,7.282e-05,
2022-01-12 00:00:00,0.00016878,
2022-01-12 08:00:00,1.964000000000001e-05,
2022-01-12 16:00:00,0.00029812,
2022-01-13 00:00:00,0.00012315,
2022-01-13 08:00:00,0.0,
2022-01-13 16:00:00,0.00011444000000000001,
2022-01-14 00:00:00,0.0,
2022-01-14 08:00:00,0.0,
2022-01-14 16:00:00,0.00011294,
2022-01-15 00:00:00,3.6800000000000054e-06,
2022-01-15 08:00:00,0.0,
2022-01-15 16:00:00,0.0,
2022-01-16 00:00:00,7.776e-05,
2022-01-16 08:00:00,2.149999999999998e-06,
2022-01-16 16:00:00,1.4150000000000005e-05,
2022-01-17 00:00:00,7.317e-05,
2022-01-17 08:00:00,5.75e-05,
2022-01-17 16:00:00,0.00015944,
2022-01-18 00:00:00,2.4510000000000008e-05,
2022-01-18 08:00:00,6.374000000000001e-05,
2022-01-18 16:00:00,0.0,
2022-01-19 00:00:00,0.0,
2022-01-19 08:00:00,0.0001172,
2022-01-19 16:00:00,0.0,
2022-01-20 00:00:00,0.0,
2022-01-20 08:00:00,0.0,
2022-01-20 16:00:00,0.0,
2022-01-21 00:00:00,7.005999999999999e-05,
2022-01-21 08:00:00,0.00015915,
2022-01-21 16:00:00,1.553000000000001e-05,
2022-01-22 00:00:00,2.8550000000000003e-05,
2022-01-22 08:00:00,-4.305e-05,
2022-01-22 16:00:00,-0.00015055,
2022-01-23 00:00:00,0.0,
2022-01-23 08:00:00,0.00014140000000000002,
2022-01-23 16:00:00,8.923000000000001e-05,
2022-01-24 00:00:00,0.0,
2022-01-24 08:00:00,0.00013828,
2022-01-24 16:00:00,0.0,
2022-01-25 00:00:00,8.305000000000001e-05,
2022-01-25 08:00:00,4.169e-05,
2022-01-25 16:00:00,0.0001788,
2022-01-26 00:00:00,5.192e-05,
2022-01-26 08:00:00,9.713e-05,
2022-01-26 16:00:00,0.00024386,
2022-01-27 00:00:00,0.00010842,
2022-01-27 08:00:00,-1.013e-05,
2022-01-27 16:00:00,0.0001598,
2022-01-28 00:00:00,0.00015547,
2022-01-28 08:00:00,0.00010297,
2022-01-28 16:00:00,0.00018379,
2022-01-29 00:00:00,6.693e-05,
2022-01-29 08:00:00,0.0,
2022-01-29 16:00:00,0.00010997,
2022-01-30 00:00:00,7.152e-05,
2022-01-30 08:00:00,0.00016536,
2022-01-30 16:00:00,7.011e-05,
2022-01-31 00:00:00,-3.875e-05,
2022-01-31 08:00:00,0.00020687,
2022-01-31 16:00:00,8.315e-05,
2022-02-01 00:00:00,-1.5830000000000003e-05,
2022-02-01 08:00:00,0.00016992,
2022-02-01 16:00:00,0.00022397,
2022-02-02 00:00:00,0.00010908,
2022-02-02 08:00:00,0.00010017,
2022-02-02 16:00:00,9.593000000000001e-05,
2022-02-03 00:00:00,0.00030314000000000003,
2022-02-03 08:00:00,0.00012621,
2022-02-03 16:00:00,0.0001281,
2022-02-04 00:00:00,-0.00016083,
2022-02-04 08:00:00,-5.437e-05,
2022-02-04 16:00:00,0.0,
2022-02-05 00:00:00,-7.182e-05,
2022-02-05 08:00:00,2.544e-05,
2022-02-05 16:00:00,5.649e-05,
2022-02-06 00:00:00,0.0,
2022-02-06 08:00:00,0.0,
2022-02-06 16:00:00,0.0,
2022-02-07 00:00:00,0.00010725,
2022-02-07 08:00:00,1.8500000000000002e-05,
2022-02-07 16:00:00,8.509e-05,
2022-02-08 00:00:00,0.0,
2022-02-08 08:00:00,8.38e-05,
2022-02-08 16:00:00,2.2820000000000002e-05,
2022-02-09 00:00:00,0.0,
2022-02-09 08:00:00,0.00010162,
2022-02-09 16:00:00,2.8840000000000002e-05,
2022-02-10 00:00:00,7.527e-05,
2022-02-10 08:00:00,0.00013199000000000002,
2022-02-10 16:00:00,7.45e-05,
2022-02-11 00:00:00,0.00010531,
2022-02-11 08:00:00,-2.6760000000000008e-05,
2022-02-11 16:00:00,6.356e-05,
2022-02-12 00:00:00,0.0,
2022-02-12 08:00:00,0.0,
2022-02-12 16:00:00,0.0,
2022-02-13 00:00:00,3.648e-05,
2022-02-13 08:00:00,-3.583e-05,
2022-02-13 16:00:00,3.537e-05,
2022-02-14 00:00:00,-4.5820000000000005e-05,
2022-02-14 08:00:00,3.531e-05,
2022-02-14 16:00:00,-1.2879999999999999e-05,
2022-02-15 00:00:00,2.6210000000000008e-05,
2022-02-15 08:00:00,-9.948e-05,
2022-02-15 16:00:00,3.994e-05,
2022-02-16 00:00:00,0.0,
2022-02-16 08:00:00,0.0,
2022-02-16 16:00:00,0.0,
2022-02-17 00:00:00,-1.380000000000001e-05,
2022-02-17 08:00:00,8.389000000000001e-05,
2022-02-17 16:00:00,5.229e-05,
2022-02-18 00:00:00,8.052999999999999e-05,
2022-02-18 08:00:00,7.591999999999999e-05,
2022-02-18 16:00:00,6.492e-05,
2022-02-19 00:00:00,0.0,
2022-02-19 08:00:00,2.961000000000001e-05,
2022-02-19 16:00:00,5.1170000000000006e-05,
2022-02-20 00:00:00,0.00012868,
2022-02-20 08:00:00,2.0730000000000007e-05,
2022-02-20 16:00:00,3.0499999999999996e-05,
2022-02-21 00:00:00,2.9880000000000005e-05,
2022-02-21 08:00:00,0.00021426,
2022-02-21 16:00:00,-9.664999999999999e-05,
2022-02-22 00:00:00,-4.652e-05,
2022-02-22 08:00:00,3.605e-05,
2022-02-22 16:00:00,-0.00011501999999999999,
2022-02-23 00:00:00,-6.517e-05,
2022-02-23 08:00:00,6.615e-05,
2022-02-23 16:00:00,6.848e-05,
2022-02-24 00:00:00,4.729e-05,
2022-02-24 08:00:00,-9.000000000000015e-07,
2022-02-24 16:00:00,-8.112000000000001e-05,
2022-02-25 00:00:00,0.0,
2022-02-25 08:00:00,-1.0820000000000008e-05,
2022-02-25 16:00:00,-0.00018518,
2022-02-26 00:00:00,-8.378e-05,
2022-02-26 08:00:00,0.0,
2022-02-26 16:00:00,0.0,
2022-02-27 00:00:00,-2.322000000000001e-05,
2022-02-27 08:00:00,9.493e-05,
2022-02-27 16:00:00,0.0,
2022-02-28 00:00:00,0.00025064,
2022-02-28 08:00:00,0.00019020000000000002,
2022-02-28 16:00:00,4.427000000000001e-05,
2022-03-01 00:00:00,0.0,
2022-03-01 08:00:00,0.0,
2022-03-01 16:00:00,0.0,
2022-03-02 00:00:00,0.0,
2022-03-02 08:00:00,0.0,
2022-03-02 16:00:00,0.0,
2022-03-03 00:00:00,0.0,
2022-03-03 08:00:00,0.0,
2022-03-03 16:00:00,0.0,
2022-03-04 00:00:00,0.0,
2022-03-04 08:00:00,0.0,
2022-03-04 16:00:00,0.0,
2022-03-05 00:00:00,2.8660000000000007e-05,
2022-03-05 08:00:00,3.889e-05,
2022-03-05 16:00:00,6.936e-05,
2022-03-06 00:00:00,0.00018875,
2022-03-06 08:00:00,4.3310000000000004e-05,
2022-03-06 16:00:00,-3.500999999999999e-05,
2022-03-07 00:00:00,6.0910000000000005e-05,
2022-03-07 08:00:00,0.00011,
2022-03-07 16:00:00,-6.129999999999997e-06,
2022-03-08 00:00:00,0.00019955,
2022-03-08 08:00:00,-0.00013394,
2022-03-08 16:00:00,0.0,
2022-03-09 00:00:00,3.7760000000000004e-05,
2022-03-09 08:00:00,-5.393000000000001e-05,
2022-03-09 16:00:00,0.0,
2022-03-10 00:00:00,0.0,
2022-03-10 08:00:00,4.44e-05,
2022-03-10 16:00:00,0.00013951,
2022-03-11 00:00:00,7.458000000000001e-05,
2022-03-11 08:00:00,0.00015910000000000002,
2022-03-11 16:00:00,1.7890000000000007e-05,
2022-03-12 00:00:00,0.0,
2022-03-12 08:00:00,4.975e-05,
2022-03-12 16:00:00,3.745e-05,
2022-03-13 00:00:00,7.884e-05,
2022-03-13 08:00:00,0.0,
2022-03-13 16:00:00,0.0001076,
2022-03-14 00:00:00,0.0001504,
2022-03-14 08:00:00,-4.199e-05,
2022-03-14 16:00:00,0.0,
2022-03-15 00:00:00,0.0,
2022-03-15 08:00:00,0.00010321000000000001,
2022-03-15 16:00:00,0.00014856,
2022-03-16 00:00:00,0.0,
2022-03-16 08:00:00,8.69e-06,
2022-03-16 16:00:00,4.6840000000000006e-05,
2022-03-17 00:00:00,0.0,
2022-03-17 08:00:00,0.0,
2022-03-17 16:00:00,0.0,
2022-03-18 00:00:00,0.0,
2022-03-18 08:00:00,5.291000000000001e-05,
2022-03-18 16:00:00,4.083000000000001e-05,
2022-03-19 00:00:00,0.0,
2022-03-19 08:00:00,0.0,
2022-03-19 16:00:00,0.0,
2022-03-20 00:00:00,0.0,
2022-03-20 08:00:00,0.0,
2022-03-20 16:00:00,0.0,
2022-03-21 00:00:00,0.0,
2022-03-21 08:00:00,0.0,
2022-03-21 16:00:00,0.0,
2022-03-22 00:00:00,0.0,
2022-03-22 08:00:00,0.0,
2022-03-22 16:00:00,0.0,
2022-03-23 00:00:00,0.0,
2022-03-23 08:00:00,1.4960000000000006e-05,
2022-03-23 16:00:00,0.00013582,
2022-03-24 00:00:00,0.00011813000000000001,
2022-03-24 08:00:00,0.0,
2022-03-24 16:00:00,0.0,
2022-03-25 00:00:00,0.0,
2022-03-25 08:00:00,0.0,
2022-03-25 16:00:00,0.0,
2022-03-26 00:00:00,0.0,
2022-03-26 08:00:00,5.021e-05,
2022-03-26 16:00:00,0.0,
2022-03-27 00:00:00,2.424e-05,
2022-03-27 08:00:00,9.273e-05,
2022-03-27 16:00:00,0.00011708000000000001,
2022-03-28 00:00:00,0.0,
2022-03-28 08:00:00,0.0,
2022-03-28 16:00:00,0.0,
2022-03-29 00:00:00,0.0,
2022-03-29 08:00:00,0.0,
2022-03-29 16:00:00,1.731000000000001e-05,
2022-03-30 00:00:00,0.0,
2022-03-30 08:00:00,0.0,
2022-03-30 16:00:00,0.0,
2022-03-31 00:00:00,0.0,
2022-03-31 08:00:00,0.0,
2022-03-31 16:00:00,0.0,
2022-04-01 00:00:00,0.0,
2022-04-01 08:00:00,0.0,
2022-04-01 16:00:00,0.0,
2022-04-02 00:00:00,0.0,
2022-04-02 08:00:00,0.0,
2022-04-02 16:00:00,0.0,
2022-04-03 00:00:00,0.0,
2022-04-03 08:00:00,0.0,
2022-04-03 16:00:00,0.0,
2022-04-04 00:00:00,0.0,
2022-04-04 08:00:00,7.104e-05,
2022-04-04 16:00:00,0.0,
2022-04-05 00:00:00,0.0,
2022-04-05 08:00:00,0.0,
2022-04-05 16:00:00,2.026e-05,
2022-04-06 00:00:00,5.300000000000007e-06,
2022-04-06 08:00:00,0.00024471,
2022-04-06 16:00:00,3.261e-05,
2022-04-07 00:00:00,-2.853e-05,
2022-04-07 08:00:00,0.00019922,
2022-04-07 16:00:00,5.415e-05,
2022-04-08 00:00:00,0.00019963,
2022-04-08 08:00:00,0.00013214,
2022-04-08 16:00:00,0.0,
2022-04-09 00:00:00,0.0,
2022-04-09 08:00:00,0.0,
2022-04-09 16:00:00,0.0,
2022-04-10 00:00:00,0.0,
2022-04-10 08:00:00,0.0,
2022-04-10 16:00:00,4.020000000000001e-05,
2022-04-11 00:00:00,5.3240000000000005e-05,
2022-04-11 08:00:00,0.0,
2022-04-11 16:00:00,0.0,
2022-04-12 00:00:00,0.00013306,
2022-04-12 08:00:00,0.00013093,
2022-04-12 16:00:00,0.00023158,
2022-04-13 00:00:00,0.00012262000000000002,
2022-04-13 08:00:00,0.00022539,
2022-04-13 16:00:00,6.778e-05,
2022-04-14 00:00:00,0.00012200000000000001,
2022-04-14 08:00:00,4.407e-05,
2022-04-14 16:00:00,0.00010892000000000001,
2022-04-15 00:00:00,6.251000000000001e-05,
2022-04-15 08:00:00,0.00013677,
2022-04-15 16:00:00,0.00010334000000000001,
2022-04-16 00:00:00,0.000129,
2022-04-16 08:00:00,0.00022313999999999998,
2022-04-16 16:00:00,0.00013323,
2022-04-17 00:00:00,7.520000000000001e-05,
2022-04-17 08:00:00,0.00016458,
2022-04-17 16:00:00,7.063e-05,
2022-04-18 00:00:00,0.00015257,
2022-04-18 08:00:00,0.00013895999999999998,
2022-04-18 16:00:00,0.00023169,
2022-04-19 00:00:00,1.5220000000000007e-05,
2022-04-19 08:00:00,6.0240000000000006e-05,
2022-04-19 16:00:00,7.749e-05,
2022-04-20 00:00:00,0.0,
2022-04-20 08:00:00,3.405e-05,
2022-04-20 16:00:00,0.00010105,
2022-04-21 00:00:00,0.00019577,
2022-04-21 08:00:00,0.00022991,
2022-04-21 16:00:00,0.00010956,
2022-04-22 00:00:00,0.00019126,
2022-04-22 08:00:00,0.00027158,
2022-04-22 16:00:00,0.00012649,
2022-04-23 00:00:00,6.222000000000001e-05,
2022-04-23 08:00:00,0.00020115,
2022-04-23 16:00:00,0.00018574,
2022-04-24 00:00:00,0.00019091,
2022-04-24 08:00:00,0.00015652,
2022-04-24 16:00:00,9.659000000000001e-05,
2022-04-25 00:00:00,9.679e-05,
2022-04-25 08:00:00,0.00012992,
2022-04-25 16:00:00,0.00024672,
2022-04-26 00:00:00,0.0,
2022-04-26 08:00:00,0.0,
2022-04-26 16:00:00,1.1989999999999999e-05,
2022-04-27 00:00:00,0.00010214000000000001,
2022-04-27 08:00:00,0.0003454,
2022-04-27 16:00:00,4.575e-05,
2022-04-28 00:00:00,0.00011675,
2022-04-28 08:00:00,0.00015776,
2022-04-28 16:00:00,0.0,
2022-04-29 00:00:00,0.0,
2022-04-29 08:00:00,0.0,
2022-04-29 16:00:00,5.4220000000000006e-05,
2022-04-30 00:00:00,0.00015889000000000002,
2022-04-30 08:00:00,0.00014159,
2022-04-30 16:00:00,0.00014163,
2022-05-01 00:00:00,0.00017153,
2022-05-01 08:00:00,0.00014578,
2022-05-01 16:00:00,7.092e-05,
2022-05-02 00:00:00,2.3779999999999993e-05,
2022-05-02 08:00:00,0.00017104,
2022-05-02 16:00:00,9.37e-06,
2022-05-03 00:00:00,-1.2190000000000004e-05,
2022-05-03 08:00:00,2.002e-05,
2022-05-03 16:00:00,-4.4510000000000006e-05,
2022-05-04 00:00:00,-0.00010707,
2022-05-04 08:00:00,-1.657e-05,
2022-05-04 16:00:00,-7.854e-05,
2022-05-05 00:00:00,0.0,
2022-05-05 08:00:00,0.0,
2022-05-05 16:00:00,0.0,
2022-05-06 00:00:00,3.459e-05,
2022-05-06 08:00:00,-6.564e-05,
2022-05-06 16:00:00,9.792e-05,
2022-05-07 00:00:00,4.095e-05,
2022-05-07 08:00:00,-1.7340000000000007e-05,
2022-05-07 16:00:00,7.260000000000008e-06,
2022-05-08 00:00:00,-1.2420000000000006e-05,
2022-05-08 08:00:00,-2.2000000000000006e-05,
2022-05-08 16:00:00,0.0,
2022-05-09 00:00:00,0.0,
2022-05-09 08:00:00,-9.931000000000001e-05,
2022-05-09 16:00:00,-6.566999999999999e-05,
2022-05-10 00:00:00,-0.00017507999999999998,
2022-05-10 08:00:00,-1.942e-05,
2022-05-10 16:00:00,-0.00018416,
2022-05-11 00:00:00,-3.122e-05,
2022-05-11 08:00:00,-0.00017227,
2022-05-11 16:00:00,-0.0004753,
2022-05-12 00:00:00,-3.032999999999999e-05,
2022-05-12 08:00:00,-0.0001306800000000001,
2022-05-12 16:00:00,7.293999999999999e-05,
2022-05-13 00:00:00,-0.00013496,
2022-05-13 08:00:00,-0.00018220999999999998,
2022-05-13 16:00:00,-0.00013693,
2022-05-14 00:00:00,-0.0001931,
2022-05-14 08:00:00,-8.287e-05,
2022-05-14 16:00:00,-0.00029487999999999997,
2022-05-15 00:00:00,-0.00014445000000000001,
2022-05-15 08:00:00,-0.00015022,
2022-05-15 16:00:00,-9.604000000000001e-05,
2022-05-16 00:00:00,-3.071000000000001e-05,
2022-05-16 08:00:00,-8.685000000000001e-05,
2022-05-16 16:00:00,2.866e-05,
2022-05-17 00:00:00,1.593e-05,
2022-05-17 08:00:00,0.00014763,
2022-05-17 16:00:00,6.547e-05,
2022-05-18 00:00:00,-1.2349999999999995e-05,
2022-05-18 08:00:00,0.00011537,
2022-05-18 16:00:00,8.748e-05,
2022-05-19 00:00:00,9.454e-05,
2022-05-19 08:00:00,6.642e-05,
2022-05-19 16:00:00,-4.4540000000000004e-05,
2022-05-20 00:00:00,0.0,
2022-05-20 08:00:00,0.0,
2022-05-20 16:00:00,-5.512000000000001e-05,
2022-05-21 00:00:00,-0.00010271,
2022-05-21 08:00:00,-5.596e-05,
2022-05-21 16:00:00,0.00010360000000000001,
2022-05-22 00:00:00,1.773e-05,
2022-05-22 08:00:00,2.3170000000000003e-05,
2022-05-22 16:00:00,0.0,
2022-05-23 00:00:00,0.0,
2022-05-23 08:00:00,0.0,
2022-05-23 16:00:00,0.0,
2022-05-24 00:00:00,4.264e-05,
2022-05-24 08:00:00,4.921e-05,
2022-05-24 16:00:00,-2.0959999999999996e-05,
2022-05-25 00:00:00,-3.79e-05,
2022-05-25 08:00:00,-7.429000000000001e-05,
2022-05-25 16:00:00,-2.1039999999999995e-05,
2022-05-26 00:00:00,0.0,
2022-05-26 08:00:00,-6.542000000000001e-05,
2022-05-26 16:00:00,-0.00010501,
2022-05-27 00:00:00,-0.00021896,
2022-05-27 08:00:00,6.83e-06,
2022-05-27 16:00:00,-5.025e-05,
2022-05-28 00:00:00,-5.8710000000000005e-05,
2022-05-28 08:00:00,-8.719e-05,
2022-05-28 16:00:00,-1.784e-05,
2022-05-29 00:00:00,-3.6610000000000004e-05,
2022-05-29 08:00:00,3.6199999999999992e-06,
2022-05-29 16:00:00,-2.008e-05,
2022-05-30 00:00:00,-2.0389999999999993e-05,
2022-05-30 08:00:00,8.378e-05,
2022-05-30 16:00:00,0.0,
2022-05-31 00:00:00,2.2390000000000008e-05,
2022-05-31 08:00:00,0.0,
2022-05-31 16:00:00,0.0,
2022-06-01 00:00:00,0.0,
2022-06-01 08:00:00,0.0,
2022-06-01 16:00:00,0.0,
2022-06-02 00:00:00,3.131999999999999e-05,
2022-06-02 08:00:00,-2.6239999999999996e-05,
2022-06-02 16:00:00,4.9029999999999996e-05,
2022-06-03 00:00:00,-8.011e-05,
2022-06-03 08:00:00,0.0,
2022-06-03 16:00:00,-1.7900000000000015e-06,
2022-06-04 00:00:00,0.0,
2022-06-04 08:00:00,-2.7240000000000003e-05,
2022-06-04 16:00:00,-2.2300000000000007e-06,
2022-06-05 00:00:00,4.501e-05,
2022-06-05 08:00:00,4.754e-05,
2022-06-05 16:00:00,-2.7720000000000006e-05,
2022-06-06 00:00:00,0.0,
2022-06-06 08:00:00,-3.122e-05,
2022-06-06 16:00:00,-2.523e-05,
2022-06-07 00:00:00,-1.4680000000000002e-05,
2022-06-07 08:00:00,0.00013071,
2022-06-07 16:00:00,6.683e-05,
2022-06-08 00:00:00,0.0,
2022-06-08 08:00:00,2.9590000000000006e-05,
2022-06-08 16:00:00,-2.4830000000000005e-05,
2022-06-09 00:00:00,-0.00011709,
2022-06-09 08:00:00,4.579000000000001e-05,
2022-06-09 16:00:00,-0.00036051,
2022-06-10 00:00:00,-0.00018657,
2022-06-10 08:00:00,0.0,
2022-06-10 16:00:00,0.00020846,
2022-06-11 00:00:00,0.00020885,
2022-06-11 08:00:00,0.00021805,
2022-06-11 16:00:00,-7.932e-05,
2022-06-12 00:00:00,-0.00018153,
2022-06-12 08:00:00,-0.00025337,
2022-06-12 16:00:00,-0.00027156,
2022-06-13 00:00:00,-0.00027771,
2022-06-13 08:00:00,-0.00033265,
2022-06-13 16:00:00,-0.0003107,
2022-06-14 00:00:00,-0.00024148,
2022-06-14 08:00:00,-0.00013712,
2022-06-14 16:00:00,-0.00022452,
2022-06-15 00:00:00,8.61e-06,
2022-06-15 08:00:00,0.00016312,
2022-06-15 16:00:00,-2.779e-05,
2022-06-16 00:00:00,-1.7939999999999998e-05,
2022-06-16 08:00:00,3.384e-05,
2022-06-16 16:00:00,5.954e-05,
2022-06-17 00:00:00,0.00010206000000000001,
2022-06-17 08:00:00,6.349e-05,
2022-06-17 16:00:00,1.359000000000001e-05,
2022-06-18 00:00:00,9.172999999999999e-05,
2022-06-18 08:00:00,0.00026842,
2022-06-18 16:00:00,0.00017606000000000002,
2022-06-19 00:00:00,5.4290000000000024e-05,
2022-06-19 08:00:00,0.00016952,
2022-06-19 16:00:00,0.0,
2022-06-20 00:00:00,-6.7799999999999995e-06,
2022-06-20 08:00:00,0.00012176,
2022-06-20 16:00:00,1.5560000000000007e-05,
2022-06-21 00:00:00,3.9850000000000006e-05,
2022-06-21 08:00:00,5.3020000000000004e-05,
2022-06-21 16:00:00,4.6700000000000003e-05,
2022-06-22 00:00:00,0.00011767,
2022-06-22 08:00:00,8.305e-05,
2022-06-22 16:00:00,0.00018679,
2022-06-23 00:00:00,0.00010637,
2022-06-23 08:00:00,0.00014683,
2022-06-23 16:00:00,0.00013985,
2022-06-24 00:00:00,8.119999999999997e-06,
2022-06-24 08:00:00,-5.310000000000002e-06,
2022-06-24 16:00:00,-7.872e-05,
2022-06-25 00:00:00,0.00013928,
2022-06-25 08:00:00,6.844e-05,
2022-06-25 16:00:00,6.361000000000001e-05,
2022-06-26 00:00:00,-0.00011066,
2022-06-26 08:00:00,6.941e-05,
2022-06-26 16:00:00,0.00018522,
2022-06-27 00:00:00,-2.5980000000000005e-05,
2022-06-27 08:00:00,-1.925e-05,
2022-06-27 16:00:00,-5.780000000000002e-06,
2022-06-28 00:00:00,-2.781e-05,
2022-06-28 08:00:00,-0.0001616,
2022-06-28 16:00:00,-5.0549999999999995e-05,
2022-06-29 00:00:00,-0.00023137,
2022-06-29 08:00:00,-0.00010947,
2022-06-29 16:00:00,-7.39e-06,
2022-06-30 00:00:00,2.303e-05,
2022-06-30 08:00:00,6.291e-05,
2022-06-30 16:00:00,0.00013793,
2022-07-01 00:00:00,4.7199999999999995e-05,
2022-07-01 08:00:00,-8.151e-05,
2022-07-01 16:00:00,7.056e-05,
2022-07-02 00:00:00,5.25e-05,
2022-07-02 08:00:00,3.536e-05,
2022-07-02 16:00:00,6.415e-05,
2022-07-03 00:00:00,1.898000000000001e-05,
2022-07-03 08:00:00,3.4070000000000004e-05,
2022-07-03 16:00:00,7.510000000000001e-05,
2022-07-04 00:00:00,1.5129999999999999e-05,
2022-07-04 08:00:00,0.00014456,
2022-07-04 16:00:00,3.651e-05,
2022-07-05 00:00:00,9.177e-05,
2022-07-05 08:00:00,8.238000000000001e-05,
2022-07-05 16:00:00,5.720000000000001e-05,
2022-07-06 00:00:00,0.0,
2022-07-06 08:00:00,0.0,
2022-07-06 16:00:00,5.627e-05,
2022-07-07 00:00:00,0.0,
2022-07-07 08:00:00,0.0,
2022-07-07 16:00:00,3.109e-05,
2022-07-08 00:00:00,0.0,
2022-07-08 08:00:00,0.0,
2022-07-08 16:00:00,4.495e-05,
2022-07-09 00:00:00,4.8820000000000004e-05,
2022-07-09 08:00:00,7.315e-05,
2022-07-09 16:00:00,6.794e-05,
2022-07-10 00:00:00,5.4560000000000006e-05,
2022-07-10 08:00:00,0.0,
2022-07-10 16:00:00,3.396000000000001e-05,
2022-07-11 00:00:00,3.8350000000000004e-05,
2022-07-11 08:00:00,-3.8799999999999994e-05,
2022-07-11 16:00:00,4.1190000000000004e-05,
2022-07-12 00:00:00,-8.242e-05,
2022-07-12 08:00:00,0.00012208,
2022-07-12 16:00:00,0.00017256,
2022-07-13 00:00:00,0.00027917,
2022-07-13 08:00:00,0.00019464,
2022-07-13 16:00:00,0.00013694,
2022-07-14 00:00:00,0.00016987,
2022-07-14 08:00:00,8.736e-05,
2022-07-14 16:00:00,0.00015017,
2022-07-15 00:00:00,0.0,
2022-07-15 08:00:00,5.3330000000000006e-05,
2022-07-15 16:00:00,0.00010453,
2022-07-16 00:00:00,4.542e-05,
2022-07-16 08:00:00,2.947e-05,
2022-07-16 16:00:00,6.362e-05,
2022-07-17 00:00:00,0.0,
2022-07-17 08:00:00,9.992e-05,
2022-07-17 16:00:00,0.00010639,
2022-07-18 00:00:00,0.00012025000000000001,
2022-07-18 08:00:00,0.00010857,
2022-07-18 16:00:00,2.7500000000000004e-05,
2022-07-19 00:00:00,0.0,
2022-07-19 08:00:00,0.0,
2022-07-19 16:00:00,5.758000000000001e-05,
2022-07-20 00:00:00,4.563e-05,
2022-07-20 08:00:00,0.00014179,
2022-07-20 16:00:00,7.129e-05,
2022-07-21 00:00:00,0.0,
2022-07-21 08:00:00,0.0,
2022-07-21 16:00:00,0.0,
2022-07-22 00:00:00,0.0,
2022-07-22 08:00:00,0.0,
2022-07-22 16:00:00,6.830000000000001e-06,
2022-07-23 00:00:00,4.537000000000001e-05,
2022-07-23 08:00:00,-8.638e-05,
2022-07-23 16:00:00,0.0,
2022-07-24 00:00:00,-3.369000000000001e-05,
2022-07-24 08:00:00,0.0,
2022-07-24 16:00:00,0.0,
2022-07-25 00:00:00,0.0,
2022-07-25 08:00:00,8.022e-05,
2022-07-25 16:00:00,2.566000000000001e-05,
2022-07-26 00:00:00,1.4609999999999997e-05,
2022-07-26 08:00:00,2.8490000000000007e-05,
2022-07-26 16:00:00,-3.644000000000001e-05,
2022-07-27 00:00:00,8.442e-05,
2022-07-27 08:00:00,-4.2839999999999996e-05,
2022-07-27 16:00:00,-5.827e-05,
2022-07-28 00:00:00,0.0,
2022-07-28 08:00:00,0.0,
2022-07-28 16:00:00,0.0,
2022-07-29 00:00:00,0.0,
2022-07-29 08:00:00,0.0,
2022-07-29 16:00:00,0.0,
2022-07-30 00:00:00,0.0,
2022-07-30 08:00:00,0.0,
2022-07-30 16:00:00,4.9510000000000005e-05,
2022-07-31 00:00:00,5.5690000000000004e-05,
2022-07-31 08:00:00,0.0,
2022-07-31 16:00:00,4.4720000000000006e-05,
2022-08-01 00:00:00,1.770000000000005e-06,
2022-08-01 08:00:00,0.0,
2022-08-01 16:00:00,3.715000000000001e-05,
2022-08-02 00:00:00,0.0,
2022-08-02 08:00:00,8.383e-05,
2022-08-02 16:00:00,8.407e-05,
2022-08-03 00:00:00,3.112e-05,
2022-08-03 08:00:00,9.632e-05,
2022-08-03 16:00:00,0.00012938,
2022-08-04 00:00:00,8.817e-05,
2022-08-04 08:00:00,-1.0350000000000008e-05,
2022-08-04 16:00:00,2.8810000000000004e-05,
2022-08-05 00:00:00,2.351000000000001e-05,
2022-08-05 08:00:00,0.0,
2022-08-05 16:00:00,0.0,
2022-08-06 00:00:00,0.0,
2022-08-06 08:00:00,0.0,
2022-08-06 16:00:00,0.0,
2022-08-07 00:00:00,0.0,
2022-08-07 08:00:00,0.00012278000000000001,
2022-08-07 16:00:00,7.199000000000001e-05,
2022-08-08 00:00:00,0.0001133,
2022-08-08 08:00:00,7.195e-05,
2022-08-08 16:00:00,0.0,
2022-08-09 00:00:00,4.007000000000001e-05,
2022-08-09 08:00:00,0.00010321000000000001,
2022-08-09 16:00:00,0.00024349000000000002,
2022-08-10 00:00:00,0.00020375,
2022-08-10 08:00:00,0.00013238,
2022-08-10 16:00:00,0.0,
2022-08-11 00:00:00,0.0,
2022-08-11 08:00:00,3.950000000000001e-06,
2022-08-11 16:00:00,8.217000000000001e-05,
2022-08-12 00:00:00,7.434e-05,
2022-08-12 08:00:00,4.784e-05,
2022-08-12 16:00:00,1.6640000000000003e-05,
2022-08-13 00:00:00,2.364000000000001e-05,
2022-08-13 08:00:00,1.4940000000000003e-05,
2022-08-13 16:00:00,1.425e-05,
2022-08-14 00:00:00,6.856000000000001e-05,
2022-08-14 08:00:00,1.7080000000000006e-05,
2022-08-14 16:00:00,-5.659e-05,
2022-08-15 00:00:00,6.0030000000000006e-05,
2022-08-15 08:00:00,-4.7730000000000005e-05,
2022-08-15 16:00:00,0.00011928000000000001,
2022-08-16 00:00:00,0.00016945,
2022-08-16 08:00:00,6.667000000000001e-05,
2022-08-16 16:00:00,4.17e-05,
2022-08-17 00:00:00,4.0730000000000005e-05,
2022-08-17 08:00:00,-0.00017828,
2022-08-17 16:00:00,5.966000000000001e-05,
2022-08-18 00:00:00,7.686e-05,
2022-08-18 08:00:00,5.370000000000011e-06,
2022-08-18 16:00:00,6.551000000000001e-05,
2022-08-19 00:00:00,4.725e-05,
2022-08-19 08:00:00,-9.15e-05,
2022-08-19 16:00:00,-0.0001315,
2022-08-20 00:00:00,-0.00014976,
2022-08-20 08:00:00,-1.9869999999999998e-05,
2022-08-20 16:00:00,-1.121e-05,
2022-08-21 00:00:00,-0.00014597,
2022-08-21 08:00:00,-0.00023887,
2022-08-21 16:00:00,-5.163e-05,
2022-08-22 00:00:00,-7.478999999999998e-05,
2022-08-22 08:00:00,-0.00019601999999999998,
2022-08-22 16:00:00,2.5190000000000008e-05,
2022-08-23 00:00:00,-4.066e-05,
2022-08-23 08:00:00,2.2780000000000002e-05,
2022-08-23 16:00:00,0.00013857,
2022-08-24 00:00:00,-5.209999999999999e-06,
2022-08-24 08:00:00,4.9850000000000006e-05,
2022-08-24 16:00:00,9.462e-05,
2022-08-25 00:00:00,9.182e-05,
2022-08-25 08:00:00,7.748e-05,
2022-08-25 16:00:00,3.648e-05,
2022-08-26 00:00:00,-1.2520000000000002e-05,
2022-08-26 08:00:00,7.510000000000001e-05,
2022-08-26 16:00:00,-9.286e-05,
2022-08-27 00:00:00,4.809000000000001e-05,
2022-08-27 08:00:00,-0.00011820999999999998,
2022-08-27 16:00:00,0.0002118,
2022-08-28 00:00:00,0.00019103,
2022-08-28 08:00:00,0.00020653999999999996,
2022-08-28 16:00:00,-9.745e-05,
2022-08-29 00:00:00,-3.456999999999999e-05,
2022-08-29 08:00:00,9.047e-05,
2022-08-29 16:00:00,4.484e-05,
2022-08-30 00:00:00,-0.0001153,
2022-08-30 08:00:00,6.100000000000094e-07,
2022-08-30 16:00:00,9.28e-05,
2022-08-31 00:00:00,9.217e-05,
2022-08-31 08:00:00,-1.04e-05,
2022-08-31 16:00:00,-3.380000000000001e-05,
2022-09-01 00:00:00,-3.746e-05,
2022-09-01 08:00:00,-3.0720000000000004e-05,
2022-09-01 16:00:00,5.8200000000000005e-05,
2022-09-02 00:00:00,-1.1509999999999997e-05,
2022-09-02 08:00:00,-2.701e-05,
2022-09-02 16:00:00,8.52e-05,
2022-09-03 00:00:00,0.00020993999999999999,
2022-09-03 08:00:00,0.00018101,
2022-09-03 16:00:00,0.00018973999999999998,
2022-09-04 00:00:00,-1.003e-05,
2022-09-04 08:00:00,0.00014425,
2022-09-04 16:00:00,0.00019236,
2022-09-05 00:00:00,9.123e-05,
2022-09-05 08:00:00,0.00014856,
2022-09-05 16:00:00,0.00013555000000000002,
2022-09-06 00:00:00,0.0002616,
2022-09-06 08:00:00,0.00023291000000000002,
2022-09-06 16:00:00,6.759999999999999e-05,
2022-09-07 00:00:00,0.00011557,
2022-09-07 08:00:00,0.00026863,
2022-09-07 16:00:00,6.591000000000001e-05,
2022-09-08 00:00:00,-4.354000000000001e-05,
2022-09-08 08:00:00,5.533e-05,
2022-09-08 16:00:00,0.00016039,
2022-09-09 00:00:00,0.0001828,
2022-09-09 08:00:00,0.00013837000000000002,
2022-09-09 16:00:00,0.00022468,
2022-09-10 00:00:00,0.00017115,
2022-09-10 08:00:00,0.00025388,
2022-09-10 16:00:00,0.00021591,
2022-09-11 00:00:00,0.00014457,
2022-09-11 08:00:00,0.00019716,
2022-09-11 16:00:00,0.00041695999999999997,
2022-09-12 00:00:00,0.00036552000000000004,
2022-09-12 08:00:00,0.00030845,
2022-09-12 16:00:00,0.00048479,
2022-09-13 00:00:00,0.00029792999999999996,
2022-09-13 08:00:00,0.00045898,
2022-09-13 16:00:00,0.00052705,
2022-09-14 00:00:00,0.0009486,
2022-09-14 08:00:00,0.0017087200000000002,
2022-09-14 16:00:00,0.00175399,
2022-09-15 00:00:00,0.00302781,
2022-09-15 08:00:00,0.00213486,
2022-09-15 16:00:00,6.122e-05,
2022-09-16 00:00:00,6.176e-05,
2022-09-16 08:00:00,0.00010235000000000001,
2022-09-16 16:00:00,0.0,
2022-09-17 00:00:00,2.600000000000001e-05,
2022-09-17 08:00:00,2.087000000000001e-05,
2022-09-17 16:00:00,5.889000000000001e-05,
2022-09-18 00:00:00,4.8169999999999995e-05,
2022-09-18 08:00:00,1.7660000000000004e-05,
2022-09-18 16:00:00,3.6580000000000006e-05,
2022-09-19 00:00:00,0.00020281,
2022-09-19 08:00:00,0.00010491000000000001,
2022-09-19 16:00:00,0.00013031,
2022-09-20 00:00:00,3.5640000000000004e-05,
2022-09-20 08:00:00,0.00013331,
2022-09-20 16:00:00,9.202e-05,
2022-09-21 00:00:00,6.329e-05,
2022-09-21 08:00:00,8.209e-05,
2022-09-21 16:00:00,5.328e-05,
2022-09-22 00:00:00,0.00019201,
2022-09-22 08:00:00,0.00016977,
2022-09-22 16:00:00,0.00012522,
2022-09-23 00:00:00,8.326e-05,
2022-09-23 08:00:00,0.00011386999999999999,
2022-09-23 16:00:00,0.00014588,
2022-09-24 00:00:00,8.509e-05,
2022-09-24 08:00:00,5.5320000000000006e-05,
2022-09-24 16:00:00,0.00018114999999999999,
2022-09-25 00:00:00,9.878e-05,
2022-09-25 08:00:00,0.00014292,
2022-09-25 16:00:00,9.551e-05,
2022-09-26 00:00:00,9.577e-05,
2022-09-26 08:00:00,0.0,
2022-09-26 16:00:00,0.00011379,
2022-09-27 00:00:00,4.5560000000000004e-05,
2022-09-27 08:00:00,8.223e-05,
2022-09-27 16:00:00,8.697e-05,
2022-09-28 00:00:00,4.654e-05,
2022-09-28 08:00:00,0.00010462999999999999,
2022-09-28 16:00:00,0.00014422,
2022-09-29 00:00:00,-3e-05,
2022-09-29 08:00:00,-9.051e-05,
2022-09-29 16:00:00,-1.2849999999999999e-05,
2022-09-30 00:00:00,4.827e-05,
2022-09-30 08:00:00,2.824e-05,
2022-09-30 16:00:00,-3.379e-05,
2022-10-01 00:00:00,1.8150000000000007e-05,
2022-10-01 08:00:00,3.143e-05,
2022-10-01 16:00:00,4.8830000000000005e-05,
2022-10-02 00:00:00,8.761000000000001e-05,
2022-10-02 08:00:00,5.605000000000001e-05,
2022-10-02 16:00:00,0.00010615,
2022-10-03 00:00:00,0.00011014,
2022-10-03 08:00:00,-5.369999999999998e-06,
2022-10-03 16:00:00,-9.319000000000001e-05,
2022-10-04 00:00:00,-7.646999999999999e-05,
2022-10-04 08:00:00,-0.00017338,
2022-10-04 16:00:00,-2.777e-05,
2022-10-05 00:00:00,8.181e-05,
2022-10-05 08:00:00,-3.5900000000000005e-05,
2022-10-05 16:00:00,0.00012197,
2022-10-06 00:00:00,-6.394e-05,
2022-10-06 08:00:00,2.069999999999999e-06,
2022-10-06 16:00:00,4.244e-05,
2022-10-07 00:00:00,1.2520000000000002e-05,
2022-10-07 08:00:00,2.786e-05,
2022-10-07 16:00:00,3.28e-05,
2022-10-08 00:00:00,4.096000000000001e-05,
2022-10-08 08:00:00,3.0070000000000002e-05,
2022-10-08 16:00:00,1.0610000000000009e-05,
2022-10-09 00:00:00,1.747e-05,
2022-10-09 08:00:00,3.2579999999999996e-05,
2022-10-09 16:00:00,7.740000000000004e-06,
2022-10-10 00:00:00,5.2510000000000004e-05,
2022-10-10 08:00:00,7.216e-05,
2022-10-10 16:00:00,6.684e-05,
2022-10-11 00:00:00,2.867000000000001e-05,
2022-10-11 08:00:00,6.448e-05,
2022-10-11 16:00:00,-7.218e-05,
2022-10-12 00:00:00,-9.198e-05,
2022-10-12 08:00:00,7.905e-05,
2022-10-12 16:00:00,9.282000000000001e-05,
2022-10-13 00:00:00,0.00026555999999999997,
2022-10-13 08:00:00,-0.00012882,
2022-10-13 16:00:00,-4.040000000000009e-06,
2022-10-14 00:00:00,-7.695e-05,
2022-10-14 08:00:00,-6.76e-05,
2022-10-14 16:00:00,-7.153e-05,
2022-10-15 00:00:00,3.414e-05,
2022-10-15 08:00:00,3.061e-05,
2022-10-15 16:00:00,-3.191e-05,
2022-10-16 00:00:00,1.236e-05,
2022-10-16 08:00:00,3.189e-05,
2022-10-16 16:00:00,8.345999999999999e-05,
2022-10-17 00:00:00,8.299999999999997e-07,
2022-10-17 08:00:00,4.359999999999999e-06,
2022-10-17 16:00:00,-3.427e-05,
2022-10-18 00:00:00,-5.060000000000002e-06,
2022-10-18 08:00:00,-1.0800000000000032e-06,
2022-10-18 16:00:00,1.8000000000000004e-05,
2022-10-19 00:00:00,6.170000000000004e-06,
2022-10-19 08:00:00,-1.0700000000000016e-06,
2022-10-19 16:00:00,6.115e-05,
2022-10-20 00:00:00,8.24e-05,
2022-10-20 08:00:00,-3.3589999999999995e-05,
2022-10-20 16:00:00,4.322e-05,
2022-10-21 00:00:00,0.0,
2022-10-21 08:00:00,3.6389999999999995e-05,
2022-10-21 16:00:00,-5.15e-06,
2022-10-22 00:00:00,-7.052e-05,
2022-10-22 08:00:00,5.94e-06,
2022-10-22 16:00:00,-4.289e-05,
2022-10-23 00:00:00,-1.256e-05,
2022-10-23 08:00:00,-3.162e-05,
2022-10-23 16:00:00,0.0,
2022-10-24 00:00:00,-7.261e-05,
2022-10-24 08:00:00,0.0,
2022-10-24 16:00:00,0.00012685,
2022-10-25 00:00:00,0.00014532,
2022-10-25 08:00:00,4.809e-05,
2022-10-25 16:00:00,1.7850000000000004e-05,
2022-10-26 00:00:00,0.0,
2022-10-26 08:00:00,0.00011046,
2022-10-26 16:00:00,-3.3300000000000105e-06,
2022-10-27 00:00:00,5.399999999999914e-07,
2022-10-27 08:00:00,4.995000000000001e-05,
2022-10-27 16:00:00,0.0001337,
2022-10-28 00:00:00,7.728e-05,
2022-10-28 08:00:00,-6.546e-05,
2022-10-28 16:00:00,-5.994e-05,
2022-10-29 00:00:00,3.793000000000001e-05,
2022-10-29 08:00:00,1.7970000000000006e-05,
2022-10-29 16:00:00,0.0,
2022-10-30 00:00:00,2.265000000000001e-05,
2022-10-30 08:00:00,7.04e-06,
2022-10-30 16:00:00,0.0,
2022-10-31 00:00:00,3.6920000000000006e-05,
2022-10-31 08:00:00,0.0,
2022-10-31 16:00:00,0.00010288,
2022-11-01 00:00:00,9.205e-05,
2022-11-01 08:00:00,0.00015701000000000002,
2022-11-01 16:00:00,8.418999999999999e-05,
2022-11-02 00:00:00,2.322000000000001e-05,
2022-11-02 08:00:00,6.384e-05,
2022-11-02 16:00:00,4.1870000000000004e-05,
2022-11-03 00:00:00,0.00011334,
2022-11-03 08:00:00,0.00017732000000000002,
2022-11-03 16:00:00,9.745000000000001e-05,
2022-11-04 00:00:00,8.602e-05,
2022-11-04 08:00:00,7.069999999999998e-06,
2022-11-04 16:00:00,-5.1790000000000004e-05,
2022-11-05 00:00:00,8.100000000000007e-06,
2022-11-05 08:00:00,8.526000000000001e-05,
2022-11-05 16:00:00,4.1740000000000004e-05,
2022-11-06 00:00:00,1.9860000000000003e-05,
2022-11-06 08:00:00,0.0,
2022-11-06 16:00:00,5.974000000000001e-05,
2022-11-07 00:00:00,7.406e-05,
2022-11-07 08:00:00,0.00010272,
2022-11-07 16:00:00,-4.8330000000000007e-05,
2022-11-08 00:00:00,0.00015728,
2022-11-08 08:00:00,0.00014999000000000002,
2022-11-08 16:00:00,2.1170000000000002e-05,
2022-11-09 00:00:00,0.00018687,
2022-11-09 08:00:00,0.00019124,
2022-11-09 16:00:00,0.00018703000000000003,
2022-11-10 00:00:00,0.00036394,
2022-11-10 08:00:00,0.0005574,
2022-11-10 16:00:00,0.0001878,
2022-11-11 00:00:00,0.00026788,
2022-11-11 08:00:00,0.00023634000000000003,
2022-11-11 16:00:00,7.127e-05,
2022-11-12 00:00:00,1.5000000000000365e-07,
2022-11-12 08:00:00,5.1370000000000005e-05,
2022-11-12 16:00:00,1.5999999999999847e-07,
2022-11-13 00:00:00,3.727e-05,
2022-11-13 08:00:00,0.00018449,
2022-11-13 16:00:00,0.00011748000000000001,
2022-11-14 00:00:00,7.190000000000001e-05,
2022-11-14 08:00:00,-2.631e-05,
2022-11-14 16:00:00,4.763e-05,
2022-11-15 00:00:00,0.00018644,
2022-11-15 08:00:00,5.0490000000000006e-05,
2022-11-15 16:00:00,0.0001283,
2022-11-16 00:00:00,0.00019137,
2022-11-16 08:00:00,7.341e-05,
2022-11-16 16:00:00,9.402e-05,
2022-11-17 00:00:00,0.0001566,
2022-11-17 08:00:00,2.3110000000000004e-05,
2022-11-17 16:00:00,0.00018308000000000002,
2022-11-18 00:00:00,0.00017768,
2022-11-18 08:00:00,0.00016951,
2022-11-18 16:00:00,9.520000000000001e-05,
2022-11-19 00:00:00,-4.5759999999999996e-05,
2022-11-19 08:00:00,-1.4399999999999998e-06,
2022-11-19 16:00:00,-5.217e-05,
2022-11-20 00:00:00,9.623e-05,
2022-11-20 08:00:00,-2.1119999999999994e-05,
2022-11-20 16:00:00,1.312e-05,
2022-11-21 00:00:00,8.385999999999999e-05,
2022-11-21 08:00:00,7.034000000000001e-05,
2022-11-21 16:00:00,5.334000000000001e-05,
2022-11-22 00:00:00,0.00016623,
2022-11-22 08:00:00,0.00012821,
2022-11-22 16:00:00,3.6320000000000005e-05,
2022-11-23 00:00:00,3.9120000000000005e-05,
2022-11-23 08:00:00,0.00011064000000000001,
2022-11-23 16:00:00,0.00019414,
2022-11-24 00:00:00,5.0400000000000005e-05,
2022-11-24 08:00:00,8.696e-05,
2022-11-24 16:00:00,6.204e-05,
2022-11-25 00:00:00,4.428e-05,
2022-11-25 08:00:00,4.5010000000000004e-05,
2022-11-25 16:00:00,0.00010151,
2022-11-26 00:00:00,0.00014472,
2022-11-26 08:00:00,6.14e-05,
2022-11-26 16:00:00,0.00015491000000000002,
2022-11-27 00:00:00,0.0001268,
2022-11-27 08:00:00,0.00021497,
2022-11-27 16:00:00,1.713e-05,
2022-11-28 00:00:00,1.44e-05,
2022-11-28 08:00:00,1.3160000000000001e-05,
2022-11-28 16:00:00,0.0002069,
2022-11-29 00:00:00,6.168e-05,
2022-11-29 08:00:00,5.2449999999999994e-05,
2022-11-29 16:00:00,0.0,
2022-11-30 00:00:00,-8.647e-05,
2022-11-30 08:00:00,-9.836e-05,
2022-11-30 16:00:00,-2.612e-05,
2022-12-01 00:00:00,7.509999999999999e-06,
2022-12-01 08:00:00,-1.1459999999999999e-05,
2022-12-01 16:00:00,-4.03e-06,
2022-12-02 00:00:00,0.0,
2022-12-02 08:00:00,5.23e-05,
2022-12-02 16:00:00,1.3400000000000041e-06,
2022-12-03 00:00:00,3.9349999999999994e-05,
2022-12-03 08:00:00,7.716e-05,
2022-12-03 16:00:00,0.00012251,
2022-12-04 00:00:00,0.00013315,
2022-12-04 08:00:00,-5.4749999999999996e-05,
2022-12-04 16:00:00,2.9579999999999998e-05,
2022-12-05 00:00:00,-0.00013452,
2022-12-05 08:00:00,1.6689999999999998e-05,
2022-12-05 16:00:00,4.422000000000001e-05,
2022-12-06 00:00:00,4.31e-05,
2022-12-06 08:00:00,8.611e-05,
2022-12-06 16:00:00,-2.2500000000000005e-06,
2022-12-07 00:00:00,-0.00015211,
2022-12-07 08:00:00,-6.097e-05,
2022-12-07 16:00:00,-8.394e-05,
2022-12-08 00:00:00,-0.00010852,
2022-12-08 08:00:00,1.2260000000000001e-05,
2022-12-08 16:00:00,7.515999999999999e-05,
2022-12-09 00:00:00,-0.0001087,
2022-12-09 08:00:00,-0.00021678000000000002,
2022-12-09 16:00:00,-2.611e-05,
2022-12-10 00:00:00,3.828e-05,
2022-12-10 08:00:00,3.593e-05,
2022-12-10 16:00:00,-4.6620000000000004e-05,
2022-12-11 00:00:00,0.00011745,
2022-12-11 08:00:00,1.7069999999999998e-05,
2022-12-11 16:00:00,6.706e-05,
2022-12-12 00:00:00,-8.417e-05,
2022-12-12 08:00:00,-2.363e-05,
2022-12-12 16:00:00,1.79e-05,
2022-12-13 00:00:00,-0.0001091,
2022-12-13 08:00:00,-6.309999999999999e-06,
2022-12-13 16:00:00,0.0,
2022-12-14 00:00:00,0.0,
2022-12-14 08:00:00,0.0,
2022-12-14 16:00:00,0.0,
2022-12-15 00:00:00,0.0,
2022-12-15 08:00:00,0.0,
2022-12-15 16:00:00,0.0,
2022-12-16 00:00:00,-3.359000000000001e-05,
2022-12-16 08:00:00,0.0,
2022-12-16 16:00:00,0.0001378,
2022-12-17 00:00:00,-1.809999999999998e-06,
2022-12-17 08:00:00,9.185999999999999e-05,
2022-12-17 16:00:00,6.587e-05,
2022-12-18 00:00:00,-2.068e-05,
2022-12-18 08:00:00,-6.288e-05,
2022-12-18 16:00:00,5.895e-05,
2022-12-19 00:00:00,0.00013395,
2022-12-19 08:00:00,3.8089999999999996e-05,
2022-12-19 16:00:00,0.00010601000000000001,
2022-12-20 00:00:00,1.5209999999999998e-05,
2022-12-20 08:00:00,1.246e-05,
2022-12-20 16:00:00,-2.1879999999999987e-05,
2022-12-21 00:00:00,5.3740000000000004e-05,
2022-12-21 08:00:00,2.920000000000006e-06,
2022-12-21 16:00:00,9.750000000000007e-06,
2022-12-22 00:00:00,1.0770000000000007e-05,
2022-12-22 08:00:00,1.8700000000000075e-06,
2022-12-22 16:00:00,2.113000000000001e-05,
2022-12-23 00:00:00,2.5320000000000008e-05,
2022-12-23 08:00:00,-4.831e-05,
2022-12-23 16:00:00,0.00010728,
2022-12-24 00:00:00,3.233000000000001e-05,
2022-12-24 08:00:00,-6.322000000000001e-05,
2022-12-24 16:00:00,-5.639e-05,
2022-12-25 00:00:00,6.986e-05,
2022-12-25 08:00:00,-1.3389999999999999e-05,
2022-12-25 16:00:00,8.458e-05,
2022-12-26 00:00:00,3.0380000000000004e-05,
2022-12-26 08:00:00,7.466e-05,
2022-12-26 16:00:00,2.4690000000000002e-05,
2022-12-27 00:00:00,-0.00011419,
2022-12-27 08:00:00,7.774e-05,
2022-12-27 16:00:00,2.4540000000000006e-05,
2022-12-28 00:00:00,-3.191000000000001e-05,
2022-12-28 08:00:00,1.136e-05,
2022-12-28 16:00:00,5.6999999999999996e-05,
2022-12-29 00:00:00,0.0,
2022-12-29 08:00:00,4.165e-05,
2022-12-29 16:00:00,-1.4620000000000006e-05,
2022-12-30 00:00:00,-0.00013503,
2022-12-30 08:00:00,-0.00010469,
2022-12-30 16:00:00,0.0,
2022-12-31 00:00:00,0.0,
2022-12-31 08:00:00,-1.764e-05,
2022-12-31 16:00:00,-7.520000000000001e-05,
2023-01-01 00:00:00,0.0,
2023-01-01 08:00:00,0.0,
2023-01-01 16:00:00,0.0,
2023-01-02 00:00:00,-9.027e-05,
2023-01-02 08:00:00,1.1220000000000004e-05,
2023-01-02 16:00:00,-1.9110000000000005e-05,
2023-01-03 00:00:00,9.11e-05,
2023-01-03 08:00:00,4.7720000000000004e-05,
2023-01-03 16:00:00,5.263e-05,
2023-01-04 00:00:00,2.3830000000000007e-05,
2023-01-04 08:00:00,-8.510000000000001e-05,
2023-01-04 16:00:00,-5.2560000000000005e-05,
2023-01-05 00:00:00,0.0,
2023-01-05 08:00:00,0.0,
2023-01-05 16:00:00,0.0,
2023-01-06 00:00:00,0.0,
2023-01-06 08:00:00,-5.5620000000000006e-05,
2023-01-06 16:00:00,-5.779000000000001e-05,
2023-01-07 00:00:00,-9.93e-05,
2023-01-07 08:00:00,5.801e-05,
2023-01-07 16:00:00,2.8100000000000005e-05,
2023-01-08 00:00:00,7.869000000000001e-05,
2023-01-08 08:00:00,1.1740000000000006e-05,
2023-01-08 16:00:00,1.3429999999999998e-05,
2023-01-09 00:00:00,5.6880000000000004e-05,
2023-01-09 08:00:00,2.3830000000000007e-05,
2023-01-09 16:00:00,0.0,
2023-01-10 00:00:00,0.0,
2023-01-10 08:00:00,0.0,
2023-01-10 16:00:00,0.0,
2023-01-11 00:00:00,0.0,
2023-01-11 08:00:00,0.0,
2023-01-11 16:00:00,7.222000000000001e-05,
2023-01-12 00:00:00,0.0,
2023-01-12 08:00:00,0.0,
2023-01-12 16:00:00,0.0,
2023-01-13 00:00:00,0.0,
2023-01-13 08:00:00,0.0,
2023-01-13 16:00:00,0.0,
2023-01-14 00:00:00,0.0,
2023-01-14 08:00:00,-0.00027897999999999996,
2023-01-14 16:00:00,-0.00035951,
2023-01-15 00:00:00,-2.4119999999999993e-05,
2023-01-15 08:00:00,-0.00014641,
2023-01-15 16:00:00,-8.544e-05,
2023-01-16 00:00:00,0.00010444,
2023-01-16 08:00:00,1.349999999999999e-05,
2023-01-16 16:00:00,0.0,
2023-01-17 00:00:00,0.0,
2023-01-17 08:00:00,0.0,
2023-01-17 16:00:00,0.0,
2023-01-18 00:00:00,0.0,
2023-01-18 08:00:00,0.0,
2023-01-18 16:00:00,0.0,
2023-01-19 00:00:00,0.0,
2023-01-19 08:00:00,0.0,
2023-01-19 16:00:00,0.0,
2023-01-20 00:00:00,0.0,
2023-01-20 08:00:00,0.0,
2023-01-20 16:00:00,0.0,
2023-01-21 00:00:00,0.0,
2023-01-21 08:00:00,9.731999999999998e-05,
2023-01-21 16:00:00,0.0,
2023-01-22 00:00:00,0.0,
2023-01-22 08:00:00,5.2139999999999985e-05,
2023-01-22 16:00:00,4.9819999999999994e-05,
2023-01-23 00:00:00,-3.56e-06,
2023-01-23 08:00:00,0.0,
2023-01-23 16:00:00,0.0,
2023-01-24 00:00:00,0.0,
2023-01-24 08:00:00,0.0,
2023-01-24 16:00:00,0.0,
2023-01-25 00:00:00,0.0,
2023-01-25 08:00:00,0.0,
2023-01-25 16:00:00,0.0,
2023-01-26 00:00:00,0.0,
2023-01-26 08:00:00,0.0,
2023-01-26 16:00:00,0.0,
2023-01-27 00:00:00,0.0,
2023-01-27 08:00:00,0.0,
2023-01-27 16:00:00,0.0,
2023-01-28 00:00:00,0.0,
2023-01-28 08:00:00,0.0,
2023-01-28 16:00:00,0.0,
2023-01-29 00:00:00,0.0,
2023-01-29 08:00:00,0.0,
2023-01-29 16:00:00,0.0,
2023-01-30 00:00:00,0.0,
2023-01-30 08:00:00,0.0,
2023-01-30 16:00:00,0.0,
2023-01-31 00:00:00,0.0,
2023-01-31 08:00:00,0.0,
2023-01-31 16:00:00,0.0,
2023-02-01 00:00:00,0.0,
2023-02-01 08:00:00,0.0,
2023-02-01 16:00:00,0.0,
2023-02-02 00:00:00,0.0,
2023-02-02 08:00:00,0.00038855000000000004,
2023-02-02 16:00:00,0.00019604000000000003,
2023-02-03 00:00:00,7.034e-05,
2023-02-03 08:00:00,0.0,
2023-02-03 16:00:00,0.0,
2023-02-04 00:00:00,3.4969999999999985e-05,
2023-02-04 08:00:00,0.0,
2023-02-04 16:00:00,0.0,
2023-02-05 00:00:00,0.0,
2023-02-05 08:00:00,0.0,
2023-02-05 16:00:00,0.0,
2023-02-06 00:00:00,0.0,
2023-02-06 08:00:00,0.0,
2023-02-06 16:00:00,0.0,
2023-02-07 00:00:00,0.0,
2023-02-07 08:00:00,0.0,
2023-02-07 16:00:00,0.0,
2023-02-08 00:00:00,0.0,
2023-02-08 08:00:00,0.0,
2023-02-08 16:00:00,0.0,
2023-02-09 00:00:00,0.0,
2023-02-09 08:00:00,0.0,
2023-02-09 16:00:00,0.0,
2023-02-10 00:00:00,0.0,
2023-02-10 08:00:00,3.172e-05,
2023-02-10 16:00:00,0.0,
2023-02-11 00:00:00,3.5300000000000004e-05,
2023-02-11 08:00:00,6.655e-05,
2023-02-11 16:00:00,0.00012491,
2023-02-12 00:00:00,1.1309999999999998e-05,
2023-02-12 08:00:00,6.775000000000001e-05,
2023-02-12 16:00:00,5.4210000000000004e-05,
2023-02-13 00:00:00,-7.57e-05,
2023-02-13 08:00:00,4.0060000000000006e-05,
2023-02-13 16:00:00,0.0,
2023-02-14 00:00:00,0.00010454,
2023-02-14 08:00:00,5.5950000000000005e-05,
2023-02-14 16:00:00,4.689000000000001e-05,
2023-02-15 00:00:00,7.09e-05,
2023-02-15 08:00:00,7.190000000000001e-05,
2023-02-15 16:00:00,4.2850000000000005e-05,
2023-02-16 00:00:00,0.0,
2023-02-16 08:00:00,0.0,
2023-02-16 16:00:00,-4.101e-05,
2023-02-17 00:00:00,0.0,
2023-02-17 08:00:00,0.0,
2023-02-17 16:00:00,0.0,
2023-02-18 00:00:00,0.0,
2023-02-18 08:00:00,0.0,
2023-02-18 16:00:00,0.0,
2023-02-19 00:00:00,3.227e-05,
2023-02-19 08:00:00,0.0,
2023-02-19 16:00:00,0.0,
2023-02-20 00:00:00,1.246e-05,
2023-02-20 08:00:00,0.0,
2023-02-20 16:00:00,0.0,
2023-02-21 00:00:00,0.0,
2023-02-21 08:00:00,0.0,
2023-02-21 16:00:00,0.0,
2023-02-22 00:00:00,0.0,
2023-02-22 08:00:00,0.0,
2023-02-22 16:00:00,0.0,
2023-02-23 00:00:00,2.9280000000000004e-05,
2023-02-23 08:00:00,1.710000000000009e-06,
2023-02-23 16:00:00,5.626000000000001e-05,
2023-02-24 00:00:00,6.196000000000001e-05,
2023-02-24 08:00:00,3.586e-05,
2023-02-24 16:00:00,1.62e-05,
2023-02-25 00:00:00,2.079000000000001e-05,
2023-02-25 08:00:00,3.5900000000000114e-06,
2023-02-25 16:00:00,4.5020000000000006e-05,
2023-02-26 00:00:00,8.734e-05,
2023-02-26 08:00:00,5.3160000000000006e-05,
2023-02-26 16:00:00,8.902000000000001e-05,
2023-02-27 00:00:00,-4.012e-05,
2023-02-27 08:00:00,1.367000000000001e-05,
2023-02-27 16:00:00,3.9750000000000004e-05,
2023-02-28 00:00:00,1.4960000000000006e-05,
2023-02-28 08:00:00,6.374000000000001e-05,
2023-02-28 16:00:00,1.435000000000001e-05,
2023-03-01 00:00:00,9.658e-05,
2023-03-01 08:00:00,0.0,
2023-03-01 16:00:00,0.0,
2023-03-02 00:00:00,0.0,
2023-03-02 08:00:00,0.0,
2023-03-02 16:00:00,2.254000000000001e-05,
2023-03-03 00:00:00,6.033000000000001e-05,
2023-03-03 08:00:00,7.64e-06,
2023-03-03 16:00:00,3.6099999999999997e-05,
2023-03-04 00:00:00,1.5090000000000006e-05,
2023-03-04 08:00:00,1.7999999999999997e-05,
2023-03-04 16:00:00,-3.659999999999999e-06,
2023-03-05 00:00:00,2.828e-05,
2023-03-05 08:00:00,6.445000000000001e-05,
2023-03-05 16:00:00,-6.840000000000002e-06,
2023-03-06 00:00:00,-5.399e-05,
2023-03-06 08:00:00,2.8780000000000006e-05,
2023-03-06 16:00:00,1.136e-05,
2023-03-07 00:00:00,-3.3260000000000003e-05,
2023-03-07 08:00:00,1.3099999999999993e-06,
2023-03-07 16:00:00,1.633e-05,
2023-03-08 00:00:00,4.100000000000005e-06,
2023-03-08 08:00:00,3.335000000000001e-05,
2023-03-08 16:00:00,-2.2959999999999997e-05,
2023-03-09 00:00:00,-9.020000000000001e-05,
2023-03-09 08:00:00,2.401000000000001e-05,
2023-03-09 16:00:00,6.357e-05,
2023-03-10 00:00:00,-4.459000000000002e-05,
2023-03-10 08:00:00,0.00010097,
2023-03-10 16:00:00,0.00010512000000000001,
2023-03-11 00:00:00,7.204000000000001e-05,
2023-03-11 08:00:00,0.00015766,
2023-03-11 16:00:00,2.7970000000000005e-05,
2023-03-12 00:00:00,0.00011066,
2023-03-12 08:00:00,1.3299999999999998e-05,
2023-03-12 16:00:00,-0.00018612,
2023-03-13 00:00:00,-0.00018869,
2023-03-13 08:00:00,0.0,
2023-03-13 16:00:00,-2.4850000000000008e-05,
2023-03-14 00:00:00,0.0,
2023-03-14 08:00:00,0.0,
2023-03-14 16:00:00,0.0,
2023-03-15 00:00:00,-0.00021728000000000003,
2023-03-15 08:00:00,-8.365999999999998e-05,
2023-03-15 16:00:00,0.0,
2023-03-16 00:00:00,0.0,
2023-03-16 08:00:00,0.0,
2023-03-16 16:00:00,0.0,
2023-03-17 00:00:00,-2.7e-05,
2023-03-17 08:00:00,4.059e-05,
2023-03-17 16:00:00,0.0,
2023-03-18 00:00:00,0.0,
2023-03-18 08:00:00,0.0,
2023-03-18 16:00:00,0.0,
2023-03-19 00:00:00,0.0,
2023-03-19 08:00:00,0.0,
2023-03-19 16:00:00,0.0,
2023-03-20 00:00:00,0.0,
2023-03-20 08:00:00,0.0,
2023-03-20 16:00:00,1.806e-05,
2023-03-21 00:00:00,-2.3470000000000004e-05,
2023-03-21 08:00:00,-6.354e-05,
2023-03-21 16:00:00,1.0100000000000002e-05,
2023-03-22 00:00:00,4.8540000000000006e-05,
2023-03-22 08:00:00,8.733e-05,
2023-03-22 16:00:00,4.460000000000001e-05,
2023-03-23 00:00:00,6.819e-05,
2023-03-23 08:00:00,3.1400000000000004e-05,
2023-03-23 16:00:00,0.0,
2023-03-24 00:00:00,0.0,
2023-03-24 08:00:00,0.0,
2023-03-24 16:00:00,0.0,
2023-03-25 00:00:00,8.008e-05,
2023-03-25 08:00:00,8.54e-05,
2023-03-25 16:00:00,5.1649999999999995e-05,
2023-03-26 00:00:00,6.175999999999999e-05,
2023-03-26 08:00:00,5.405e-05,
2023-03-26 16:00:00,-3.549999999999998e-06,
2023-03-27 00:00:00,8.365e-05,
2023-03-27 08:00:00,0.00010385,
2023-03-27 16:00:00,4.625e-05,
2023-03-28 00:00:00,3.767e-05,
2023-03-28 08:00:00,-5.7900000000000005e-06,
2023-03-28 16:00:00,1.4739999999999998e-05,
2023-03-29 00:00:00,-9.410000000000001e-05,
2023-03-29 08:00:00,3.6900000000000002e-06,
2023-03-29 16:00:00,0.0,
2023-03-30 00:00:00,4.244000000000001e-05,
2023-03-30 08:00:00,9.714000000000001e-05,
2023-03-30 16:00:00,4.975e-05,
2023-03-31 00:00:00,-5.786e-05,
2023-03-31 08:00:00,3.018e-05,
2023-03-31 16:00:00,0.0,
2023-04-01 00:00:00,0.0,
2023-04-01 08:00:00,0.0,
2023-04-01 16:00:00,3.694000000000001e-05,
2023-04-02 00:00:00,6.013e-05,
2023-04-02 08:00:00,4.982000000000001e-05,
2023-04-02 16:00:00,5.529e-05,
2023-04-03 00:00:00,5.571e-05,
2023-04-03 08:00:00,5.4819999999999994e-05,
2023-04-03 16:00:00,0.00010471,
2023-04-04 00:00:00,3.6400000000000004e-05,
2023-04-04 08:00:00,6.762e-05,
2023-04-04 16:00:00,0.0,
2023-04-05 00:00:00,3.147000000000001e-05,
2023-04-05 08:00:00,0.0,
2023-04-05 16:00:00,0.0,
2023-04-06 00:00:00,4.789e-05,
2023-04-06 08:00:00,3.749000000000001e-05,
2023-04-06 16:00:00,9.783e-05,
2023-04-07 00:00:00,-1.381e-05,
2023-04-07 08:00:00,-2.0580000000000003e-05,
2023-04-07 16:00:00,1.0100000000000002e-05,
2023-04-08 00:00:00,4.486e-05,
2023-04-08 08:00:00,8.954e-05,
2023-04-08 16:00:00,6.794e-05,
2023-04-09 00:00:00,1.544e-05,
2023-04-09 08:00:00,9.659e-05,
2023-04-09 16:00:00,1.6679999999999996e-05,
2023-04-10 00:00:00,6.641000000000001e-05,
2023-04-10 08:00:00,0.00014544,
2023-04-10 16:00:00,7.938e-05,
2023-04-11 00:00:00,7.352e-05,
2023-04-11 08:00:00,1.3520000000000006e-05,
2023-04-11 16:00:00,3.2840000000000004e-05,
2023-04-12 00:00:00,8.959e-05,
2023-04-12 08:00:00,5.3769999999999995e-05,
2023-04-12 16:00:00,6.376e-05,
2023-04-13 00:00:00,0.0,
2023-04-13 08:00:00,0.0,
2023-04-13 16:00:00,0.0,
2023-04-14 00:00:00,0.0,
2023-04-14 08:00:00,0.0,
2023-04-14 16:00:00,0.0,
2023-04-15 00:00:00,0.0,
2023-04-15 08:00:00,0.0,
2023-04-15 16:00:00,0.0,
2023-04-16 00:00:00,0.0,
2023-04-16 08:00:00,0.0,
2023-04-16 16:00:00,0.0,
2023-04-17 00:00:00,0.0,
2023-04-17 08:00:00,9.307999999999998e-05,
2023-04-17 16:00:00,0.0,
2023-04-18 00:00:00,0.0,
2023-04-18 08:00:00,0.0,
2023-04-18 16:00:00,0.00012174999999999999,
2023-04-19 00:00:00,1.689999999999999e-05,
2023-04-19 08:00:00,0.0,
2023-04-19 16:00:00,0.00011015000000000001,
2023-04-20 00:00:00,3.581000000000001e-05,
2023-04-20 08:00:00,9.968000000000001e-05,
2023-04-20 16:00:00,7.731e-05,
2023-04-21 00:00:00,1.380000000000001e-05,
2023-04-21 08:00:00,3.097000000000001e-05,
2023-04-21 16:00:00,1.5120000000000004e-05,
2023-04-22 00:00:00,4.533000000000001e-05,
2023-04-22 08:00:00,1.482e-05,
2023-04-22 16:00:00,-1.5269999999999998e-05,
2023-04-23 00:00:00,5.3269999999999996e-05,
2023-04-23 08:00:00,7.425e-05,
2023-04-23 16:00:00,3.739e-05,
2023-04-24 00:00:00,9.590000000000008e-06,
2023-04-24 08:00:00,8.762e-05,
2023-04-24 16:00:00,4.8880000000000006e-05,
2023-04-25 00:00:00,1.589e-05,
2023-04-25 08:00:00,-4.8160000000000006e-05,
2023-04-25 16:00:00,1.574000000000001e-05,
2023-04-26 00:00:00,6.16e-05,
2023-04-26 08:00:00,4.811e-05,
2023-04-26 16:00:00,1.3000000000000004e-05,
2023-04-27 00:00:00,1.989e-05,
2023-04-27 08:00:00,1.984e-05,
2023-04-27 16:00:00,-2.380000000000001e-06,
2023-04-28 00:00:00,1.3299999999999998e-05,
2023-04-28 08:00:00,1.963e-05,
2023-04-28 16:00:00,3.720000000000012e-06,
2023-04-29 00:00:00,5.618000000000001e-05,
2023-04-29 08:00:00,2.8750000000000008e-05,
2023-04-29 16:00:00,4.9560000000000007e-05,
2023-04-30 00:00:00,3.697000000000001e-05,
2023-04-30 08:00:00,0.00010051999999999999,
2023-04-30 16:00:00,-1.8800000000000023e-06,
2023-05-01 00:00:00,2.807e-05,
2023-05-01 08:00:00,6.309000000000001e-05,
2023-05-01 16:00:00,8.146000000000001e-05,
2023-05-02 00:00:00,-2.5529999999999994e-05,
2023-05-02 08:00:00,7.18e-05,
2023-05-02 16:00:00,1.854000000000001e-05,
2023-05-03 00:00:00,2.0100000000000028e-06,
2023-05-03 08:00:00,3.727e-05,
2023-05-03 16:00:00,-4.736000000000001e-05,
2023-05-04 00:00:00,0.0,
2023-05-04 08:00:00,0.0,
2023-05-04 16:00:00,1.0000000000000108e-06,
2023-05-05 00:00:00,6.445000000000001e-05,
2023-05-05 08:00:00,4.3200000000000007e-05,
2023-05-05 16:00:00,0.0,
2023-05-06 00:00:00,0.0,
2023-05-06 08:00:00,0.0,
2023-05-06 16:00:00,9.306000000000001e-05,
2023-05-07 00:00:00,5.032e-05,
2023-05-07 08:00:00,5.385000000000001e-05,
2023-05-07 16:00:00,1.1249999999999996e-05,
2023-05-08 00:00:00,4.644e-05,
2023-05-08 08:00:00,4.3910000000000005e-05,
2023-05-08 16:00:00,4.8039999999999994e-05,
2023-05-09 00:00:00,-8.242e-05,
2023-05-09 08:00:00,-9.399999999999998e-06,
2023-05-09 16:00:00,-2.1509999999999996e-05,
2023-05-10 00:00:00,1.9629999999999997e-05,
2023-05-10 08:00:00,3.084000000000001e-05,
2023-05-10 16:00:00,2.7069999999999997e-05,
2023-05-11 00:00:00,0.00010399,
2023-05-11 08:00:00,7.802e-05,
2023-05-11 16:00:00,-1.379999999999997e-06,
2023-05-12 00:00:00,4.122e-05,
2023-05-12 08:00:00,6.181e-05,
2023-05-12 16:00:00,0.00010554,
2023-05-13 00:00:00,3.125e-05,
2023-05-13 08:00:00,1.76e-05,
2023-05-13 16:00:00,7.744e-05,
2023-05-14 00:00:00,0.00010451,
2023-05-14 08:00:00,2.5359999999999994e-05,
2023-05-14 16:00:00,4.7079999999999996e-05,
2023-05-15 00:00:00,0.00011107,
2023-05-15 08:00:00,9.046e-05,
2023-05-15 16:00:00,0.0001116,
2023-05-16 00:00:00,0.00010187,
2023-05-16 08:00:00,8.745000000000001e-05,
2023-05-16 16:00:00,3.7499999999999963e-06,
2023-05-17 00:00:00,1.2400000000000003e-05,
2023-05-17 08:00:00,9.459e-05,
2023-05-17 16:00:00,6.016000000000001e-05,
2023-05-18 00:00:00,-6.7799999999999995e-06,
2023-05-18 08:00:00,3.261e-05,
2023-05-18 16:00:00,1.1999999999999953e-06,
2023-05-19 00:00:00,-3.272e-05,
2023-05-19 08:00:00,2.8889999999999996e-05,
2023-05-19 16:00:00,-6.588000000000001e-05,
2023-05-20 00:00:00,-2.383e-05,
2023-05-20 08:00:00,2.9360000000000003e-05,
2023-05-20 16:00:00,3.166e-05,
2023-05-21 00:00:00,-6.730000000000001e-05,
2023-05-21 08:00:00,4.4319999999999996e-05,
2023-05-21 16:00:00,5.7799999999999995e-05,
2023-05-22 00:00:00,2.8069999999999997e-05,
2023-05-22 08:00:00,4.482000000000001e-05,
2023-05-22 16:00:00,9.970000000000001e-06,
2023-05-23 00:00:00,7.21e-05,
2023-05-23 08:00:00,0.0,
2023-05-23 16:00:00,2.6210000000000008e-05,
2023-05-24 00:00:00,9.22000000000001e-06,
2023-05-24 08:00:00,6.351000000000001e-05,
2023-05-24 16:00:00,5.0830000000000006e-05,
2023-05-25 00:00:00,6.644e-05,
2023-05-25 08:00:00,9.852e-05,
2023-05-25 16:00:00,3.395e-05,
2023-05-26 00:00:00,0.0,
2023-05-26 08:00:00,3.426e-05,
2023-05-26 16:00:00,6.206000000000001e-05,
2023-05-27 00:00:00,3.575e-05,
2023-05-27 08:00:00,5.4350000000000006e-05,
2023-05-27 16:00:00,0.00013230000000000002,
2023-05-28 00:00:00,0.00010120000000000001,
2023-05-28 08:00:00,0.00011086,
2023-05-28 16:00:00,7.519e-05,
2023-05-29 00:00:00,0.0,
2023-05-29 08:00:00,0.0,
2023-05-29 16:00:00,0.0,
2023-05-30 00:00:00,0.0,
2023-05-30 08:00:00,0.0,
2023-05-30 16:00:00,5.614000000000001e-05,
2023-05-31 00:00:00,2.0490000000000002e-05,
2023-05-31 08:00:00,9.465000000000001e-05,
2023-05-31 16:00:00,5.127e-05,
2023-06-01 00:00:00,2.406999999999999e-05,
2023-06-01 08:00:00,8.75000000000001e-06,
2023-06-01 16:00:00,0.0,
2023-06-02 00:00:00,5.330000000000001e-05,
2023-06-02 08:00:00,0.0,
2023-06-02 16:00:00,1.7480000000000002e-05,
2023-06-03 00:00:00,0.0,
2023-06-03 08:00:00,2.1430000000000003e-05,
2023-06-03 16:00:00,9.05e-05,
2023-06-04 00:00:00,7.173e-05,
2023-06-04 08:00:00,5.199e-05,
2023-06-04 16:00:00,1.9230000000000004e-05,
2023-06-05 00:00:00,9.706000000000001e-05,
2023-06-05 08:00:00,7.692e-05,
2023-06-05 16:00:00,2.495000000000001e-05,
2023-06-06 00:00:00,3.98e-05,
2023-06-06 08:00:00,3.177e-05,
2023-06-06 16:00:00,-4.769999999999997e-06,
2023-06-07 00:00:00,0.0,
2023-06-07 08:00:00,0.0,
2023-06-07 16:00:00,7.342000000000001e-05,
2023-06-08 00:00:00,-4.220000000000004e-06,
2023-06-08 08:00:00,-2.8780000000000006e-05,
2023-06-08 16:00:00,3.73e-05,
2023-06-09 00:00:00,2.7130000000000006e-05,
2023-06-09 08:00:00,9.028000000000001e-05,
2023-06-09 16:00:00,2.618000000000001e-05,
2023-06-10 00:00:00,3.990000000000001e-05,
2023-06-10 08:00:00,4.6750000000000005e-05,
2023-06-10 16:00:00,-0.00014099,
2023-06-11 00:00:00,-0.00018587,
2023-06-11 08:00:00,-0.00013351,
2023-06-11 16:00:00,-2.4050000000000002e-05,
2023-06-12 00:00:00,5.109999999999997e-06,
2023-06-12 08:00:00,1.4799999999999926e-06,
2023-06-12 16:00:00,4.615999999999999e-05,
2023-06-13 00:00:00,2.5320000000000008e-05,
2023-06-13 08:00:00,-4.989999999999998e-06,
2023-06-13 16:00:00,-2.111e-05,
2023-06-14 00:00:00,-4.521e-05,
2023-06-14 08:00:00,-1.751e-05,
2023-06-14 16:00:00,1.1000000000000064e-07,
2023-06-15 00:00:00,0.00011842999999999999,
2023-06-15 08:00:00,0.00017865,
2023-06-15 16:00:00,4.3719999999999995e-05,
2023-06-16 00:00:00,0.00012719,
2023-06-16 08:00:00,7.648e-05,
2023-06-16 16:00:00,-1.057e-05,
2023-06-17 00:00:00,2.332e-05,
2023-06-17 08:00:00,-4.364e-05,
2023-06-17 16:00:00,-1.8189999999999997e-05,
2023-06-18 00:00:00,-3.756e-05,
2023-06-18 08:00:00,-1.865e-05,
2023-06-18 16:00:00,-9.007000000000001e-05,
2023-06-19 00:00:00,-0.00015217,
2023-06-19 08:00:00,-0.00012971,
2023-06-19 16:00:00,-6.454e-05,
2023-06-20 00:00:00,-0.00014586,
2023-06-20 08:00:00,-4.9369999999999997e-05,
2023-06-20 16:00:00,-8.572e-05,
2023-06-21 00:00:00,0.0,
2023-06-21 08:00:00,8.982e-05,
2023-06-21 16:00:00,7.553e-05,
2023-06-22 00:00:00,0.0,
2023-06-22 08:00:00,0.0,
2023-06-22 16:00:00,0.0,
2023-06-23 00:00:00,0.0,
2023-06-23 08:00:00,0.0,
2023-06-23 16:00:00,5.712e-05,
2023-06-24 00:00:00,0.0,
2023-06-24 08:00:00,0.0,
2023-06-24 16:00:00,5.9489999999999995e-05,
2023-06-25 00:00:00,0.0,
2023-06-25 08:00:00,-3.7199999999999983e-06,
2023-06-25 16:00:00,0.0,
2023-06-26 00:00:00,0.0,
2023-06-26 08:00:00,2.8470000000000004e-05,
2023-06-26 16:00:00,2.9620000000000004e-05,
2023-06-27 00:00:00,5.5230000000000005e-05,
2023-06-27 08:00:00,3.7630000000000004e-05,
2023-06-27 16:00:00,8.043e-05,
2023-06-28 00:00:00,0.0,
2023-06-28 08:00:00,7.037e-05,
2023-06-28 16:00:00,6.127000000000001e-05,
2023-06-29 00:00:00,8.503e-05,
2023-06-29 08:00:00,8.812e-05,
2023-06-29 16:00:00,0.0,
2023-06-30 00:00:00,6.035e-05,
2023-06-30 08:00:00,0.0,
2023-06-30 16:00:00,0.0,
2023-07-01 00:00:00,0.0,
2023-07-01 08:00:00,0.0,
2023-07-01 16:00:00,0.0,
2023-07-02 00:00:00,0.0,
2023-07-02 08:00:00,0.0,
2023-07-02 16:00:00,0.0,
2023-07-03 00:00:00,0.0,
2023-07-03 08:00:00,0.0,
2023-07-03 16:00:00,0.0,
2023-07-04 00:00:00,0.0,
2023-07-04 08:00:00,0.0,
2023-07-04 16:00:00,0.0,
2023-07-05 00:00:00,0.0,
2023-07-05 08:00:00,0.0,
2023-07-05 16:00:00,0.0,
2023-07-06 00:00:00,0.0,
2023-07-06 08:00:00,0.0,
2023-07-06 16:00:00,-7.565e-05,
2023-07-07 00:00:00,1.039e-05,
2023-07-07 08:00:00,6.146999999999999e-05,
2023-07-07 16:00:00,-7.010000000000002e-06,
2023-07-08 00:00:00,3.8709999999999994e-05,
2023-07-08 08:00:00,5.7369999999999995e-05,
2023-07-08 16:00:00,-5.75e-06,
2023-07-09 00:00:00,3.3320000000000006e-05,
2023-07-09 08:00:00,7.122000000000001e-05,
2023-07-09 16:00:00,6.82e-05,
2023-07-10 00:00:00,7.274000000000001e-05,
2023-07-10 08:00:00,3.804e-05,
2023-07-10 16:00:00,-3.3400000000000053e-06,
2023-07-11 00:00:00,4.730000000000004e-06,
2023-07-11 08:00:00,2.3470000000000004e-05,
2023-07-11 16:00:00,7.347e-05,
2023-07-12 00:00:00,-5.2499999999999995e-05,
2023-07-12 08:00:00,0.0,
2023-07-12 16:00:00,2.68e-05,
2023-07-13 00:00:00,5.619999999999999e-06,
2023-07-13 08:00:00,3.5220000000000005e-05,
2023-07-13 16:00:00,8.518e-05,
2023-07-14 00:00:00,0.0,
2023-07-14 08:00:00,0.0,
2023-07-14 16:00:00,0.0,
2023-07-15 00:00:00,0.00010131,
2023-07-15 08:00:00,1.89e-05,
2023-07-15 16:00:00,1.2080000000000006e-05,
2023-07-16 00:00:00,4.359000000000001e-05,
2023-07-16 08:00:00,-3.73e-06,
2023-07-16 16:00:00,-4.1599999999999995e-05,
2023-07-17 00:00:00,-0.00012629,
2023-07-17 08:00:00,-6.470000000000001e-06,
2023-07-17 16:00:00,6.0370000000000006e-05,
2023-07-18 00:00:00,3.304000000000001e-05,
2023-07-18 08:00:00,1.4610000000000011e-05,
2023-07-18 16:00:00,2.8390000000000004e-05,
2023-07-19 00:00:00,3.4620000000000004e-05,
2023-07-19 08:00:00,0.0,
2023-07-19 16:00:00,8.390000000000006e-06,
2023-07-20 00:00:00,0.00010241,
2023-07-20 08:00:00,7.830000000000011e-06,
2023-07-20 16:00:00,0.0,
2023-07-21 00:00:00,8.202e-05,
2023-07-21 08:00:00,9.527e-05,
2023-07-21 16:00:00,2.6240000000000006e-05,
2023-07-22 00:00:00,4.2310000000000007e-05,
2023-07-22 08:00:00,0.00010415000000000001,
2023-07-22 16:00:00,8.351e-05,
2023-07-23 00:00:00,8.422e-05,
2023-07-23 08:00:00,6.589000000000001e-05,
2023-07-23 16:00:00,4.596000000000001e-05,
2023-07-24 00:00:00,0.0,
2023-07-24 08:00:00,0.00010080000000000001,
2023-07-24 16:00:00,2.8330000000000008e-05,
2023-07-25 00:00:00,-1.5739999999999995e-05,
2023-07-25 08:00:00,-1.505e-05,
2023-07-25 16:00:00,-4.1200000000000005e-05,
2023-07-26 00:00:00,-6.771e-05,
2023-07-26 08:00:00,2.8139999999999998e-05,
2023-07-26 16:00:00,-5.76e-05,
2023-07-27 00:00:00,-8.193e-05,
2023-07-27 08:00:00,-1.7160000000000005e-05,
2023-07-27 16:00:00,3.791e-05,
2023-07-28 00:00:00,4.7180000000000006e-05,
2023-07-28 08:00:00,4.175e-05,
2023-07-28 16:00:00,-7.643e-05,
2023-07-29 00:00:00,-3.091e-05,
2023-07-29 08:00:00,5.854e-05,
2023-07-29 16:00:00,-4.651000000000001e-05,
2023-07-30 00:00:00,-3.9240000000000004e-05,
2023-07-30 08:00:00,8.051e-05,
2023-07-30 16:00:00,6.314e-05,
2023-07-31 00:00:00,4.911e-05,
2023-07-31 08:00:00,3.633e-05,
2023-07-31 16:00:00,5.147e-05,
2023-08-01 00:00:00,-1.785e-05,
2023-08-01 08:00:00,6.97e-05,
2023-08-01 16:00:00,0.0,
2023-08-02 00:00:00,0.0,
2023-08-02 08:00:00,0.0,
2023-08-02 16:00:00,0.0,
2023-08-03 00:00:00,-1.8360000000000007e-05,
2023-08-03 08:00:00,0.0,
2023-08-03 16:00:00,0.0,
2023-08-04 00:00:00,-1.7660000000000004e-05,
2023-08-04 08:00:00,5.17e-05,
2023-08-04 16:00:00,-3.68e-05,
2023-08-05 00:00:00,-2.564e-05,
2023-08-05 08:00:00,-6.55000000000001e-06,
2023-08-05 16:00:00,0.0,
2023-08-06 00:00:00,-6.290000000000001e-05,
2023-08-06 08:00:00,3.049e-05,
2023-08-06 16:00:00,5.0660000000000006e-05,
2023-08-07 00:00:00,0.0,
2023-08-07 08:00:00,6.690000000000005e-06,
2023-08-07 16:00:00,0.0,
2023-08-08 00:00:00,3.3050000000000004e-05,
2023-08-08 08:00:00,0.0,
2023-08-08 16:00:00,5.058000000000001e-05,
2023-08-09 00:00:00,-4.9980000000000006e-05,
2023-08-09 08:00:00,8.425e-05,
2023-08-09 16:00:00,3.301000000000001e-05,
2023-08-10 00:00:00,1.2010000000000002e-05,
2023-08-10 08:00:00,1.9300000000000035e-06,
2023-08-10 16:00:00,1.011000000000001e-05,
2023-08-11 00:00:00,6.204e-05,
2023-08-11 08:00:00,9.298000000000001e-05,
2023-08-11 16:00:00,5.928e-05,
2023-08-12 00:00:00,3.7470000000000005e-05,
2023-08-12 08:00:00,5.563000000000001e-05,
2023-08-12 16:00:00,3.1320000000000005e-05,
2023-08-13 00:00:00,4.350000000000001e-05,
2023-08-13 08:00:00,6.917e-05,
2023-08-13 16:00:00,5.419999999999999e-06,
2023-08-14 00:00:00,0.0,
2023-08-14 08:00:00,0.0,
2023-08-14 16:00:00,1.1799999999999989e-06,
2023-08-15 00:00:00,2.421e-05,
2023-08-15 08:00:00,1.0600000000000068e-06,
2023-08-15 16:00:00,1.0910000000000002e-05,
2023-08-16 00:00:00,-0.00011442,
2023-08-16 08:00:00,5.13e-06,
2023-08-16 16:00:00,-2.115e-05,
2023-08-17 00:00:00,-4.702000000000001e-05,
2023-08-17 08:00:00,2.5740000000000008e-05,
2023-08-17 16:00:00,2.8540000000000008e-05,
2023-08-18 00:00:00,-3.1279999999999985e-05,
2023-08-18 08:00:00,-4.550000000000001e-05,
2023-08-18 16:00:00,7.049000000000001e-05,
2023-08-19 00:00:00,0.00012835,
2023-08-19 08:00:00,0.00017861,
2023-08-19 16:00:00,0.00018349000000000002,
2023-08-20 00:00:00,0.0001709,
2023-08-20 08:00:00,0.00014408,
2023-08-20 16:00:00,2.35e-05,
2023-08-21 00:00:00,5.515e-05,
2023-08-21 08:00:00,0.00012534,
2023-08-21 16:00:00,4.409e-05,
2023-08-22 00:00:00,6.355e-05,
2023-08-22 08:00:00,0.00014621,
2023-08-22 16:00:00,0.00013757,
2023-08-23 00:00:00,9.339e-05,
2023-08-23 08:00:00,4.051e-05,
2023-08-23 16:00:00,5.431e-05,
2023-08-24 00:00:00,7.341e-05,
2023-08-24 08:00:00,2.878e-05,
2023-08-24 16:00:00,7.774e-05,
2023-08-25 00:00:00,2.052e-05,
2023-08-25 08:00:00,2.587e-05,
2023-08-25 16:00:00,1.433e-05,
2023-08-26 00:00:00,-8.100000000000007e-07,
2023-08-26 08:00:00,3.396e-05,
2023-08-26 16:00:00,9.381e-05,
2023-08-27 00:00:00,3.3639999999999996e-05,
2023-08-27 08:00:00,5.3840000000000006e-05,
2023-08-27 16:00:00,-3.153e-05,
2023-08-28 00:00:00,8.925e-05,
2023-08-28 08:00:00,4.161e-05,
2023-08-28 16:00:00,3.967e-05,
2023-08-29 00:00:00,6.188999999999999e-05,
2023-08-29 08:00:00,-6.1599999999999995e-06,
2023-08-29 16:00:00,-0.00016875,
2023-08-30 00:00:00,2.5120000000000003e-05,
2023-08-30 08:00:00,2.751e-05,
2023-08-30 16:00:00,-9.922e-05,
2023-08-31 00:00:00,-0.00010502,
2023-08-31 08:00:00,-0.00015683,
2023-08-31 16:00:00,-1.2000000000000224e-07,
2023-09-01 00:00:00,-2.608e-05,
2023-09-01 08:00:00,-2.2720000000000003e-05,
2023-09-01 16:00:00,-4.762e-05,
2023-09-02 00:00:00,1.196e-05,
2023-09-02 08:00:00,-2.193e-05,
2023-09-02 16:00:00,-5.909999999999999e-06,
2023-09-03 00:00:00,-7.753e-05,
2023-09-03 08:00:00,-2.880000000000003e-06,
2023-09-03 16:00:00,3.0799999999999997e-06,
2023-09-04 00:00:00,-1.918e-05,
2023-09-04 08:00:00,0.00011231,
2023-09-04 16:00:00,1.2150000000000002e-05,
2023-09-05 00:00:00,-1.3030000000000002e-05,
2023-09-05 08:00:00,-1.202e-05,
2023-09-05 16:00:00,9.023000000000001e-05,
2023-09-06 00:00:00,1.0300000000000003e-05,
2023-09-06 08:00:00,2.5269999999999997e-05,
2023-09-06 16:00:00,2.0999999999999968e-07,
2023-09-07 00:00:00,6.049999999999998e-06,
2023-09-07 08:00:00,-6.576e-05,
2023-09-07 16:00:00,2.1680000000000002e-05,
2023-09-08 00:00:00,-3.455e-05,
2023-09-08 08:00:00,2.8669999999999998e-05,
2023-09-08 16:00:00,-5.637e-05,
2023-09-09 00:00:00,-2.6890000000000002e-05,
2023-09-09 08:00:00,2.251e-05,
2023-09-09 16:00:00,-2.249e-05,
2023-09-10 00:00:00,-1.5399999999999998e-05,
2023-09-10 08:00:00,4.621e-05,
2023-09-10 16:00:00,9.225e-05,
2023-09-11 00:00:00,-2.058e-05,
2023-09-11 08:00:00,-2.7889999999999996e-05,
2023-09-11 16:00:00,-8.438e-05,
2023-09-12 00:00:00,-4.034e-05,
2023-09-12 08:00:00,3.69e-05,
2023-09-12 16:00:00,1.137e-05,
2023-09-13 00:00:00,-3.958e-05,
2023-09-13 08:00:00,0.00012267,
2023-09-13 16:00:00,2.9069999999999998e-05,
2023-09-14 00:00:00,-2.7449999999999996e-05,
2023-09-14 08:00:00,-1.3620000000000002e-05,
2023-09-14 16:00:00,-1.5300000000000006e-06,
2023-09-15 00:00:00,9.700000000000009e-07,
2023-09-15 08:00:00,0.00012473,
2023-09-15 16:00:00,6.123000000000001e-05,
2023-09-16 00:00:00,-2.5830000000000002e-05,
2023-09-16 08:00:00,9.070000000000001e-05,
2023-09-16 16:00:00,9.036e-05,
2023-09-17 00:00:00,3.54e-06,
2023-09-17 08:00:00,9.245999999999999e-05,
2023-09-17 16:00:00,4.874999999999999e-05,
2023-09-18 00:00:00,6.36e-05,
2023-09-18 08:00:00,6.92e-05,
2023-09-18 16:00:00,6.889e-05,
2023-09-19 00:00:00,6.89e-05,
2023-09-19 08:00:00,2.476e-05,
2023-09-19 16:00:00,-3.629e-05,
2023-09-20 00:00:00,-1.2950000000000003e-05,
2023-09-20 08:00:00,7.613e-05,
2023-09-20 16:00:00,7.091000000000001e-05,
2023-09-21 00:00:00,3.0200000000000016e-06,
2023-09-21 08:00:00,-1.0860000000000001e-05,
2023-09-21 16:00:00,0.00010638000000000001,
2023-09-22 00:00:00,7.759000000000001e-05,
2023-09-22 08:00:00,7.135e-05,
2023-09-22 16:00:00,2.378e-05,
2023-09-23 00:00:00,1.9070000000000002e-05,
2023-09-23 08:00:00,-4.419999999999998e-06,
2023-09-23 16:00:00,1.9240000000000002e-05,
2023-09-24 00:00:00,-2.834e-05,
2023-09-24 08:00:00,6.117e-05,
2023-09-24 16:00:00,-7.879999999999999e-06,
2023-09-25 00:00:00,5.383e-05,
2023-09-25 08:00:00,3.648e-05,
2023-09-25 16:00:00,-1.4590000000000001e-05,
2023-09-26 00:00:00,-1.1659999999999993e-05,
2023-09-26 08:00:00,2.449e-05,
2023-09-26 16:00:00,4.3270000000000004e-05,
2023-09-27 00:00:00,-2.034e-05,
2023-09-27 08:00:00,9.333e-05,
2023-09-27 16:00:00,6.639999999999997e-06,
2023-09-28 00:00:00,-7.28e-06,
2023-09-28 08:00:00,1.2369999999999998e-05,
2023-09-28 16:00:00,4.6070000000000004e-05,
2023-09-29 00:00:00,2.6439999999999998e-05,
2023-09-29 08:00:00,-2.0199999999999976e-06,
2023-09-29 16:00:00,-1.575e-05,
2023-09-30 00:00:00,3.92e-05,
2023-09-30 08:00:00,4.605e-05,
2023-09-30 16:00:00,3.8769999999999996e-05,
2023-10-01 00:00:00,-3.7899999999999993e-06,
2023-10-01 08:00:00,-3.166e-05,
2023-10-01 16:00:00,2.688e-05,
2023-10-02 00:00:00,0.0,
2023-10-02 08:00:00,-5.825e-05,
2023-10-02 16:00:00,-0.0001343,
2023-10-03 00:00:00,3.8809999999999996e-05,
2023-10-03 08:00:00,-9.264e-05,
2023-10-03 16:00:00,-8.278e-05,
2023-10-04 00:00:00,-6.631e-05,
2023-10-04 08:00:00,1.458e-05,
2023-10-04 16:00:00,2.2700000000000003e-06,
2023-10-05 00:00:00,-7.339e-05,
2023-10-05 08:00:00,1.8820000000000003e-05,
2023-10-05 16:00:00,-1.1740000000000001e-05,
2023-10-06 00:00:00,-6.209e-05,
2023-10-06 08:00:00,-0.00012862,
2023-10-06 16:00:00,-1.968e-05,
2023-10-07 00:00:00,1.532000000000001e-05,
2023-10-07 08:00:00,6.264000000000001e-05,
2023-10-07 16:00:00,5.562e-05,
2023-10-08 00:00:00,-3.2799999999999957e-06,
2023-10-08 08:00:00,-4.274000000000001e-05,
2023-10-08 16:00:00,2.090000000000002e-06,
2023-10-09 00:00:00,0.0,
2023-10-09 08:00:00,-2.824e-05,
2023-10-09 16:00:00,2.8999999999999993e-05,
2023-10-10 00:00:00,-9.940000000000003e-06,
2023-10-10 08:00:00,-1.7610000000000002e-05,
2023-10-10 16:00:00,2.1700000000000012e-06,
2023-10-11 00:00:00,7.743000000000001e-05,
2023-10-11 08:00:00,4.6080000000000006e-05,
2023-10-11 16:00:00,5.275e-05,
2023-10-12 00:00:00,5.3139999999999996e-05,
2023-10-12 08:00:00,6.45e-05,
2023-10-12 16:00:00,2.7810000000000006e-05,
2023-10-13 00:00:00,1.9729999999999996e-05,
2023-10-13 08:00:00,-4.38e-05,
2023-10-13 16:00:00,6.235e-05,
2023-10-14 00:00:00,7.311e-05,
2023-10-14 08:00:00,1.688e-05,
2023-10-14 16:00:00,-6.694e-05,
2023-10-15 00:00:00,-7.569e-05,
2023-10-15 08:00:00,-1.4019999999999998e-05,
2023-10-15 16:00:00,3.6259999999999995e-05,
2023-10-16 00:00:00,-7.077e-05,
2023-10-16 08:00:00,-5.100000000000002e-07,
2023-10-16 16:00:00,-8.83e-05,
2023-10-17 00:00:00,8.043e-05,
2023-10-17 08:00:00,4.656e-05,
2023-10-17 16:00:00,-1.1309999999999998e-05,
2023-10-18 00:00:00,4.053000000000001e-05,
2023-10-18 08:00:00,-7.81e-06,
2023-10-18 16:00:00,-3.170000000000012e-06,
2023-10-19 00:00:00,5.749000000000001e-05,
2023-10-19 08:00:00,7.012000000000001e-05,
2023-10-19 16:00:00,-2.890000000000001e-06,
2023-10-20 00:00:00,1.4399999999999998e-06,
2023-10-20 08:00:00,4.088e-05,
2023-10-20 16:00:00,2.9280000000000004e-05,
2023-10-21 00:00:00,5.098e-05,
2023-10-21 08:00:00,8.265e-05,
2023-10-21 16:00:00,6.229e-05,
2023-10-22 00:00:00,2.4460000000000006e-05,
2023-10-22 08:00:00,4.7050000000000005e-05,
2023-10-22 16:00:00,8.639e-05,
2023-10-23 00:00:00,-6.039e-05,
2023-10-23 08:00:00,8.407e-05,
2023-10-23 16:00:00,8.117000000000001e-05,
2023-10-24 00:00:00,0.0,
2023-10-24 08:00:00,0.0,
2023-10-24 16:00:00,0.0,
2023-10-25 00:00:00,0.0,
2023-10-25 08:00:00,0.0,
2023-10-25 16:00:00,0.0,
2023-10-26 00:00:00,0.0,
2023-10-26 08:00:00,0.0,
2023-10-26 16:00:00,0.0,
2023-10-27 00:00:00,0.0,
2023-10-27 08:00:00,0.0,
2023-10-27 16:00:00,0.0,
2023-10-28 00:00:00,0.0,
2023-10-28 08:00:00,0.0,
2023-10-28 16:00:00,0.0,
2023-10-29 00:00:00,0.0,
2023-10-29 08:00:00,0.0,
2023-10-29 16:00:00,0.0,
2023-10-30 00:00:00,0.0,
2023-10-30 08:00:00,0.0,
2023-10-30 16:00:00,0.0,
2023-10-31 00:00:00,0.0,
2023-10-31 08:00:00,0.0,
2023-10-31 16:00:00,0.0,
2023-11-01 00:00:00,0.0,
2023-11-01 08:00:00,0.0,
2023-11-01 16:00:00,0.0,
2023-11-02 00:00:00,-4.962999999999997e-05,
2023-11-02 08:00:00,8.491000000000003e-05,
2023-11-02 16:00:00,0.0,
2023-11-03 00:00:00,0.0,
2023-11-03 08:00:00,0.0,
2023-11-03 16:00:00,9.644e-05,
2023-11-04 00:00:00,0.00023283,
2023-11-04 08:00:00,3.234999999999999e-05,
2023-11-04 16:00:00,0.0,
2023-11-05 00:00:00,0.00012780000000000002,
2023-11-05 08:00:00,0.00030894,
2023-11-05 16:00:00,4.0900000000000005e-05,
2023-11-06 00:00:00,0.0,
2023-11-06 08:00:00,0.0,
2023-11-06 16:00:00,9.349999999999997e-06,
2023-11-07 00:00:00,3.504e-05,
2023-11-07 08:00:00,0.0,
2023-11-07 16:00:00,2.6419999999999994e-05,
2023-11-08 00:00:00,0.0,
2023-11-08 08:00:00,0.0,
2023-11-08 16:00:00,0.0,
2023-11-09 00:00:00,0.0,
2023-11-09 08:00:00,0.00014246000000000002,
2023-11-09 16:00:00,-0.00013339000000000005,
2023-11-10 00:00:00,-0.00017525,
2023-11-10 08:00:00,-0.00010868999999999999,
2023-11-10 16:00:00,-2.6560000000000003e-05,
2023-11-11 00:00:00,-3.604e-05,
2023-11-11 08:00:00,-3.370999999999999e-05,
2023-11-11 16:00:00,0.00016991,
2023-11-12 00:00:00,0.00016091999999999997,
2023-11-12 08:00:00,0.0,
2023-11-12 16:00:00,-0.00014299,
2023-11-13 00:00:00,-9.502999999999999e-05,
2023-11-13 08:00:00,-0.00012786999999999998,
2023-11-13 16:00:00,-6.581e-05,
2023-11-14 00:00:00,-8.828e-05,
2023-11-14 08:00:00,1.2280000000000011e-05,
2023-11-14 16:00:00,0.0,
2023-11-15 00:00:00,0.0,
2023-11-15 08:00:00,0.0,
2023-11-15 16:00:00,0.0,
2023-11-16 00:00:00,0.0,
2023-11-16 08:00:00,0.0,
2023-11-16 16:00:00,0.0,
2023-11-17 00:00:00,0.0,
2023-11-17 08:00:00,0.0,
2023-11-17 16:00:00,0.0,
2023-11-18 00:00:00,0.0,
2023-11-18 08:00:00,0.0,
2023-11-18 16:00:00,0.0,
2023-11-19 00:00:00,0.0,
2023-11-19 08:00:00,0.0,
2023-11-19 16:00:00,0.0,
2023-11-20 00:00:00,0.0,
2023-11-20 08:00:00,0.0,
2023-11-20 16:00:00,0.0,
2023-11-21 00:00:00,0.0,
2023-11-21 08:00:00,0.0,
2023-11-21 16:00:00,0.0,
2023-11-22 00:00:00,0.0,
2023-11-22 08:00:00,0.0,
2023-11-22 16:00:00,0.0,
2023-11-23 00:00:00,0.0,
2023-11-23 08:00:00,0.0,
2023-11-23 16:00:00,0.0,
2023-11-24 00:00:00,0.0,
2023-11-24 08:00:00,0.0,
2023-11-24 16:00:00,0.0,
2023-11-25 00:00:00,0.0,
2023-11-25 08:00:00,0.0,
2023-11-25 16:00:00,0.0,
2023-11-26 00:00:00,0.0,
2023-11-26 08:00:00,0.0,
2023-11-26 16:00:00,0.0,
2023-11-27 00:00:00,0.0,
2023-11-27 08:00:00,0.0,
2023-11-27 16:00:00,0.0,
2023-11-28 00:00:00,0.0,
2023-11-28 08:00:00,0.0,
2023-11-28 16:00:00,0.0,
2023-11-29 00:00:00,0.0,
2023-11-29 08:00:00,0.0,
2023-11-29 16:00:00,0.0,
2023-11-30 00:00:00,0.0,
2023-11-30 08:00:00,0.0,
2023-11-30 16:00:00,0.0,
2023-12-01 00:00:00,0.0,
2023-12-01 08:00:00,0.0,
2023-12-01 16:00:00,0.0,
2023-12-02 00:00:00,0.0,
2023-12-02 08:00:00,0.0,
2023-12-02 16:00:00,0.0,
2023-12-03 00:00:00,0.0,
2023-12-03 08:00:00,0.0,
2023-12-03 16:00:00,3.766e-05,
2023-12-04 00:00:00,8.07999999999999e-06,
2023-12-04 08:00:00,0.00019262,
2023-12-04 16:00:00,0.0,
2023-12-05 00:00:00,1.712e-05,
2023-12-05 08:00:00,0.0,
2023-12-05 16:00:00,0.0,
2023-12-06 00:00:00,0.0,
2023-12-06 08:00:00,3.699999999999999e-05,
2023-12-06 16:00:00,0.0,
2023-12-07 00:00:00,0.0,
2023-12-07 08:00:00,0.0,
2023-12-07 16:00:00,8.520999999999999e-05,
2023-12-08 00:00:00,0.00015587999999999998,
2023-12-08 08:00:00,0.00041922999999999993,
2023-12-08 16:00:00,0.00033416,
2023-12-09 00:00:00,0.00018278,
2023-12-09 08:00:00,0.00016364,
2023-12-09 16:00:00,9.322000000000003e-05,
2023-12-10 00:00:00,8.282999999999999e-05,
2023-12-10 08:00:00,8.766999999999998e-05,
2023-12-10 16:00:00,-3.141e-05,
2023-12-11 00:00:00,2.209999999999994e-06,
2023-12-11 08:00:00,0.0,
2023-12-11 16:00:00,0.0,
2023-12-12 00:00:00,0.0,
2023-12-12 08:00:00,0.0,
2023-12-12 16:00:00,0.0,
2023-12-13 00:00:00,-2.8130000000000003e-05,
2023-12-13 08:00:00,-5.058000000000001e-05,
2023-12-13 16:00:00,-5.81e-06,
2023-12-14 00:00:00,0.0,
2023-12-14 08:00:00,0.0,
2023-12-14 16:00:00,0.0,
2023-12-15 00:00:00,0.0,
2023-12-15 08:00:00,0.0,
2023-12-15 16:00:00,1.8149999999999994e-05,
2023-12-16 00:00:00,0.0,
2023-12-16 08:00:00,0.0,
2023-12-16 16:00:00,0.0,
2023-12-17 00:00:00,0.0,
2023-12-17 08:00:00,0.0,
2023-12-17 16:00:00,-1.4019999999999991e-05,
2023-12-18 00:00:00,-5.0829999999999986e-05,
2023-12-18 08:00:00,0.0,
2023-12-18 16:00:00,0.0,
2023-12-19 00:00:00,0.0,
2023-12-19 08:00:00,0.0,
2023-12-19 16:00:00,0.0,
2023-12-20 00:00:00,0.0,
2023-12-20 08:00:00,0.0,
2023-12-20 16:00:00,-0.00013153999999999998,
2023-12-21 00:00:00,-9.981000000000001e-05,
2023-12-21 08:00:00,-6.031e-05,
2023-12-21 16:00:00,-2.2270000000000015e-05,
2023-12-22 00:00:00,1.701000000000003e-05,
2023-12-22 08:00:00,4.531000000000001e-05,
2023-12-22 16:00:00,-7.115000000000002e-05,
2023-12-23 00:00:00,0.00022425,
2023-12-23 08:00:00,0.00010425000000000001,
2023-12-23 16:00:00,0.00020602,
2023-12-24 00:00:00,0.00019112000000000003,
2023-12-24 08:00:00,0.00013352,
2023-12-24 16:00:00,0.00026338999999999996,
2023-12-25 00:00:00,0.0002042,
2023-12-25 08:00:00,0.00020894,
2023-12-25 16:00:00,1.3080000000000004e-05,
2023-12-26 00:00:00,-1.1800000000000395e-06,
2023-12-26 08:00:00,0.00012338999999999997,
2023-12-26 16:00:00,8.577000000000004e-05,
2023-12-27 00:00:00,-7.168000000000002e-05,
2023-12-27 08:00:00,-0.00011648000000000002,
2023-12-27 16:00:00,3.799000000000001e-05,
2023-12-28 00:00:00,0.00034417000000000003,
2023-12-28 08:00:00,0.00026588999999999996,
2023-12-28 16:00:00,0.00014196,
2023-12-29 00:00:00,0.00014029,
2023-12-29 08:00:00,-1.1549999999999928e-05,
2023-12-29 16:00:00,-0.00011920000000000002,
2023-12-30 00:00:00,-0.00011494999999999998,
2023-12-30 08:00:00,-0.00018461999999999998,
2023-12-30 16:00:00,-0.00016512999999999999,
2023-12-31 00:00:00,-0.00011713999999999999,
2023-12-31 08:00:00,-0.00014498,
2023-12-31 16:00:00,-0.00021621,
2024-01-01 00:00:00,-0.00017858000000000001,
2024-01-01 08:00:00,-0.00021096,
2024-01-01 16:00:00,-0.00029832,
2024-01-02 00:00:00,-0.00029369,
2024-01-02 08:00:00,-0.00029612,
2024-01-02 16:00:00,-0.00016720000000000005,
2024-01-03 00:00:00,-0.00014239,
2024-01-03 08:00:00,-4.6339999999999993e-05,
2024-01-03 16:00:00,0.0,
2024-01-04 00:00:00,0.0,
2024-01-04 08:00:00,0.0,
2024-01-04 16:00:00,0.0,
2024-01-05 00:00:00,0.0,
2024-01-05 08:00:00,0.0,
2024-01-05 16:00:00,0.0,
2024-01-06 00:00:00,0.0,
2024-01-06 08:00:00,0.0,
2024-01-06 16:00:00,0.0,
2024-01-07 00:00:00,0.0,
2024-01-07 08:00:00,0.0,
2024-01-07 16:00:00,0.0,
2024-01-08 00:00:00,0.0,
2024-01-08 08:00:00,0.0,
2024-01-08 16:00:00,-2.040000000000001e-06,
2024-01-09 00:00:00,0.0,
2024-01-09 08:00:00,0.0,
2024-01-09 16:00:00,0.0,
2024-01-10 00:00:00,0.0,
2024-01-10 08:00:00,0.0,
2024-01-10 16:00:00,0.0,
2024-01-11 00:00:00,0.0,
2024-01-11 08:00:00,0.0,
2024-01-11 16:00:00,0.0,
2024-01-12 00:00:00,0.0,
2024-01-12 08:00:00,0.0,
2024-01-12 16:00:00,0.0,
2024-01-13 00:00:00,0.0,
2024-01-13 08:00:00,0.0,
2024-01-13 16:00:00,0.0,
2024-01-14 00:00:00,0.0,
2024-01-14 08:00:00,0.0,
2024-01-14 16:00:00,0.0,
2024-01-15 00:00:00,0.0,
2024-01-15 08:00:00,0.0,
2024-01-15 16:00:00,0.0,
2024-01-16 00:00:00,0.0,
2024-01-16 08:00:00,0.0,
2024-01-16 16:00:00,0.0,
2024-01-17 00:00:00,0.0,
2024-01-17 08:00:00,0.0,
2024-01-17 16:00:00,0.0,
2024-01-18 00:00:00,0.0,
2024-01-18 08:00:00,0.0,
2024-01-18 16:00:00,0.0,
2024-01-19 00:00:00,0.0,
2024-01-19 08:00:00,0.0,
2024-01-19 16:00:00,0.0,
2024-01-20 00:00:00,0.0,
2024-01-20 08:00:00,0.0,
2024-01-20 16:00:00,0.0,
2024-01-21 00:00:00,0.0,
2024-01-21 08:00:00,0.0,
2024-01-21 16:00:00,0.0,
2024-01-22 00:00:00,0.0,
2024-01-22 08:00:00,0.0,
2024-01-22 16:00:00,0.0,
2024-01-23 00:00:00,0.0,
2024-01-23 08:00:00,0.0,
2024-01-23 16:00:00,0.0,
2024-01-24 00:00:00,0.0,
2024-01-24 08:00:00,0.0,
2024-01-24 16:00:00,0.0,
2024-01-25 00:00:00,0.0,
2024-01-25 08:00:00,0.0,
2024-01-25 16:00:00,0.0,
2024-01-26 00:00:00,0.0,
2024-01-26 08:00:00,0.0,
2024-01-26 16:00:00,-3.1950000000000004e-05,
2024-01-27 00:00:00,1.2550000000000007e-05,
2024-01-27 08:00:00,0.0,
2024-01-27 16:00:00,0.0,
2024-01-28 00:00:00,3.443000000000001e-05,
2024-01-28 08:00:00,3.8650000000000004e-05,
2024-01-28 16:00:00,1.7340000000000007e-05,
2024-01-29 00:00:00,0.0,
2024-01-29 08:00:00,0.0,
2024-01-29 16:00:00,0.0,
2024-01-30 00:00:00,0.0,
2024-01-30 08:00:00,3.805e-05,
2024-01-30 16:00:00,0.0,
2024-01-31 00:00:00,0.0,
2024-01-31 08:00:00,0.0,
2024-01-31 16:00:00,0.0,
2024-02-01 00:00:00,4.473000000000001e-05,
2024-02-01 08:00:00,2.1290000000000008e-05,
2024-02-01 16:00:00,0.0,
2024-02-02 00:00:00,0.0,
2024-02-02 08:00:00,6.322000000000001e-05,
2024-02-02 16:00:00,0.0,
2024-02-03 00:00:00,1.8500000000000002e-05,
2024-02-03 08:00:00,0.0,
2024-02-03 16:00:00,5.5240000000000006e-05,
2024-02-04 00:00:00,6.82e-05,
2024-02-04 08:00:00,9.060000000000012e-06,
2024-02-04 16:00:00,0.0,
2024-02-05 00:00:00,0.0,
2024-02-05 08:00:00,0.0,
2024-02-05 16:00:00,0.0,
2024-02-06 00:00:00,4.309e-05,
2024-02-06 08:00:00,0.0,
2024-02-06 16:00:00,0.0,
2024-02-07 00:00:00,2.3410000000000008e-05,
2024-02-07 08:00:00,5.1170000000000006e-05,
2024-02-07 16:00:00,5.691e-05,
2024-02-08 00:00:00,0.0,
2024-02-08 08:00:00,2.477000000000001e-05,
2024-02-08 16:00:00,1.9800000000000048e-06,
2024-02-09 00:00:00,-2.0080000000000004e-05,
2024-02-09 08:00:00,0.0,
2024-02-09 16:00:00,-5.1830000000000004e-05,
2024-02-10 00:00:00,2.162e-05,
2024-02-10 08:00:00,3.849999999999999e-06,
2024-02-10 16:00:00,5.0000000000001215e-08,
2024-02-11 00:00:00,0.0,
2024-02-11 08:00:00,0.0,
2024-02-11 16:00:00,5.208e-05,
2024-02-12 00:00:00,4.924e-05,
2024-02-12 08:00:00,2.899999999999989e-07,
2024-02-12 16:00:00,0.0,
2024-02-13 00:00:00,0.0,
2024-02-13 08:00:00,0.0,
2024-02-13 16:00:00,0.0,
2024-02-14 00:00:00,0.0,
2024-02-14 08:00:00,0.0,
2024-02-14 16:00:00,-3.081999999999999e-05,
2024-02-15 00:00:00,0.0001227,
2024-02-15 08:00:00,6.140000000000006e-06,
2024-02-15 16:00:00,-4.68e-05,
2024-02-16 00:00:00,0.00010218,
2024-02-16 08:00:00,0.0001697,
2024-02-16 16:00:00,0.0,
2024-02-17 00:00:00,0.0,
2024-02-17 08:00:00,4.321e-05,
2024-02-17 16:00:00,0.00013221999999999998,
2024-02-18 00:00:00,0.0002548,
2024-02-18 08:00:00,0.0001629,
2024-02-18 16:00:00,0.00010366000000000001,
2024-02-19 00:00:00,0.00017295,
2024-02-19 08:00:00,7.152e-05,
2024-02-19 16:00:00,6.4900000000000005e-06,
2024-02-20 00:00:00,0.00013020000000000002,
2024-02-20 08:00:00,0.00010101999999999999,
2024-02-20 16:00:00,-7.306000000000001e-05,
2024-02-21 00:00:00,-0.00010319,
2024-02-21 08:00:00,1.9020000000000004e-05,
2024-02-21 16:00:00,0.0,
2024-02-22 00:00:00,0.0,
2024-02-22 08:00:00,0.0,
2024-02-22 16:00:00,8.452e-05,
2024-02-23 00:00:00,0.00010525,
2024-02-23 08:00:00,4.688e-05,
2024-02-23 16:00:00,9.892e-05,
2024-02-24 00:00:00,7.336e-05,
2024-02-24 08:00:00,6.278e-05,
2024-02-24 16:00:00,9.615999999999999e-05,
2024-02-25 00:00:00,0.0,
2024-02-25 08:00:00,-0.00012779000000000002,
2024-02-25 16:00:00,-4.922000000000002e-05,
2024-02-26 00:00:00,-0.00029674,
2024-02-26 08:00:00,0.00016441999999999997,
2024-02-26 16:00:00,0.00010169999999999998,
2024-02-27 00:00:00,4.613000000000002e-05,
2024-02-27 08:00:00,-0.00025886999999999997,
2024-02-27 16:00:00,8.379999999999998e-06,
2024-02-28 00:00:00,0.00012135999999999999,
2024-02-28 08:00:00,-1.814000000000004e-05,
2024-02-28 16:00:00,0.00016127000000000003,
2024-02-29 00:00:00,-0.00020913999999999997,
2024-02-29 08:00:00,-1.0380000000000046e-05,
2024-02-29 16:00:00,0.00014482000000000004,
2024-03-01 00:00:00,3.0309999999999972e-05,
2024-03-01 08:00:00,0.00027975000000000005,
2024-03-01 16:00:00,0.00011744999999999995,
2024-03-02 00:00:00,0.00029668,
2024-03-02 08:00:00,0.0005831999999999999,
2024-03-02 16:00:00,0.00025405,
2024-03-03 00:00:00,0.00036472,
2024-03-03 08:00:00,0.00036692,
2024-03-03 16:00:00,6.535999999999998e-05,
2024-03-04 00:00:00,3.882000000000001e-05,
2024-03-04 08:00:00,0.0003774599999999999,
2024-03-04 16:00:00,8.637e-05,
2024-03-05 00:00:00,0.00023587,
2024-03-05 08:00:00,0.00012049999999999995,
2024-03-05 16:00:00,0.00011645999999999998,
2024-03-06 00:00:00,-0.00010579999999999998,
2024-03-06 08:00:00,-0.00019881,
2024-03-06 16:00:00,-0.00010739999999999995,
2024-03-07 00:00:00,5.329e-05,
2024-03-07 08:00:00,4.53000000000004e-06,
2024-03-07 16:00:00,5.557000000000001e-05,
2024-03-08 00:00:00,0.00017398,
2024-03-08 08:00:00,-0.00012907,
2024-03-08 16:00:00,1.6730000000000065e-05,
2024-03-09 00:00:00,0.00015373000000000003,
2024-03-09 08:00:00,0.00020040000000000005,
2024-03-09 16:00:00,0.00035277999999999997,
2024-03-10 00:00:00,0.00030772,
2024-03-10 08:00:00,0.0002162799999999999,
2024-03-10 16:00:00,0.00021372999999999997,
2024-03-11 00:00:00,0.00024677000000000005,
2024-03-11 08:00:00,-8.285000000000009e-05,
2024-03-11 16:00:00,-3.239000000000009e-05,
2024-03-12 00:00:00,5.291999999999992e-05,
2024-03-12 08:00:00,0.00016114000000000005,
2024-03-12 16:00:00,1.9620000000000032e-05,
2024-03-13 00:00:00,8.643999999999997e-05,
2024-03-13 08:00:00,3.539999999999999e-05,
2024-03-13 16:00:00,0.00022480999999999998,
2024-03-14 00:00:00,0.00013094000000000002,
2024-03-14 08:00:00,0.00020949999999999994,
2024-03-14 16:00:00,0.00023969000000000003,
2024-03-15 00:00:00,0.00020390999999999996,
2024-03-15 08:00:00,-9.305999999999998e-05,
2024-03-15 16:00:00,-0.00020435999999999997,
2024-03-16 00:00:00,-7.799e-05,
2024-03-16 08:00:00,-4.350000000000003e-05,
2024-03-16 16:00:00,-0.00018914000000000002,
2024-03-17 00:00:00,-3.395999999999999e-05,
2024-03-17 08:00:00,-1.824e-05,
2024-03-17 16:00:00,-0.00020376,
2024-03-18 00:00:00,-7.304e-05,
2024-03-18 08:00:00,-0.00016393,
2024-03-18 16:00:00,-0.00013831,
2024-03-19 00:00:00,-2.3160000000000043e-05,
2024-03-19 08:00:00,-0.00013310999999999998,
2024-03-19 16:00:00,-3.4689999999999995e-05,
2024-03-20 00:00:00,-1.801e-05,
2024-03-20 08:00:00,3.1530000000000005e-05,
2024-03-20 16:00:00,0.0,
2024-03-21 00:00:00,-7.273999999999998e-05,
2024-03-21 08:00:00,3.497e-05,
2024-03-21 16:00:00,-5.8919999999999985e-05,
2024-03-22 00:00:00,6.137000000000002e-05,
2024-03-22 08:00:00,-3.628e-05,
2024-03-22 16:00:00,-6.091999999999999e-05,
2024-03-23 00:00:00,3.906999999999999e-05,
2024-03-23 08:00:00,1.6830000000000013e-05,
2024-03-23 16:00:00,1.722e-05,
2024-03-24 00:00:00,4.272999999999999e-05,
2024-03-24 08:00:00,-1.5670000000000018e-05,
2024-03-24 16:00:00,-2.1999999999999993e-06,
2024-03-25 00:00:00,-6.963e-05,
2024-03-25 08:00:00,7.376e-05,
2024-03-25 16:00:00,-0.00010628000000000002,
2024-03-26 00:00:00,-4.052999999999999e-05,
2024-03-26 08:00:00,9.682999999999998e-05,
2024-03-26 16:00:00,0.00014701,
2024-03-27 00:00:00,0.00020415,
2024-03-27 08:00:00,0.00018328,
2024-03-27 16:00:00,-4.025000000000003e-05,
2024-03-28 00:00:00,-3.307000000000001e-05,
2024-03-28 08:00:00,4.0610000000000006e-05,
2024-03-28 16:00:00,-3.400000000000001e-05,
2024-03-29 00:00:00,7.479999999999998e-05,
2024-03-29 08:00:00,-1.0499999999999984e-06,
2024-03-29 16:00:00,-3.983999999999997e-05,
2024-03-30 00:00:00,0.00013092,
2024-03-30 08:00:00,0.00017948999999999998,
2024-03-30 16:00:00,-4.454000000000003e-05,
2024-03-31 00:00:00,0.00012824,
2024-03-31 08:00:00,-0.00018695000000000002,
2024-03-31 16:00:00,-0.00012086000000000003,
2024-04-01 00:00:00,-8.681999999999993e-05,
2024-04-01 08:00:00,-1.639999999999964e-06,
2024-04-01 16:00:00,-5.535000000000002e-05,
2024-04-02 00:00:00,-2.1200000000000136e-06,
2024-04-02 08:00:00,0.0,
2024-04-02 16:00:00,-2.6419999999999994e-05,
2024-04-03 00:00:00,0.0,
2024-04-03 08:00:00,0.0,
2024-04-03 16:00:00,0.0,
2024-04-04 00:00:00,0.0,
2024-04-04 08:00:00,0.0,
2024-04-04 16:00:00,0.0,
2024-04-05 00:00:00,0.0,
2024-04-05 08:00:00,0.0,
2024-04-05 16:00:00,0.0,
2024-04-06 00:00:00,-6.731999999999999e-05,
2024-04-06 08:00:00,0.0,
2024-04-06 16:00:00,0.0,
2024-04-07 00:00:00,0.0,
2024-04-07 08:00:00,0.0,
2024-04-07 16:00:00,0.0,
2024-04-08 00:00:00,0.0,
2024-04-08 08:00:00,0.0,
2024-04-08 16:00:00,-6.694000000000003e-05,
2024-04-09 00:00:00,-2.0019999999999988e-05,
2024-04-09 08:00:00,3.521e-05,
2024-04-09 16:00:00,-4.647000000000001e-05,
2024-04-10 00:00:00,-2.249000000000001e-05,
2024-04-10 08:00:00,-3.901000000000001e-05,
2024-04-10 16:00:00,-1.942e-05,
2024-04-11 00:00:00,0.0,
2024-04-11 08:00:00,-5.135e-05,
2024-04-11 16:00:00,5.067999999999998e-05,
2024-04-12 00:00:00,7.144999999999999e-05,
2024-04-12 08:00:00,9.974e-05,
2024-04-12 16:00:00,4.134999999999999e-05,
2024-04-13 00:00:00,0.0,
2024-04-13 08:00:00,0.0,
2024-04-13 16:00:00,0.0,
2024-04-14 00:00:00,-0.00014755,
2024-04-14 08:00:00,-5.301e-05,
2024-04-14 16:00:00,0.0,
2024-04-15 00:00:00,-0.00014633000000000002,
2024-04-15 08:00:00,4.401e-05,
2024-04-15 16:00:00,1.1290000000000009e-05,
2024-04-16 00:00:00,2.102e-05,
2024-04-16 08:00:00,-9.669999999999994e-06,
2024-04-16 16:00:00,-2.243e-05,
2024-04-17 00:00:00,-0.00015581999999999998,
2024-04-17 08:00:00,-3.874e-05,
2024-04-17 16:00:00,5.708e-05,
2024-04-18 00:00:00,6.491e-05,
2024-04-18 08:00:00,7.754e-05,
2024-04-18 16:00:00,-8.981e-05,
2024-04-19 00:00:00,-0.00010701000000000001,
2024-04-19 08:00:00,1.497e-05,
2024-04-19 16:00:00,4.363000000000001e-05,
2024-04-20 00:00:00,-4.7990000000000006e-05,
2024-04-20 08:00:00,4.7499999999999996e-05,
2024-04-20 16:00:00,-0.00010585,
2024-04-21 00:00:00,4.4410000000000003e-05,
2024-04-21 08:00:00,-9.37e-06,
2024-04-21 16:00:00,-6.093e-05,
2024-04-22 00:00:00,-5.1030000000000004e-05,
2024-04-22 08:00:00,5.092000000000001e-05,
2024-04-22 16:00:00,6.449e-05,
2024-04-23 00:00:00,-0.00013615,
2024-04-23 08:00:00,8.586000000000001e-05,
2024-04-23 16:00:00,3.021000000000001e-05,
2024-04-24 00:00:00,-2.4279999999999998e-05,
2024-04-24 08:00:00,3.0699999999999994e-06,
2024-04-24 16:00:00,5.1960000000000004e-05,
2024-04-25 00:00:00,9.534e-05,
2024-04-25 08:00:00,-5.512e-05,
2024-04-25 16:00:00,0.0,
2024-04-26 00:00:00,5.139000000000001e-05,
2024-04-26 08:00:00,-4.190000000000006e-06,
2024-04-26 16:00:00,8.590000000000004e-06,
2024-04-27 00:00:00,0.0,
2024-04-27 08:00:00,-9.11e-06,
2024-04-27 16:00:00,-2.653e-05,
2024-04-28 00:00:00,-0.00015340000000000002,
2024-04-28 08:00:00,-0.00013591,
2024-04-28 16:00:00,-0.00017882,
2024-04-29 00:00:00,-0.0001229,
2024-04-29 08:00:00,-0.00015768,
2024-04-29 16:00:00,2.12e-05,
2024-04-30 00:00:00,-5.3039999999999994e-05,
2024-04-30 08:00:00,-1.839e-05,
2024-04-30 16:00:00,-3.56e-05,
2024-05-01 00:00:00,-1.992e-05,
2024-05-01 08:00:00,2.4129999999999994e-05,
2024-05-01 16:00:00,2.6530000000000005e-05,
2024-05-02 00:00:00,8.649000000000001e-05,
2024-05-02 08:00:00,4.210000000000002e-06,
2024-05-02 16:00:00,2.243e-05,
2024-05-03 00:00:00,5.9560000000000006e-05,
2024-05-03 08:00:00,6.059e-05,
2024-05-03 16:00:00,5.251e-05,
2024-05-04 00:00:00,-6.400000000000006e-07,
2024-05-04 08:00:00,-8.833e-05,
2024-05-04 16:00:00,-3.66e-05,
2024-05-05 00:00:00,-4.2470000000000005e-05,
2024-05-05 08:00:00,6.060000000000006e-06,
2024-05-05 16:00:00,6.57e-06,
2024-05-06 00:00:00,4.431000000000001e-05,
2024-05-06 08:00:00,0.0,
2024-05-06 16:00:00,9.750000000000007e-06,
2024-05-07 00:00:00,2.6580000000000006e-05,
2024-05-07 08:00:00,5.9720000000000004e-05,
2024-05-07 16:00:00,3.0220000000000005e-05,
2024-05-08 00:00:00,2.236000000000001e-05,
2024-05-08 08:00:00,2.764e-05,
2024-05-08 16:00:00,0.0,
2024-05-09 00:00:00,0.0,
2024-05-09 08:00:00,0.0,
2024-05-09 16:00:00,0.0,
2024-05-10 00:00:00,-2.128e-05,
2024-05-10 08:00:00,-3.665000000000001e-05,
2024-05-10 16:00:00,4.863000000000001e-05,
2024-05-11 00:00:00,-0.00015967,
2024-05-11 08:00:00,-8.625e-05,
2024-05-11 16:00:00,-3.0629999999999996e-05,
2024-05-12 00:00:00,-9.38999999999999e-06,
2024-05-12 08:00:00,-7.526999999999999e-05,
2024-05-12 16:00:00,-3.6889999999999994e-05,
2024-05-13 00:00:00,-4.019999999999999e-06,
2024-05-13 08:00:00,-1.0070000000000004e-05,
2024-05-13 16:00:00,-7.756000000000001e-05,
2024-05-14 00:00:00,-1.1330000000000002e-05,
2024-05-14 08:00:00,-9.673e-05,
2024-05-14 16:00:00,8.760000000000004e-06,
2024-05-15 00:00:00,-0.00021551,
2024-05-15 08:00:00,-0.00015099999999999998,
2024-05-15 16:00:00,-1.273999999999999e-05,
2024-05-16 00:00:00,0.0,
2024-05-16 08:00:00,3.547000000000001e-05,
2024-05-16 16:00:00,4.5990000000000005e-05,
2024-05-17 00:00:00,4.6760000000000006e-05,
2024-05-17 08:00:00,1.469000000000001e-05,
2024-05-17 16:00:00,5.6670000000000005e-05,
2024-05-18 00:00:00,2.487000000000001e-05,
2024-05-18 08:00:00,6.569e-05,
2024-05-18 16:00:00,2.1850000000000003e-05,
2024-05-19 00:00:00,2.612e-05,
2024-05-19 08:00:00,6.549e-05,
2024-05-19 16:00:00,1.1750000000000001e-05,
2024-05-20 00:00:00,3.2800000000000093e-06,
2024-05-20 08:00:00,8.084e-05,
2024-05-20 16:00:00,7.430000000000002e-06,
2024-05-21 00:00:00,0.0,
2024-05-21 08:00:00,-9.404e-05,
2024-05-21 16:00:00,0.0,
2024-05-22 00:00:00,-2.4520000000000002e-05,
2024-05-22 08:00:00,-5.1890000000000006e-05,
2024-05-22 16:00:00,0.0,
2024-05-23 00:00:00,0.0,
2024-05-23 08:00:00,0.0,
2024-05-23 16:00:00,0.0,
2024-05-24 00:00:00,0.0,
2024-05-24 08:00:00,0.0,
2024-05-24 16:00:00,0.0,
2024-05-25 00:00:00,0.0,
2024-05-25 08:00:00,0.0,
2024-05-25 16:00:00,0.0,
2024-05-26 00:00:00,0.0,
2024-05-26 08:00:00,0.0,
2024-05-26 16:00:00,0.0,
2024-05-27 00:00:00,0.0,
2024-05-27 08:00:00,0.0,
2024-05-27 16:00:00,0.0,
2024-05-28 00:00:00,0.00024976,
2024-05-28 08:00:00,0.0,
2024-05-28 16:00:00,-2.189999999999999e-05,
2024-05-29 00:00:00,-2.7249999999999985e-05,
2024-05-29 08:00:00,1.587999999999999e-05,
2024-05-29 16:00:00,-6.411e-05,
2024-05-30 00:00:00,-0.00015357,
2024-05-30 08:00:00,-4.2019999999999994e-05,
2024-05-30 16:00:00,-8.705999999999998e-05,
2024-05-31 00:00:00,0.0,
2024-05-31 08:00:00,-7.93e-06,
2024-05-31 16:00:00,-2.3189999999999986e-05,
2024-06-01 00:00:00,3.6999999999999815e-07,
2024-06-01 08:00:00,-3.008999999999999e-05,
2024-06-01 16:00:00,-1.5570000000000002e-05,
2024-06-02 00:00:00,2.0560000000000006e-05,
2024-06-02 08:00:00,7.452999999999999e-05,
2024-06-02 16:00:00,1.935999999999999e-05,
2024-06-03 00:00:00,-2.4999999999999984e-05,
2024-06-03 08:00:00,-5.803e-05,
2024-06-03 16:00:00,-2.8149999999999993e-05,
2024-06-04 00:00:00,0.0,
2024-06-04 08:00:00,0.0,
2024-06-04 16:00:00,-7.999999999999991e-06,
2024-06-05 00:00:00,-6.969e-05,
2024-06-05 08:00:00,0.0,
2024-06-05 16:00:00,-6.589999999999989e-06,
2024-06-06 00:00:00,-9.461e-05,
2024-06-06 08:00:00,-0.00010327999999999999,
2024-06-06 16:00:00,-4.676999999999999e-05,
2024-06-07 00:00:00,-5.304000000000001e-05,
2024-06-07 08:00:00,9.589999999999995e-06,
2024-06-07 16:00:00,2.961000000000001e-05,
2024-06-08 00:00:00,0.0,
2024-06-08 08:00:00,0.0,
2024-06-08 16:00:00,0.0,
2024-06-09 00:00:00,0.0,
2024-06-09 08:00:00,0.0,
2024-06-09 16:00:00,0.0,
2024-06-10 00:00:00,0.0,
2024-06-10 08:00:00,0.0,
2024-06-10 16:00:00,0.0,
2024-06-11 00:00:00,0.0,
2024-06-11 08:00:00,0.0,
2024-06-11 16:00:00,0.0,
2024-06-12 00:00:00,0.0,
2024-06-12 08:00:00,0.0,
2024-06-12 16:00:00,0.0,
2024-06-13 00:00:00,0.0,
2024-06-13 08:00:00,0.0,
2024-06-13 16:00:00,0.0,
2024-06-14 00:00:00,0.0,
2024-06-14 08:00:00,0.0,
2024-06-14 16:00:00,0.0,
2024-06-15 00:00:00,0.0,
2024-06-15 08:00:00,0.0,
2024-06-15 16:00:00,0.0,
2024-06-16 00:00:00,0.0,
2024-06-16 08:00:00,-5.933e-05,
2024-06-16 16:00:00,-0.00015715,
2024-06-17 00:00:00,-2.761e-05,
2024-06-17 08:00:00,-4.384000000000001e-05,
2024-06-17 16:00:00,-5.940000000000001e-06,
2024-06-18 00:00:00,-0.00010282,
2024-06-18 08:00:00,-0.00013342,
2024-06-18 16:00:00,-5.3349999999999996e-05,
2024-06-19 00:00:00,-0.00016092,
2024-06-19 08:00:00,-0.00011729000000000001,
2024-06-19 16:00:00,3.8780000000000005e-05,
2024-06-20 00:00:00,0.0,
2024-06-20 08:00:00,7.8e-06,
2024-06-20 16:00:00,6.852e-05,
2024-06-21 00:00:00,9.254e-05,
2024-06-21 08:00:00,6.554e-05,
2024-06-21 16:00:00,0.0,
2024-06-22 00:00:00,4.517000000000001e-05,
2024-06-22 08:00:00,-5.539999999999998e-06,
2024-06-22 16:00:00,-8.722e-05,
2024-06-23 00:00:00,-4.214e-05,
2024-06-23 08:00:00,-0.00011958,
2024-06-23 16:00:00,-8.028e-05,
2024-06-24 00:00:00,2.3280000000000008e-05,
2024-06-24 08:00:00,-1.9600000000000016e-06,
2024-06-24 16:00:00,-9.45e-06,
2024-06-25 00:00:00,0.0,
2024-06-25 08:00:00,0.0,
2024-06-25 16:00:00,0.0,
2024-06-26 00:00:00,-4.212e-05,
2024-06-26 08:00:00,0.0,
2024-06-26 16:00:00,0.0,
2024-06-27 00:00:00,0.0,
2024-06-27 08:00:00,0.0,
2024-06-27 16:00:00,0.0,
2024-06-28 00:00:00,0.0,
2024-06-28 08:00:00,0.0,
2024-06-28 16:00:00,0.0,
2024-06-29 00:00:00,0.0,
2024-06-29 08:00:00,0.0,
2024-06-29 16:00:00,0.0,
2024-06-30 00:00:00,-8.550000000000005e-06,
2024-06-30 08:00:00,-3.4120000000000005e-05,
2024-06-30 16:00:00,-5.2390000000000005e-05,
2024-07-01 00:00:00,0.0,
2024-07-01 08:00:00,0.0,
2024-07-01 16:00:00,0.0,
2024-07-02 00:00:00,0.0,
2024-07-02 08:00:00,0.0,
2024-07-02 16:00:00,0.0,
2024-07-03 00:00:00,0.0,
2024-07-03 08:00:00,0.0,
2024-07-03 16:00:00,0.0,
2024-07-04 00:00:00,0.0,
2024-07-04 08:00:00,-5.070000000000004e-06,
2024-07-04 16:00:00,-6.425e-05,
2024-07-05 00:00:00,-4.635e-05,
2024-07-05 08:00:00,-0.00025717,
2024-07-05 16:00:00,-6.368e-05,
2024-07-06 00:00:00,-2.997e-05,
2024-07-06 08:00:00,-1.1549999999999996e-05,
2024-07-06 16:00:00,-2.683e-05,
2024-07-07 00:00:00,6.059000000000001e-05,
2024-07-07 08:00:00,1.0620000000000003e-05,
2024-07-07 16:00:00,-4.24e-06,
2024-07-08 00:00:00,-1.299000000000001e-05,
2024-07-08 08:00:00,1.2179999999999995e-05,
2024-07-08 16:00:00,6.4300000000000045e-06,
2024-07-09 00:00:00,4.3190000000000005e-05,
2024-07-09 08:00:00,7.480000000000001e-06,
2024-07-09 16:00:00,1.4509999999999995e-05,
2024-07-10 00:00:00,-5.559999999999994e-06,
2024-07-10 08:00:00,-4.4239999999999997e-05,
2024-07-10 16:00:00,-7.860000000000001e-05,
2024-07-11 00:00:00,5.7180000000000005e-05,
2024-07-11 08:00:00,1.3440000000000007e-05,
2024-07-11 16:00:00,4.397000000000001e-05,
2024-07-12 00:00:00,-3.073e-05,
2024-07-12 08:00:00,5.270000000000001e-05,
2024-07-12 16:00:00,2.1370000000000007e-05,
2024-07-13 00:00:00,0.0,
2024-07-13 08:00:00,0.0,
2024-07-13 16:00:00,2.416e-05,
2024-07-14 00:00:00,0.0,
2024-07-14 08:00:00,-2.4730000000000002e-05,
2024-07-14 16:00:00,5.563e-05,
2024-07-15 00:00:00,-1.6989999999999998e-05,
2024-07-15 08:00:00,4.528000000000001e-05,
2024-07-15 16:00:00,5.31e-05,
2024-07-16 00:00:00,7.357e-05,
2024-07-16 08:00:00,2.0100000000000028e-06,
2024-07-16 16:00:00,3.605000000000001e-05,
2024-07-17 00:00:00,4.176000000000001e-05,
2024-07-17 08:00:00,-5.380000000000006e-06,
2024-07-17 16:00:00,3.816e-05,
2024-07-18 00:00:00,0.0,
2024-07-18 08:00:00,-1.369e-05,
2024-07-18 16:00:00,5.694e-05,
2024-07-19 00:00:00,4.667e-05,
2024-07-19 08:00:00,6.579999999999995e-06,
2024-07-19 16:00:00,-7.004e-05,
2024-07-20 00:00:00,4.729e-05,
2024-07-20 08:00:00,1.427000000000001e-05,
2024-07-20 16:00:00,5.2329999999999995e-05,
2024-07-21 00:00:00,-1.6720000000000003e-05,
2024-07-21 08:00:00,5.4770000000000006e-05,
2024-07-21 16:00:00,-2.5300000000000046e-06,
2024-07-22 00:00:00,-1.4750000000000006e-05,
2024-07-22 08:00:00,-7.788e-05,
2024-07-22 16:00:00,5.499999999999998e-06,
2024-07-23 00:00:00,-9.54e-05,
2024-07-23 08:00:00,-7.928e-05,
2024-07-23 16:00:00,-9.064e-05,
2024-07-24 00:00:00,-1.3769999999999999e-05,
2024-07-24 08:00:00,1.6040000000000002e-05,
2024-07-24 16:00:00,-6.089999999999998e-06,
2024-07-25 00:00:00,-6.367999999999999e-05,
2024-07-25 08:00:00,2.822e-05,
2024-07-25 16:00:00,-3.3570000000000006e-05,
2024-07-26 00:00:00,-0.00011648,
2024-07-26 08:00:00,2.600000000000001e-05,
2024-07-26 16:00:00,-1.875e-05,
2024-07-27 00:00:00,1.283e-05,
2024-07-27 08:00:00,1.06e-05,
2024-07-27 16:00:00,4.973e-05,
2024-07-28 00:00:00,-3.875000000000001e-05,
2024-07-28 08:00:00,-1.592000000000001e-05,
2024-07-28 16:00:00,-0.00011534,
2024-07-29 00:00:00,7.580000000000005e-06,
2024-07-29 08:00:00,-2.557e-05,
2024-07-29 16:00:00,-3.599e-05,
2024-07-30 00:00:00,-4.258e-05,
2024-07-30 08:00:00,0.0,
2024-07-30 16:00:00,-1.680000000000011e-06,
2024-07-31 00:00:00,-0.0001484,
2024-07-31 08:00:00,-5.555e-05,
2024-07-31 16:00:00,-9.567000000000001e-05,
2024-08-01 00:00:00,-0.00010539,
2024-08-01 08:00:00,-0.00011376,
2024-08-01 16:00:00,-8.354e-05,
2024-08-02 00:00:00,-3.178e-05,
2024-08-02 08:00:00,-4.663e-05,
2024-08-02 16:00:00,-5.5049999999999996e-05,
2024-08-03 00:00:00,-2.2160000000000005e-05,
2024-08-03 08:00:00,-2.1300000000000003e-05,
2024-08-03 16:00:00,-9.63e-05,
2024-08-04 00:00:00,-1.143e-05,
2024-08-04 08:00:00,2.1159999999999997e-05,
2024-08-04 16:00:00,-0.00011884,
2024-08-05 00:00:00,3.2489999999999996e-05,
2024-08-05 08:00:00,-3.602e-05,
2024-08-05 16:00:00,-4.858e-05,
2024-08-06 00:00:00,-0.00014642,
2024-08-06 08:00:00,-5.6710000000000004e-05,
2024-08-06 16:00:00,-0.00015198,
2024-08-07 00:00:00,4.473e-05,
2024-08-07 08:00:00,-1.7740000000000003e-05,
2024-08-07 16:00:00,8.808000000000001e-05,
2024-08-08 00:00:00,7.495e-05,
2024-08-08 08:00:00,-3.8799999999999994e-05,
2024-08-08 16:00:00,1.742e-05,
2024-08-09 00:00:00,-4.973e-05,
2024-08-09 08:00:00,-0.00013526,
2024-08-09 16:00:00,-3.277e-05,
2024-08-10 00:00:00,-0.00013743,
2024-08-10 08:00:00,-0.0001171,
2024-08-10 16:00:00,-9.628e-05,
2024-08-11 00:00:00,-0.00017868000000000002,
2024-08-11 08:00:00,-0.00028306,
2024-08-11 16:00:00,-0.00025203,
2024-08-12 00:00:00,-0.00014071,
2024-08-12 08:00:00,-0.00016223,
2024-08-12 16:00:00,-1.9019999999999997e-05,
2024-08-13 00:00:00,-2.2089999999999993e-05,
2024-08-13 08:00:00,6.481999999999999e-05,
2024-08-13 16:00:00,-0.00012105999999999998,
2024-08-14 00:00:00,6.023e-05,
2024-08-14 08:00:00,-6.3499999999999985e-06,
2024-08-14 16:00:00,-1.463e-05,
2024-08-15 00:00:00,1.937e-05,
2024-08-15 08:00:00,2.225e-05,
2024-08-15 16:00:00,4.539e-05,
2024-08-16 00:00:00,-0.00014595,
2024-08-16 08:00:00,1.711e-05,
2024-08-16 16:00:00,-0.00010095,
2024-08-17 00:00:00,2.893e-05,
2024-08-17 08:00:00,8.656000000000001e-05,
2024-08-17 16:00:00,-8.599999999999999e-06,
2024-08-18 00:00:00,-5.8609999999999996e-05,
2024-08-18 08:00:00,-5.6210000000000006e-05,
2024-08-18 16:00:00,-6.650000000000001e-06,
2024-08-19 00:00:00,4.516e-05,
2024-08-19 08:00:00,-0.00013134,
2024-08-19 16:00:00,2.899999999999989e-07,
2024-08-20 00:00:00,1.1139999999999998e-05,
2024-08-20 08:00:00,8.023000000000001e-05,
2024-08-20 16:00:00,6.661e-05,
2024-08-21 00:00:00,4.21e-05,
2024-08-21 08:00:00,5.185e-05,
2024-08-21 16:00:00,5.021e-05,
2024-08-22 00:00:00,0.00010946,
2024-08-22 08:00:00,-2.09e-05,
2024-08-22 16:00:00,-8.86e-06,
2024-08-23 00:00:00,3.3990000000000005e-05,
2024-08-23 08:00:00,-2.989e-05,
2024-08-23 16:00:00,9.757e-05,
2024-08-24 00:00:00,6.723e-05,
2024-08-24 08:00:00,3.676e-05,
2024-08-24 16:00:00,9.419e-05,
2024-08-25 00:00:00,0.00013389,
2024-08-25 08:00:00,3.1790000000000006e-05,
2024-08-25 16:00:00,7.421000000000001e-05,
2024-08-26 00:00:00,7.855000000000001e-05,
2024-08-26 08:00:00,4.3230000000000005e-05,
2024-08-26 16:00:00,-1.547e-05,
2024-08-27 00:00:00,-2.3520000000000005e-05,
2024-08-27 08:00:00,-2.214e-05,
2024-08-27 16:00:00,2.571000000000001e-05,
2024-08-28 00:00:00,-3.0709999999999996e-05,
2024-08-28 08:00:00,8.1e-06,
2024-08-28 16:00:00,2.209e-05,
2024-08-29 00:00:00,-3.505e-05,
2024-08-29 08:00:00,-2.847e-05,
2024-08-29 16:00:00,3.835e-05,
2024-08-30 00:00:00,1.3099999999999993e-06,
2024-08-30 08:00:00,6.517e-05,
2024-08-30 16:00:00,-0.00012713,
2024-08-31 00:00:00,9.45e-06,
2024-08-31 08:00:00,2.314e-05,
2024-08-31 16:00:00,-8.600000000000019e-07,
2024-09-01 00:00:00,3.408e-05,
2024-09-01 08:00:00,3.950000000000001e-06,
2024-09-01 16:00:00,-3.784e-05,
2024-09-02 00:00:00,-1.2139999999999999e-05,
2024-09-02 08:00:00,-0.00011159000000000001,
2024-09-02 16:00:00,-6.437e-05,
2024-09-03 00:00:00,-3.314e-05,
2024-09-03 08:00:00,-3.145e-05,
2024-09-03 16:00:00,-9.605e-05,
2024-09-04 00:00:00,-0.00014071,
2024-09-04 08:00:00,3.869e-05,
2024-09-04 16:00:00,-5.01e-05,
2024-09-05 00:00:00,-6.274e-05,
2024-09-05 08:00:00,-2.611e-05,
2024-09-05 16:00:00,-2.539e-05,
2024-09-06 00:00:00,-4.866e-05,
2024-09-06 08:00:00,-4.808e-05,
2024-09-06 16:00:00,-5.3150000000000004e-05,
2024-09-07 00:00:00,-0.0001206,
2024-09-07 08:00:00,-2.2119999999999998e-05,
2024-09-07 16:00:00,3.28e-05,
2024-09-08 00:00:00,4.101e-05,
2024-09-08 08:00:00,6.911000000000001e-05,
2024-09-08 16:00:00,2.565e-05,
2024-09-09 00:00:00,5.040000000000001e-06,
2024-09-09 08:00:00,1.4520000000000003e-05,
2024-09-09 16:00:00,4.7109999999999994e-05,
2024-09-10 00:00:00,8.918000000000001e-05,
2024-09-10 08:00:00,-3.058e-05,
2024-09-10 16:00:00,-1.853e-05,
2024-09-11 00:00:00,7.516e-05,
2024-09-11 08:00:00,2.2720000000000003e-05,
2024-09-11 16:00:00,4.9170000000000005e-05,
2024-09-12 00:00:00,5.931e-05,
2024-09-12 08:00:00,2.092e-05,
2024-09-12 16:00:00,5.626000000000001e-05,
2024-09-13 00:00:00,5.7090000000000004e-05,
2024-09-13 08:00:00,4.1830000000000004e-05,
2024-09-13 16:00:00,4.927000000000001e-05,
2024-09-14 00:00:00,9.155e-05,
2024-09-14 08:00:00,0.00010415000000000001,
2024-09-14 16:00:00,9.865e-05,
2024-09-15 00:00:00,0.00010267,
2024-09-15 08:00:00,8.645e-05,
2024-09-15 16:00:00,6.078e-05,
2024-09-16 00:00:00,4.755999999999999e-05,
2024-09-16 08:00:00,0.00011546,
2024-09-16 16:00:00,5.2e-05,
2024-09-17 00:00:00,-7.442e-05,
2024-09-17 08:00:00,2.355e-05,
2024-09-17 16:00:00,-1.102e-05,
2024-09-18 00:00:00,3.299999999999999e-06,
2024-09-18 08:00:00,-5.2890000000000004e-05,
2024-09-18 16:00:00,-3.109999999999999e-06,
2024-09-19 00:00:00,-2.1459999999999994e-05,
2024-09-19 08:00:00,1.7340000000000007e-05,
2024-09-19 16:00:00,7.609000000000001e-05,
2024-09-20 00:00:00,0.0,
2024-09-20 08:00:00,-8.030000000000003e-06,
2024-09-20 16:00:00,0.0,
2024-09-21 00:00:00,3.332e-05,
2024-09-21 08:00:00,3.335000000000001e-05,
2024-09-21 16:00:00,5.4640000000000005e-05,
2024-09-22 00:00:00,5.1040000000000006e-05,
2024-09-22 08:00:00,2.7229999999999995e-05,
2024-09-22 16:00:00,-0.00013362,
2024-09-23 00:00:00,2.4990000000000003e-05,
2024-09-23 08:00:00,-3.103e-05,
2024-09-23 16:00:00,3.524000000000001e-05,
2024-09-24 00:00:00,3.170999999999999e-05,
2024-09-24 08:00:00,-2.574e-05,
2024-09-24 16:00:00,1.3300000000000005e-05,
2024-09-25 00:00:00,7.555000000000001e-05,
2024-09-25 08:00:00,4.278000000000001e-05,
2024-09-25 16:00:00,6.462000000000001e-05,
2024-09-26 00:00:00,2.5070000000000002e-05,
2024-09-26 08:00:00,1.8810000000000005e-05,
2024-09-26 16:00:00,0.0,
2024-09-27 00:00:00,3.75000000000001e-06,
2024-09-27 08:00:00,2.306e-05,
2024-09-27 16:00:00,3.724e-05,
2024-09-28 00:00:00,0.0,
2024-09-28 08:00:00,3.769e-05,
2024-09-28 16:00:00,2.838000000000001e-05,
2024-09-29 00:00:00,6.685e-05,
2024-09-29 08:00:00,3.215000000000001e-05,
2024-09-29 16:00:00,1.1460000000000002e-05,
2024-09-30 00:00:00,3.8390000000000003e-05,
2024-09-30 08:00:00,1.380000000000001e-05,
2024-09-30 16:00:00,0.0,
2024-10-01 00:00:00,-6.560000000000005e-06,
2024-10-01 08:00:00,-0.00011188,
2024-10-01 16:00:00,-3.7749999999999996e-05,
2024-10-02 00:00:00,-0.00010629,
2024-10-02 08:00:00,-4.0730000000000005e-05,
2024-10-02 16:00:00,-8.548e-05,
2024-10-03 00:00:00,-5.1899999999999994e-06,
2024-10-03 08:00:00,-7.615000000000001e-05,
2024-10-03 16:00:00,-6.228000000000001e-05,
2024-10-04 00:00:00,-7.578e-05,
2024-10-04 08:00:00,-2.9149999999999997e-05,
2024-10-04 16:00:00,2.09e-05,
2024-10-05 00:00:00,0.0,
2024-10-05 08:00:00,-2.129e-05,
2024-10-05 16:00:00,4.542e-05,
2024-10-06 00:00:00,9.440000000000004e-06,
2024-10-06 08:00:00,-4.472e-05,
2024-10-06 16:00:00,-1.6400000000000046e-06,
2024-10-07 00:00:00,6.387999999999999e-05,
2024-10-07 08:00:00,7.420000000000007e-06,
2024-10-07 16:00:00,3.065e-05,
2024-10-08 00:00:00,3.408e-05,
2024-10-08 08:00:00,0.0,
2024-10-08 16:00:00,1.623e-05,
2024-10-09 00:00:00,0.0,
2024-10-09 08:00:00,6.36e-05,
2024-10-09 16:00:00,0.0,
2024-10-10 00:00:00,3.337e-05,
2024-10-10 08:00:00,-3.332e-05,
2024-10-10 16:00:00,-1.639000000000001e-05,
2024-10-11 00:00:00,-6.489000000000001e-05,
2024-10-11 08:00:00,-8.759e-05,
2024-10-11 16:00:00,2.4100000000000057e-06,
2024-10-12 00:00:00,5.555e-05,
2024-10-12 08:00:00,0.0,
2024-10-12 16:00:00,2.6500000000000007e-05,
2024-10-13 00:00:00,2.0720000000000005e-05,
2024-10-13 08:00:00,6.042000000000001e-05,
2024-10-13 16:00:00,8.237000000000001e-05,
2024-10-14 00:00:00,3.4410000000000004e-05,
2024-10-14 08:00:00,0.0,
2024-10-14 16:00:00,0.0,
2024-10-15 00:00:00,0.0,
2024-10-15 08:00:00,0.0,
2024-10-15 16:00:00,0.0,
2024-10-16 00:00:00,0.0,
2024-10-16 08:00:00,0.0,
2024-10-16 16:00:00,0.0,
2024-10-17 00:00:00,0.0,
2024-10-17 08:00:00,0.0,
2024-10-17 16:00:00,0.0,
2024-10-18 00:00:00,0.0,
2024-10-18 08:00:00,0.0,
2024-10-18 16:00:00,0.0,
2024-10-19 00:00:00,0.0,
2024-10-19 08:00:00,0.0,
2024-10-19 16:00:00,0.0,
2024-10-20 00:00:00,0.0,
2024-10-20 08:00:00,0.0,
2024-10-20 16:00:00,0.0,
2024-10-21 00:00:00,0.0,
2024-10-21 08:00:00,0.0,
2024-10-21 16:00:00,0.0,
2024-10-22 00:00:00,0.0,
2024-10-22 08:00:00,0.0,
2024-10-22 16:00:00,0.0,
2024-10-23 00:00:00,0.0,
2024-10-23 08:00:00,0.0,
2024-10-23 16:00:00,0.0,
2024-10-24 00:00:00,0.0,
2024-10-24 08:00:00,0.0,
2024-10-24 16:00:00,0.0,
2024-10-25 00:00:00,0.0,
2024-10-25 08:00:00,0.0,
2024-10-25 16:00:00,0.0,
2024-10-26 00:00:00,0.0,
2024-10-26 08:00:00,0.0,
2024-10-26 16:00:00,-1.573e-05,
2024-10-27 00:00:00,0.0,
2024-10-27 08:00:00,-1.4360000000000005e-05,
2024-10-27 16:00:00,0.0,
2024-10-28 00:00:00,0.0,
2024-10-28 08:00:00,0.0,
2024-10-28 16:00:00,0.0,
2024-10-29 00:00:00,0.0,
2024-10-29 08:00:00,0.0,
2024-10-29 16:00:00,0.0,
2024-10-30 00:00:00,0.0,
2024-10-30 08:00:00,0.0,
2024-10-30 16:00:00,0.0,
2024-10-31 00:00:00,0.0,
2024-10-31 08:00:00,0.0,
2024-10-31 16:00:00,0.0,
2024-11-01 00:00:00,0.0,
2024-11-01 08:00:00,0.0,
2024-11-01 16:00:00,0.0,
2024-11-02 00:00:00,0.0,
2024-11-02 08:00:00,0.0,
2024-11-02 16:00:00,0.0,
2024-11-03 00:00:00,0.0,
2024-11-03 08:00:00,0.0,
2024-11-03 16:00:00,-0.00010436000000000001,
2024-11-04 00:00:00,-0.00012484,
2024-11-04 08:00:00,-0.00015579,
2024-11-04 16:00:00,-1.7710000000000005e-05,
2024-11-05 00:00:00,0.0,
2024-11-05 08:00:00,-6.574e-05,
2024-11-05 16:00:00,-4.559e-05,
2024-11-06 00:00:00,4.890000000000002e-06,
2024-11-06 08:00:00,0.0,
2024-11-06 16:00:00,0.0,
2024-11-07 00:00:00,0.0,
2024-11-07 08:00:00,-3.935000000000001e-05,
2024-11-07 16:00:00,0.0,
2024-11-08 00:00:00,0.0,
2024-11-08 08:00:00,0.0,
2024-11-08 16:00:00,0.0,
2024-11-09 00:00:00,0.0,
2024-11-09 08:00:00,0.0,
2024-11-09 16:00:00,0.0,
2024-11-10 00:00:00,3.5199999999999934e-06,
2024-11-10 08:00:00,0.00019568,
2024-11-10 16:00:00,2.9779999999999976e-05,
2024-11-11 00:00:00,-6.077000000000003e-05,
2024-11-11 08:00:00,9.565999999999999e-05,
2024-11-11 16:00:00,-7.297999999999998e-05,
2024-11-12 00:00:00,8.842e-05,
2024-11-12 08:00:00,-0.00011858000000000002,
2024-11-12 16:00:00,3.060999999999998e-05,
2024-11-13 00:00:00,0.00019012000000000003,
2024-11-13 08:00:00,-0.00023556,
2024-11-13 16:00:00,9.023000000000001e-05,
2024-11-14 00:00:00,4.523e-05,
2024-11-14 08:00:00,5.7860000000000005e-05,
2024-11-14 16:00:00,0.0,
2024-11-15 00:00:00,-3.133e-05,
2024-11-15 08:00:00,-3.1079999999999994e-05,
2024-11-15 16:00:00,0.0,
2024-11-16 00:00:00,-8.215e-05,
2024-11-16 08:00:00,0.0,
2024-11-16 16:00:00,0.00011979,
2024-11-17 00:00:00,2.2859999999999995e-05,
2024-11-17 08:00:00,0.0,
2024-11-17 16:00:00,-9.684999999999998e-05,
2024-11-18 00:00:00,-9.865e-05,
2024-11-18 08:00:00,3.131999999999999e-05,
2024-11-18 16:00:00,-9.449999999999986e-06,
2024-11-19 00:00:00,-0.00030458,
2024-11-19 08:00:00,-0.00011233999999999998,
2024-11-19 16:00:00,-5.353e-05,
2024-11-20 00:00:00,-7.369e-05,
2024-11-20 08:00:00,-9.504999999999999e-05,
2024-11-20 16:00:00,-3.6190000000000004e-05,
2024-11-21 00:00:00,0.0,
2024-11-21 08:00:00,0.0,
2024-11-21 16:00:00,-0.00010146000000000001,
2024-11-22 00:00:00,-0.00019657000000000002,
2024-11-22 08:00:00,-5.591999999999999e-05,
2024-11-22 16:00:00,2.068e-05,
2024-11-23 00:00:00,-5.102999999999999e-05,
2024-11-23 08:00:00,1.1319999999999993e-05,
2024-11-23 16:00:00,-0.00010201000000000003,
2024-11-24 00:00:00,9.352999999999998e-05,
2024-11-24 08:00:00,0.00014555000000000001,
2024-11-24 16:00:00,6.371000000000003e-05,
2024-11-25 00:00:00,0.00011147999999999998,
2024-11-25 08:00:00,6.641000000000004e-05,
2024-11-25 16:00:00,-0.00012375,
2024-11-26 00:00:00,1.811e-05,
2024-11-26 08:00:00,9.766000000000001e-05,
2024-11-26 16:00:00,-8.166e-05,
2024-11-27 00:00:00,-6.154000000000001e-05,
2024-11-27 08:00:00,-1.0839999999999998e-05,
2024-11-27 16:00:00,-5.7059999999999986e-05,
2024-11-28 00:00:00,6.702999999999999e-05,
2024-11-28 08:00:00,1.1820000000000005e-05,
2024-11-28 16:00:00,4.173000000000001e-05,
2024-11-29 00:00:00,0.00010892999999999999,
2024-11-29 08:00:00,1.3669999999999996e-05,
2024-11-29 16:00:00,0.00025023,
2024-11-30 00:00:00,0.00011423999999999999,
2024-11-30 08:00:00,3.950000000000015e-06,
2024-11-30 16:00:00,9.286e-05,
2024-12-01 00:00:00,7.506e-05,
2024-12-01 08:00:00,3.036e-05,
2024-12-01 16:00:00,-4.228000000000001e-05,
2024-12-02 00:00:00,5.044000000000001e-05,
2024-12-02 08:00:00,4.691999999999999e-05,
2024-12-02 16:00:00,3.730999999999998e-05,
2024-12-03 00:00:00,0.00027508000000000003,
2024-12-03 08:00:00,0.00016558000000000002,
2024-12-03 16:00:00,0.00014566,
2024-12-04 00:00:00,0.00015357,
2024-12-04 08:00:00,0.00040103999999999997,
2024-12-04 16:00:00,0.00024474,
2024-12-05 00:00:00,0.00011351999999999998,
2024-12-05 08:00:00,9.035e-05,
2024-12-05 16:00:00,0.00019666000000000003,
2024-12-06 00:00:00,0.00035640999999999993,
2024-12-06 08:00:00,0.00022387000000000004,
2024-12-06 16:00:00,-3.3160000000000015e-05,
2024-12-07 00:00:00,0.00025949999999999997,
2024-12-07 08:00:00,0.00032098,
2024-12-07 16:00:00,5.065999999999998e-05,
2024-12-08 00:00:00,3.151e-05,
2024-12-08 08:00:00,4.950000000000001e-05,
2024-12-08 16:00:00,0.00022857,
2024-12-09 00:00:00,-9.800000000000021e-06,
2024-12-09 08:00:00,0.00017584000000000002,
2024-12-09 16:00:00,-3.421e-05,
2024-12-10 00:00:00,0.0,
2024-12-10 08:00:00,0.0,
2024-12-10 16:00:00,0.0,
2024-12-11 00:00:00,0.0,
2024-12-11 08:00:00,0.0,
2024-12-11 16:00:00,0.0,
2024-12-12 00:00:00,0.0,
2024-12-12 08:00:00,0.0,
2024-12-12 16:00:00,0.0,
2024-12-13 00:00:00,0.0,
2024-12-13 08:00:00,0.0,
2024-12-13 16:00:00,0.0,
2024-12-14 00:00:00,0.0,
2024-12-14 08:00:00,0.0,
2024-12-14 16:00:00,0.0,
2024-12-15 00:00:00,0.0,
2024-12-15 08:00:00,0.0,
2024-12-15 16:00:00,5.960000000000004e-06,
2024-12-16 00:00:00,1.338000000000001e-05,
2024-12-16 08:00:00,0.0,
2024-12-16 16:00:00,0.0,
2024-12-17 00:00:00,0.0,
2024-12-17 08:00:00,0.0,
2024-12-17 16:00:00,0.0,
2024-12-18 00:00:00,1.9540000000000006e-05,
2024-12-18 08:00:00,0.0,
2024-12-18 16:00:00,0.0,
2024-12-19 00:00:00,3.8960000000000006e-05,
2024-12-19 08:00:00,-8.566e-05,
2024-12-19 16:00:00,2.4949999999999997e-05,
2024-12-20 00:00:00,-4.326e-05,
2024-12-20 08:00:00,0.0,
2024-12-20 16:00:00,-0.00011079,
2024-12-21 00:00:00,3.648e-05,
2024-12-21 08:00:00,-0.00011661000000000001,
2024-12-21 16:00:00,0.0,
2024-12-22 00:00:00,0.0,
2024-12-22 08:00:00,0.0,
2024-12-22 16:00:00,2.1260000000000003e-05,
2024-12-23 00:00:00,4.3140000000000004e-05,
2024-12-23 08:00:00,1.3659999999999995e-05,
2024-12-23 16:00:00,-1.5590000000000005e-05,
2024-12-24 00:00:00,0.0,
2024-12-24 08:00:00,1.879e-05,
2024-12-24 16:00:00,7.243000000000001e-05,
2024-12-25 00:00:00,5.546000000000001e-05,
2024-12-25 08:00:00,3.45e-05,
2024-12-25 16:00:00,8.433e-05,
2024-12-26 00:00:00,0.0,
2024-12-26 08:00:00,0.0,
2024-12-26 16:00:00,3.6950000000000004e-05,
2024-12-27 00:00:00,0.0,
2024-12-27 08:00:00,-1.7019999999999996e-05,
2024-12-27 16:00:00,-5.8899999999999995e-06,
2024-12-28 00:00:00,-3.343000000000001e-05,
2024-12-28 08:00:00,0.0,
2024-12-28 16:00:00,-0.00011674,
2024-12-29 00:00:00,-3.129999999999999e-06,
2024-12-29 08:00:00,4.8540000000000006e-05,
2024-12-29 16:00:00,5.150000000000003e-06,
2024-12-30 00:00:00,0.0,
2024-12-30 08:00:00,-5.750000000000004e-06,
2024-12-30 16:00:00,0.0,
2024-12-31 00:00:00,-8.920000000000003e-06,
2024-12-31 08:00:00,1.4860000000000003e-05,
2024-12-31 16:00:00,-2.2799999999999985e-06,
2025-01-01 00:00:00,0.0,
2025-01-01 08:00:00,-5.3880000000000006e-05,
2025-01-01 16:00:00,0.0,
2025-01-02 00:00:00,0.0,
2025-01-02 08:00:00,0.0,
2025-01-02 16:00:00,0.0,
2025-01-03 00:00:00,0.0,
2025-01-03 08:00:00,0.0,
2025-01-03 16:00:00,0.0,
2025-01-04 00:00:00,0.0,
2025-01-04 08:00:00,0.0,
2025-01-04 16:00:00,0.0,
2025-01-05 00:00:00,0.0,
2025-01-05 08:00:00,0.0,
2025-01-05 16:00:00,0.0,
2025-01-06 00:00:00,0.0,
2025-01-06 08:00:00,0.0,
2025-01-06 16:00:00,0.0,
2025-01-07 00:00:00,0.0,
2025-01-07 08:00:00,0.0,
2025-01-07 16:00:00,0.0,
2025-01-08 00:00:00,-3.3390000000000004e-05,
2025-01-08 08:00:00,0.0,
2025-01-08 16:00:00,-6.143000000000001e-05,
2025-01-09 00:00:00,-0.0001009,
2025-01-09 08:00:00,-5.568e-05,
2025-01-09 16:00:00,-2.971e-05,
2025-01-10 00:00:00,-2.7879999999999997e-05,
2025-01-10 08:00:00,-0.00010606999999999999,
2025-01-10 16:00:00,0.0,
2025-01-11 00:00:00,1.17e-05,
2025-01-11 08:00:00,4.350000000000001e-05,
2025-01-11 16:00:00,0.0,
2025-01-12 00:00:00,0.0,
2025-01-12 08:00:00,0.0,
2025-01-12 16:00:00,1.866e-05,
2025-01-13 00:00:00,-0.0001406,
2025-01-13 08:00:00,-2.175e-05,
2025-01-13 16:00:00,6.608e-05,
2025-01-14 00:00:00,-7.362e-05,
2025-01-14 08:00:00,-3.5929999999999997e-05,
2025-01-14 16:00:00,-2.8580000000000008e-05,
2025-01-15 00:00:00,5.4970000000000004e-05,
2025-01-15 08:00:00,4.076e-05,
2025-01-15 16:00:00,4.085e-05,
2025-01-16 00:00:00,-1.7210000000000006e-05,
2025-01-16 08:00:00,1.689000000000001e-05,
2025-01-16 16:00:00,4.725e-05,
2025-01-17 00:00:00,0.0,
2025-01-17 08:00:00,0.0,
2025-01-17 16:00:00,0.0,
2025-01-18 00:00:00,0.0,
2025-01-18 08:00:00,0.0,
2025-01-18 16:00:00,0.0,
2025-01-19 00:00:00,0.0,
2025-01-19 08:00:00,0.0,
2025-01-19 16:00:00,0.0,
2025-01-20 00:00:00,0.0,
2025-01-20 08:00:00,0.0,
2025-01-20 16:00:00,0.0,
2025-01-21 00:00:00,0.0,
2025-01-21 08:00:00,0.0,
2025-01-21 16:00:00,0.0,
2025-01-22 00:00:00,0.0,
2025-01-22 08:00:00,0.0,
2025-01-22 16:00:00,0.0,
2025-01-23 00:00:00,-1.142000000000001e-05,
2025-01-23 08:00:00,0.0,
2025-01-23 16:00:00,0.0,
2025-01-24 00:00:00,0.0,
2025-01-24 08:00:00,0.0,
2025-01-24 16:00:00,-4.089e-05,
2025-01-25 00:00:00,3.096e-05,
2025-01-25 08:00:00,-1.5899999999999993e-05,
2025-01-25 16:00:00,-0.00013696999999999998,
2025-01-26 00:00:00,-5.855e-05,
2025-01-26 08:00:00,2.749999999999999e-06,
2025-01-26 16:00:00,1.0440000000000002e-05,
2025-01-27 00:00:00,0.00010276,
2025-01-27 08:00:00,4.0680000000000004e-05,
2025-01-27 16:00:00,-4.908e-05,
2025-01-28 00:00:00,-3.660000000000001e-05,
2025-01-28 08:00:00,4.285e-05,
2025-01-28 16:00:00,4.096000000000001e-05,
2025-01-29 00:00:00,-1.916e-05,
2025-01-29 08:00:00,-4.6569999999999996e-05,
2025-01-29 16:00:00,1.7499999999999883e-06,
2025-01-30 00:00:00,3.3039999999999995e-05,
2025-01-30 08:00:00,0.0,
2025-01-30 16:00:00,2.945000000000001e-05,
2025-01-31 00:00:00,6.140000000000006e-06,
2025-01-31 08:00:00,2.002e-05,
2025-01-31 16:00:00,0.0,
2025-02-01 00:00:00,1.568e-05,
2025-02-01 08:00:00,2.580000000000006e-06,
2025-02-01 16:00:00,4.639000000000001e-05,
2025-02-02 00:00:00,-0.00015747,
2025-02-02 08:00:00,-0.00029293,
2025-02-02 16:00:00,7.400000000000001e-05,
2025-02-03 00:00:00,5.6070000000000004e-05,
2025-02-03 08:00:00,-2.2469999999999993e-05,
2025-02-03 16:00:00,0.00015582999999999998,
2025-02-04 00:00:00,5.943e-05,
2025-02-04 08:00:00,1.0500000000000001e-05,
2025-02-04 16:00:00,-3.266e-05,
2025-02-05 00:00:00,0.00014076,
2025-02-05 08:00:00,4.2460000000000003e-05,
2025-02-05 16:00:00,3.4600000000000008e-06,
2025-02-06 00:00:00,8.150000000000002e-06,
2025-02-06 08:00:00,-1.2040000000000002e-05,
2025-02-06 16:00:00,9.184e-05,
2025-02-07 00:00:00,-6.449e-05,
2025-02-07 08:00:00,-3.703e-05,
2025-02-07 16:00:00,-2.7459999999999998e-05,
2025-02-08 00:00:00,8.338e-05,
2025-02-08 08:00:00,-4.7770000000000005e-05,
2025-02-08 16:00:00,-8.333e-05,
2025-02-09 00:00:00,-7.711e-05,
2025-02-09 08:00:00,-0.00010651000000000001,
2025-02-09 16:00:00,4.9800000000000004e-05,
2025-02-10 00:00:00,1.403e-05,
2025-02-10 08:00:00,2.926e-05,
2025-02-10 16:00:00,-4.4069999999999996e-05,
2025-02-11 00:00:00,-5.37e-05,
2025-02-11 08:00:00,5.7400000000000006e-05,
2025-02-11 16:00:00,5.342e-05,
2025-02-12 00:00:00,-0.00024951,
2025-02-12 08:00:00,-1.255e-05,
2025-02-12 16:00:00,-7.629e-05,
2025-02-13 00:00:00,-5.115e-05,
2025-02-13 08:00:00,0.0,
2025-02-13 16:00:00,-2.7100000000000003e-06,
2025-02-14 00:00:00,-5.012e-05,
2025-02-14 08:00:00,1.7580000000000004e-05,
2025-02-14 16:00:00,4.810000000000003e-06,
2025-02-15 00:00:00,5.615e-05,
2025-02-15 08:00:00,-5.381e-05,
2025-02-15 16:00:00,-1.741e-05,
2025-02-16 00:00:00,-0.00011065,
2025-02-16 08:00:00,-0.00012814,
2025-02-16 16:00:00,2.5939999999999992e-05,
2025-02-17 00:00:00,-1.999999999999642e-08,
2025-02-17 08:00:00,-4.597e-05,
2025-02-17 16:00:00,0.0,
2025-02-18 00:00:00,3.6419999999999994e-05,
2025-02-18 08:00:00,-0.00014319,
2025-02-18 16:00:00,-0.0002596,
2025-02-19 00:00:00,-0.00012324,
2025-02-19 08:00:00,-5.0450000000000007e-05,
2025-02-19 16:00:00,4.7879999999999996e-05,
2025-02-20 00:00:00,-1.225e-05,
2025-02-20 08:00:00,-4.6599999999999994e-06,
2025-02-20 16:00:00,3.5950000000000006e-05,
2025-02-21 00:00:00,6.426000000000001e-05,
2025-02-21 08:00:00,3.376e-05,
2025-02-21 16:00:00,5.772e-05,
2025-02-22 00:00:00,-0.00011177999999999999,
2025-02-22 08:00:00,-6.472e-05,
2025-02-22 16:00:00,-0.00022478,
2025-02-23 00:00:00,-0.00011068,
2025-02-23 08:00:00,3.653e-05,
2025-02-23 16:00:00,-1.24e-06,
2025-02-24 00:00:00,-4.353e-05,
2025-02-24 08:00:00,-0.00016477,
2025-02-24 16:00:00,-9.48e-05,
2025-02-25 00:00:00,6.74e-05,
2025-02-25 08:00:00,6.513e-05,
2025-02-25 16:00:00,-8.65e-06,
2025-02-26 00:00:00,-5.4510000000000005e-05,
2025-02-26 08:00:00,-3.301e-05,
2025-02-26 16:00:00,-3.9819999999999995e-05,
2025-02-27 00:00:00,8.370000000000003e-06,
2025-02-27 08:00:00,-4.6880000000000005e-05,
2025-02-27 16:00:00,-7.939999999999995e-06,
2025-02-28 00:00:00,-3.381e-05,
2025-02-28 08:00:00,-9.65e-06,
2025-02-28 16:00:00,-3.626e-05,
2025-03-01 00:00:00,5.1450000000000004e-05,
2025-03-01 08:00:00,8.552e-05,
2025-03-01 16:00:00,0.00010931000000000001,
2025-03-02 00:00:00,6.827e-05,
2025-03-02 08:00:00,-4.096e-05,
2025-03-02 16:00:00,-6.049e-05,
2025-03-03 00:00:00,0.00010788,
2025-03-03 08:00:00,6.939000000000001e-05,
2025-03-03 16:00:00,3.62e-06,
2025-03-04 00:00:00,-5.9800000000000003e-05,
2025-03-04 08:00:00,-5.163e-05,
2025-03-04 16:00:00,3.679e-05,
2025-03-05 00:00:00,-2.8110000000000007e-05,
2025-03-05 08:00:00,-0.00012344,
2025-03-05 16:00:00,7.461e-05,
2025-03-06 00:00:00,6.035e-05,
2025-03-06 08:00:00,4.984e-05,
2025-03-06 16:00:00,7.315e-05,
2025-03-07 00:00:00,8.188e-05,
2025-03-07 08:00:00,4.2730000000000006e-05,
2025-03-07 16:00:00,4.372e-05,
2025-03-08 00:00:00,6.876000000000001e-05,
2025-03-08 08:00:00,6.24e-05,
2025-03-08 16:00:00,-7.489999999999998e-06,
2025-03-09 00:00:00,-7.497e-05,
2025-03-09 08:00:00,5.321000000000001e-05,
2025-03-09 16:00:00,0.00010013,
2025-03-10 00:00:00,-8.109999999999999e-05,
2025-03-10 08:00:00,-0.00021384,
2025-03-10 16:00:00,-0.00026712,
2025-03-11 00:00:00,-0.00020499999999999997,
2025-03-11 08:00:00,-0.00024643,
2025-03-11 16:00:00,-5.214e-05,
2025-03-12 00:00:00,2.8790000000000004e-05,
2025-03-12 08:00:00,-4.891e-05,
2025-03-12 16:00:00,4.5679999999999996e-05,
2025-03-13 00:00:00,7.069e-05,
2025-03-13 08:00:00,1.132e-05,
2025-03-13 16:00:00,-1.304e-05,
2025-03-14 00:00:00,6.419999999999996e-06,
2025-03-14 08:00:00,-6.604000000000001e-05,
2025-03-14 16:00:00,-5.2340000000000004e-05,
2025-03-15 00:00:00,-0.00012341,
2025-03-15 08:00:00,-0.00013623000000000002,
2025-03-15 16:00:00,-0.00012093000000000001,
2025-03-16 00:00:00,-5.784e-05,
2025-03-16 08:00:00,0.00012357,
2025-03-16 16:00:00,-2.167e-05,
2025-03-17 00:00:00,-1.3010000000000002e-05,
2025-03-17 08:00:00,-3.5400000000000034e-06,
2025-03-17 16:00:00,-3.293e-05,
2025-03-18 00:00:00,4.125e-05,
2025-03-18 08:00:00,5.9010000000000006e-05,
2025-03-18 16:00:00,8.08e-05,
2025-03-19 00:00:00,-5.579e-05,
2025-03-19 08:00:00,1.0140000000000008e-05,
2025-03-19 16:00:00,3.324e-05,
2025-03-20 00:00:00,9.264e-05,
2025-03-20 08:00:00,6.077e-05,
2025-03-20 16:00:00,3.15e-05,
2025-03-21 00:00:00,1.0200000000000004e-05,
2025-03-21 08:00:00,3.251e-05,
2025-03-21 16:00:00,-9.167e-05,
2025-03-22 00:00:00,-0.00014292,
2025-03-22 08:00:00,2.484e-05,
2025-03-22 16:00:00,2.5450000000000002e-05,
2025-03-23 00:00:00,5.380000000000003e-06,
2025-03-23 08:00:00,2.1750000000000007e-05,
2025-03-23 16:00:00,4.029e-05,
2025-03-24 00:00:00,7.738000000000001e-05,
2025-03-24 08:00:00,5.440000000000002e-06,
2025-03-24 16:00:00,6.931e-05,
2025-03-25 00:00:00,3.264e-05,
2025-03-25 08:00:00,8.544000000000001e-05,
2025-03-25 16:00:00,0.00010475,
2025-03-26 00:00:00,7.024e-05,
2025-03-26 08:00:00,8.926000000000001e-05,
2025-03-26 16:00:00,0.00012235000000000002,
2025-03-27 00:00:00,3.414e-05,
2025-03-27 08:00:00,2.573e-05,
2025-03-27 16:00:00,4.621e-05,
2025-03-28 00:00:00,-4.401e-05,
2025-03-28 08:00:00,-4.850000000000003e-06,
2025-03-28 16:00:00,-3.8150000000000006e-05,
2025-03-29 00:00:00,-6.675e-05,
2025-03-29 08:00:00,-3.405e-05,
2025-03-29 16:00:00,6.531000000000001e-05,
2025-03-30 00:00:00,3.298e-05,
2025-03-30 08:00:00,-0.00012903,
2025-03-30 16:00:00,-2.932e-05,
2025-03-31 00:00:00,3.3770000000000004e-05,
2025-03-31 08:00:00,-1.4510000000000002e-05,
2025-03-31 16:00:00,-3.828e-05,
2025-04-01 00:00:00,4.675e-05,
2025-04-01 08:00:00,3.8490000000000006e-05,
2025-04-01 16:00:00,6.686000000000001e-05,
2025-04-02 00:00:00,6.324e-05,
2025-04-02 08:00:00,4.346e-05,
2025-04-02 16:00:00,2.006e-05,
2025-04-03 00:00:00,-1.742e-05,
2025-04-03 08:00:00,-8.199999999999955e-07,
2025-04-03 16:00:00,-2.587e-05,
2025-04-04 00:00:00,-0.0001163,
2025-04-04 08:00:00,0.00012093000000000001,
2025-04-04 16:00:00,3.429e-05,
2025-04-05 00:00:00,7.819000000000001e-05,
2025-04-05 08:00:00,4.0610000000000006e-05,
2025-04-05 16:00:00,5.361e-05,
2025-04-06 00:00:00,-3.361e-05,
2025-04-06 08:00:00,2.806e-05,
2025-04-06 16:00:00,-0.00010048000000000001,
2025-04-07 00:00:00,-6.771000000000001e-05,
2025-04-07 08:00:00,0.00010965000000000001,
2025-04-07 16:00:00,0.00013451,
2025-04-08 00:00:00,2.2199999999999998e-05,
2025-04-08 08:00:00,3.3490000000000006e-05,
2025-04-08 16:00:00,5.149e-05,
2025-04-09 00:00:00,0.0001482,
2025-04-09 08:00:00,0.00016596,
2025-04-09 16:00:00,8.409e-05,
2025-04-10 00:00:00,0.0,
2025-04-10 08:00:00,6.958000000000001e-05,
2025-04-10 16:00:00,0.00010078000000000001,
2025-04-11 00:00:00,4.641e-05,
2025-04-11 08:00:00,0.00014120000000000002,
2025-04-11 16:00:00,7.107e-05,
2025-04-12 00:00:00,4.704000000000001e-05,
2025-04-12 08:00:00,0.000106,
2025-04-12 16:00:00,-7.319999999999998e-06,
2025-04-13 00:00:00,-2.4920000000000005e-05,
2025-04-13 08:00:00,4.797e-05,
2025-04-13 16:00:00,-1.6219999999999997e-05,
2025-04-14 00:00:00,-9.009999999999997e-06,
2025-04-14 08:00:00,-2.7289999999999998e-05,
2025-04-14 16:00:00,-9.839e-05,
2025-04-15 00:00:00,-3.5579999999999995e-05,
2025-04-15 08:00:00,-9.402999999999999e-05,
2025-04-15 16:00:00,-7.685e-05,
2025-04-16 00:00:00,-3.839999999999997e-06,
2025-04-16 08:00:00,0.0001296,
2025-04-16 16:00:00,6.381e-05,
2025-04-17 00:00:00,5.521e-05,
2025-04-17 08:00:00,4.8160000000000006e-05,
2025-04-17 16:00:00,2.069e-05,
2025-04-18 00:00:00,9.681e-05,
2025-04-18 08:00:00,7.253000000000001e-05,
2025-04-18 16:00:00,6.17e-06,
2025-04-19 00:00:00,0.00011983,
2025-04-19 08:00:00,1.1540000000000001e-05,
2025-04-19 16:00:00,2.811e-05,
2025-04-20 00:00:00,2.0039999999999998e-05,
2025-04-20 08:00:00,2.2760000000000006e-05,
2025-04-20 16:00:00,0.00015358,
2025-04-21 00:00:00,0.00010124,
2025-04-21 08:00:00,-3.317000000000001e-05,
2025-04-21 16:00:00,-5.826e-05,
2025-04-22 00:00:00,0.000136,
2025-04-22 08:00:00,6.823e-05,
2025-04-22 16:00:00,-1.956000000000001e-05,
2025-04-23 00:00:00,3.321e-05,
2025-04-23 08:00:00,-4.25e-05,
2025-04-23 16:00:00,0.0,
2025-04-24 00:00:00,0.0,
2025-04-24 08:00:00,2.7710000000000004e-05,
2025-04-24 16:00:00,9.38e-05,
2025-04-25 00:00:00,4.0780000000000006e-05,
2025-04-25 08:00:00,2.1710000000000007e-05,
2025-04-25 16:00:00,0.00010965000000000001,
2025-04-26 00:00:00,9.17e-05,
2025-04-26 08:00:00,0.00012999,
2025-04-26 16:00:00,9.272e-05,
2025-04-27 00:00:00,4.3650000000000004e-05,
2025-04-27 08:00:00,0.00016737000000000002,
2025-04-27 16:00:00,0.00013591999999999999,
2025-04-28 00:00:00,9.868000000000001e-05,
2025-04-28 08:00:00,0.00013333,
2025-04-28 16:00:00,7.054000000000001e-05,
2025-04-29 00:00:00,1.7190000000000003e-05,
2025-04-29 08:00:00,4.210000000000001e-05,
2025-04-29 16:00:00,-1.704e-05,
2025-04-30 00:00:00,-7.550000000000007e-06,
2025-04-30 08:00:00,-8.138e-05,
2025-04-30 16:00:00,-6.88e-05,
2025-05-01 00:00:00,-7.697e-05,
2025-05-01 08:00:00,5.5e-05,
2025-05-01 16:00:00,9.277000000000001e-05,
2025-05-02 00:00:00,0.00010591000000000001,
2025-05-02 08:00:00,0.00015797,
2025-05-02 16:00:00,0.00010588000000000001,
2025-05-03 00:00:00,5.0990000000000005e-05,
2025-05-03 08:00:00,4.9369999999999997e-05,
2025-05-03 16:00:00,-0.00010868,
2025-05-04 00:00:00,-5.886e-05,
2025-05-04 08:00:00,-3.785e-05,
2025-05-04 16:00:00,-2.2070000000000004e-05,
2025-05-05 00:00:00,5.8280000000000004e-05,
2025-05-05 08:00:00,8.002000000000001e-05,
2025-05-05 16:00:00,-8.384e-05,
2025-05-06 00:00:00,-0.00015373,
2025-05-06 08:00:00,0.00010758999999999999,
2025-05-06 16:00:00,6.789e-05,
2025-05-07 00:00:00,6.727e-05,
2025-05-07 08:00:00,-6.016e-05,
2025-05-07 16:00:00,-0.00011033999999999999,
2025-05-08 00:00:00,1.931000000000001e-05,
2025-05-08 08:00:00,0.0,
2025-05-08 16:00:00,1.2830000000000011e-05,
2025-05-09 00:00:00,0.0,
2025-05-09 08:00:00,0.0,
2025-05-09 16:00:00,0.0,
2025-05-10 00:00:00,0.0,
2025-05-10 08:00:00,2.030000000000006e-06,
2025-05-10 16:00:00,9.84e-06,
2025-05-11 00:00:00,0.0,
2025-05-11 08:00:00,2.6370000000000007e-05,
2025-05-11 16:00:00,4.917999999999999e-05,
2025-05-12 00:00:00,2.9120000000000006e-05,
2025-05-12 08:00:00,0.0,
2025-05-12 16:00:00,4.283e-05,
2025-05-13 00:00:00,3.767000000000001e-05,
2025-05-13 08:00:00,0.0,
2025-05-13 16:00:00,-6.703000000000001e-05,
2025-05-14 00:00:00,0.0,
2025-05-14 08:00:00,4.520000000000001e-05,
2025-05-14 16:00:00,5.263e-05,
2025-05-15 00:00:00,0.0,
2025-05-15 08:00:00,-3.727e-05,
2025-05-15 16:00:00,-0.00012633000000000002,
2025-05-16 00:00:00,-7.879999999999999e-05,
2025-05-16 08:00:00,-3.8e-05,
2025-05-16 16:00:00,-5.640000000000007e-06,
2025-05-17 00:00:00,-3.2199999999999997e-06,
2025-05-17 08:00:00,7.778e-05,
2025-05-17 16:00:00,-4.1779999999999996e-05,
2025-05-18 00:00:00,-5.1179999999999994e-05,
2025-05-18 08:00:00,-6.002e-05,
2025-05-18 16:00:00,1.6029999999999997e-05,
2025-05-19 00:00:00,2.5079999999999997e-05,
2025-05-19 08:00:00,-8.017e-05,
2025-05-19 16:00:00,-8.459e-05,
2025-05-20 00:00:00,1.987000000000001e-05,
2025-05-20 08:00:00,6.939999999999998e-06,
2025-05-20 16:00:00,-3.6400000000000004e-05,
2025-05-21 00:00:00,-3.204e-05,
2025-05-21 08:00:00,-4.7470000000000005e-05,
2025-05-21 16:00:00,4.354e-05,
2025-05-22 00:00:00,6.789e-05,
2025-05-22 08:00:00,0.0,
2025-05-22 16:00:00,0.0,
2025-05-23 00:00:00,0.0,
2025-05-23 08:00:00,0.0,
2025-05-23 16:00:00,0.00010726,
2025-05-24 00:00:00,0.0,
2025-05-24 08:00:00,-6.0660000000000005e-05,
2025-05-24 16:00:00,7.392e-05,
2025-05-25 00:00:00,-4.3009999999999996e-05,
2025-05-25 08:00:00,6.25e-05,
2025-05-25 16:00:00,-0.00023135,
2025-05-26 00:00:00,-6.704e-05,
2025-05-26 08:00:00,-1.3709999999999989e-05,
2025-05-26 16:00:00,1.0039999999999999e-05,
2025-05-27 00:00:00,3.1700000000000052e-06,
2025-05-27 08:00:00,-3.7810000000000006e-05,
2025-05-27 16:00:00,0.0,
2025-05-28 00:00:00,-3.5850000000000004e-05,
2025-05-28 08:00:00,-5.872000000000001e-05,
2025-05-28 16:00:00,-2.199000000000001e-05,
2025-05-29 00:00:00,-4.0610000000000006e-05,
2025-05-29 08:00:00,0.0,
2025-05-29 16:00:00,-0.00012251,
2025-05-30 00:00:00,-0.00021696999999999998,
2025-05-30 08:00:00,-0.00014588,
2025-05-30 16:00:00,-4.739999999999999e-06,
2025-05-31 00:00:00,-0.00020864,
2025-05-31 08:00:00,-0.00019905,
2025-05-31 16:00:00,-5.7050000000000004e-05,
2025-06-01 00:00:00,-0.00015353,
2025-06-01 08:00:00,-8.397999999999999e-05,
2025-06-01 16:00:00,6.630000000000001e-05,
2025-06-02 00:00:00,4.586e-05,
2025-06-02 08:00:00,2.3690000000000005e-05,
2025-06-02 16:00:00,-6.07e-05,
2025-06-03 00:00:00,6.737e-05,
2025-06-03 08:00:00,3.9330000000000005e-05,
2025-06-03 16:00:00,6.590000000000003e-06,
2025-06-04 00:00:00,4.6059999999999996e-05,
2025-06-04 08:00:00,1.6060000000000005e-05,
2025-06-04 16:00:00,-0.00011067,
2025-06-05 00:00:00,-4.8139999999999996e-05,
2025-06-05 08:00:00,-6.423e-05,
2025-06-05 16:00:00,-7.72e-05,
2025-06-06 00:00:00,-0.00016569,
2025-06-06 08:00:00,-0.00013450999999999998,
2025-06-06 16:00:00,-2.4900000000000002e-05,
2025-06-07 00:00:00,-6.71e-05,
2025-06-07 08:00:00,4.5440000000000005e-05,
2025-06-07 16:00:00,-5.8009999999999995e-05,
2025-06-08 00:00:00,-0.00023338,
2025-06-08 08:00:00,-4.439e-05,
2025-06-08 16:00:00,-1.259e-05,
2025-06-09 00:00:00,8.150000000000002e-06,
2025-06-09 08:00:00,-8.264e-05,
2025-06-09 16:00:00,-7.019999999999997e-06,
2025-06-10 00:00:00,0.0,
2025-06-10 08:00:00,-6.777000000000001e-05,
2025-06-10 16:00:00,0.0,
2025-06-11 00:00:00,0.0,
2025-06-11 08:00:00,0.0,
2025-06-11 16:00:00,0.0,
2025-06-12 00:00:00,2.5120000000000003e-05,
2025-06-12 08:00:00,-9.757e-05,
2025-06-12 16:00:00,-8.276e-05,
2025-06-13 00:00:00,3.582e-05,
2025-06-13 08:00:00,-0.00016042,
2025-06-13 16:00:00,-7.489e-05,
2025-06-14 00:00:00,-3.9630000000000005e-05,
2025-06-14 08:00:00,-6.123000000000001e-05,
2025-06-14 16:00:00,-0.00011700999999999999,
2025-06-15 00:00:00,-9.252e-05,
2025-06-15 08:00:00,-0.00019999,
2025-06-15 16:00:00,-5.955000000000001e-05,
2025-06-16 00:00:00,-7.151e-05,
2025-06-16 08:00:00,-6.544000000000001e-05,
2025-06-16 16:00:00,5.975e-05,
2025-06-17 00:00:00,9.789e-05,
2025-06-17 08:00:00,-9.081e-05,
2025-06-17 16:00:00,1.4610000000000004e-05,
2025-06-18 00:00:00,-5.824e-05,
2025-06-18 08:00:00,-0.00013392,
2025-06-18 16:00:00,-0.00015085,
2025-06-19 00:00:00,1.433e-05,
2025-06-19 08:00:00,-2.0479999999999997e-05,
2025-06-19 16:00:00,-3.801e-05,
2025-06-20 00:00:00,-1.1030000000000008e-05,
2025-06-20 08:00:00,-6.7799999999999995e-06,
2025-06-20 16:00:00,-0.00010093999999999999,
2025-06-21 00:00:00,-4.289e-05,
2025-06-21 08:00:00,5.509e-05,
2025-06-21 16:00:00,-7.098e-05,
2025-06-22 00:00:00,0.00010147,
2025-06-22 08:00:00,4.716e-05,
2025-06-22 16:00:00,-6.467e-05,
2025-06-23 00:00:00,-3.272e-05,
2025-06-23 08:00:00,3.233e-05,
2025-06-23 16:00:00,6.9300000000000006e-06,
2025-06-24 00:00:00,3.115e-05,
2025-06-24 08:00:00,6.788e-05,
2025-06-24 16:00:00,9.554000000000001e-05,
2025-06-25 00:00:00,4.439e-05,
2025-06-25 08:00:00,0.00010026,
2025-06-25 16:00:00,7.863e-05,
2025-06-26 00:00:00,-7.099999999999983e-07,
2025-06-26 08:00:00,-0.00011672,
2025-06-26 16:00:00,-1.963e-05,
2025-06-27 00:00:00,4.6779999999999996e-05,
2025-06-27 08:00:00,4.4109999999999996e-05,
2025-06-27 16:00:00,-8.639999999999999e-06,
2025-06-28 00:00:00,-1.7469999999999994e-05,
2025-06-28 08:00:00,2.99e-06,
2025-06-28 16:00:00,3.488e-05,
2025-06-29 00:00:00,3.824e-05,
2025-06-29 08:00:00,-1.4429999999999996e-05,
2025-06-29 16:00:00,-1.454e-05,
2025-06-30 00:00:00,4.898e-05,
2025-06-30 08:00:00,-0.00018486000000000002,
2025-06-30 16:00:00,3.149e-05,
2025-07-01 00:00:00,1.809000000000001e-05,
2025-07-01 08:00:00,-9.5e-06,
2025-07-01 16:00:00,-2.3599999999999998e-05,
2025-07-02 00:00:00,-7.359e-05,
2025-07-02 08:00:00,-1.8200000000000002e-05,
2025-07-02 16:00:00,4.7640000000000005e-05,
2025-07-03 00:00:00,0.0,
2025-07-03 08:00:00,1.800000000000003e-06,
2025-07-03 16:00:00,5.602e-05,
2025-07-04 00:00:00,8.647e-05,
2025-07-04 08:00:00,3.381e-05,
2025-07-04 16:00:00,-3.126e-05,
2025-07-05 00:00:00,-3.441e-05,
2025-07-05 08:00:00,4.792e-05,
2025-07-05 16:00:00,-2.9670000000000002e-05,
2025-07-06 00:00:00,-3.615e-05,
2025-07-06 08:00:00,-1.873e-05,
2025-07-06 16:00:00,9.280000000000006e-06,
2025-07-07 00:00:00,0.0,
2025-07-07 08:00:00,0.0,
2025-07-07 16:00:00,0.00012855,
2025-07-08 00:00:00,-2.1329999999999994e-05,
2025-07-08 08:00:00,-2.2709999999999998e-05,
2025-07-08 16:00:00,-3.0749999999999995e-05,
2025-07-09 00:00:00,5.097e-05,
2025-07-09 08:00:00,3.2290000000000004e-05,
2025-07-09 16:00:00,3.732e-05,
2025-07-10 00:00:00,0.0,
2025-07-10 08:00:00,7.192e-05,
2025-07-10 16:00:00,5.231e-05,
2025-07-11 00:00:00,0.0,
2025-07-11 08:00:00,0.0,
2025-07-11 16:00:00,0.0,
2025-07-12 00:00:00,1.968e-05,
2025-07-12 08:00:00,2.3290000000000002e-05,
2025-07-12 16:00:00,3.881e-05,
2025-07-13 00:00:00,5.8490000000000004e-05,
2025-07-13 08:00:00,5.593e-05,
2025-07-13 16:00:00,2.7950000000000002e-05,
2025-07-14 00:00:00,9.002000000000001e-05,
2025-07-14 08:00:00,0.0,
2025-07-14 16:00:00,0.0,
2025-07-15 00:00:00,3.866e-05,
2025-07-15 08:00:00,0.0,
2025-07-15 16:00:00,0.0,
2025-07-16 00:00:00,0.0,
2025-07-16 08:00:00,0.0,
2025-07-16 16:00:00,0.0,
2025-07-17 00:00:00,0.0,
2025-07-17 08:00:00,0.0,
2025-07-17 16:00:00,0.0,
2025-07-18 00:00:00,0.0,
2025-07-18 08:00:00,0.0,
2025-07-18 16:00:00,0.0,
2025-07-19 00:00:00,0.0,
2025-07-19 08:00:00,0.0,
2025-07-19 16:00:00,0.0,
2025-07-20 00:00:00,0.0,
2025-07-20 08:00:00,0.0,
2025-07-20 16:00:00,0.0,
2025-07-21 00:00:00,0.0,
2025-07-21 08:00:00,0.0,
2025-07-21 16:00:00,0.0,
2025-07-22 00:00:00,0.0,
2025-07-22 08:00:00,0.0,
2025-07-22 16:00:00,0.0,
2025-07-23 00:00:00,0.0,
2025-07-23 08:00:00,0.0,
2025-07-23 16:00:00,0.0,
2025-07-24 00:00:00,0.0,
2025-07-24 08:00:00,0.0,
2025-07-24 16:00:00,0.0,
2025-07-25 00:00:00,0.0,
2025-07-25 08:00:00,0.0,
2025-07-25 16:00:00,0.0,
2025-07-26 00:00:00,0.0,
2025-07-26 08:00:00,0.0,
2025-07-26 16:00:00,0.0,
2025-07-27 00:00:00,6.7799999999999995e-06,
2025-07-27 08:00:00,1.121000000000001e-05,
2025-07-27 16:00:00,0.0,
2025-07-28 00:00:00,0.0,
2025-07-28 08:00:00,0.0,
2025-07-28 16:00:00,0.0,
2025-07-29 00:00:00,-0.00020625,
2025-07-29 08:00:00,0.0,
2025-07-29 16:00:00,0.0,
2025-07-30 00:00:00,7.512e-05,
2025-07-30 08:00:00,4.9170000000000005e-05,
2025-07-30 16:00:00,-1.2610000000000001e-05,
2025-07-31 00:00:00,-6.074e-05,
2025-07-31 08:00:00,-1.037000000000001e-05,
2025-07-31 16:00:00,-6.990000000000001e-06,
2025-08-01 00:00:00,7.968e-05,
2025-08-01 08:00:00,4.023e-05,
2025-08-01 16:00:00,4.54e-05,
2025-08-02 00:00:00,4.2050000000000006e-05,
2025-08-02 08:00:00,4.535e-05,
2025-08-02 16:00:00,9.169999999999995e-06,
2025-08-03 00:00:00,-3.445e-05,
2025-08-03 08:00:00,-3.8879999999999994e-05,
2025-08-03 16:00:00,-2.4959999999999998e-05,
2025-08-04 00:00:00,-1.834e-05,
2025-08-04 08:00:00,8.045e-05,
2025-08-04 16:00:00,-8.39e-06,
2025-08-05 00:00:00,9.853000000000001e-05,
2025-08-05 08:00:00,6.884e-05,
2025-08-05 16:00:00,8.630000000000001e-05,
2025-08-06 00:00:00,3.3639999999999996e-05,
2025-08-06 08:00:00,-3.18e-05,
2025-08-06 16:00:00,-6.332999999999999e-05,
2025-08-07 00:00:00,3.7730000000000006e-05,
2025-08-07 08:00:00,5.715000000000001e-05,
2025-08-07 16:00:00,-5.34e-06,
2025-08-08 00:00:00,5.7400000000000006e-05,
2025-08-08 08:00:00,0.0,
2025-08-08 16:00:00,0.0,
2025-08-09 00:00:00,0.0,
2025-08-09 08:00:00,0.0,
2025-08-09 16:00:00,0.0,
2025-08-10 00:00:00,8.399999999999987e-07,
2025-08-10 08:00:00,0.0,
2025-08-10 16:00:00,0.0,
2025-08-11 00:00:00,1.1270000000000006e-05,
2025-08-11 08:00:00,6.4600000000000025e-06,
2025-08-11 16:00:00,0.0,
2025-08-12 00:00:00,6.341e-05,
2025-08-12 08:00:00,0.0,
2025-08-12 16:00:00,0.0,
2025-08-13 00:00:00,0.0,
2025-08-13 08:00:00,-7.898e-05,
2025-08-13 16:00:00,0.0,
2025-08-14 00:00:00,0.0,
2025-08-14 08:00:00,0.0,
2025-08-14 16:00:00,0.0,
2025-08-15 00:00:00,0.0,
2025-08-15 08:00:00,-4.739e-05,
2025-08-15 16:00:00,3.526000000000001e-05,
2025-08-16 00:00:00,4.033e-05,
2025-08-16 08:00:00,1.0100000000000002e-05,
2025-08-16 16:00:00,8.032e-05,
2025-08-17 00:00:00,-0.00010095,
2025-08-17 08:00:00,0.00010668,
2025-08-17 16:00:00,4.6660000000000004e-05,
2025-08-18 00:00:00,9.368000000000001e-05,
2025-08-18 08:00:00,8.089999999999999e-06,
2025-08-18 16:00:00,-7.924000000000001e-05,
2025-08-19 00:00:00,-2.8520000000000005e-05,
2025-08-19 08:00:00,-0.00016355999999999999,
2025-08-19 16:00:00,0.0,
2025-08-20 00:00:00,0.0,
2025-08-20 08:00:00,9.682000000000001e-05,
2025-08-20 16:00:00,9.30000000000001e-06,
2025-08-21 00:00:00,3.7680000000000005e-05,
2025-08-21 08:00:00,-7.600000000000002e-06,
2025-08-21 16:00:00,-7.371e-05,
2025-08-22 00:00:00,-2.3250000000000003e-05,
2025-08-22 08:00:00,-7.787e-05,
2025-08-22 16:00:00,3.9960000000000004e-05,
2025-08-23 00:00:00,0.0,
2025-08-23 08:00:00,0.0,
2025-08-23 16:00:00,-0.00010972,
2025-08-24 00:00:00,0.0,
2025-08-24 08:00:00,0.0,
2025-08-24 16:00:00,0.0,
2025-08-25 00:00:00,5.068e-05,
2025-08-25 08:00:00,5.433e-05,
2025-08-25 16:00:00,2.087e-05,
2025-08-26 00:00:00,2.472e-05,
2025-08-26 08:00:00,-1.619e-05,
2025-08-26 16:00:00,-5.867e-05,
2025-08-27 00:00:00,8.984000000000001e-05,
2025-08-27 08:00:00,8.067e-05,
2025-08-27 16:00:00,-1.2670000000000002e-05,
2025-08-28 00:00:00,4.0350000000000005e-05,
2025-08-28 08:00:00,7.357e-05,
2025-08-28 16:00:00,7.825e-05,
2025-08-29 00:00:00,1.574e-05,
2025-08-29 08:00:00,-0.00018596,
2025-08-29 16:00:00,-6.440000000000001e-05,
2025-08-30 00:00:00,-3.619e-05,
2025-08-30 08:00:00,9.362e-05,
2025-08-30 16:00:00,1.95e-06,
2025-08-31 00:00:00,8.49e-05,
2025-08-31 08:00:00,8.69e-06,
2025-08-31 16:00:00,0.00011154,
2025-09-01 00:00:00,0.00010372,
2025-09-01 08:00:00,0.00011300000000000001,
2025-09-01 16:00:00,9.878e-05,
2025-09-02 00:00:00,6.128e-05,
2025-09-02 08:00:00,4.487e-05,
2025-09-02 16:00:00,6.974e-05,
2025-09-03 00:00:00,8.188000000000001e-05,
2025-09-03 08:00:00,0.00010111,
2025-09-03 16:00:00,6.826e-05,
2025-09-04 00:00:00,7.689e-05,
2025-09-04 08:00:00,9.916e-05,
2025-09-04 16:00:00,-1.568e-05,
2025-09-05 00:00:00,-2.81e-05,
2025-09-05 08:00:00,0.00011176,
2025-09-05 16:00:00,7.134e-05,
2025-09-06 00:00:00,0.00012104,
2025-09-06 08:00:00,6.0440000000000004e-05,
2025-09-06 16:00:00,5.940000000000001e-05,
2025-09-07 00:00:00,4.054e-05,
2025-09-07 08:00:00,1.0620000000000003e-05,
2025-09-07 16:00:00,6.665000000000001e-05,
2025-09-08 00:00:00,7.444e-05,
2025-09-08 08:00:00,7.937000000000001e-05,
2025-09-08 16:00:00,9.180000000000004e-06,
2025-09-09 00:00:00,5.2940000000000005e-05,
2025-09-09 08:00:00,0.0,
2025-09-09 16:00:00,3.355e-05,
2025-09-10 00:00:00,-6.283e-05,
2025-09-10 08:00:00,1.1800000000000002e-05,
2025-09-10 16:00:00,0.0,
2025-09-11 00:00:00,6.196000000000001e-05,
2025-09-11 08:00:00,0.0,
2025-09-11 16:00:00,-9.482e-05,
2025-09-12 00:00:00,5.1420000000000006e-05,
2025-09-12 08:00:00,0.0,
2025-09-12 16:00:00,-3.549e-05,
2025-09-13 00:00:00,0.0,
2025-09-13 08:00:00,1.8500000000000043e-06,
2025-09-13 16:00:00,0.0,
2025-09-14 00:00:00,9.625000000000001e-05,
2025-09-14 08:00:00,1.6930000000000002e-05,
2025-09-14 16:00:00,-2.5569999999999997e-05,
2025-09-15 00:00:00,-4.816e-05,
2025-09-15 08:00:00,-7.614e-05,
2025-09-15 16:00:00,-7.129e-05,
2025-09-16 00:00:00,-0.00010481,
2025-09-16 08:00:00,9.110000000000006e-06,
2025-09-16 16:00:00,1.0689999999999998e-05,
2025-09-17 00:00:00,5.321e-05,
2025-09-17 08:00:00,-3.513e-05,
2025-09-17 16:00:00,5.594e-05,
2025-09-18 00:00:00,4.8500000000000007e-05,
2025-09-18 08:00:00,5.708e-05,
2025-09-18 16:00:00,8.029e-05,
2025-09-19 00:00:00,4.2550000000000004e-05,
2025-09-19 08:00:00,0.00010904,
2025-09-19 16:00:00,5.931e-05,
2025-09-20 00:00:00,6.819999999999999e-06,
2025-09-20 08:00:00,-4.156e-05,
2025-09-20 16:00:00,-0.00010229,
2025-09-21 00:00:00,1.592e-05,
2025-09-21 08:00:00,2.3670000000000002e-05,
2025-09-21 16:00:00,-5.002e-05,
2025-09-22 00:00:00,-5.600000000000001e-06,
2025-09-22 08:00:00,-0.00014688,
2025-09-22 16:00:00,-5.83e-05,
2025-09-23 00:00:00,1.842e-05,
2025-09-23 08:00:00,-1.849e-05,
2025-09-23 16:00:00,2.5169999999999998e-05,
2025-09-24 00:00:00,9.027e-05,
2025-09-24 08:00:00,9.281e-05,
2025-09-24 16:00:00,0.00013616,
2025-09-25 00:00:00,0.00015898000000000003,
2025-09-25 08:00:00,0.00017349,
2025-09-25 16:00:00,0.0,
2025-09-26 00:00:00,1.024000000000001e-05,
2025-09-26 08:00:00,6.798000000000001e-05,
2025-09-26 16:00:00,5.225e-05,
2025-09-27 00:00:00,6.665e-05,
2025-09-27 08:00:00,5.6130000000000006e-05,
2025-09-27 16:00:00,0.0,
2025-09-28 00:00:00,2.0250000000000004e-05,
2025-09-28 08:00:00,7.749999999999999e-06,
2025-09-28 16:00:00,1.8000000000000004e-05,
2025-09-29 00:00:00,6.488e-05,
2025-09-29 08:00:00,-9.825e-05,
2025-09-29 16:00:00,-1.3809999999999998e-05,
2025-09-30 00:00:00,9.084e-05,
2025-09-30 08:00:00,0.00011307,
2025-09-30 16:00:00,-3.4110000000000004e-05,
2025-10-01 00:00:00,0.00011572000000000001,
2025-10-01 08:00:00,7.431000000000001e-05,
2025-10-01 16:00:00,0.00010744,
2025-10-02 00:00:00,8.513e-05,
2025-10-02 08:00:00,6.967e-05,
2025-10-02 16:00:00,-0.00011091,
2025-10-03 00:00:00,6.555000000000001e-05,
2025-10-03 08:00:00,2.0670000000000004e-05,
2025-10-03 16:00:00,-5.153e-05,
2025-10-04 00:00:00,4.4300000000000006e-05,
2025-10-04 08:00:00,9.275e-05,
2025-10-04 16:00:00,2.2809999999999993e-05,
2025-10-05 00:00:00,4.2390000000000006e-05,
2025-10-05 08:00:00,0.0,
2025-10-05 16:00:00,2.920000000000006e-06,
2025-10-06 00:00:00,-0.00013103,
2025-10-06 08:00:00,-6.0790000000000006e-05,
2025-10-06 16:00:00,0.0,
2025-10-07 00:00:00,0.0,
2025-10-07 08:00:00,0.0,
2025-10-07 16:00:00,-0.00012203000000000001,
2025-10-08 00:00:00,-0.0001886,
2025-10-08 08:00:00,-8.088e-05,
2025-10-08 16:00:00,6.536e-05,
2025-10-09 00:00:00,6.387e-05,
2025-10-09 08:00:00,0.00010226,
2025-10-09 16:00:00,-8.805e-05,
2025-10-10 00:00:00,7.435e-05,
2025-10-10 08:00:00,7.489000000000001e-05,
2025-10-10 16:00:00,0.00015147,
2025-10-11 00:00:00,-0.00040061999999999997,
2025-10-11 08:00:00,0.00012004,
2025-10-11 16:00:00,1.355e-05,
2025-10-12 00:00:00,2.0879999999999997e-05,
2025-10-12 08:00:00,-2.103e-05,
2025-10-12 16:00:00,6.0400000000000004e-05,
2025-10-13 00:00:00,9.709000000000001e-05,
2025-10-13 08:00:00,-2.0419999999999998e-05,
2025-10-13 16:00:00,4.1559999999999995e-05,
2025-10-14 00:00:00,4.398e-05,
2025-10-14 08:00:00,9.648e-05,
2025-10-14 16:00:00,2.3160000000000002e-05,
2025-10-15 00:00:00,5.327e-05,
2025-10-15 08:00:00,3.143e-05,
2025-10-15 16:00:00,5.769999999999997e-06,
2025-10-16 00:00:00,8.239e-05,
2025-10-16 08:00:00,-4.5629999999999995e-05,
2025-10-16 16:00:00,3.626e-05,
2025-10-17 00:00:00,5.867e-05,
2025-10-17 08:00:00,-6.269999999999999e-06,
2025-10-17 16:00:00,7.037e-05,
2025-10-18 00:00:00,3.8e-05,
2025-10-18 08:00:00,-9.22e-06,
2025-10-18 16:00:00,-6.049999999999998e-06,
2025-10-19 00:00:00,1.4199999999999993e-05,
2025-10-19 08:00:00,4.0319999999999993e-05,
2025-10-19 16:00:00,-1.1589999999999999e-05,
2025-10-20 00:00:00,-1.2200000000000002e-05,
2025-10-20 08:00:00,-2.3729999999999998e-05,
2025-10-20 16:00:00,4.0010000000000005e-05,
2025-10-21 00:00:00,1.1800000000000002e-05,
2025-10-21 08:00:00,-1.358e-05,
2025-10-21 16:00:00,-0.00019105,
2025-10-22 00:00:00,4.804e-05,
2025-10-22 08:00:00,-6.517e-05,
2025-10-22 16:00:00,-9.692e-05,
2025-10-23 00:00:00,9.471e-05,
2025-10-23 08:00:00,-8.658e-05,
2025-10-23 16:00:00,4.8150000000000005e-05,
2025-10-24 00:00:00,9.112000000000001e-05,
2025-10-24 08:00:00,-0.00010101999999999999,
2025-10-24 16:00:00,-1.039e-05,
2025-10-25 00:00:00,8.718e-05,
2025-10-25 08:00:00,5.939e-05,
2025-10-25 16:00:00,3.299999999999999e-06,
2025-10-26 00:00:00,-3.814000000000001e-05,
2025-10-26 08:00:00,3.1729999999999996e-05,
2025-10-26 16:00:00,-3.178000000000001e-05,
2025-10-27 00:00:00,0.0,
2025-10-27 08:00:00,0.0,
2025-10-27 16:00:00,-3.7269999999999994e-05,
2025-10-28 00:00:00,6.064e-05,
2025-10-28 08:00:00,8.150000000000002e-06,
2025-10-28 16:00:00,4.397e-05,
2025-10-29 00:00:00,-3.447e-05,
2025-10-29 08:00:00,-4.811e-05,
2025-10-29 16:00:00,6.085e-05,
2025-10-30 00:00:00,0.00013389,
2025-10-30 08:00:00,5.11e-05,
2025-10-30 16:00:00,-4.6030000000000005e-05,
2025-10-31 00:00:00,-0.00021934,
2025-10-31 08:00:00,-4.667e-05,
2025-10-31 16:00:00,5.7570000000000006e-05,
2025-11-01 00:00:00,3.9680000000000006e-05,
2025-11-01 08:00:00,2.2520000000000008e-05,
2025-11-01 16:00:00,0.0,
2025-11-02 00:00:00,3.312000000000001e-05,
2025-11-02 08:00:00,-4.3549999999999995e-05,
2025-11-02 16:00:00,2.37e-05,
2025-11-03 00:00:00,4.359999999999992e-06,
2025-11-03 08:00:00,-0.00019958999999999998,
2025-11-03 16:00:00,9.35e-06,
2025-11-04 00:00:00,-3.488999999999999e-05,
2025-11-04 08:00:00,-2.8299999999999997e-05,
2025-11-04 16:00:00,5.1250000000000006e-05,
2025-11-05 00:00:00,8.826e-05,
2025-11-05 08:00:00,9.344e-05,
2025-11-05 16:00:00,-2.149999999999998e-06,
2025-11-06 00:00:00,5.081e-05,
2025-11-06 08:00:00,-9.12e-06,
2025-11-06 16:00:00,2.933e-05,
2025-11-07 00:00:00,2.4170000000000007e-05,
2025-11-07 08:00:00,5.22e-05,
2025-11-07 16:00:00,1.723000000000001e-05,
2025-11-08 00:00:00,2.278000000000001e-05,
2025-11-08 08:00:00,1.586e-05,
2025-11-08 16:00:00,-1.0899999999999994e-05,
2025-11-09 00:00:00,1.7650000000000002e-05,
2025-11-09 08:00:00,-8.379999999999998e-06,
2025-11-09 16:00:00,-3.481e-05,
2025-11-10 00:00:00,3.093e-05,
2025-11-10 08:00:00,-5.7369999999999995e-05,
2025-11-10 16:00:00,2.194000000000001e-05,
2025-11-11 00:00:00,3.008e-05,
2025-11-11 08:00:00,2.711e-05,
2025-11-11 16:00:00,6.617e-05,
2025-11-12 00:00:00,4.2059999999999994e-05,
2025-11-12 08:00:00,-5.378999999999999e-05,
2025-11-12 16:00:00,2.96e-05,
2025-11-13 00:00:00,-0.00025828,
2025-11-13 08:00:00,0.0,
2025-11-13 16:00:00,7.010999999999999e-05,
2025-11-14 00:00:00,-0.00019652,
2025-11-14 08:00:00,2.133e-05,
2025-11-14 16:00:00,-5.5700000000000026e-06,
2025-11-15 00:00:00,-6.620000000000001e-06,
2025-11-15 08:00:00,4.3899999999999996e-05,
2025-11-15 16:00:00,1.1030000000000001e-05,
2025-11-16 00:00:00,0.0,
2025-11-16 08:00:00,-4.100000000000005e-06,
2025-11-16 16:00:00,-0.00012842,
2025-11-17 00:00:00,0.0,
2025-11-17 08:00:00,-4.741e-05,
2025-11-17 16:00:00,4.008e-05,
2025-11-18 00:00:00,-0.00013175,
2025-11-18 08:00:00,0.0,
2025-11-18 16:00:00,4.072e-05,
2025-11-19 00:00:00,0.0,
2025-11-19 08:00:00,1.7199999999999998e-05,
2025-11-19 16:00:00,-6.064e-05,
2025-11-20 00:00:00,-3.0380000000000004e-05,
2025-11-20 08:00:00,2.162e-05,
2025-11-20 16:00:00,3.212000000000001e-05,
2025-11-21 00:00:00,-5.692e-05,
2025-11-21 08:00:00,8.053e-05,
2025-11-21 16:00:00,-5.564e-05,
2025-11-22 00:00:00,-2.33e-05,
2025-11-22 08:00:00,-1.8469999999999998e-05,
2025-11-22 16:00:00,-4.889e-05,
2025-11-23 00:00:00,-2.3929999999999996e-05,
2025-11-23 08:00:00,8.640000000000002e-06,
2025-11-23 16:00:00,-9.32e-06,
2025-11-24 00:00:00,1.2070000000000001e-05,
2025-11-24 08:00:00,-4.5839999999999995e-05,
2025-11-24 16:00:00,-2.5280000000000002e-05,
2025-11-25 00:00:00,3.4059999999999996e-05,
2025-11-25 08:00:00,-6.916999999999999e-05,
2025-11-25 16:00:00,-4.179e-05,
2025-11-26 00:00:00,5.293e-05,
2025-11-26 08:00:00,0.0001092,
2025-11-26 16:00:00,5.056e-05,
2025-11-27 00:00:00,7.533e-05,
2025-11-27 08:00:00,8.354e-05,
2025-11-27 16:00:00,5.621e-05,
2025-11-28 00:00:00,5.8870000000000004e-05,
2025-11-28 08:00:00,3.568e-05,
2025-11-28 16:00:00,1.4060000000000001e-05,
2025-11-29 00:00:00,1.5000000000000026e-07,
2025-11-29 08:00:00,9.49e-05,
2025-11-29 16:00:00,0.00010152,
2025-11-30 00:00:00,-2.6809999999999996e-05,
2025-11-30 08:00:00,3.799e-05,
2025-11-30 16:00:00,6.293e-05,
2025-12-01 00:00:00,-5.917e-05,
2025-12-01 08:00:00,-0.00022447,
2025-12-01 16:00:00,5.940000000000001e-06,
2025-12-02 00:00:00,-1.6760000000000002e-05,
2025-12-02 08:00:00,2.860000000000003e-06,
2025-12-02 16:00:00,1.9980000000000002e-05,
2025-12-03 00:00:00,5.3020000000000004e-05,
2025-12-03 08:00:00,-9.13e-06,
2025-12-03 16:00:00,4.9850000000000006e-05,
2025-12-04 00:00:00,3.6950000000000004e-05,
2025-12-04 08:00:00,-9.188000000000001e-05,
2025-12-04 16:00:00,-3.0560000000000006e-05,
2025-12-05 00:00:00,7.595e-05,
2025-12-05 08:00:00,-0.00014683,
2025-12-05 16:00:00,-2.458e-05,
2025-12-06 00:00:00,-5.778e-05,
2025-12-06 08:00:00,-0.00018396,
2025-12-06 16:00:00,-5.24e-05,
2025-12-07 00:00:00,9.999999999999999e-06,
2025-12-07 08:00:00,8.245999999999999e-05,
2025-12-07 16:00:00,-5.050000000000001e-06,
2025-12-08 00:00:00,-3.615e-05,
2025-12-08 08:00:00,-6.075e-05,
2025-12-08 16:00:00,-7.389e-05,
2025-12-09 00:00:00,-4.707e-05,
2025-12-09 08:00:00,-0.00010341,
2025-12-09 16:00:00,-4.89999999999997e-07,
2025-12-10 00:00:00,0.0,
2025-12-10 08:00:00,-0.00027052,
2025-12-10 16:00:00,-0.00013057999999999999,
2025-12-11 00:00:00,3.08e-05,
2025-12-11 08:00:00,4.2090000000000005e-05,
2025-12-11 16:00:00,-3.2100000000000015e-06,
2025-12-12 00:00:00,0.00010248000000000001,
2025-12-12 08:00:00,2.828e-05,
2025-12-12 16:00:00,1.103e-05,
2025-12-13 00:00:00,-2.6640000000000002e-05,
2025-12-13 08:00:00,0.00011354,
2025-12-13 16:00:00,6.708e-05,
2025-12-14 00:00:00,1.7340000000000007e-05,
2025-12-14 08:00:00,-1.555e-05,
2025-12-14 16:00:00,-4.814999999999999e-05,
2025-12-15 00:00:00,-2.7099999999999995e-05,
2025-12-15 08:00:00,3.4529999999999996e-05,
2025-12-15 16:00:00,2.4400000000000004e-05,
2025-12-16 00:00:00,-1.069e-05,
2025-12-16 08:00:00,-1.049e-05,
2025-12-16 16:00:00,0.00011870000000000001,
2025-12-17 00:00:00,9.254e-05,
2025-12-17 08:00:00,2.056e-05,
2025-12-17 16:00:00,4.155e-05,
2025-12-18 00:00:00,1.0239999999999999e-05,
2025-12-18 08:00:00,-7.497e-05,
2025-12-18 16:00:00,2.211999999999999e-05,
2025-12-19 00:00:00,-6.199e-05,
2025-12-19 08:00:00,-3.7149999999999995e-05,
2025-12-19 16:00:00,8.040000000000011e-06,
2025-12-20 00:00:00,8.003e-05,
2025-12-20 08:00:00,3.833000000000001e-05,
2025-12-20 16:00:00,9.097e-05,
2025-12-21 00:00:00,8.164000000000001e-05,
2025-12-21 08:00:00,6.9799999999999975e-06,
2025-12-21 16:00:00,-7.254000000000001e-05,
2025-12-22 00:00:00,-1.887e-05,
2025-12-22 08:00:00,-3.294e-05,
2025-12-22 16:00:00,8.34e-05,
2025-12-23 00:00:00,-4.53e-05,
2025-12-23 08:00:00,-0.00013063000000000001,
2025-12-23 16:00:00,4.403e-05,
2025-12-24 00:00:00,3.2619999999999996e-05,
2025-12-24 08:00:00,-9.487999999999999e-05,
2025-12-24 16:00:00,-5.164e-05,
2025-12-25 00:00:00,3.473e-05,
2025-12-25 08:00:00,3.312000000000001e-05,
2025-12-25 16:00:00,-1.705e-05,
2025-12-26 00:00:00,-3.132e-05,
2025-12-26 08:00:00,3.5270000000000006e-05,
2025-12-26 16:00:00,6.549e-05,
2025-12-27 00:00:00,2.8799999999999995e-06,
2025-12-27 08:00:00,0.00010519,
2025-12-27 16:00:00,1.867000000000001e-05,
2025-12-28 00:00:00,4.8950000000000004e-05,
2025-12-28 08:00:00,2.0900000000000007e-05,
2025-12-28 16:00:00,5.1380000000000006e-05,
2025-12-29 00:00:00,8.280000000000009e-06,
2025-12-29 08:00:00,1.5040000000000005e-05,
2025-12-29 16:00:00,-3.727e-05,
2025-12-30 00:00:00,4.009999999999999e-06,
2025-12-30 08:00:00,2.5030000000000003e-05,
2025-12-30 16:00:00,0.0,
2025-12-31 00:00:00,-3.270000000000001e-06,
2025-12-31 08:00:00,-2.597e-05,
2025-12-31 16:00:00,5.4340000000000005e-05,
2026-01-01 00:00:00,-6.896e-05,
2026-01-01 08:00:00,-0.00012949,
2026-01-01 16:00:00,-2.9180000000000002e-05,
2026-01-02 00:00:00,4.9470000000000006e-05,
2026-01-02 08:00:00,6.91e-05,
2026-01-02 16:00:00,0.0,
2026-01-03 00:00:00,4.813e-05,
2026-01-03 08:00:00,6.579e-05,
2026-01-03 16:00:00,6.769e-05,
2026-01-04 00:00:00,2.4020000000000004e-05,
2026-01-04 08:00:00,8.881e-05,
2026-01-04 16:00:00,2.769e-05,
2026-01-05 00:00:00,2.0740000000000008e-05,
2026-01-05 08:00:00,-1.671e-05,
2026-01-05 16:00:00,4.915e-05,
2026-01-06 00:00:00,1.9650000000000003e-05,
2026-01-06 08:00:00,-5.629e-05,
2026-01-06 16:00:00,2.002e-05,
2026-01-07 00:00:00,2.3420000000000003e-05,
2026-01-07 08:00:00,1.7839999999999992e-05,
2026-01-07 16:00:00,-7.841e-05,
2026-01-08 00:00:00,4.780000000000005e-06,
2026-01-08 08:00:00,2.3420000000000003e-05,
2026-01-08 16:00:00,9.951e-05,
2026-01-09 00:00:00,3.366e-05,
2026-01-09 08:00:00,6.211000000000001e-05,
2026-01-09 16:00:00,-6.599999999999971e-07,
2026-01-10 00:00:00,-3.777e-05,
2026-01-10 08:00:00,-5.8670000000000006e-05,
2026-01-10 16:00:00,4.723000000000001e-05,
2026-01-11 00:00:00,1.7600000000000103e-06,
2026-01-11 08:00:00,2.701e-05,
2026-01-11 16:00:00,4.1240000000000005e-05,
2026-01-12 00:00:00,-9.444000000000001e-05,
2026-01-12 08:00:00,6.528e-05,
2026-01-12 16:00:00,-7.087e-05,
2026-01-13 00:00:00,-5.1099999999999995e-05,
2026-01-13 08:00:00,8.360000000000008e-06,
2026-01-13 16:00:00,7.328e-05,
2026-01-14 00:00:00,0.0,
2026-01-14 08:00:00,0.0,
2026-01-14 16:00:00,1.6690000000000005e-05,
2026-01-15 00:00:00,4.6420000000000006e-05,
2026-01-15 08:00:00,9.342000000000001e-05,
2026-01-15 16:00:00,-2.961999999999999e-05,
2026-01-16 00:00:00,-0.00011617999999999999,
2026-01-16 08:00:00,-8.8e-06,
2026-01-16 16:00:00,-1.0799999999999998e-06,
2026-01-17 00:00:00,1.629000000000001e-05,
2026-01-17 08:00:00,-6.690000000000005e-06,
2026-01-17 16:00:00,3.0430000000000005e-05,
2026-01-18 00:00:00,5.399e-05,
2026-01-18 08:00:00,-3.349e-05,
2026-01-18 16:00:00,-7.108e-05,
2026-01-19 00:00:00,-5.963e-05,
2026-01-19 08:00:00,-2.4190000000000004e-05,
2026-01-19 16:00:00,-2.42e-05,
2026-01-20 00:00:00,-3.864e-05,
2026-01-20 08:00:00,2.0380000000000005e-05,
2026-01-20 16:00:00,3.534e-05,
2026-01-21 00:00:00,2.5110000000000002e-05,
2026-01-21 08:00:00,-0.00011129,
2026-01-21 16:00:00,2.8870000000000003e-05,
2026-01-22 00:00:00,4.431000000000001e-05,
2026-01-22 08:00:00,2.319e-05,
2026-01-22 16:00:00,3.116e-05,
2026-01-23 00:00:00,-2.9019999999999997e-05,
2026-01-23 08:00:00,1.4679999999999998e-05,
2026-01-23 16:00:00,-0.00010546,
2026-01-24 00:00:00,-7.263e-05,
2026-01-24 08:00:00,-2.489e-05,
2026-01-24 16:00:00,-5.358e-05,
2026-01-25 00:00:00,4.599e-05,
2026-01-25 08:00:00,-6.078999999999999e-05,
2026-01-25 16:00:00,-5.775e-05,
2026-01-26 00:00:00,0.00015633000000000002,
2026-01-26 08:00:00,3.46e-05,
2026-01-26 16:00:00,7.24e-05,
2026-01-27 00:00:00,-1.733e-05,
2026-01-27 08:00:00,1.9100000000000003e-06,
2026-01-27 16:00:00,-7.096e-05,
2026-01-28 00:00:00,1.3020000000000007e-05,
2026-01-28 08:00:00,4.410000000000007e-06,
2026-01-28 16:00:00,-0.00012411,
2026-01-29 00:00:00,1.1179999999999998e-05,
2026-01-29 08:00:00,-0.00012041,
2026-01-29 16:00:00,-8.243e-05,
2026-01-30 00:00:00,7.128e-05,
2026-01-30 08:00:00,0.00010308000000000001,
2026-01-30 16:00:00,5.669e-05,
2026-01-31 00:00:00,0.00015623,
2026-01-31 08:00:00,-7.572e-05,
2026-01-31 16:00:00,9.761999999999999e-05,
2026-02-01 00:00:00,0.00018894,
2026-02-01 08:00:00,5.9749999999999995e-05,
2026-02-01 16:00:00,0.00017308,
2026-02-02 00:00:00,0.00025302,
2026-02-02 08:00:00,0.00014764999999999998,
2026-02-02 16:00:00,8.170000000000012e-06,
2026-02-03 00:00:00,0.00023683,
2026-02-03 08:00:00,2.1439999999999998e-05,
2026-02-03 16:00:00,8.908e-05,
2026-02-04 00:00:00,0.00012474,
2026-02-04 08:00:00,7.479000000000001e-05,
2026-02-04 16:00:00,0.00013274,
2026-02-05 00:00:00,4.1349999999999995e-05,
2026-02-05 08:00:00,8.372e-05,
2026-02-05 16:00:00,7.037e-05,
2026-02-06 00:00:00,0.00024362,
2026-02-06 08:00:00,7.333e-05,
2026-02-06 16:00:00,-3.6049999999999995e-05,
2026-02-07 00:00:00,-0.00012494,
2026-02-07 08:00:00,5.588e-05,
2026-02-07 16:00:00,6.0549999999999995e-05,
2026-02-08 00:00:00,3.3599999999999983e-06,
2026-02-08 08:00:00,1.1439999999999999e-05,
2026-02-08 16:00:00,3.639999999999999e-06,
2026-02-09 00:00:00,4.105e-05,
2026-02-09 08:00:00,7.295999999999999e-05,
2026-02-09 16:00:00,8.179e-05,
2026-02-10 00:00:00,-1.742e-05,
2026-02-10 08:00:00,0.00016686,
2026-02-10 16:00:00,0.00024331,
2026-02-11 00:00:00,0.00014401,
2026-02-11 08:00:00,0.00015275,
2026-02-11 16:00:00,5.1710000000000005e-05,
2026-02-12 00:00:00,5.589e-05,
2026-02-12 08:00:00,5.6800000000000005e-05,
2026-02-12 16:00:00,5.381e-05,
2026-02-13 00:00:00,0.00019132,
2026-02-13 08:00:00,6.518e-05,
2026-02-13 16:00:00,1.0379999999999999e-05,
2026-02-14 00:00:00,5.112e-05,
2026-02-14 08:00:00,1.152e-05,
2026-02-14 16:00:00,6.865e-05,
2026-02-15 00:00:00,3.491e-05,
2026-02-15 08:00:00,-8.653e-05,
2026-02-15 16:00:00,0.00014651,
2026-02-16 00:00:00,8.497e-05,
2026-02-16 08:00:00,4.7749999999999995e-05,
2026-02-16 16:00:00,6.438e-05,
2026-02-17 00:00:00,-9.979999999999996e-06,
2026-02-17 08:00:00,9.157e-05,
2026-02-17 16:00:00,0.00010374,
2026-02-18 00:00:00,2.958e-05,
2026-02-18 08:00:00,4.186e-05,
2026-02-18 16:00:00,-5.675e-05,
2026-02-19 00:00:00,1.1540000000000001e-05,
2026-02-19 08:00:00,6.500000000000002e-06,
2026-02-19 16:00:00,9.310000000000004e-06,
2026-02-20 00:00:00,1.7659999999999997e-05,
2026-02-20 08:00:00,0.00011128,
2026-02-20 16:00:00,0.00016711,
2026-02-21 00:00:00,6.950000000000001e-05,
2026-02-21 08:00:00,1.899e-05,
2026-02-21 16:00:00,-4.0209999999999996e-05,
2026-02-22 00:00:00,-2.337e-05,
2026-02-22 08:00:00,-0.00011535,
2026-02-22 16:00:00,-1.979999999999998e-06,
2026-02-23 00:00:00,-1.460000000000003e-06,
2026-02-23 08:00:00,0.00032276,
2026-02-23 16:00:00,8.346e-05,
2026-02-24 00:00:00,2.58e-05,
2026-02-24 08:00:00,8.569e-05,
2026-02-24 16:00:00,3.061e-05,
2026-02-25 00:00:00,-2.7789999999999997e-05,
2026-02-25 08:00:00,5.4420000000000004e-05,
2026-02-25 16:00:00,4.2470000000000005e-05,
2026-02-26 00:00:00,2.2130000000000007e-05,
2026-02-26 08:00:00,0.00010475,
2026-02-26 16:00:00,-3.826e-05,
2026-02-27 00:00:00,2.0240000000000003e-05,
2026-02-27 08:00:00,7.999999999999999e-05,
2026-02-27 16:00:00,0.00010051999999999999,
2026-02-28 00:00:00,6.983e-05,
2026-02-28 08:00:00,7.777000000000001e-05,
2026-02-28 16:00:00,-9.529999999999999e-06,
2026-03-01 00:00:00,0.00012896,
2026-03-01 08:00:00,5.0140000000000004e-05,
2026-03-01 16:00:00,-4.111e-05,
2026-03-02 00:00:00,0.00014924,
2026-03-02 08:00:00,0.00011088,
2026-03-02 16:00:00,0.00010017000000000001,
2026-03-03 00:00:00,-3.1209999999999994e-05,
2026-03-03 08:00:00,7.239e-05,
2026-03-03 16:00:00,4.286e-05,
2026-03-04 00:00:00,1.2829999999999999e-05,
2026-03-04 08:00:00,0.00010915,
2026-03-04 16:00:00,-1.9019999999999997e-05,
2026-03-05 00:00:00,0.00011331000000000001,
2026-03-05 08:00:00,2.615e-05,
2026-03-05 16:00:00,-9.105e-05,
2026-03-06 00:00:00,2.2049999999999994e-05,
2026-03-06 08:00:00,3.473e-05,
2026-03-06 16:00:00,-3.6140000000000017e-05,
2026-03-07 00:00:00,-5.8870000000000004e-05,
2026-03-07 08:00:00,2.444e-05,
2026-03-07 16:00:00,-6.4e-06,
2026-03-08 00:00:00,-4.5940000000000004e-05,
2026-03-08 08:00:00,5.277e-05,
2026-03-08 16:00:00,7.843e-05,
2026-03-09 00:00:00,0.00019707,
2026-03-09 08:00:00,1.1169999999999996e-05,
2026-03-09 16:00:00,2.5959999999999995e-05,
2026-03-10 00:00:00,5.7470000000000004e-05,
2026-03-10 08:00:00,2.1609999999999998e-05,
2026-03-10 16:00:00,3.5090000000000005e-05,
2026-03-11 00:00:00,-5.18e-06,
2026-03-11 08:00:00,7.022e-05,
2026-03-11 16:00:00,1.6100000000000002e-05,
2026-03-12 00:00:00,7.219999999999999e-05,
2026-03-12 08:00:00,-2.175e-05,
2026-03-12 16:00:00,4.493e-05,
2026-03-13 00:00:00,7.736e-05,
2026-03-13 08:00:00,0.00010063,
2026-03-13 16:00:00,7.901e-05,
2026-03-14 00:00:00,3.584e-05,
2026-03-14 08:00:00,0.00012367000000000001,
2026-03-14 16:00:00,-9.464e-05,
2026-03-15 00:00:00,9.025e-05,
2026-03-15 08:00:00,8.629e-05,
2026-03-15 16:00:00,6.541000000000001e-05,
2026-03-16 00:00:00,-7.700000000000079e-07,
2026-03-16 08:00:00,0.0,
2026-03-16 16:00:00,-7.738999999999999e-05,
2026-03-17 00:00:00,-9.757e-05,
2026-03-17 08:00:00,5.1240000000000004e-05,
2026-03-17 16:00:00,2.149e-05,
2026-03-18 00:00:00,8.496e-05,
2026-03-18 08:00:00,-3.769e-05,
2026-03-18 16:00:00,-0.0001275,
2026-03-19 00:00:00,-0.00013966,
2026-03-19 08:00:00,3.663e-05,
2026-03-19 16:00:00,4.21e-06,
2026-03-20 00:00:00,1.2719999999999993e-05,
2026-03-20 08:00:00,5.308e-05,
2026-03-20 16:00:00,3.058e-05,
2026-03-21 00:00:00,-0.00011741,
2026-03-21 08:00:00,7.746e-05,
2026-03-21 16:00:00,4.9560000000000007e-05,
2026-03-22 00:00:00,-3.786e-05,
2026-03-22 08:00:00,-2.061e-05,
2026-03-22 16:00:00,0.00013329,
2026-03-23 00:00:00,0.00015929,
2026-03-23 08:00:00,9.851e-05,
2026-03-23 16:00:00,-1.1439999999999992e-05,
2026-03-24 00:00:00,7.057000000000001e-05,
2026-03-24 08:00:00,1.4910000000000001e-05,
2026-03-24 16:00:00,-5.902e-05,
2026-03-25 00:00:00,6.46e-05,
2026-03-25 08:00:00,0.00014168,
2026-03-25 16:00:00,1.7069999999999998e-05,
2026-03-26 00:00:00,5.547e-05,
2026-03-26 08:00:00,2.9249999999999996e-05,
2026-03-26 16:00:00,2.4460000000000006e-05,
2026-03-27 00:00:00,-1.3619999999999998e-05,
2026-03-27 08:00:00,0.00010468000000000001,
2026-03-27 16:00:00,3.303e-05,
2026-03-28 00:00:00,8.028e-05,
2026-03-28 08:00:00,4.2180000000000006e-05,
2026-03-28 16:00:00,1.921e-05,
2026-03-29 00:00:00,-2.624e-05,
2026-03-29 08:00:00,8.187e-05,
2026-03-29 16:00:00,-9.489999999999999e-06,
2026-03-30 00:00:00,5.633e-05,
2026-03-30 08:00:00,8.823e-05,
2026-03-30 16:00:00,5.8870000000000004e-05,
2026-03-31 00:00:00,9.743000000000001e-05,
2026-03-31 08:00:00,5.1309999999999995e-05,
2026-03-31 16:00:00,3.078e-05,
2026-04-01 00:00:00,0.00010257,
2026-04-01 08:00:00,5.2180000000000005e-05,
2026-04-01 16:00:00,5.572e-05,
2026-04-02 00:00:00,0.00018956000000000002,
2026-04-02 08:00:00,1.6599999999999983e-05,
2026-04-02 16:00:00,-4.09999999999991e-07,
2026-04-03 00:00:00,9.89999999999999e-07,
2026-04-03 08:00:00,8.693000000000001e-05,
2026-04-03 16:00:00,0.00010958,
2026-04-04 00:00:00,8.263e-05,
2026-04-04 08:00:00,-7.736e-05,
2026-04-04 16:00:00,4.17e-05,
2026-04-05 00:00:00,7.558e-05,
2026-04-05 08:00:00,-3.777e-05,
2026-04-05 16:00:00,-4.533e-05,
2026-04-06 00:00:00,5.277e-05,
2026-04-06 08:00:00,3.799000000000001e-05,
2026-04-06 16:00:00,7.967e-05,
2026-04-07 00:00:00,0.00013933,
2026-04-07 08:00:00,9.134e-05,
2026-04-07 16:00:00,1.6559999999999997e-05,
2026-04-08 00:00:00,0.0,
2026-04-08 08:00:00,4.1660000000000004e-05,
2026-04-08 16:00:00,-4.416e-05,
2026-04-09 00:00:00,-8.729e-05,
2026-04-09 08:00:00,-0.00013339,
2026-04-09 16:00:00,-4.566e-05,
2026-04-10 00:00:00,2.468e-05,
2026-04-10 08:00:00,3.142e-05,
2026-04-10 16:00:00,4.095e-05,
2026-04-11 00:00:00,0.00016106,
2026-04-11 08:00:00,2.269e-05,
2026-04-11 16:00:00,9.100000000000001e-06,
2026-04-12 00:00:00,1.7290000000000006e-05,
2026-04-12 08:00:00,-0.00019609,
2026-04-12 16:00:00,6.323e-05,
2026-04-13 00:00:00,3.53e-06,
2026-04-13 08:00:00,5.264999999999999e-05,
2026-04-13 16:00:00,-9.328e-05,
2026-04-14 00:00:00,0.0,
2026-04-14 08:00:00,-3.231000000000001e-05,
2026-04-14 16:00:00,1.7879999999999998e-05,
2026-04-15 00:00:00,-8.071e-05,
2026-04-15 08:00:00,-1.1140000000000002e-05,
2026-04-15 16:00:00,4.219e-05,
2026-04-16 00:00:00,0.00011717,
2026-04-16 08:00:00,0.00015141,
2026-04-16 16:00:00,0.00013792,
2026-04-17 00:00:00,9.139e-05,
2026-04-17 08:00:00,4.026e-05,
2026-04-17 16:00:00,7.157e-05,
2026-04-18 00:00:00,0.00012327,
2026-04-18 08:00:00,3.494e-05,
2026-04-18 16:00:00,0.00014703,
2026-04-19 00:00:00,0.00011909,
2026-04-19 08:00:00,0.00011654,
2026-04-19 16:00:00,0.00021986,
2026-04-20 00:00:00,5.289999999999999e-06,
2026-04-20 08:00:00,4.834e-05,
2026-04-20 16:00:00,1.586e-05,
2026-04-21 00:00:00,6.916e-05,
2026-04-21 08:00:00,0.00011038000000000001,
2026-04-21 16:00:00,0.00010732999999999999,
2026-04-22 00:00:00,9.675e-05,
2026-04-22 08:00:00,0.0,
2026-04-22 16:00:00,-3.4000000000000013e-07,
2026-04-23 00:00:00,-6.285000000000001e-05,
2026-04-23 08:00:00,-0.00012493,
2026-04-23 16:00:00,0.00016025000000000002,
2026-04-24 00:00:00,9.217000000000001e-05,
2026-04-24 08:00:00,0.0001698,
2026-04-24 16:00:00,0.00020758000000000001,
2026-04-25 00:00:00,0.00014387,
2026-04-25 08:00:00,0.00012141,
2026-04-25 16:00:00,0.00011180000000000001,
2026-04-26 00:00:00,4.374e-05,
2026-04-26 08:00:00,2.8939999999999997e-05,
2026-04-26 16:00:00,0.00012842,
2026-04-27 00:00:00,0.00014157,
2026-04-27 08:00:00,4.6450000000000004e-05,
2026-04-27 16:00:00,0.0001173,
2026-04-28 00:00:00,0.00017265,
2026-04-28 08:00:00,0.00021678000000000002,
2026-04-28 16:00:00,7.235e-05,
2026-04-29 00:00:00,6.377e-05,
2026-04-29 08:00:00,3.5130000000000004e-05,
2026-04-29 16:00:00,-0.0001006,
2026-04-30 00:00:00,3.0659999999999994e-05,
2026-04-30 08:00:00,1.2400000000000017e-06,
2026-04-30 16:00:00,1.0949999999999995e-05,
2026-05-01 00:00:00,0.0001084,
2026-05-01 08:00:00,6.65e-05,
2026-05-01 16:00:00,7.04e-05,
2026-05-02 00:00:00,-5.418e-05,
2026-05-02 08:00:00,5.165e-05,
2026-05-02 16:00:00,2.472e-05,
2026-05-03 00:00:00,6.48e-05,
2026-05-03 08:00:00,-0.00017921,
2026-05-03 16:00:00,1.2530000000000004e-05,
2026-05-04 00:00:00,-7.79e-05,
2026-05-04 08:00:00,1.3520000000000006e-05,
2026-05-04 16:00:00,7.936e-05,
2026-05-05 00:00:00,0.0001031,
2026-05-05 08:00:00,2.751e-05,
2026-05-05 16:00:00,0.0001652,
2026-05-06 00:00:00,0.00012041000000000001,
2026-05-06 08:00:00,0.00019447,
2026-05-06 16:00:00,0.00015114000000000002,
2026-05-07 00:00:00,0.00016585,
2026-05-07 08:00:00,0.00021993000000000002,
2026-05-07 16:00:00,0.00014319000000000002,
2026-05-08 00:00:00,0.00010968000000000001,
2026-05-08 08:00:00,0.00012849,
2026-05-08 16:00:00,0.00013358,
2026-05-09 00:00:00,3.801000000000001e-05,
2026-05-09 08:00:00,5.686000000000001e-05,
2026-05-09 16:00:00,-4.3480000000000004e-05,
2026-05-10 00:00:00,-6.914e-05,
2026-05-10 08:00:00,-3.951e-05,
2026-05-10 16:00:00,3.286000000000001e-05,
2026-05-11 00:00:00,2.537000000000001e-05,
2026-05-11 08:00:00,8.005000000000001e-05,
2026-05-11 16:00:00,6.645e-05,
2026-05-12 00:00:00,-3.174e-05,
2026-05-12 08:00:00,6.377999999999999e-05,
2026-05-12 16:00:00,3.097e-05,
2026-05-13 00:00:00,8.677000000000001e-05,
2026-05-13 08:00:00,4.9540000000000003e-05,
2026-05-13 16:00:00,-6.577e-05,
2026-05-14 00:00:00,-0.00011138,
2026-05-14 08:00:00,1.3479999999999993e-05,
2026-05-14 16:00:00,6.0540000000000007e-05,
2026-05-15 00:00:00,0.00010693000000000001,
2026-05-15 08:00:00,-1.2640000000000001e-05,
2026-05-15 16:00:00,-8.407e-05,
2026-05-16 00:00:00,-0.00013848000000000002,
2026-05-16 08:00:00,-6.1030000000000004e-05,
2026-05-16 16:00:00,-5.772999999999999e-05,
2026-05-17 00:00:00,1.4769999999999996e-05,
2026-05-17 08:00:00,-1.0830000000000003e-05,
2026-05-17 16:00:00,-7.531e-05,
2026-05-18 00:00:00,-3.6610000000000004e-05,
2026-05-18 08:00:00,9.348e-05,
2026-05-18 16:00:00,-2.891e-05,
2026-05-19 00:00:00,-8.109e-05,
2026-05-19 08:00:00,4.313e-05,
2026-05-19 16:00:00,-7.872e-05,
2026-05-20 00:00:00,-5.96e-05,
2026-05-20 08:00:00,-1.623e-05,
2026-05-20 16:00:00,4.7100000000000006e-05,
2026-05-21 00:00:00,-1.4040000000000001e-05,
2026-05-21 08:00:00,5.993e-05,
2026-05-21 16:00:00,1.8330000000000002e-05,
2026-05-22 00:00:00,-9.999999999999972e-07,
2026-05-22 08:00:00,-2.4999999999999998e-05,
2026-05-22 16:00:00,1.7910000000000003e-05,
2026-05-23 00:00:00,-2.708e-05,
2026-05-23 08:00:00,-0.00011637,
2026-05-23 16:00:00,-7.133e-05,
2026-05-24 00:00:00,-1.67e-05,
2026-05-24 08:00:00,-6.957e-05,
2026-05-24 16:00:00,-2.030000000000006e-06,
2026-05-25 00:00:00,-3.882e-05,
2026-05-25 08:00:00,-9.510000000000002e-06,
2026-05-25 16:00:00,2.222e-05,
2026-05-26 00:00:00,4.0079999999999996e-05,
2026-05-26 08:00:00,2.1900000000000044e-06,
2026-05-26 16:00:00,3.778000000000001e-05,
2026-05-27 00:00:00,-3.4590000000000006e-05,
2026-05-27 08:00:00,-8.69e-05,
2026-05-27 16:00:00,3.4450000000000004e-05,
2026-05-28 00:00:00,7.579e-05,
2026-05-28 08:00:00,-0.00010585999999999999,
2026-05-28 16:00:00,-1.884e-05,
2026-05-29 00:00:00,-9.881e-05,
2026-05-29 08:00:00,-1.4600000000000003e-05,
2026-05-29 16:00:00,-7.235e-05,
2026-05-30 00:00:00,1.535e-05,
2026-05-30 08:00:00,-4.473e-05,
2026-05-30 16:00:00,-8.835e-05,
2026-05-31 00:00:00,-5.379999999999999e-05,
2026-05-31 08:00:00,5.70000000000003e-07,
2026-05-31 16:00:00,2.074e-05,
2026-06-01 00:00:00,-9.046999999999999e-05,
2026-06-01 08:00:00,3.955e-05,
2026-06-01 16:00:00,-2.581e-05,
2026-06-02 00:00:00,-5.067000000000001e-05,
2026-06-02 08:00:00,-1.3860000000000006e-05,
2026-06-02 16:00:00,-9.441e-05,
2026-06-03 00:00:00,-8.984e-05,
2026-06-03 08:00:00,-1.6690000000000005e-05,
2026-06-03 16:00:00,-1.4829999999999992e-05,
2026-06-04 00:00:00,-0.00012239,
2026-06-04 08:00:00,-2.137e-05,
2026-06-04 16:00:00,3.3140000000000005e-05,
2026-06-05 00:00:00,-9.439999999999999e-05,
2026-06-05 08:00:00,4.4200000000000004e-05,
2026-06-05 16:00:00,0.00014738000000000002,
2026-06-06 00:00:00,8.901e-05,
2026-06-06 08:00:00,4.102e-05,
2026-06-06 16:00:00,4.076e-05,
2026-06-07 00:00:00,8.344e-05,
2026-06-07 08:00:00,0.00014792,
2026-06-07 16:00:00,8.25e-05,
2026-06-08 00:00:00,0.00015727,
2026-06-08 08:00:00,9.334e-05,
2026-06-08 16:00:00,0.00010559999999999999,
2026-06-09 00:00:00,4.567e-05,
2026-06-09 08:00:00,4.611e-05,
2026-06-09 16:00:00,7.280000000000005e-06,
2026-06-10 00:00:00,0.00013366,
2026-06-10 08:00:00,6.125999999999999e-05,
2026-06-10 16:00:00,7.545e-05,
2026-06-11 00:00:00,4.261e-05,
2026-06-11 08:00:00,3.2500000000000004e-05,
2026-06-11 16:00:00,6.461e-05,
2026-06-12 00:00:00,7.313e-05,
2026-06-12 08:00:00,0.00014842,
2026-06-12 16:00:00,6.318e-05,
2026-06-13 00:00:00,8.089999999999999e-06,
2026-06-13 08:00:00,-2.394e-05,
2026-06-13 16:00:00,1.2240000000000001e-05,
2026-06-14 00:00:00,2.079e-05,
2026-06-14 08:00:00,-1.717e-05,
2026-06-14 16:00:00,1.0300000000000001e-05,
2026-06-15 00:00:00,4.452e-05,
2026-06-15 08:00:00,5.808e-05,
2026-06-15 16:00:00,3.133e-05,
2026-06-16 00:00:00,4.4170000000000006e-05,
2026-06-16 08:00:00,5.7619999999999994e-05,
2026-06-16 16:00:00,-1.836e-05,
2026-06-17 00:00:00,5.0709999999999994e-05,
2026-06-17 08:00:00,3.706e-05,
2026-06-17 16:00:00,4.85e-05,
2026-06-18 00:00:00,7.470000000000001e-06,
2026-06-18 08:00:00,-6.063e-05,
2026-06-18 16:00:00,-2.819e-05,
2026-06-19 00:00:00,1.8879999999999995e-05,
2026-06-19 08:00:00,4.562e-05,
2026-06-19 16:00:00,2.3619999999999997e-05,
2026-06-20 00:00:00,-6.081e-05,
2026-06-20 08:00:00,4.059e-05,
2026-06-20 16:00:00,-4.614e-05,
2026-06-21 00:00:00,-7.340000000000001e-06,
2026-06-21 08:00:00,-4.0820000000000006e-05,
2026-06-21 16:00:00,9.243000000000001e-05,
2026-06-22 00:00:00,2.26e-05,
2026-06-22 08:00:00,2.997e-05,
2026-06-22 16:00:00,1.768e-05,
2026-06-23 00:00:00,-3.323e-05,
2026-06-23 08:00:00,-4.747e-05,
2026-06-23 16:00:00,-3.5000000000000173e-07,
2026-06-24 00:00:00,7.08e-06,
2026-06-24 08:00:00,-2.5330000000000003e-05,
2026-06-24 16:00:00,9.980000000000001e-06,
2026-06-25 00:00:00,7.195e-05,
2026-06-25 08:00:00,5.050000000000001e-06,
2026-06-25 16:00:00,2.684e-05,
2026-06-26 00:00:00,3.8310000000000004e-05,
2026-06-26 08:00:00,8.428e-05,
2026-06-26 16:00:00,9.059000000000001e-05,
2026-06-27 00:00:00,4.157e-05,
2026-06-27 08:00:00,4.853e-05,
2026-06-27 16:00:00,4.0000000000003005e-08,
2026-06-28 00:00:00,9.355e-05,
2026-06-28 08:00:00,4.204e-05,
2026-06-28 16:00:00,-2.736e-05,
2026-06-29 00:00:00,3.856e-05,
2026-06-29 08:00:00,1.604e-05,
2026-06-29 16:00:00,5.175e-05,
2026-06-30 00:00:00,2.807e-05,
2026-06-30 08:00:00,1.408e-05,
2026-06-30 16:00:00,1.268e-05,
2026-07-01 00:00:00,3.069999999999996e-06,
2026-07-01 08:00:00,-2.993e-05,
2026-07-01 16:00:00,6.731e-05,
2026-07-02 00:00:00,1.72e-05,
2026-07-02 08:00:00,-3.693e-05,
2026-07-02 16:00:00,2.6790000000000006e-05,
2026-07-03 00:00:00,-4.1049999999999995e-05,
2026-07-03 08:00:00,0.0,
2026-07-03 16:00:00,4.7590000000000003e-05,
2026-07-04 00:00:00,2.5200000000000098e-06,
2026-07-04 08:00:00,-1.8500000000000043e-06,
2026-07-04 16:00:00,4.8330000000000007e-05,
2026-07-05 00:00:00,2.1820000000000005e-05,
2026-07-05 08:00:00,-3.913e-05,
2026-07-05 16:00:00,5.243e-05,
2026-07-06 00:00:00,1.668000000000001e-05,
2026-07-06 08:00:00,1.1730000000000005e-05,
2026-07-06 16:00:00,8.54000000000001e-06,
2026-07-07 00:00:00,2.380000000000001e-05,
2026-07-07 08:00:00,1.3300000000000005e-05,
2026-07-07 16:00:00,5.912e-05,
2026-07-08 00:00:00,5.964999999999999e-05,
2026-07-08 08:00:00,-4.334e-05,
2026-07-08 16:00:00,-6.823e-05,
2026-07-09 00:00:00,-3.727000000000001e-05,
2026-07-09 08:00:00,1.8039999999999997e-05,
2026-07-09 16:00:00,2.6809999999999996e-05,
2026-07-10 00:00:00,-2.1599999999999996e-06,
2026-07-10 08:00:00,6.645e-05,
2026-07-10 16:00:00,2.0700000000000056e-06,
2026-07-11 00:00:00,4.769999999999997e-06,
2026-07-11 08:00:00,6.36e-06,
2026-07-11 16:00:00,3.704000000000001e-05,
2026-07-12 00:00:00,2.507e-05,
2026-07-12 08:00:00,-3.455e-05,
2026-07-12 16:00:00,1.6620000000000004e-05,
2026-07-13 00:00:00,1.403e-05,
2026-07-13 08:00:00,7.280000000000001e-05,
2026-07-13 16:00:00,3.329e-05,
2026-07-14 00:00:00,2.253e-05,
2026-07-14 08:00:00,5.7300000000000004e-05,
2026-07-14 16:00:00,3.075e-05,
2026-07-15 00:00:00,6.166e-05,
2026-07-15 08:00:00,4.9940000000000006e-05,
2026-07-15 16:00:00,1.2640000000000001e-05,
2026-07-16 00:00:00,2.8119999999999995e-05,
2026-07-16 08:00:00,-2.67e-06,
2026-07-16 16:00:00,6.474000000000001e-05,
2026-07-17 00:00:00,2.6300000000000002e-05,
2026-07-17 08:00:00,-6.27e-05,
2026-07-17 16:00:00,4.18e-05,
2026-07-18 00:00:00,8.399999999999987e-07,
2026-07-18 08:00:00,-1.3530000000000001e-05,
2026-07-18 16:00:00,-1.523e-05,
2026-07-19 00:00:00,9.869999999999999e-06,
2026-07-19 08:00:00,2.7560000000000007e-05,
2026-07-19 16:00:00,-6.157000000000001e-05,
2026-07-20 00:00:00,-7.959999999999998e-06,
2026-07-20 08:00:00,3.164e-05,
2026-07-20 16:00:00,3.688e-05,
2026-07-21 00:00:00,3.672e-05,
2026-07-21 08:00:00,5.8740000000000003e-05,
2026-07-21 16:00:00,6.402e-05,
2026-07-22 00:00:00,8.945e-05,
2026-07-22 08:00:00,8.571e-05,
2026-07-22 16:00:00,1.0100000000000002e-05,
2026-07-23 00:00:00,-2.1000000000000053e-07,
2026-07-23 08:00:00,6.254000000000001e-05,
2026-07-23 16:00:00,0.00010568,
2026-07-24 00:00:00,3.942e-05,
2026-07-24 08:00:00,-6.04e-06,
2026-07-24 16:00:00,2.4200000000000005e-06,
2026-07-25 00:00:00,-3.403e-05,
2026-07-25 08:00:00,1.0380000000000002e-05,
2026-07-25 16:00:00,-5.3479999999999996e-05,
2026-07-26 00:00:00,7.888e-05,
2026-07-26 08:00:00,-2.3840000000000002e-05,
2026-07-26 16:00:00,-3.09e-05,
2026-07-27 00:00:00,0.0,
2026-07-27 08:00:00,1.84e-05,
2026-07-27 16:00:00,8.393e-05,
2026-07-28 00:00:00,-3.63e-05,
2026-07-28 08:00:00,3.527e-05,
2026-07-28 16:00:00,1.018e-05,
2026-07-29 00:00:00,4.2630000000000004e-05,
2026-07-29 08:00:00,-6.720000000000003e-06,
2026-07-29 16:00:00,3.382e-05,
2026-07-30 00:00:00,3.6999999999999815e-07,
2026-07-30 08:00:00,-3.6790000000000005e-05,
2026-07-30 16:00:00,8.010000000000001e-05,
2026-07-31 00:00:00,4.271e-05,
2026-07-31 08:00:00,-1.715e-05,
2026-07-31 16:00:00,6.757e-05,
2026-08-01 00:00:00,-7.953e-05,
2026-08-01 08:00:00,7.692e-05,
2026-08-01 16:00:00,-7.379e-05,
2026-08-02 00:00:00,1.1869999999999996e-05,
2026-08-02 08:00:00,4.393000000000001e-05,
2026-08-02 16:00:00,8.566e-05,
2026-08-03 00:00:00,0.0,
2026-08-03 08:00:00,0.00010869,
2026-08-03 16:00:00,6.336e-05,
2026-08-04 00:00:00,4.6040000000000006e-05,
2026-08-04 08:00:00,-3.38e-05,
2026-08-04 16:00:00,-4.8450000000000005e-05,
2026-08-05 00:00:00,6.533e-05,
2026-08-05 08:00:00,1.652e-05,
2026-08-05 16:00:00,5.7499999999999975e-06,
2026-08-06 00:00:00,2.9060000000000003e-05,
2026-08-06 08:00:00,2.862e-05,
2026-08-06 16:00:00,2.5170000000000005e-05,
2026-08-07 00:00:00,4.0430000000000004e-05,
2026-08-07 08:00:00,-1.9560000000000002e-05,
2026-08-07 16:00:00,2.091e-05,
2026-08-08 00:00:00,4.104e-05,
2026-08-08 08:00:00,7.262e-05,
2026-08-08 16:00:00,2.8280000000000007e-05,
2026-08-09 00:00:00,1.9430000000000002e-05,
2026-08-09 08:00:00,1.4649999999999997e-05,
2026-08-09 16:00:00,1.95e-05,
2026-08-10 00:00:00,6.680000000000004e-06,
2026-08-10 08:00:00,2.0329999999999997e-05,
2026-08-10 16:00:00,8.566e-05,
2026-08-11 00:00:00,8.896e-05,
2026-08-11 08:00:00,3.728000000000001e-05,
2026-08-11 16:00:00,4.575000000000001e-05,
2026-08-12 00:00:00,0.0,
2026-08-12 08:00:00,2.7100000000000008e-05,
2026-08-12 16:00:00,4.274000000000001e-05,
2026-08-13 00:00:00,1.2980000000000008e-05,
2026-08-13 08:00:00,1.477000000000001e-05,
2026-08-13 16:00:00,3.7069999999999996e-05,
2026-08-14 00:00:00,7.303e-05,
2026-08-14 08:00:00,0.00010675,
2026-08-14 16:00:00,9.314e-05,
2026-08-15 00:00:00,-7.620000000000005e-06,
2026-08-15 08:00:00,5.632e-05,
2026-08-15 16:00:00,4.055e-05,
2026-08-16 00:00:00,7.651000000000001e-05,
2026-08-16 08:00:00,3.691e-05,
2026-08-16 16:00:00,6.03e-05,
2026-08-17 00:00:00,7.277000000000001e-05,
2026-08-17 08:00:00,3.269e-05,
2026-08-17 16:00:00,-2.331e-05,
2026-08-18 00:00:00,-5.101e-05,
2026-08-18 08:00:00,1.6000000000000016e-06,
2026-08-18 16:00:00,1.7000000000000007e-06,
2026-08-19 00:00:00,6.405000000000001e-05,
2026-08-19 08:00:00,4.013e-05,
2026-08-19 16:00:00,-7.649000000000001e-05,
2026-08-20 00:00:00,0.0,
2026-08-20 08:00:00,-0.00010410000000000001,
2026-08-20 16:00:00,-7.287e-05,
2026-08-21 00:00:00,-5.2539999999999995e-05,
2026-08-21 08:00:00,0.0,
2026-08-21 16:00:00,0.0,
2026-08-22 00:00:00,0.0,
2026-08-22 08:00:00,0.0,
2026-08-22 16:00:00,0.0,
2026-08-23 00:00:00,0.0,
2026-08-23 08:00:00,0.0,
2026-08-23 16:00:00,0.0,
2026-08-24 00:00:00,0.0,
2026-08-24 08:00:00,0.0,
2026-08-24 16:00:00,0.0,
2026-08-25 00:00:00,6.980000000000004e-06,
2026-08-25 08:00:00,3.264e-05,
2026-08-25 16:00:00,2.6019999999999998e-05,
2026-08-26 00:00:00,6.856000000000001e-05,
2026-08-26 08:00:00,0.0,
2026-08-26 16:00:00,-1.3980000000000005e-05,
2026-08-27 00:00:00,0.0,
2026-08-27 08:00:00,3.774e-05,
2026-08-27 16:00:00,8.918000000000001e-05,
2026-08-28 00:00:00,5.52e-05,
2026-08-28 08:00:00,3.47e-05,
2026-08-28 16:00:00,-0.00010543,
2026-08-29 00:00:00,-4.3999999999999985e-06,
2026-08-29 08:00:00,-4.862e-05,
2026-08-29 16:00:00,-4.033e-05,
2026-08-30 00:00:00,2.489e-05,
2026-08-30 08:00:00,1.676e-05,
2026-08-30 16:00:00,-3.727e-05,
2026-08-31 00:00:00,-1.5490000000000002e-05,
2026-08-31 08:00:00,1.395e-05,
2026-08-31 16:00:00,-4.8e-05,
2026-09-01 00:00:00,2.0280000000000002e-05,
2026-09-01 08:00:00,4.3700000000000005e-06,
2026-09-01 16:00:00,8.900000000000001e-05,
2026-09-02 00:00:00,9.908000000000001e-05,
2026-09-02 08:00:00,4.9040000000000005e-05,
2026-09-02 16:00:00,-3.14e-05,
2026-09-03 00:00:00,1.0280000000000003e-05,
2026-09-03 08:00:00,1.770000000000005e-06,
2026-09-03 16:00:00,1.2110000000000004e-05,
2026-09-04 00:00:00,4.670000000000008e-06,
2026-09-04 08:00:00,3.976e-05,
2026-09-04 16:00:00,-1.551e-05,
2026-09-05 00:00:00,7.779e-05,
2026-09-05 08:00:00,-3.2619999999999996e-05,
2026-09-05 16:00:00,8.14e-05,
2026-09-06 00:00:00,2.9800000000000006e-05,
2026-09-06 08:00:00,2.8600000000000004e-05,
2026-09-06 16:00:00,8.15e-05,
2026-09-07 00:00:00,3.2470000000000006e-05,
2026-09-07 08:00:00,6.421e-05,
2026-09-07 16:00:00,4.5900000000000004e-05,
2026-09-08 00:00:00,-7.395e-05,
2026-09-08 08:00:00,5.0940000000000004e-05,
2026-09-08 16:00:00,-2.3659999999999997e-05,
2026-09-09 00:00:00,-1.1309999999999998e-05,
2026-09-09 08:00:00,-4.5849999999999996e-05,
2026-09-09 16:00:00,-2.519e-05,
2026-09-10 00:00:00,2.9700000000000004e-06,
2026-09-10 08:00:00,-1.832e-05,
2026-09-10 16:00:00,0.0001596,
2026-09-11 00:00:00,-6.599999999999996e-07,
2026-09-11 08:00:00,-8.014e-05,
2026-09-11 16:00:00,-7.697e-05,
2026-09-12 00:00:00,2.769e-05,
2026-09-12 08:00:00,4.034e-05,
2026-09-12 16:00:00,-6.472e-05,
2026-09-13 00:00:00,-1.795e-05,
2026-09-13 08:00:00,-3.6e-05,
2026-09-13 16:00:00,6.560000000000005e-06,
2026-09-14 00:00:00,2.2700000000000037e-06,
2026-09-14 08:00:00,-7.671e-05,
2026-09-14 16:00:00,1.5280000000000003e-05,
2026-09-15 00:00:00,1.1309999999999998e-05,
2026-09-15 08:00:00,7.107000000000001e-05,
2026-09-15 16:00:00,9.944000000000001e-05,
2026-09-16 00:00:00,1.643e-05,
2026-09-16 08:00:00,7.867e-05,
2026-09-16 16:00:00,4.039999999999999e-06,
2026-09-17 00:00:00,3.9359999999999996e-05,
2026-09-17 08:00:00,1.1880000000000001e-05,
2026-09-17 16:00:00,-1.0949999999999995e-05,
