timestamp,rate,mark_price
2021-12-01 00:00:00,-6.249999999999999e-05,
2021-12-01 08:00:00,0.0,
2021-12-01 16:00:00,0.0,
2021-12-02 00:00:00,0.0,
2021-12-02 08:00:00,0.0,
2021-12-02 16:00:00,0.0,
2021-12-03 00:00:00,-2.5620000000000002e-05,
2021-12-03 08:00:00,0.0,
2021-12-03 16:00:00,0.0,
2021-12-04 00:00:00,0.0,
2021-12-04 08:00:00,-4.786e-05,
2021-12-04 16:00:00,0.0,
2021-12-05 00:00:00,0.0,
2021-12-05 08:00:00,0.0,
2021-12-05 16:00:00,0.0,
2021-12-06 00:00:00,0.0,
2021-12-06 08:00:00,0.0,
2021-12-06 16:00:00,0.0,
2021-12-07 00:00:00,-0.00013201,
2021-12-07 08:00:00,2.940000000000001e-05,
2021-12-07 16:00:00,-2.0190000000000008e-05,
2021-12-08 00:00:00,0.0,
2021-12-08 08:00:00,0.0,
2021-12-08 16:00:00,0.0,
2021-12-09 00:00:00,-7.939000000000001e-05,
2021-12-09 08:00:00,0.0,
2021-12-09 16:00:00,0.0,
2021-12-10 00:00:00,-0.00011892,
2021-12-10 08:00:00,0.0,
2021-12-10 16:00:00,-6.439999999999999e-06,
2021-12-11 00:00:00,0.0,
2021-12-11 08:00:00,0.0,
2021-12-11 16:00:00,-3.5759999999999996e-05,
2021-12-12 00:00:00,-3.5000000000000038e-06,
2021-12-12 08:00:00,-5.572e-05,
2021-12-12 16:00:00,-0.00013717,
2021-12-13 00:00:00,-3.303e-05,
2021-12-13 08:00:00,0.00015974,
2021-12-13 16:00:00,5.8370000000000005e-05,
2021-12-14 00:00:00,0.00015267000000000001,
2021-12-14 08:00:00,0.0,
2021-12-14 16:00:00,0.0,
2021-12-15 00:00:00,-4.1460000000000006e-05,
2021-12-15 08:00:00,0.0,
2021-12-15 16:00:00,0.0,
2021-12-16 00:00:00,0.0,
2021-12-16 08:00:00,0.0,
2021-12-16 16:00:00,6.766000000000001e-05,
2021-12-17 00:00:00,0.0,
2021-12-17 08:00:00,0.0,
2021-12-17 16:00:00,-0.00010876000000000001,
2021-12-18 00:00:00,0.0,
2021-12-18 08:00:00,4.5780000000000006e-05,
2021-12-18 16:00:00,0.0,
2021-12-19 00:00:00,5.6470000000000007e-05,
2021-12-19 08:00:00,0.0,
2021-12-19 16:00:00,0.0,
2021-12-20 00:00:00,0.0,
2021-12-20 08:00:00,0.0,
2021-12-20 16:00:00,0.0,
2021-12-21 00:00:00,0.0,
2021-12-21 08:00:00,0.0,
2021-12-21 16:00:00,0.0,
2021-12-22 00:00:00,0.0,
2021-12-22 08:00:00,0.0,
2021-12-22 16:00:00,0.0,
2021-12-23 00:00:00,0.0,
2021-12-23 08:00:00,0.0,
2021-12-23 16:00:00,6.617e-05,
2021-12-24 00:00:00,0.0,
2021-12-24 08:00:00,0.0,
2021-12-24 16:00:00,0.0,
2021-12-25 00:00:00,0.0,
2021-12-25 08:00:00,0.0,
2021-12-25 16:00:00,0.0,
2021-12-26 00:00:00,0.0,
2021-12-26 08:00:00,0.0,
2021-12-26 16:00:00,0.0,
2021-12-27 00:00:00,0.0,
2021-12-27 08:00:00,0.0,
2021-12-27 16:00:00,0.0,
2021-12-28 00:00:00,0.0,
2021-12-28 08:00:00,7.746000000000001e-05,
2021-12-28 16:00:00,5.7740000000000006e-05,
2021-12-29 00:00:00,1.9360000000000004e-05,
2021-12-29 08:00:00,0.0,
2021-12-29 16:00:00,3.141e-05,
2021-12-30 00:00:00,7.680000000000008e-06,
2021-12-30 08:00:00,0.00010764,
2021-12-30 16:00:00,0.0,
2021-12-31 00:00:00,3.151e-05,
2021-12-31 08:00:00,9.028000000000001e-05,
2021-12-31 16:00:00,0.0,
2022-01-01 00:00:00,0.0,
2022-01-01 08:00:00,0.0,
2022-01-01 16:00:00,0.0,
2022-01-02 00:00:00,5.133e-05,
2022-01-02 08:00:00,7.737e-05,
2022-01-02 16:00:00,3.286000000000001e-05,
2022-01-03 00:00:00,3.0270000000000007e-05,
2022-01-03 08:00:00,4.9160000000000004e-05,
2022-01-03 16:00:00,2.6060000000000005e-05,
2022-01-04 00:00:00,0.0,
2022-01-04 08:00:00,0.0,
2022-01-04 16:00:00,0.0,
2022-01-05 00:00:00,0.0,
2022-01-05 08:00:00,0.0,
2022-01-05 16:00:00,0.0,
2022-01-06 00:00:00,4.6240000000000005e-05,
2022-01-06 08:00:00,0.0,
2022-01-06 16:00:00,5.6680000000000006e-05,
2022-01-07 00:00:00,6.81e-05,
2022-01-07 08:00:00,0.0,
2022-01-07 16:00:00,0.0,
2022-01-08 00:00:00,0.0,
2022-01-08 08:00:00,0.0,
2022-01-08 16:00:00,0.0,
2022-01-09 00:00:00,0.0,
2022-01-09 08:00:00,0.00017234,
2022-01-09 16:00:00,4.53e-05,
2022-01-10 00:00:00,0.0001963,
2022-01-10 08:00:00,0.00016361000000000001,
2022-01-10 16:00:00,8.401e-05,
2022-01-11 00:00:00,0.0,
2022-01-11 08:00:00,3.8020000000000005e-05,
2022-01-11 16:00:00,7.282e-05,
2022-01-12 00:00:00,0.00016878,
2022-01-12 08:00:00,1.964000000000001e-05,
2022-01-12 16:00:00,0.00029812,
2022-01-13 00:00:00,0.00012315,
2022-01-13 08:00:00,0.0,
2022-01-13 16:00:00,0.00011444000000000001,
2022-01-14 00:00:00,0.0,
2022-01-14 08:00:00,0.0,
2022-01-14 16:00:00,0.00011294,
2022-01-15 00:00:00,3.6800000000000054e-06,
2022-01-15 08:00:00,0.0,
2022-01-15 16:00:00,0.0,
2022-01-16 00:00:00,7.776e-05,
2022-01-16 08:00:00,2.149999999999998e-06,
2022-01-16 16:00:00,1.4150000000000005e-05,
2022-01-17 00:00:00,7.317e-05,
2022-01-17 08:00:00,5.75e-05,
2022-01-17 16:00:00,0.00015944,
2022-01-18 00:00:00,2.4510000000000008e-05,
2022-01-18 08:00:00,6.374000000000001e-05,
2022-01-18 16:00:00,0.0,
2022-01-19 00:00:00,0.0,
2022-01-19 08:00:00,0.0001172,
2022-01-19 16:00:00,-6.306000000000001e-05,
2022-01-20 00:00:00,0.0,
2022-01-20 08:00:00,0.0,
2022-01-20 16:00:00,0.0,
2022-01-21 00:00:00,6.951e-05,
2022-01-21 08:00:00,0.00015915,
2022-01-21 16:00:00,1.553000000000001e-05,
2022-01-22 00:00:00,2.8550000000000003e-05,
2022-01-22 08:00:00,-3.9300000000000115e-06,
2022-01-22 16:00:00,-8.166e-05,
2022-01-23 00:00:00,0.0,
2022-01-23 08:00:00,5.199e-05,
2022-01-23 16:00:00,0.0001806,
2022-01-24 00:00:00,0.0,
2022-01-24 08:00:00,0.00018203000000000002,
2022-01-24 16:00:00,0.0,
2022-01-25 00:00:00,8.305000000000001e-05,
2022-01-25 08:00:00,4.169e-05,
2022-01-25 16:00:00,0.0001788,
2022-01-26 00:00:00,0.00014048,
2022-01-26 08:00:00,0.00017941000000000002,
2022-01-26 16:00:00,0.00030069,
2022-01-27 00:00:00,0.00018756,
2022-01-27 08:00:00,7.199000000000001e-05,
2022-01-27 16:00:00,0.00018593,
2022-01-28 00:00:00,0.00015623,
2022-01-28 08:00:00,0.00010297,
2022-01-28 16:00:00,0.00018379,
2022-01-29 00:00:00,1.28e-05,
2022-01-29 08:00:00,0.0,
2022-01-29 16:00:00,0.00010997,
2022-01-30 00:00:00,7.152e-05,
2022-01-30 08:00:00,0.00016536,
2022-01-30 16:00:00,7.011e-05,
2022-01-31 00:00:00,4.8610000000000004e-05,
2022-01-31 08:00:00,0.00020687,
2022-01-31 16:00:00,0.00011151000000000001,
2022-02-01 00:00:00,0.0,
2022-02-01 08:00:00,0.00020276000000000002,
2022-02-01 16:00:00,0.00030797,
2022-02-02 00:00:00,0.00016256000000000002,
2022-02-02 08:00:00,0.00010017,
2022-02-02 16:00:00,9.593000000000001e-05,
2022-02-03 00:00:00,0.00048034,
2022-02-03 08:00:00,0.0001585,
2022-02-03 16:00:00,0.00017881,
2022-02-04 00:00:00,0.0,
2022-02-04 08:00:00,-4.3440000000000004e-05,
2022-02-04 16:00:00,0.0,
2022-02-05 00:00:00,0.0,
2022-02-05 08:00:00,2.544e-05,
2022-02-05 16:00:00,5.649e-05,
2022-02-06 00:00:00,0.0,
2022-02-06 08:00:00,0.0,
2022-02-06 16:00:00,0.0,
2022-02-07 00:00:00,0.00010725,
2022-02-07 08:00:00,1.8500000000000002e-05,
2022-02-07 16:00:00,8.509e-05,
2022-02-08 00:00:00,0.0,
2022-02-08 08:00:00,8.38e-05,
2022-02-08 16:00:00,2.2820000000000002e-05,
2022-02-09 00:00:00,0.0,
2022-02-09 08:00:00,0.00010162,
2022-02-09 16:00:00,2.8840000000000002e-05,
2022-02-10 00:00:00,0.00012777,
2022-02-10 08:00:00,0.00013259,
2022-02-10 16:00:00,3.237e-05,
2022-02-11 00:00:00,0.00021327,
2022-02-11 08:00:00,0.0,
2022-02-11 16:00:00,0.00014783,
2022-02-12 00:00:00,-2.9380000000000007e-05,
2022-02-12 08:00:00,-0.00012115,
2022-02-12 16:00:00,0.0,
2022-02-13 00:00:00,4.279e-05,
2022-02-13 08:00:00,-0.00013399,
2022-02-13 16:00:00,6.285000000000001e-05,
2022-02-14 00:00:00,8.450000000000002e-06,
2022-02-14 08:00:00,3.471e-05,
2022-02-14 16:00:00,0.0,
2022-02-15 00:00:00,2.6210000000000008e-05,
2022-02-15 08:00:00,5.428e-05,
2022-02-15 16:00:00,0.00015099,
2022-02-16 00:00:00,0.0,
2022-02-16 08:00:00,0.0,
2022-02-16 16:00:00,0.0,
2022-02-17 00:00:00,0.0,
2022-02-17 08:00:00,8.389000000000001e-05,
2022-02-17 16:00:00,5.229e-05,
2022-02-18 00:00:00,-5.820000000000002e-06,
2022-02-18 08:00:00,0.00019187000000000002,
2022-02-18 16:00:00,6.492e-05,
2022-02-19 00:00:00,0.0,
2022-02-19 08:00:00,2.961000000000001e-05,
2022-02-19 16:00:00,5.1170000000000006e-05,
2022-02-20 00:00:00,0.00013349,
2022-02-20 08:00:00,4.5860000000000005e-05,
2022-02-20 16:00:00,6.736e-05,
2022-02-21 00:00:00,2.9880000000000005e-05,
2022-02-21 08:00:00,0.00024003000000000002,
2022-02-21 16:00:00,2.9930000000000007e-05,
2022-02-22 00:00:00,-1.667e-05,
2022-02-22 08:00:00,6.32e-05,
2022-02-22 16:00:00,-1.0099999999999988e-06,
2022-02-23 00:00:00,9.000000000000761e-08,
2022-02-23 08:00:00,7.810000000000001e-06,
2022-02-23 16:00:00,0.00013644,
2022-02-24 00:00:00,0.00011113,
2022-02-24 08:00:00,0.00012322,
2022-02-24 16:00:00,0.00014110000000000001,
2022-02-25 00:00:00,0.0,
2022-02-25 08:00:00,-5.821000000000001e-05,
2022-02-25 16:00:00,0.0,
2022-02-26 00:00:00,0.0,
2022-02-26 08:00:00,0.0,
2022-02-26 16:00:00,0.0,
2022-02-27 00:00:00,-3.290000000000004e-06,
2022-02-27 08:00:00,9.493e-05,
2022-02-27 16:00:00,-4.09000000000001e-06,
2022-02-28 00:00:00,0.00025064,
2022-02-28 08:00:00,2.872999999999999e-05,
2022-02-28 16:00:00,-0.00014763,
2022-03-01 00:00:00,-0.00013671,
2022-03-01 08:00:00,-0.00016512999999999999,
2022-03-01 16:00:00,-6.246e-05,
2022-03-02 00:00:00,0.0,
2022-03-02 08:00:00,0.0,
2022-03-02 16:00:00,0.0,
2022-03-03 00:00:00,0.0,
2022-03-03 08:00:00,0.0,
2022-03-03 16:00:00,0.0,
2022-03-04 00:00:00,-5.165e-05,
2022-03-04 08:00:00,-9.622000000000001e-05,
2022-03-04 16:00:00,-7.913000000000001e-05,
2022-03-05 00:00:00,7.450000000000005e-06,
2022-03-05 08:00:00,-3.756e-05,
2022-03-05 16:00:00,6.936e-05,
2022-03-06 00:00:00,0.00018875,
2022-03-06 08:00:00,2.8470000000000004e-05,
2022-03-06 16:00:00,-0.00011093,
2022-03-07 00:00:00,-0.00010277999999999999,
2022-03-07 08:00:00,0.00011,
2022-03-07 16:00:00,1.3310000000000006e-05,
2022-03-08 00:00:00,0.00012749000000000001,
2022-03-08 08:00:00,0.0,
2022-03-08 16:00:00,0.0,
2022-03-09 00:00:00,-7.062999999999999e-05,
2022-03-09 08:00:00,0.0,
2022-03-09 16:00:00,0.0,
2022-03-10 00:00:00,0.0,
2022-03-10 08:00:00,4.44e-05,
2022-03-10 16:00:00,0.00010522,
2022-03-11 00:00:00,7.458000000000001e-05,
2022-03-11 08:00:00,0.00011914,
2022-03-11 16:00:00,1.7890000000000007e-05,
2022-03-12 00:00:00,0.0,
2022-03-12 08:00:00,4.975e-05,
2022-03-12 16:00:00,3.745e-05,
2022-03-13 00:00:00,7.884e-05,
2022-03-13 08:00:00,0.0,
2022-03-13 16:00:00,0.00012698,
2022-03-14 00:00:00,0.00020352,
2022-03-14 08:00:00,-3.089000000000001e-05,
2022-03-14 16:00:00,0.0,
2022-03-15 00:00:00,0.0,
2022-03-15 08:00:00,-5.202e-05,
2022-03-15 16:00:00,0.00014856,
2022-03-16 00:00:00,-6.627e-05,
2022-03-16 08:00:00,8.69e-06,
2022-03-16 16:00:00,4.6840000000000006e-05,
2022-03-17 00:00:00,0.0,
2022-03-17 08:00:00,0.0,
2022-03-17 16:00:00,0.0,
2022-03-18 00:00:00,0.0,
2022-03-18 08:00:00,5.291000000000001e-05,
2022-03-18 16:00:00,4.083000000000001e-05,
2022-03-19 00:00:00,-8.393e-05,
2022-03-19 08:00:00,0.0,
2022-03-19 16:00:00,0.0,
2022-03-20 00:00:00,0.0,
2022-03-20 08:00:00,0.0,
2022-03-20 16:00:00,0.0,
2022-03-21 00:00:00,0.0,
2022-03-21 08:00:00,0.0,
2022-03-21 16:00:00,0.0,
2022-03-22 00:00:00,0.0,
2022-03-22 08:00:00,0.0,
2022-03-22 16:00:00,0.0,
2022-03-23 00:00:00,0.0,
2022-03-23 08:00:00,1.4960000000000006e-05,
2022-03-23 16:00:00,0.00013582,
2022-03-24 00:00:00,0.00011813000000000001,
2022-03-24 08:00:00,0.0,
2022-03-24 16:00:00,0.0,
2022-03-25 00:00:00,0.0,
2022-03-25 08:00:00,-2.4540000000000006e-05,
2022-03-25 16:00:00,-6.600000000000106e-07,
2022-03-26 00:00:00,0.0,
2022-03-26 08:00:00,5.021e-05,
2022-03-26 16:00:00,0.0,
2022-03-27 00:00:00,2.424e-05,
2022-03-27 08:00:00,9.273e-05,
2022-03-27 16:00:00,0.00011708000000000001,
2022-03-28 00:00:00,0.0,
2022-03-28 08:00:00,0.0,
2022-03-28 16:00:00,0.0,
2022-03-29 00:00:00,0.0,
2022-03-29 08:00:00,0.0,
2022-03-29 16:00:00,1.731000000000001e-05,
2022-03-30 00:00:00,0.0,
2022-03-30 08:00:00,0.0,
2022-03-30 16:00:00,0.0,
2022-03-31 00:00:00,0.0,
2022-03-31 08:00:00,0.0,
2022-03-31 16:00:00,0.0,
2022-04-01 00:00:00,0.0,
2022-04-01 08:00:00,0.0,
2022-04-01 16:00:00,0.0,
2022-04-02 00:00:00,0.0,
2022-04-02 08:00:00,0.0,
2022-04-02 16:00:00,0.0,
2022-04-03 00:00:00,0.0,
2022-04-03 08:00:00,0.0,
2022-04-03 16:00:00,0.0,
2022-04-04 00:00:00,0.0,
2022-04-04 08:00:00,7.104e-05,
2022-04-04 16:00:00,0.0,
2022-04-05 00:00:00,0.0,
2022-04-05 08:00:00,0.0,
2022-04-05 16:00:00,2.026e-05,
2022-04-06 00:00:00,5.300000000000007e-06,
2022-04-06 08:00:00,0.00020289,
2022-04-06 16:00:00,3.9720000000000006e-05,
2022-04-07 00:00:00,-7.149999999999998e-06,
2022-04-07 08:00:00,0.00019817,
2022-04-07 16:00:00,5.415e-05,
2022-04-08 00:00:00,0.00010967000000000001,
2022-04-08 08:00:00,0.00013214,
2022-04-08 16:00:00,0.0,
2022-04-09 00:00:00,0.0,
2022-04-09 08:00:00,0.0,
2022-04-09 16:00:00,0.0,
2022-04-10 00:00:00,0.0,
2022-04-10 08:00:00,0.0,
2022-04-10 16:00:00,4.020000000000001e-05,
2022-04-11 00:00:00,-3.2300000000000013e-06,
2022-04-11 08:00:00,0.0,
2022-04-11 16:00:00,0.0,
2022-04-12 00:00:00,0.00013306,
2022-04-12 08:00:00,0.00014036000000000002,
2022-04-12 16:00:00,0.00026064,
2022-04-13 00:00:00,0.00012262000000000002,
2022-04-13 08:00:00,0.00016712,
2022-04-13 16:00:00,5.4189999999999994e-05,
2022-04-14 00:00:00,7.795e-05,
2022-04-14 08:00:00,4.407e-05,
2022-04-14 16:00:00,0.00013051,
2022-04-15 00:00:00,0.00020816,
2022-04-15 08:00:00,0.00013677,
2022-04-15 16:00:00,9.754e-05,
2022-04-16 00:00:00,8.292e-05,
2022-04-16 08:00:00,0.00022313999999999998,
2022-04-16 16:00:00,0.00013323,
2022-04-17 00:00:00,7.520000000000001e-05,
2022-04-17 08:00:00,0.00016458,
2022-04-17 16:00:00,7.063e-05,
2022-04-18 00:00:00,6.464e-05,
2022-04-18 08:00:00,0.00013845,
2022-04-18 16:00:00,0.00023169,
2022-04-19 00:00:00,4.650000000000005e-06,
2022-04-19 08:00:00,6.0240000000000006e-05,
2022-04-19 16:00:00,7.749e-05,
2022-04-20 00:00:00,0.0,
2022-04-20 08:00:00,3.405e-05,
2022-04-20 16:00:00,0.00010105,
2022-04-21 00:00:00,0.00019577,
2022-04-21 08:00:00,0.00022991,
2022-04-21 16:00:00,0.00010956,
2022-04-22 00:00:00,0.00021914,
2022-04-22 08:00:00,0.00027158,
2022-04-22 16:00:00,0.00012649,
2022-04-23 00:00:00,6.222000000000001e-05,
2022-04-23 08:00:00,0.00020115,
2022-04-23 16:00:00,0.00018574,
2022-04-24 00:00:00,0.00019091,
2022-04-24 08:00:00,0.00015652,
2022-04-24 16:00:00,-5.1290000000000005e-05,
2022-04-25 00:00:00,9.679e-05,
2022-04-25 08:00:00,0.00010317,
2022-04-25 16:00:00,0.00034996,
2022-04-26 00:00:00,0.0,
2022-04-26 08:00:00,0.0,
2022-04-26 16:00:00,5.009e-05,
2022-04-27 00:00:00,0.00019048,
2022-04-27 08:00:00,0.0003569,
2022-04-27 16:00:00,7.409e-05,
2022-04-28 00:00:00,0.00011675,
2022-04-28 08:00:00,0.00015776,
2022-04-28 16:00:00,0.0,
2022-04-29 00:00:00,0.0,
2022-04-29 08:00:00,0.0,
2022-04-29 16:00:00,5.4220000000000006e-05,
2022-04-30 00:00:00,0.00015819,
2022-04-30 08:00:00,0.00015202,
2022-04-30 16:00:00,0.00015736,
2022-05-01 00:00:00,4.848e-05,
2022-05-01 08:00:00,8.965999999999999e-05,
2022-05-01 16:00:00,2.7940000000000004e-05,
2022-05-02 00:00:00,5.08e-05,
2022-05-02 08:00:00,0.00017704,
2022-05-02 16:00:00,0.00010236,
2022-05-03 00:00:00,-1.3550000000000004e-05,
2022-05-03 08:00:00,1.4609999999999997e-05,
2022-05-03 16:00:00,-2.1020000000000012e-05,
2022-05-04 00:00:00,7.790000000000005e-06,
2022-05-04 08:00:00,0.0,
2022-05-04 16:00:00,-2.654e-05,
2022-05-05 00:00:00,0.0,
2022-05-05 08:00:00,0.0,
2022-05-05 16:00:00,-3.277e-05,
2022-05-06 00:00:00,9.213e-05,
2022-05-06 08:00:00,-1.8329999999999996e-05,
2022-05-06 16:00:00,0.00010246,
2022-05-07 00:00:00,-0.00014481999999999999,
2022-05-07 08:00:00,-0.00016458,
2022-05-07 16:00:00,4.609999999999998e-06,
2022-05-08 00:00:00,-0.00017908,
2022-05-08 08:00:00,-7.486e-05,
2022-05-08 16:00:00,-1.7030000000000005e-05,
2022-05-09 00:00:00,-0.00012907,
2022-05-09 08:00:00,-9.414e-05,
2022-05-09 16:00:00,-7.815e-05,
2022-05-10 00:00:00,-0.00014739,
2022-05-10 08:00:00,3.902e-05,
2022-05-10 16:00:00,0.0,
2022-05-11 00:00:00,2.4020000000000004e-05,
2022-05-11 08:00:00,-7.402e-05,
2022-05-11 16:00:00,-0.00036563000000000003,
2022-05-12 00:00:00,0.00016356,
2022-05-12 08:00:00,0.00041115999999999993,
2022-05-12 16:00:00,0.00033765,
2022-05-13 00:00:00,0.00016659,
2022-05-13 08:00:00,0.00020789,
2022-05-13 16:00:00,0.00012742,
2022-05-14 00:00:00,4.9710000000000003e-05,
2022-05-14 08:00:00,8.760000000000004e-06,
2022-05-14 16:00:00,6.29999999999999e-07,
2022-05-15 00:00:00,0.0,
2022-05-15 08:00:00,-4.649999999999991e-06,
2022-05-15 16:00:00,-2.3590000000000003e-05,
2022-05-16 00:00:00,0.0,
2022-05-16 08:00:00,0.0,
2022-05-16 16:00:00,8.120000000000001e-05,
2022-05-17 00:00:00,3.659e-05,
2022-05-17 08:00:00,0.00020278,
2022-05-17 16:00:00,9.152e-05,
2022-05-18 00:00:00,2.893000000000001e-05,
2022-05-18 08:00:00,0.00011537,
2022-05-18 16:00:00,0.00013653,
2022-05-19 00:00:00,0.00015373,
2022-05-19 08:00:00,-1.0099999999999996e-06,
2022-05-19 16:00:00,4.3809999999999996e-05,
2022-05-20 00:00:00,-0.00017829,
2022-05-20 08:00:00,-7.060000000000001e-05,
2022-05-20 16:00:00,7.969999999999993e-06,
2022-05-21 00:00:00,-3.8669999999999994e-05,
2022-05-21 08:00:00,-3.932999999999999e-05,
2022-05-21 16:00:00,3.834e-05,
2022-05-22 00:00:00,4.026e-05,
2022-05-22 08:00:00,3.886999999999999e-05,
2022-05-22 16:00:00,0.0,
2022-05-23 00:00:00,0.0,
2022-05-23 08:00:00,0.0,
2022-05-23 16:00:00,0.0,
2022-05-24 00:00:00,6.386e-05,
2022-05-24 08:00:00,6.039999999999996e-06,
2022-05-24 16:00:00,7.994999999999999e-05,
2022-05-25 00:00:00,8.772000000000001e-05,
2022-05-25 08:00:00,-7.144000000000001e-05,
2022-05-25 16:00:00,-3.9599999999999994e-05,
2022-05-26 00:00:00,0.0,
2022-05-26 08:00:00,-1.3460000000000003e-05,
2022-05-26 16:00:00,0.0001222,
2022-05-27 00:00:00,-6.595e-05,
2022-05-27 08:00:00,-9.514e-05,
2022-05-27 16:00:00,-1.0789999999999997e-05,
2022-05-28 00:00:00,-7.226e-05,
2022-05-28 08:00:00,-6.837999999999999e-05,
2022-05-28 16:00:00,-1.2479999999999999e-05,
2022-05-29 00:00:00,-0.00016536,
2022-05-29 08:00:00,-0.00012893,
2022-05-29 16:00:00,2.3239999999999998e-05,
2022-05-30 00:00:00,-4.173999999999999e-05,
2022-05-30 08:00:00,8.378e-05,
2022-05-30 16:00:00,0.0,
2022-05-31 00:00:00,2.2390000000000008e-05,
2022-05-31 08:00:00,0.0,
2022-05-31 16:00:00,0.0,
2022-06-01 00:00:00,0.0,
2022-06-01 08:00:00,-1.5000000000000094e-06,
2022-06-01 16:00:00,-1.5330000000000004e-05,
2022-06-02 00:00:00,3.399999999999999e-05,
2022-06-02 08:00:00,3.015e-05,
2022-06-02 16:00:00,5.3009999999999996e-05,
2022-06-03 00:00:00,3.252e-05,
2022-06-03 08:00:00,-1.2400000000000003e-05,
2022-06-03 16:00:00,-3.227e-05,
2022-06-04 00:00:00,0.0,
2022-06-04 08:00:00,0.0,
2022-06-04 16:00:00,7.000000000000001e-05,
2022-06-05 00:00:00,6.593000000000001e-05,
2022-06-05 08:00:00,4.754e-05,
2022-06-05 16:00:00,-2.1050000000000003e-05,
2022-06-06 00:00:00,-9.923000000000001e-05,
2022-06-06 08:00:00,4.03e-06,
2022-06-06 16:00:00,-8.164000000000001e-05,
2022-06-07 00:00:00,0.0,
2022-06-07 08:00:00,3.633e-05,
2022-06-07 16:00:00,8.441e-05,
2022-06-08 00:00:00,0.0,
2022-06-08 08:00:00,-3.318e-05,
2022-06-08 16:00:00,0.0,
2022-06-09 00:00:00,0.0,
2022-06-09 08:00:00,-7.82e-05,
2022-06-09 16:00:00,0.0,
2022-06-10 00:00:00,0.0,
2022-06-10 08:00:00,0.0,
2022-06-10 16:00:00,7.816e-05,
2022-06-11 00:00:00,-4.0510000000000003e-05,
2022-06-11 08:00:00,0.00015351999999999998,
2022-06-11 16:00:00,-0.00022382,
2022-06-12 00:00:00,-3.146e-05,
2022-06-12 08:00:00,3.9250000000000005e-05,
2022-06-12 16:00:00,-9.643e-05,
2022-06-13 00:00:00,-0.00011205,
2022-06-13 08:00:00,-0.00041938,
2022-06-13 16:00:00,-6.973999999999999e-05,
2022-06-14 00:00:00,2.399999999999977e-07,
2022-06-14 08:00:00,3.999999999999962e-08,
2022-06-14 16:00:00,3.595e-05,
2022-06-15 00:00:00,-0.00015907,
2022-06-15 08:00:00,-0.00012843,
2022-06-15 16:00:00,-0.00014696999999999998,
2022-06-16 00:00:00,0.00011444000000000001,
2022-06-16 08:00:00,2.8959999999999994e-05,
2022-06-16 16:00:00,6.59e-05,
2022-06-17 00:00:00,0.00019332,
2022-06-17 08:00:00,0.00013471,
2022-06-17 16:00:00,0.00022718,
2022-06-18 00:00:00,0.00015079999999999998,
2022-06-18 08:00:00,0.00033803,
2022-06-18 16:00:00,0.00010113,
2022-06-19 00:00:00,0.00025478,
2022-06-19 08:00:00,0.0001862,
2022-06-19 16:00:00,0.0,
2022-06-20 00:00:00,0.0,
2022-06-20 08:00:00,0.00012176,
2022-06-20 16:00:00,1.5560000000000007e-05,
2022-06-21 00:00:00,3.9850000000000006e-05,
2022-06-21 08:00:00,5.3020000000000004e-05,
2022-06-21 16:00:00,4.6700000000000003e-05,
2022-06-22 00:00:00,0.000123,
2022-06-22 08:00:00,0.00012551,
2022-06-22 16:00:00,0.00010445,
2022-06-23 00:00:00,0.00013383999999999998,
2022-06-23 08:00:00,3.677e-05,
2022-06-23 16:00:00,-1.518e-05,
2022-06-24 00:00:00,-6.517e-05,
2022-06-24 08:00:00,-5.054e-05,
2022-06-24 16:00:00,-3.492000000000001e-05,
2022-06-25 00:00:00,-6.118000000000001e-05,
2022-06-25 08:00:00,6.843e-05,
2022-06-25 16:00:00,6.027e-05,
2022-06-26 00:00:00,0.0,
2022-06-26 08:00:00,5.9029999999999996e-05,
2022-06-26 16:00:00,0.00018522,
2022-06-27 00:00:00,8.975e-05,
2022-06-27 08:00:00,0.00013136,
2022-06-27 16:00:00,0.00011725,
2022-06-28 00:00:00,-4.361e-05,
2022-06-28 08:00:00,-6.8200000000000025e-06,
2022-06-28 16:00:00,-0.00027036,
2022-06-29 00:00:00,-0.00021803,
2022-06-29 08:00:00,8.272000000000001e-05,
2022-06-29 16:00:00,-6.842e-05,
2022-06-30 00:00:00,-0.00012717999999999999,
2022-06-30 08:00:00,-9.269999999999998e-06,
2022-06-30 16:00:00,0.00031692,
2022-07-01 00:00:00,-5.940000000000014e-06,
2022-07-01 08:00:00,1.132e-05,
2022-07-01 16:00:00,0.00017632,
2022-07-02 00:00:00,0.0001045,
2022-07-02 08:00:00,0.00014376,
2022-07-02 16:00:00,0.00012875,
2022-07-03 00:00:00,1.898000000000001e-05,
2022-07-03 08:00:00,-4.26e-06,
2022-07-03 16:00:00,0.00010972,
2022-07-04 00:00:00,1.5129999999999999e-05,
2022-07-04 08:00:00,0.00024236,
2022-07-04 16:00:00,3.651e-05,
2022-07-05 00:00:00,9.177e-05,
2022-07-05 08:00:00,8.238000000000001e-05,
2022-07-05 16:00:00,5.720000000000001e-05,
2022-07-06 00:00:00,0.0,
2022-07-06 08:00:00,0.0,
2022-07-06 16:00:00,5.627e-05,
2022-07-07 00:00:00,0.0,
2022-07-07 08:00:00,0.0,
2022-07-07 16:00:00,3.109e-05,
2022-07-08 00:00:00,0.0,
2022-07-08 08:00:00,0.0,
2022-07-08 16:00:00,4.495e-05,
2022-07-09 00:00:00,4.8820000000000004e-05,
2022-07-09 08:00:00,-0.00014368,
2022-07-09 16:00:00,-9.567e-05,
2022-07-10 00:00:00,-3.697e-05,
2022-07-10 08:00:00,0.0,
2022-07-10 16:00:00,3.396000000000001e-05,
2022-07-11 00:00:00,8.898e-05,
2022-07-11 08:00:00,5.796000000000001e-05,
2022-07-11 16:00:00,4.1190000000000004e-05,
2022-07-12 00:00:00,1.2920000000000005e-05,
2022-07-12 08:00:00,-0.00023808,
2022-07-12 16:00:00,0.00020622000000000001,
2022-07-13 00:00:00,0.00022577,
2022-07-13 08:00:00,0.00025085,
2022-07-13 16:00:00,-2.987000000000001e-05,
2022-07-14 00:00:00,0.00014348,
2022-07-14 08:00:00,4.7499999999999996e-05,
2022-07-14 16:00:00,-0.00012971,
2022-07-15 00:00:00,-0.00011904,
2022-07-15 08:00:00,1.4090000000000002e-05,
2022-07-15 16:00:00,0.00010453,
2022-07-16 00:00:00,4.542e-05,
2022-07-16 08:00:00,2.947e-05,
2022-07-16 16:00:00,-4.4e-05,
2022-07-17 00:00:00,-2.8780000000000006e-05,
2022-07-17 08:00:00,-4.484e-05,
2022-07-17 16:00:00,8.939999999999999e-06,
2022-07-18 00:00:00,0.00012025000000000001,
2022-07-18 08:00:00,0.00010857,
2022-07-18 16:00:00,2.7500000000000004e-05,
2022-07-19 00:00:00,-8.208e-05,
2022-07-19 08:00:00,0.0,
2022-07-19 16:00:00,5.758000000000001e-05,
2022-07-20 00:00:00,-2.7330000000000004e-05,
2022-07-20 08:00:00,0.00014179,
2022-07-20 16:00:00,2.6819999999999997e-05,
2022-07-21 00:00:00,-0.00013037000000000001,
2022-07-21 08:00:00,0.0,
2022-07-21 16:00:00,-1.073e-05,
2022-07-22 00:00:00,0.0,
2022-07-22 08:00:00,0.0,
2022-07-22 16:00:00,6.830000000000001e-06,
2022-07-23 00:00:00,-0.00021728999999999997,
2022-07-23 08:00:00,3.4590000000000006e-05,
2022-07-23 16:00:00,-4.822e-05,
2022-07-24 00:00:00,-2.343000000000001e-05,
2022-07-24 08:00:00,0.0,
2022-07-24 16:00:00,-2.057e-05,
2022-07-25 00:00:00,-4.7600000000000005e-05,
2022-07-25 08:00:00,5.68e-05,
2022-07-25 16:00:00,-6.732e-05,
2022-07-26 00:00:00,-1.0490000000000003e-05,
2022-07-26 08:00:00,-0.00017348,
2022-07-26 16:00:00,-0.00016722,
2022-07-27 00:00:00,-0.00022661,
2022-07-27 08:00:00,-0.00014466,
2022-07-27 16:00:00,-0.00014898,
2022-07-28 00:00:00,0.0,
2022-07-28 08:00:00,0.0,
2022-07-28 16:00:00,0.0,
2022-07-29 00:00:00,0.0,
2022-07-29 08:00:00,0.0,
2022-07-29 16:00:00,0.0,
2022-07-30 00:00:00,0.0,
2022-07-30 08:00:00,0.0,
2022-07-30 16:00:00,4.9510000000000005e-05,
2022-07-31 00:00:00,5.5690000000000004e-05,
2022-07-31 08:00:00,0.0,
2022-07-31 16:00:00,4.4720000000000006e-05,
2022-08-01 00:00:00,1.770000000000005e-06,
2022-08-01 08:00:00,0.0,
2022-08-01 16:00:00,3.715000000000001e-05,
2022-08-02 00:00:00,0.0,
2022-08-02 08:00:00,8.383e-05,
2022-08-02 16:00:00,8.407e-05,
2022-08-03 00:00:00,3.112e-05,
2022-08-03 08:00:00,9.632e-05,
2022-08-03 16:00:00,0.00013047000000000002,
2022-08-04 00:00:00,8.817e-05,
2022-08-04 08:00:00,2.298e-05,
2022-08-04 16:00:00,2.8810000000000004e-05,
2022-08-05 00:00:00,2.351000000000001e-05,
2022-08-05 08:00:00,0.0,
2022-08-05 16:00:00,0.0,
2022-08-06 00:00:00,0.0,
2022-08-06 08:00:00,0.0,
2022-08-06 16:00:00,0.0,
2022-08-07 00:00:00,0.0,
2022-08-07 08:00:00,0.00012278000000000001,
2022-08-07 16:00:00,7.199000000000001e-05,
2022-08-08 00:00:00,0.0001133,
2022-08-08 08:00:00,7.195e-05,
2022-08-08 16:00:00,0.0,
2022-08-09 00:00:00,4.007000000000001e-05,
2022-08-09 08:00:00,0.00010321000000000001,
2022-08-09 16:00:00,4.429999999999999e-05,
2022-08-10 00:00:00,0.00017092,
2022-08-10 08:00:00,9.982e-05,
2022-08-10 16:00:00,0.0,
2022-08-11 00:00:00,0.0,
2022-08-11 08:00:00,5.6080000000000005e-05,
2022-08-11 16:00:00,8.217000000000001e-05,
2022-08-12 00:00:00,7.434e-05,
2022-08-12 08:00:00,4.784e-05,
2022-08-12 16:00:00,1.6640000000000003e-05,
2022-08-13 00:00:00,2.364000000000001e-05,
2022-08-13 08:00:00,5.9140000000000006e-05,
2022-08-13 16:00:00,7.265e-05,
2022-08-14 00:00:00,6.856000000000001e-05,
2022-08-14 08:00:00,1.7080000000000006e-05,
2022-08-14 16:00:00,9.781e-05,
2022-08-15 00:00:00,6.076000000000001e-05,
2022-08-15 08:00:00,-6.116e-05,
2022-08-15 16:00:00,0.00010897000000000001,
2022-08-16 00:00:00,0.00016888,
2022-08-16 08:00:00,6.667000000000001e-05,
2022-08-16 16:00:00,5.5969999999999994e-05,
2022-08-17 00:00:00,4.0730000000000005e-05,
2022-08-17 08:00:00,-6.803000000000001e-05,
2022-08-17 16:00:00,4.552e-05,
2022-08-18 00:00:00,7.686e-05,
2022-08-18 08:00:00,5.370000000000011e-06,
2022-08-18 16:00:00,6.551000000000001e-05,
2022-08-19 00:00:00,-2.1300000000000003e-05,
2022-08-19 08:00:00,-0.00014192,
2022-08-19 16:00:00,-2.079e-05,
2022-08-20 00:00:00,-0.00013858000000000002,
2022-08-20 08:00:00,1.993e-05,
2022-08-20 16:00:00,2.1780000000000005e-05,
2022-08-21 00:00:00,7.375e-05,
2022-08-21 08:00:00,5.9229999999999994e-05,
2022-08-21 16:00:00,0.00015809,
2022-08-22 00:00:00,0.0001111,
2022-08-22 08:00:00,-1.6390000000000004e-05,
2022-08-22 16:00:00,7.46e-06,
2022-08-23 00:00:00,3.4410000000000004e-05,
2022-08-23 08:00:00,0.00011800000000000001,
2022-08-23 16:00:00,0.00019315,
2022-08-24 00:00:00,0.00018879,
2022-08-24 08:00:00,0.00012313,
2022-08-24 16:00:00,9.462e-05,
2022-08-25 00:00:00,0.00011917,
2022-08-25 08:00:00,0.00011814,
2022-08-25 16:00:00,-9.550000000000002e-06,
2022-08-26 00:00:00,5.3870000000000004e-05,
2022-08-26 08:00:00,4.957e-05,
2022-08-26 16:00:00,-0.00013032,
2022-08-27 00:00:00,0.00011046,
2022-08-27 08:00:00,-2.359999999999999e-05,
2022-08-27 16:00:00,0.00023030000000000001,
2022-08-28 00:00:00,-4.1220000000000015e-05,
2022-08-28 08:00:00,0.00018800999999999996,
2022-08-28 16:00:00,-0.00036466,
2022-08-29 00:00:00,-0.00013489999999999997,
2022-08-29 08:00:00,0.00012412000000000002,
2022-08-29 16:00:00,9.557999999999999e-05,
2022-08-30 00:00:00,0.00015577,
2022-08-30 08:00:00,5.5830000000000006e-05,
2022-08-30 16:00:00,1.1549999999999996e-05,
2022-08-31 00:00:00,0.00016423,
2022-08-31 08:00:00,0.00010025000000000001,
2022-08-31 16:00:00,-0.00011539,
2022-09-01 00:00:00,7.830000000000001e-06,
2022-09-01 08:00:00,-0.00010607,
2022-09-01 16:00:00,0.00011871000000000001,
2022-09-02 00:00:00,4.527e-05,
2022-09-02 08:00:00,6.709000000000001e-05,
2022-09-02 16:00:00,1.111e-05,
2022-09-03 00:00:00,0.00012544999999999999,
2022-09-03 08:00:00,7.04e-05,
2022-09-03 16:00:00,1.4659999999999999e-05,
2022-09-04 00:00:00,-7.756000000000001e-05,
2022-09-04 08:00:00,8.919999999999996e-06,
2022-09-04 16:00:00,0.00016685000000000002,
2022-09-05 00:00:00,-2.526e-05,
2022-09-05 08:00:00,8.344e-05,
2022-09-05 16:00:00,9.253e-05,
2022-09-06 00:00:00,0.00026568,
2022-09-06 08:00:00,0.00023291000000000002,
2022-09-06 16:00:00,2.0249999999999998e-05,
2022-09-07 00:00:00,-1.8299999999999984e-05,
2022-09-07 08:00:00,0.00035434,
2022-09-07 16:00:00,0.00022668000000000002,
2022-09-08 00:00:00,5.132e-05,
2022-09-08 08:00:00,0.00011240000000000001,
2022-09-08 16:00:00,0.00013515,
2022-09-09 00:00:00,0.0001828,
2022-09-09 08:00:00,0.00013837000000000002,
2022-09-09 16:00:00,0.00022468,
2022-09-10 00:00:00,0.00017115,
2022-09-10 08:00:00,0.00030439000000000003,
2022-09-10 16:00:00,0.00024116000000000003,
2022-09-11 00:00:00,0.00021556,
2022-09-11 08:00:00,0.00026595,
2022-09-11 16:00:00,0.00041695999999999997,
2022-09-12 00:00:00,0.00039051,
2022-09-12 08:00:00,0.0003761,
2022-09-12 16:00:00,0.0004890200000000001,
2022-09-13 00:00:00,0.00038396999999999997,
2022-09-13 08:00:00,0.0005644,
2022-09-13 16:00:00,0.0005662,
2022-09-14 00:00:00,0.0009734699999999999,
2022-09-14 08:00:00,0.00179063,
2022-09-14 16:00:00,0.00182134,
2022-09-15 00:00:00,0.0030177,
2022-09-15 08:00:00,0.00207389,
2022-09-15 16:00:00,-5.9659999999999995e-05,
2022-09-16 00:00:00,-9.440000000000001e-06,
2022-09-16 08:00:00,7.358e-05,
2022-09-16 16:00:00,-0.00015529,
2022-09-17 00:00:00,6.389999999999998e-06,
2022-09-17 08:00:00,-0.00010585999999999999,
2022-09-17 16:00:00,5.889000000000001e-05,
2022-09-18 00:00:00,2.9829999999999997e-05,
2022-09-18 08:00:00,-3.3560000000000004e-05,
2022-09-18 16:00:00,-0.00016162000000000001,
2022-09-19 00:00:00,-4.806999999999999e-05,
2022-09-19 08:00:00,-2.603e-05,
2022-09-19 16:00:00,0.00014225,
2022-09-20 00:00:00,-8.9e-06,
2022-09-20 08:00:00,0.00016033,
2022-09-20 16:00:00,9.544e-05,
2022-09-21 00:00:00,7.968e-05,
2022-09-21 08:00:00,-9.938e-05,
2022-09-21 16:00:00,0.00011538999999999999,
2022-09-22 00:00:00,1.9339999999999988e-05,
2022-09-22 08:00:00,0.00029712,
2022-09-22 16:00:00,0.00023046999999999998,
2022-09-23 00:00:00,4.004e-05,
2022-09-23 08:00:00,0.00014759000000000002,
2022-09-23 16:00:00,0.00015042,
2022-09-24 00:00:00,8.509e-05,
2022-09-24 08:00:00,5.5320000000000006e-05,
2022-09-24 16:00:00,0.00018114999999999999,
2022-09-25 00:00:00,6.886e-05,
2022-09-25 08:00:00,0.00014292,
2022-09-25 16:00:00,9.551e-05,
2022-09-26 00:00:00,7.513e-05,
2022-09-26 08:00:00,-3.1000000000000076e-06,
2022-09-26 16:00:00,0.00011379,
2022-09-27 00:00:00,7.806000000000001e-05,
2022-09-27 08:00:00,-0.00014251,
2022-09-27 16:00:00,8.697e-05,
2022-09-28 00:00:00,0.00010325,
2022-09-28 08:00:00,0.00012348,
2022-09-28 16:00:00,0.00017573,
2022-09-29 00:00:00,3.9960000000000004e-05,
2022-09-29 08:00:00,-3.9330000000000005e-05,
2022-09-29 16:00:00,7.851e-05,
2022-09-30 00:00:00,8.83e-05,
2022-09-30 08:00:00,4.479999999999998e-06,
2022-09-30 16:00:00,-7.439e-05,
2022-10-01 00:00:00,-6.333e-05,
2022-10-01 08:00:00,3.143e-05,
2022-10-01 16:00:00,4.8830000000000005e-05,
2022-10-02 00:00:00,8.761000000000001e-05,
2022-10-02 08:00:00,5.605000000000001e-05,
2022-10-02 16:00:00,0.00012183,
2022-10-03 00:00:00,3.323e-05,
2022-10-03 08:00:00,7.771000000000001e-05,
2022-10-03 16:00:00,0.00010998,
2022-10-04 00:00:00,2.142000000000001e-05,
2022-10-04 08:00:00,0.0,
2022-10-04 16:00:00,2.7399999999999975e-06,
2022-10-05 00:00:00,1.684e-05,
2022-10-05 08:00:00,7.878e-05,
2022-10-05 16:00:00,0.00013017,
2022-10-06 00:00:00,7.582e-05,
2022-10-06 08:00:00,2.5350000000000006e-05,
2022-10-06 16:00:00,6.248e-05,
2022-10-07 00:00:00,5.826e-05,
2022-10-07 08:00:00,5.4949999999999994e-05,
2022-10-07 16:00:00,9.61e-05,
2022-10-08 00:00:00,4.096000000000001e-05,
2022-10-08 08:00:00,3.0070000000000002e-05,
2022-10-08 16:00:00,1.0610000000000009e-05,
2022-10-09 00:00:00,6.098e-05,
2022-10-09 08:00:00,8.181e-05,
2022-10-09 16:00:00,0.00015165,
2022-10-10 00:00:00,5.2510000000000004e-05,
2022-10-10 08:00:00,7.216e-05,
2022-10-10 16:00:00,7.648e-05,
2022-10-11 00:00:00,2.867000000000001e-05,
2022-10-11 08:00:00,6.448e-05,
2022-10-11 16:00:00,5.5950000000000005e-05,
2022-10-12 00:00:00,1.1500000000000008e-05,
2022-10-12 08:00:00,3.915e-05,
2022-10-12 16:00:00,9.282000000000001e-05,
2022-10-13 00:00:00,0.00028211,
2022-10-13 08:00:00,-8.740999999999999e-05,
2022-10-13 16:00:00,-4.230000000000005e-06,
2022-10-14 00:00:00,-2.186e-05,
2022-10-14 08:00:00,0.0,
2022-10-14 16:00:00,-0.00018174,
2022-10-15 00:00:00,4.05e-05,
2022-10-15 08:00:00,4.138e-05,
2022-10-15 16:00:00,3.052e-05,
2022-10-16 00:00:00,9.443e-05,
2022-10-16 08:00:00,-8.153e-05,
2022-10-16 16:00:00,-8.721e-05,
2022-10-17 00:00:00,-8.721e-05,
2022-10-17 08:00:00,1.4739999999999998e-05,
2022-10-17 16:00:00,-3.265e-05,
2022-10-18 00:00:00,-8.600000000000019e-07,
2022-10-18 08:00:00,-7.296e-05,
2022-10-18 16:00:00,-5.321e-05,
2022-10-19 00:00:00,3.089000000000001e-05,
2022-10-19 08:00:00,-6.538e-05,
2022-10-19 16:00:00,6.115e-05,
2022-10-20 00:00:00,5.975e-05,
2022-10-20 08:00:00,3.9680000000000006e-05,
2022-10-20 16:00:00,-8.759999999999997e-06,
2022-10-21 00:00:00,-0.00013233,
2022-10-21 08:00:00,3.133e-05,
2022-10-21 16:00:00,7.405000000000001e-05,
2022-10-22 00:00:00,1.2399999999999983e-06,
2022-10-22 08:00:00,-6.974e-05,
2022-10-22 16:00:00,-2.582e-05,
2022-10-23 00:00:00,7.104e-05,
2022-10-23 08:00:00,3.2100000000000015e-06,
2022-10-23 16:00:00,-0.00018979,
2022-10-24 00:00:00,-4.862e-05,
2022-10-24 08:00:00,0.0,
2022-10-24 16:00:00,0.00012685,
2022-10-25 00:00:00,0.00011135999999999999,
2022-10-25 08:00:00,-5.170000000000003e-06,
2022-10-25 16:00:00,8.027e-05,
2022-10-26 00:00:00,0.0,
2022-10-26 08:00:00,0.0001002,
2022-10-26 16:00:00,-5.7220000000000004e-05,
2022-10-27 00:00:00,1.701e-05,
2022-10-27 08:00:00,1.2980000000000001e-05,
2022-10-27 16:00:00,0.0001337,
2022-10-28 00:00:00,7.728e-05,
2022-10-28 08:00:00,5.958e-05,
2022-10-28 16:00:00,8.13e-05,
2022-10-29 00:00:00,3.793000000000001e-05,
2022-10-29 08:00:00,-5.158e-05,
2022-10-29 16:00:00,0.0,
2022-10-30 00:00:00,2.265000000000001e-05,
2022-10-30 08:00:00,7.04e-06,
2022-10-30 16:00:00,0.0,
2022-10-31 00:00:00,3.6920000000000006e-05,
2022-10-31 08:00:00,0.0,
2022-10-31 16:00:00,5.363e-05,
2022-11-01 00:00:00,8.7e-05,
2022-11-01 08:00:00,0.00015701000000000002,
2022-11-01 16:00:00,8.679e-05,
2022-11-02 00:00:00,2.322000000000001e-05,
2022-11-02 08:00:00,-3.222e-05,
2022-11-02 16:00:00,-5.101e-05,
2022-11-03 00:00:00,0.00018892,
2022-11-03 08:00:00,0.00017732000000000002,
2022-11-03 16:00:00,9.745000000000001e-05,
2022-11-04 00:00:00,1.7370000000000005e-05,
2022-11-04 08:00:00,7.069999999999998e-06,
2022-11-04 16:00:00,0.0,
2022-11-05 00:00:00,8.100000000000007e-06,
2022-11-05 08:00:00,8.526000000000001e-05,
2022-11-05 16:00:00,4.1740000000000004e-05,
2022-11-06 00:00:00,1.0360000000000002e-05,
2022-11-06 08:00:00,0.0,
2022-11-06 16:00:00,5.974000000000001e-05,
2022-11-07 00:00:00,4.401000000000001e-05,
2022-11-07 08:00:00,0.00010272,
2022-11-07 16:00:00,0.0,
2022-11-08 00:00:00,0.00010166,
2022-11-08 08:00:00,-2.3399999999999945e-06,
2022-11-08 16:00:00,1.4639999999999995e-05,
2022-11-09 00:00:00,0.00029212,
2022-11-09 08:00:00,0.00022169,
2022-11-09 16:00:00,0.00040894000000000005,
2022-11-10 00:00:00,0.00038883,
2022-11-10 08:00:00,0.00021543999999999996,
2022-11-10 16:00:00,0.0001915,
2022-11-11 00:00:00,0.00025123,
2022-11-11 08:00:00,0.00019299,
2022-11-11 16:00:00,7.127e-05,
2022-11-12 00:00:00,1.5000000000000365e-07,
2022-11-12 08:00:00,-0.00024569,
2022-11-12 16:00:00,1.5999999999999847e-07,
2022-11-13 00:00:00,5.537e-05,
2022-11-13 08:00:00,0.00018449,
2022-11-13 16:00:00,0.00011748000000000001,
2022-11-14 00:00:00,7.190000000000001e-05,
2022-11-14 08:00:00,7.746000000000001e-05,
2022-11-14 16:00:00,4.763e-05,
2022-11-15 00:00:00,0.00018644,
2022-11-15 08:00:00,5.0490000000000006e-05,
2022-11-15 16:00:00,0.00014197,
2022-11-16 00:00:00,0.00019137,
2022-11-16 08:00:00,9.881000000000001e-05,
2022-11-16 16:00:00,0.00014556,
2022-11-17 00:00:00,0.00014182,
2022-11-17 08:00:00,7.442000000000001e-05,
2022-11-17 16:00:00,0.00020849,
2022-11-18 00:00:00,0.0001846,
2022-11-18 08:00:00,3.58e-05,
2022-11-18 16:00:00,0.00015327,
2022-11-19 00:00:00,3.519000000000001e-05,
2022-11-19 08:00:00,1.709e-05,
2022-11-19 16:00:00,4.0100000000000006e-05,
2022-11-20 00:00:00,9.623e-05,
2022-11-20 08:00:00,4.270000000000001e-05,
2022-11-20 16:00:00,4.9040000000000005e-05,
2022-11-21 00:00:00,0.00019701999999999998,
2022-11-21 08:00:00,3.272e-05,
2022-11-21 16:00:00,4.417e-05,
2022-11-22 00:00:00,0.00016623,
2022-11-22 08:00:00,0.00012821,
2022-11-22 16:00:00,3.6320000000000005e-05,
2022-11-23 00:00:00,3.9120000000000005e-05,
2022-11-23 08:00:00,0.00014079,
2022-11-23 16:00:00,0.00019414,
2022-11-24 00:00:00,5.0400000000000005e-05,
2022-11-24 08:00:00,0.00016135,
2022-11-24 16:00:00,5.247999999999999e-05,
2022-11-25 00:00:00,1.2999999999999977e-06,
2022-11-25 08:00:00,4.5010000000000004e-05,
2022-11-25 16:00:00,-8.705e-05,
2022-11-26 00:00:00,0.00014472,
2022-11-26 08:00:00,0.00014439,
2022-11-26 16:00:00,0.00012429,
2022-11-27 00:00:00,9.004e-05,
2022-11-27 08:00:00,0.00016046000000000002,
2022-11-27 16:00:00,-5.69e-05,
2022-11-28 00:00:00,5.3780000000000003e-05,
2022-11-28 08:00:00,-2.7870000000000003e-05,
2022-11-28 16:00:00,9.699e-05,
2022-11-29 00:00:00,6.168e-05,
2022-11-29 08:00:00,7.054000000000001e-05,
2022-11-29 16:00:00,0.0,
2022-11-30 00:00:00,7.820000000000003e-06,
2022-11-30 08:00:00,0.0,
2022-11-30 16:00:00,0.0,
2022-12-01 00:00:00,6.14e-05,
2022-12-01 08:00:00,6.377000000000001e-05,
2022-12-01 16:00:00,0.0,
2022-12-02 00:00:00,-4.867000000000001e-05,
2022-12-02 08:00:00,0.00010244,
2022-12-02 16:00:00,5.130000000000001e-05,
2022-12-03 00:00:00,1.317e-05,
2022-12-03 08:00:00,0.00012779,
2022-12-03 16:00:00,0.00012251,
2022-12-04 00:00:00,0.00014991,
2022-12-04 08:00:00,0.00010149,
2022-12-04 16:00:00,6.407e-05,
2022-12-05 00:00:00,4.4340000000000006e-05,
2022-12-05 08:00:00,0.00012459,
2022-12-05 16:00:00,4.422000000000001e-05,
2022-12-06 00:00:00,5.8190000000000004e-05,
2022-12-06 08:00:00,-4.804000000000001e-05,
2022-12-06 16:00:00,5.636e-05,
2022-12-07 00:00:00,1.602e-05,
2022-12-07 08:00:00,9.405000000000001e-05,
2022-12-07 16:00:00,0.00010233,
2022-12-08 00:00:00,9.937e-05,
2022-12-08 08:00:00,8.256000000000001e-05,
2022-12-08 16:00:00,0.00010092,
2022-12-09 00:00:00,-2.867000000000001e-05,
2022-12-09 08:00:00,3.1450000000000006e-05,
2022-12-09 16:00:00,-6.526e-05,
2022-12-10 00:00:00,3.204e-05,
2022-12-10 08:00:00,-6.334e-05,
2022-12-10 16:00:00,-1.7400000000000003e-05,
2022-12-11 00:00:00,7.865e-05,
2022-12-11 08:00:00,-0.00015217,
2022-12-11 16:00:00,-9.847e-05,
2022-12-12 00:00:00,-0.00017768,
2022-12-12 08:00:00,3.409e-05,
2022-12-12 16:00:00,7.71e-05,
2022-12-13 00:00:00,2.9099999999999975e-06,
2022-12-13 08:00:00,-4.723000000000001e-05,
2022-12-13 16:00:00,0.0,
2022-12-14 00:00:00,0.0,
2022-12-14 08:00:00,-4.826e-05,
2022-12-14 16:00:00,0.0,
2022-12-15 00:00:00,-4.8400000000000004e-05,
2022-12-15 08:00:00,-6.716e-05,
2022-12-15 16:00:00,0.0,
2022-12-16 00:00:00,0.0,
2022-12-16 08:00:00,0.0,
2022-12-16 16:00:00,-1.755e-05,
2022-12-17 00:00:00,-0.00010264,
2022-12-17 08:00:00,8.675999999999999e-05,
2022-12-17 16:00:00,6.587e-05,
2022-12-18 00:00:00,4.045000000000001e-05,
2022-12-18 08:00:00,-0.00010624,
2022-12-18 16:00:00,5.895e-05,
2022-12-19 00:00:00,0.00013395,
2022-12-19 08:00:00,-5.1500000000000005e-05,
2022-12-19 16:00:00,0.00010601000000000001,
2022-12-20 00:00:00,-0.00017605000000000002,
2022-12-20 08:00:00,2.289e-05,
2022-12-20 16:00:00,-4.992999999999999e-05,
2022-12-21 00:00:00,5.3740000000000004e-05,
2022-12-21 08:00:00,-0.00012259,
2022-12-21 16:00:00,3.435000000000001e-05,
2022-12-22 00:00:00,1.0770000000000007e-05,
2022-12-22 08:00:00,1.8700000000000075e-06,
2022-12-22 16:00:00,2.113000000000001e-05,
2022-12-23 00:00:00,2.5320000000000008e-05,
2022-12-23 08:00:00,0.0,
2022-12-23 16:00:00,0.00010728,
2022-12-24 00:00:00,3.0200000000000084e-06,
2022-12-24 08:00:00,0.0,
2022-12-24 16:00:00,5.0299999999999996e-05,
2022-12-25 00:00:00,-1.507e-05,
2022-12-25 08:00:00,-6.057e-05,
2022-12-25 16:00:00,-2.646e-05,
2022-12-26 00:00:00,3.0380000000000004e-05,
2022-12-26 08:00:00,7.721e-05,
2022-12-26 16:00:00,7.406e-05,
2022-12-27 00:00:00,0.0,
2022-12-27 08:00:00,7.774e-05,
2022-12-27 16:00:00,-6.037e-05,
2022-12-28 00:00:00,-2.1380000000000002e-05,
2022-12-28 08:00:00,-7.264e-05,
2022-12-28 16:00:00,6.596e-05,
2022-12-29 00:00:00,-0.00016946000000000002,
2022-12-29 08:00:00,4.165e-05,
2022-12-29 16:00:00,-5.7470000000000004e-05,
2022-12-30 00:00:00,0.0,
2022-12-30 08:00:00,-5.6420000000000005e-05,
2022-12-30 16:00:00,0.0,
2022-12-31 00:00:00,0.0,
2022-12-31 08:00:00,0.0,
2022-12-31 16:00:00,0.0,
2023-01-01 00:00:00,0.0,
2023-01-01 08:00:00,0.0,
2023-01-01 16:00:00,0.0,
2023-01-02 00:00:00,0.0,
2023-01-02 08:00:00,-5.174e-05,
2023-01-02 16:00:00,-8.956e-05,
2023-01-03 00:00:00,5.16e-05,
2023-01-03 08:00:00,4.7720000000000004e-05,
2023-01-03 16:00:00,7.052000000000001e-05,
2023-01-04 00:00:00,2.3910000000000007e-05,
2023-01-04 08:00:00,0.0,
2023-01-04 16:00:00,0.0,
2023-01-05 00:00:00,-8.103e-05,
2023-01-05 08:00:00,0.0,
2023-01-05 16:00:00,-5.1800000000000005e-05,
2023-01-06 00:00:00,-4.377e-05,
2023-01-06 08:00:00,0.0,
2023-01-06 16:00:00,-4.22e-05,
2023-01-07 00:00:00,4.5560000000000004e-05,
2023-01-07 08:00:00,5.801e-05,
2023-01-07 16:00:00,2.8100000000000005e-05,
2023-01-08 00:00:00,3.507e-05,
2023-01-08 08:00:00,-8.492e-05,
2023-01-08 16:00:00,1.3429999999999998e-05,
2023-01-09 00:00:00,5.6880000000000004e-05,
2023-01-09 08:00:00,2.3830000000000007e-05,
2023-01-09 16:00:00,0.0,
2023-01-10 00:00:00,0.0,
2023-01-10 08:00:00,0.0,
2023-01-10 16:00:00,0.0,
2023-01-11 00:00:00,0.0,
2023-01-11 08:00:00,0.0,
2023-01-11 16:00:00,3.9909999999999996e-05,
2023-01-12 00:00:00,0.0,
2023-01-12 08:00:00,0.0,
2023-01-12 16:00:00,0.0,
2023-01-13 00:00:00,-3.460000000000011e-06,
2023-01-13 08:00:00,0.0,
2023-01-13 16:00:00,-6.513e-05,
2023-01-14 00:00:00,0.0,
2023-01-14 08:00:00,-0.0005164299999999999,
2023-01-14 16:00:00,-0.00035951,
2023-01-15 00:00:00,-2.4119999999999993e-05,
2023-01-15 08:00:00,-0.00020426,
2023-01-15 16:00:00,-8.877999999999999e-05,
2023-01-16 00:00:00,-4.1829999999999984e-05,
2023-01-16 08:00:00,0.0,
2023-01-16 16:00:00,0.0,
2023-01-17 00:00:00,0.0,
2023-01-17 08:00:00,0.0,
2023-01-17 16:00:00,0.0,
2023-01-18 00:00:00,0.0,
2023-01-18 08:00:00,0.0,
2023-01-18 16:00:00,0.0,
2023-01-19 00:00:00,0.0,
2023-01-19 08:00:00,0.0,
2023-01-19 16:00:00,0.0,
2023-01-20 00:00:00,0.0,
2023-01-20 08:00:00,0.0,
2023-01-20 16:00:00,0.0,
2023-01-21 00:00:00,0.0,
2023-01-21 08:00:00,0.0,
2023-01-21 16:00:00,0.0,
2023-01-22 00:00:00,0.0,
2023-01-22 08:00:00,0.0,
2023-01-22 16:00:00,0.0,
2023-01-23 00:00:00,-3.56e-06,
2023-01-23 08:00:00,0.0,
2023-01-23 16:00:00,0.0,
2023-01-24 00:00:00,0.0,
2023-01-24 08:00:00,8.034999999999999e-05,
2023-01-24 16:00:00,0.0,
2023-01-25 00:00:00,0.0,
2023-01-25 08:00:00,0.0,
2023-01-25 16:00:00,0.0,
2023-01-26 00:00:00,0.0,
2023-01-26 08:00:00,0.0,
2023-01-26 16:00:00,0.0,
2023-01-27 00:00:00,0.0,
2023-01-27 08:00:00,0.0,
2023-01-27 16:00:00,0.0,
2023-01-28 00:00:00,0.0,
2023-01-28 08:00:00,0.0,
2023-01-28 16:00:00,0.0,
2023-01-29 00:00:00,0.0,
2023-01-29 08:00:00,0.0,
2023-01-29 16:00:00,0.0,
2023-01-30 00:00:00,0.0,
2023-01-30 08:00:00,0.0,
2023-01-30 16:00:00,0.0,
2023-01-31 00:00:00,0.0,
2023-01-31 08:00:00,0.0,
2023-01-31 16:00:00,0.0,
2023-02-01 00:00:00,0.0,
2023-02-01 08:00:00,0.0,
2023-02-01 16:00:00,0.0,
2023-02-02 00:00:00,0.0,
2023-02-02 08:00:00,0.0,
2023-02-02 16:00:00,0.0,
2023-02-03 00:00:00,0.0,
2023-02-03 08:00:00,0.0,
2023-02-03 16:00:00,0.0,
2023-02-04 00:00:00,0.0,
2023-02-04 08:00:00,0.0,
2023-02-04 16:00:00,0.0,
2023-02-05 00:00:00,0.0,
2023-02-05 08:00:00,0.0,
2023-02-05 16:00:00,0.0,
2023-02-06 00:00:00,0.0,
2023-02-06 08:00:00,0.0,
2023-02-06 16:00:00,0.0,
2023-02-07 00:00:00,0.0,
2023-02-07 08:00:00,0.0,
2023-02-07 16:00:00,0.0,
2023-02-08 00:00:00,0.0,
2023-02-08 08:00:00,0.0,
2023-02-08 16:00:00,0.0,
2023-02-09 00:00:00,0.0,
2023-02-09 08:00:00,0.0,
2023-02-09 16:00:00,0.0,
2023-02-10 00:00:00,0.0,
2023-02-10 08:00:00,3.172e-05,
2023-02-10 16:00:00,0.0,
2023-02-11 00:00:00,3.5300000000000004e-05,
2023-02-11 08:00:00,6.655e-05,
2023-02-11 16:00:00,0.00012491,
2023-02-12 00:00:00,1.1309999999999998e-05,
2023-02-12 08:00:00,3.492e-05,
2023-02-12 16:00:00,5.4210000000000004e-05,
2023-02-13 00:00:00,1.4809999999999999e-05,
2023-02-13 08:00:00,4.0060000000000006e-05,
2023-02-13 16:00:00,0.0,
2023-02-14 00:00:00,0.00010454,
2023-02-14 08:00:00,5.5950000000000005e-05,
2023-02-14 16:00:00,4.689000000000001e-05,
2023-02-15 00:00:00,7.09e-05,
2023-02-15 08:00:00,7.190000000000001e-05,
2023-02-15 16:00:00,4.2850000000000005e-05,
2023-02-16 00:00:00,0.0,
2023-02-16 08:00:00,0.0,
2023-02-16 16:00:00,-4.101e-05,
2023-02-17 00:00:00,0.0,
2023-02-17 08:00:00,0.0,
2023-02-17 16:00:00,0.0,
2023-02-18 00:00:00,0.0,
2023-02-18 08:00:00,0.0,
2023-02-18 16:00:00,0.0,
2023-02-19 00:00:00,0.0,
2023-02-19 08:00:00,0.0,
2023-02-19 16:00:00,0.0,
2023-02-20 00:00:00,0.0,
2023-02-20 08:00:00,0.0,
2023-02-20 16:00:00,0.0,
2023-02-21 00:00:00,0.0,
2023-02-21 08:00:00,0.0,
2023-02-21 16:00:00,0.0,
2023-02-22 00:00:00,0.0,
2023-02-22 08:00:00,0.0,
2023-02-22 16:00:00,0.0,
2023-02-23 00:00:00,2.9280000000000004e-05,
2023-02-23 08:00:00,1.710000000000009e-06,
2023-02-23 16:00:00,5.626000000000001e-05,
2023-02-24 00:00:00,6.196000000000001e-05,
2023-02-24 08:00:00,3.586e-05,
2023-02-24 16:00:00,1.62e-05,
2023-02-25 00:00:00,2.079000000000001e-05,
2023-02-25 08:00:00,3.5900000000000114e-06,
2023-02-25 16:00:00,4.5020000000000006e-05,
2023-02-26 00:00:00,8.734e-05,
2023-02-26 08:00:00,5.3160000000000006e-05,
2023-02-26 16:00:00,8.902000000000001e-05,
2023-02-27 00:00:00,0.0,
2023-02-27 08:00:00,1.367000000000001e-05,
2023-02-27 16:00:00,3.9750000000000004e-05,
2023-02-28 00:00:00,6.445000000000001e-05,
2023-02-28 08:00:00,6.374000000000001e-05,
2023-02-28 16:00:00,1.435000000000001e-05,
2023-03-01 00:00:00,9.658e-05,
2023-03-01 08:00:00,0.0,
2023-03-01 16:00:00,0.0,
2023-03-02 00:00:00,0.0,
2023-03-02 08:00:00,0.0,
2023-03-02 16:00:00,2.254000000000001e-05,
2023-03-03 00:00:00,6.033000000000001e-05,
2023-03-03 08:00:00,0.00010917,
2023-03-03 16:00:00,7.716e-05,
2023-03-04 00:00:00,1.5090000000000006e-05,
2023-03-04 08:00:00,9.874e-05,
2023-03-04 16:00:00,6.796e-05,
2023-03-05 00:00:00,4.6280000000000004e-05,
2023-03-05 08:00:00,6.445000000000001e-05,
2023-03-05 16:00:00,2.6169999999999995e-05,
2023-03-06 00:00:00,5.109999999999997e-06,
2023-03-06 08:00:00,2.8780000000000006e-05,
2023-03-06 16:00:00,6.396e-05,
2023-03-07 00:00:00,4.7040000000000004e-05,
2023-03-07 08:00:00,2.437e-05,
2023-03-07 16:00:00,8.989000000000001e-05,
2023-03-08 00:00:00,1.7920000000000005e-05,
2023-03-08 08:00:00,-2.503999999999999e-05,
2023-03-08 16:00:00,1.2140000000000002e-05,
2023-03-09 00:00:00,-2.259e-05,
2023-03-09 08:00:00,2.401000000000001e-05,
2023-03-09 16:00:00,6.357e-05,
2023-03-10 00:00:00,7.172e-05,
2023-03-10 08:00:00,9.039e-05,
2023-03-10 16:00:00,0.00010512000000000001,
2023-03-11 00:00:00,7.204000000000001e-05,
2023-03-11 08:00:00,0.00015766,
2023-03-11 16:00:00,-1.3800000000000037e-06,
2023-03-12 00:00:00,0.00011066,
2023-03-12 08:00:00,1.3299999999999998e-05,
2023-03-12 16:00:00,-3.2059999999999995e-05,
2023-03-13 00:00:00,-2.7340000000000006e-05,
2023-03-13 08:00:00,0.0,
2023-03-13 16:00:00,0.0,
2023-03-14 00:00:00,0.0,
2023-03-14 08:00:00,0.0,
2023-03-14 16:00:00,0.0,
2023-03-15 00:00:00,-0.00021728000000000003,
2023-03-15 08:00:00,-8.365999999999998e-05,
2023-03-15 16:00:00,0.0,
2023-03-16 00:00:00,0.0,
2023-03-16 08:00:00,0.0,
2023-03-16 16:00:00,0.0,
2023-03-17 00:00:00,4.0360000000000007e-05,
2023-03-17 08:00:00,4.059e-05,
2023-03-17 16:00:00,0.0,
2023-03-18 00:00:00,0.0,
2023-03-18 08:00:00,0.0,
2023-03-18 16:00:00,0.0,
2023-03-19 00:00:00,0.0,
2023-03-19 08:00:00,0.0,
2023-03-19 16:00:00,0.0,
2023-03-20 00:00:00,0.0,
2023-03-20 08:00:00,0.0,
2023-03-20 16:00:00,1.806e-05,
2023-03-21 00:00:00,-2.3179999999999998e-05,
2023-03-21 08:00:00,5.389000000000001e-05,
2023-03-21 16:00:00,1.0100000000000002e-05,
2023-03-22 00:00:00,4.8540000000000006e-05,
2023-03-22 08:00:00,8.733e-05,
2023-03-22 16:00:00,4.460000000000001e-05,
2023-03-23 00:00:00,8.877e-05,
2023-03-23 08:00:00,3.1400000000000004e-05,
2023-03-23 16:00:00,0.0,
2023-03-24 00:00:00,0.0,
2023-03-24 08:00:00,0.0,
2023-03-24 16:00:00,0.0,
2023-03-25 00:00:00,4.1790000000000005e-05,
2023-03-25 08:00:00,-0.00012724,
2023-03-25 16:00:00,3e-05,
2023-03-26 00:00:00,3.57e-05,
2023-03-26 08:00:00,8.731e-05,
2023-03-26 16:00:00,-2.3099999999999965e-06,
2023-03-27 00:00:00,-1.7000000000000007e-06,
2023-03-27 08:00:00,8.37e-05,
2023-03-27 16:00:00,0.00010171,
2023-03-28 00:00:00,7.178000000000001e-05,
2023-03-28 08:00:00,-1.4040000000000001e-05,
2023-03-28 16:00:00,-6.309999999999999e-06,
2023-03-29 00:00:00,0.0,
2023-03-29 08:00:00,-2.7860000000000008e-05,
2023-03-29 16:00:00,0.0,
2023-03-30 00:00:00,4.244000000000001e-05,
2023-03-30 08:00:00,9.714000000000001e-05,
2023-03-30 16:00:00,4.975e-05,
2023-03-31 00:00:00,2.7970000000000005e-05,
2023-03-31 08:00:00,3.018e-05,
2023-03-31 16:00:00,0.0,
2023-04-01 00:00:00,0.0,
2023-04-01 08:00:00,0.0,
2023-04-01 16:00:00,3.694000000000001e-05,
2023-04-02 00:00:00,6.013e-05,
2023-04-02 08:00:00,4.364000000000001e-05,
2023-04-02 16:00:00,4.5329999999999995e-05,
2023-04-03 00:00:00,0.00010541000000000001,
2023-04-03 08:00:00,0.00011960000000000001,
2023-04-03 16:00:00,7.196e-05,
2023-04-04 00:00:00,3.607999999999999e-05,
2023-04-04 08:00:00,-6.398999999999999e-05,
2023-04-04 16:00:00,0.0,
2023-04-05 00:00:00,3.147000000000001e-05,
2023-04-05 08:00:00,0.0,
2023-04-05 16:00:00,0.0,
2023-04-06 00:00:00,4.9890000000000005e-05,
2023-04-06 08:00:00,3.749000000000001e-05,
2023-04-06 16:00:00,9.783e-05,
2023-04-07 00:00:00,4.9949999999999994e-05,
2023-04-07 08:00:00,-1.3549999999999997e-05,
2023-04-07 16:00:00,6.362e-05,
2023-04-08 00:00:00,3.1900000000000016e-06,
2023-04-08 08:00:00,8.122e-05,
2023-04-08 16:00:00,2.665e-05,
2023-04-09 00:00:00,2.54e-05,
2023-04-09 08:00:00,0.00011664,
2023-04-09 16:00:00,3.321e-05,
2023-04-10 00:00:00,5.636e-05,
2023-04-10 08:00:00,9.21e-05,
2023-04-10 16:00:00,3.0789999999999995e-05,
2023-04-11 00:00:00,7.352e-05,
2023-04-11 08:00:00,1.3520000000000006e-05,
2023-04-11 16:00:00,3.2840000000000004e-05,
2023-04-12 00:00:00,8.959e-05,
2023-04-12 08:00:00,-3.089e-05,
2023-04-12 16:00:00,6.376e-05,
2023-04-13 00:00:00,0.0,
2023-04-13 08:00:00,0.0,
2023-04-13 16:00:00,0.0,
2023-04-14 00:00:00,0.0,
2023-04-14 08:00:00,0.0,
2023-04-14 16:00:00,0.0,
2023-04-15 00:00:00,0.0,
2023-04-15 08:00:00,0.0,
2023-04-15 16:00:00,0.0,
2023-04-16 00:00:00,0.0,
2023-04-16 08:00:00,0.0,
2023-04-16 16:00:00,0.0,
2023-04-17 00:00:00,0.0,
2023-04-17 08:00:00,0.0,
2023-04-17 16:00:00,0.0,
2023-04-18 00:00:00,0.0,
2023-04-18 08:00:00,0.0,
2023-04-18 16:00:00,0.0,
2023-04-19 00:00:00,0.0,
2023-04-19 08:00:00,0.0,
2023-04-19 16:00:00,0.00011015000000000001,
2023-04-20 00:00:00,3.581000000000001e-05,
2023-04-20 08:00:00,9.968000000000001e-05,
2023-04-20 16:00:00,7.731e-05,
2023-04-21 00:00:00,1.380000000000001e-05,
2023-04-21 08:00:00,3.097000000000001e-05,
2023-04-21 16:00:00,1.5120000000000004e-05,
2023-04-22 00:00:00,4.533000000000001e-05,
2023-04-22 08:00:00,1.452e-05,
2023-04-22 16:00:00,7.152e-05,
2023-04-23 00:00:00,4.854e-05,
2023-04-23 08:00:00,8.968000000000001e-05,
2023-04-23 16:00:00,5.0310000000000005e-05,
2023-04-24 00:00:00,9.590000000000008e-06,
2023-04-24 08:00:00,8.762e-05,
2023-04-24 16:00:00,4.8880000000000006e-05,
2023-04-25 00:00:00,1.589e-05,
2023-04-25 08:00:00,1.9659999999999998e-05,
2023-04-25 16:00:00,3.108000000000001e-05,
2023-04-26 00:00:00,6.16e-05,
2023-04-26 08:00:00,8.747e-05,
2023-04-26 16:00:00,1.3000000000000004e-05,
2023-04-27 00:00:00,6.713e-05,
2023-04-27 08:00:00,4.1500000000000006e-05,
2023-04-27 16:00:00,6.592e-05,
2023-04-28 00:00:00,1.3299999999999998e-05,
2023-04-28 08:00:00,1.963e-05,
2023-04-28 16:00:00,1.537000000000001e-05,
2023-04-29 00:00:00,5.618000000000001e-05,
2023-04-29 08:00:00,2.8750000000000008e-05,
2023-04-29 16:00:00,4.9560000000000007e-05,
2023-04-30 00:00:00,3.697000000000001e-05,
2023-04-30 08:00:00,9.803e-05,
2023-04-30 16:00:00,-6.309999999999999e-06,
2023-05-01 00:00:00,9.444999999999999e-05,
2023-05-01 08:00:00,6.047000000000001e-05,
2023-05-01 16:00:00,9.154000000000001e-05,
2023-05-02 00:00:00,-3.125e-05,
2023-05-02 08:00:00,6.878e-05,
2023-05-02 16:00:00,1.854000000000001e-05,
2023-05-03 00:00:00,-6.009e-05,
2023-05-03 08:00:00,3.727e-05,
2023-05-03 16:00:00,-3.211e-05,
2023-05-04 00:00:00,0.0,
2023-05-04 08:00:00,0.0,
2023-05-04 16:00:00,1.0000000000000108e-06,
2023-05-05 00:00:00,-1.7149999999999997e-05,
2023-05-05 08:00:00,5.449999999999997e-06,
2023-05-05 16:00:00,0.0,
2023-05-06 00:00:00,0.0,
2023-05-06 08:00:00,0.0,
2023-05-06 16:00:00,9.306000000000001e-05,
2023-05-07 00:00:00,4.919e-05,
2023-05-07 08:00:00,7.364e-05,
2023-05-07 16:00:00,4.45e-05,
2023-05-08 00:00:00,4.644e-05,
2023-05-08 08:00:00,8.869e-05,
2023-05-08 16:00:00,6.197e-05,
2023-05-09 00:00:00,-0.00017371999999999998,
2023-05-09 08:00:00,-5.559000000000001e-05,
2023-05-09 16:00:00,2.0240000000000003e-05,
2023-05-10 00:00:00,3.2630000000000004e-05,
2023-05-10 08:00:00,1.9460000000000007e-05,
2023-05-10 16:00:00,1.272e-05,
2023-05-11 00:00:00,0.00010399,
2023-05-11 08:00:00,4.996e-05,
2023-05-11 16:00:00,4.571000000000001e-05,
2023-05-12 00:00:00,8.170000000000001e-05,
2023-05-12 08:00:00,8.313000000000001e-05,
2023-05-12 16:00:00,0.00010917,
2023-05-13 00:00:00,7.142e-05,
2023-05-13 08:00:00,7.634e-05,
2023-05-13 16:00:00,9.143000000000001e-05,
2023-05-14 00:00:00,0.0001048,
2023-05-14 08:00:00,5.019999999999996e-06,
2023-05-14 16:00:00,6.203e-05,
2023-05-15 00:00:00,0.00011849000000000001,
2023-05-15 08:00:00,0.00010295000000000001,
2023-05-15 16:00:00,0.00011988,
2023-05-16 00:00:00,0.0001156,
2023-05-16 08:00:00,8.290000000000001e-05,
2023-05-16 16:00:00,3.991e-05,
2023-05-17 00:00:00,1.2400000000000003e-05,
2023-05-17 08:00:00,6.719e-05,
2023-05-17 16:00:00,6.016000000000001e-05,
2023-05-18 00:00:00,2.304000000000001e-05,
2023-05-18 08:00:00,-1.9120000000000007e-05,
2023-05-18 16:00:00,4.8650000000000003e-05,
2023-05-19 00:00:00,4.076e-05,
2023-05-19 08:00:00,7.218e-05,
2023-05-19 16:00:00,0.0,
2023-05-20 00:00:00,2.0670000000000004e-05,
2023-05-20 08:00:00,9.212e-05,
2023-05-20 16:00:00,4.7650000000000006e-05,
2023-05-21 00:00:00,5.124e-05,
2023-05-21 08:00:00,4.717e-05,
2023-05-21 16:00:00,6.425e-05,
2023-05-22 00:00:00,2.945e-05,
2023-05-22 08:00:00,-5.3769999999999995e-05,
2023-05-22 16:00:00,9.970000000000001e-06,
2023-05-23 00:00:00,5.08e-05,
2023-05-23 08:00:00,0.0,
2023-05-23 16:00:00,2.6210000000000008e-05,
2023-05-24 00:00:00,9.22000000000001e-06,
2023-05-24 08:00:00,8.994000000000001e-05,
2023-05-24 16:00:00,5.0830000000000006e-05,
2023-05-25 00:00:00,8.551e-05,
2023-05-25 08:00:00,9.852e-05,
2023-05-25 16:00:00,3.395e-05,
2023-05-26 00:00:00,-8.997000000000001e-05,
2023-05-26 08:00:00,3.426e-05,
2023-05-26 16:00:00,6.206000000000001e-05,
2023-05-27 00:00:00,1.2669999999999999e-05,
2023-05-27 08:00:00,3.733e-05,
2023-05-27 16:00:00,0.00013230000000000002,
2023-05-28 00:00:00,0.00010120000000000001,
2023-05-28 08:00:00,0.00011086,
2023-05-28 16:00:00,7.519e-05,
2023-05-29 00:00:00,0.0,
2023-05-29 08:00:00,0.0,
2023-05-29 16:00:00,0.0,
2023-05-30 00:00:00,0.0,
2023-05-30 08:00:00,0.0,
2023-05-30 16:00:00,5.614000000000001e-05,
2023-05-31 00:00:00,2.0490000000000002e-05,
2023-05-31 08:00:00,9.465000000000001e-05,
2023-05-31 16:00:00,5.127e-05,
2023-06-01 00:00:00,-3.257e-05,
2023-06-01 08:00:00,8.75000000000001e-06,
2023-06-01 16:00:00,0.0,
2023-06-02 00:00:00,5.330000000000001e-05,
2023-06-02 08:00:00,0.0,
2023-06-02 16:00:00,1.7480000000000002e-05,
2023-06-03 00:00:00,0.0,
2023-06-03 08:00:00,2.1430000000000003e-05,
2023-06-03 16:00:00,9.05e-05,
2023-06-04 00:00:00,7.173e-05,
2023-06-04 08:00:00,5.199e-05,
2023-06-04 16:00:00,1.9230000000000004e-05,
2023-06-05 00:00:00,9.706000000000001e-05,
2023-06-05 08:00:00,7.692e-05,
2023-06-05 16:00:00,2.495000000000001e-05,
2023-06-06 00:00:00,1.8449999999999998e-05,
2023-06-06 08:00:00,3.842e-05,
2023-06-06 16:00:00,1.4190000000000012e-05,
2023-06-07 00:00:00,0.0,
2023-06-07 08:00:00,0.0,
2023-06-07 16:00:00,7.342000000000001e-05,
2023-06-08 00:00:00,3.9450000000000003e-05,
2023-06-08 08:00:00,4.029e-05,
2023-06-08 16:00:00,3.73e-05,
2023-06-09 00:00:00,2.7130000000000006e-05,
2023-06-09 08:00:00,9.028000000000001e-05,
2023-06-09 16:00:00,2.618000000000001e-05,
2023-06-10 00:00:00,3.990000000000001e-05,
2023-06-10 08:00:00,-8.476e-05,
2023-06-10 16:00:00,-0.00016842,
2023-06-11 00:00:00,-7.337e-05,
2023-06-11 08:00:00,-0.00023516999999999999,
2023-06-11 16:00:00,-6.1019999999999995e-05,
2023-06-12 00:00:00,-1.123e-05,
2023-06-12 08:00:00,5.8300000000000035e-06,
2023-06-12 16:00:00,-2.2870000000000003e-05,
2023-06-13 00:00:00,-7.63e-05,
2023-06-13 08:00:00,-0.00020262999999999998,
2023-06-13 16:00:00,-0.0001995,
2023-06-14 00:00:00,-0.00014678,
2023-06-14 08:00:00,-7.274e-05,
2023-06-14 16:00:00,-0.00019705,
2023-06-15 00:00:00,2.4509999999999994e-05,
2023-06-15 08:00:00,8.033e-05,
2023-06-15 16:00:00,1.7340000000000003e-05,
2023-06-16 00:00:00,0.00010228,
2023-06-16 08:00:00,-5.412999999999999e-05,
2023-06-16 16:00:00,0.00010692,
2023-06-17 00:00:00,-1.671e-05,
2023-06-17 08:00:00,-4.995000000000001e-05,
2023-06-17 16:00:00,0.00010145,
2023-06-18 00:00:00,4.5249999999999995e-05,
2023-06-18 08:00:00,0.00010497999999999999,
2023-06-18 16:00:00,3.0279999999999995e-05,
2023-06-19 00:00:00,3.4830000000000004e-05,
2023-06-19 08:00:00,4.179999999999999e-05,
2023-06-19 16:00:00,2.3650000000000002e-05,
2023-06-20 00:00:00,6.65e-05,
2023-06-20 08:00:00,0.00011373,
2023-06-20 16:00:00,-6.708e-05,
2023-06-21 00:00:00,0.0,
2023-06-21 08:00:00,8.982e-05,
2023-06-21 16:00:00,4.2069999999999995e-05,
2023-06-22 00:00:00,-7.686e-05,
2023-06-22 08:00:00,-8.759e-05,
2023-06-22 16:00:00,-3.9630000000000005e-05,
2023-06-23 00:00:00,0.0,
2023-06-23 08:00:00,0.0,
2023-06-23 16:00:00,5.712e-05,
2023-06-24 00:00:00,0.0,
2023-06-24 08:00:00,0.0,
2023-06-24 16:00:00,-2.2700000000000037e-06,
2023-06-25 00:00:00,0.0,
2023-06-25 08:00:00,0.0,
2023-06-25 16:00:00,0.0,
2023-06-26 00:00:00,-0.00022756000000000002,
2023-06-26 08:00:00,-2.091e-05,
2023-06-26 16:00:00,1.599e-05,
2023-06-27 00:00:00,-1.81e-05,
2023-06-27 08:00:00,3.7630000000000004e-05,
2023-06-27 16:00:00,4.323e-05,
2023-06-28 00:00:00,0.0,
2023-06-28 08:00:00,-6.579999999999998e-06,
2023-06-28 16:00:00,6.127000000000001e-05,
2023-06-29 00:00:00,7.25e-05,
2023-06-29 08:00:00,8.812e-05,
2023-06-29 16:00:00,-1.3870000000000001e-05,
2023-06-30 00:00:00,-3.792e-05,
2023-06-30 08:00:00,-1.416e-05,
2023-06-30 16:00:00,0.0,
2023-07-01 00:00:00,-5.0060000000000005e-05,
2023-07-01 08:00:00,0.0,
2023-07-01 16:00:00,0.0,
2023-07-02 00:00:00,0.0,
2023-07-02 08:00:00,0.0,
2023-07-02 16:00:00,0.0,
2023-07-03 00:00:00,0.0,
2023-07-03 08:00:00,0.0,
2023-07-03 16:00:00,0.0,
2023-07-04 00:00:00,0.0,
2023-07-04 08:00:00,0.0,
2023-07-04 16:00:00,0.0,
2023-07-05 00:00:00,0.0,
2023-07-05 08:00:00,0.0,
2023-07-05 16:00:00,0.0,
2023-07-06 00:00:00,0.0,
2023-07-06 08:00:00,0.0,
2023-07-06 16:00:00,1.034e-05,
2023-07-07 00:00:00,7.240000000000005e-06,
2023-07-07 08:00:00,6.638e-05,
2023-07-07 16:00:00,7.415e-05,
2023-07-08 00:00:00,6.204e-05,
2023-07-08 08:00:00,-1.081e-05,
2023-07-08 16:00:00,5.97e-06,
2023-07-09 00:00:00,-2.509999999999998e-06,
2023-07-09 08:00:00,-0.00010392999999999999,
2023-07-09 16:00:00,-3.78e-05,
2023-07-10 00:00:00,-6.256999999999999e-05,
2023-07-10 08:00:00,5.4760000000000004e-05,
2023-07-10 16:00:00,2.8210000000000003e-05,
2023-07-11 00:00:00,4.730000000000004e-06,
2023-07-11 08:00:00,2.3470000000000004e-05,
2023-07-11 16:00:00,3.837e-05,
2023-07-12 00:00:00,1.710000000000001e-05,
2023-07-12 08:00:00,0.0,
2023-07-12 16:00:00,2.68e-05,
2023-07-13 00:00:00,4.253e-05,
2023-07-13 08:00:00,4.4090000000000006e-05,
2023-07-13 16:00:00,3.870000000000002e-06,
2023-07-14 00:00:00,0.0,
2023-07-14 08:00:00,0.0,
2023-07-14 16:00:00,0.0,
2023-07-15 00:00:00,0.00010131,
2023-07-15 08:00:00,1.89e-05,
2023-07-15 16:00:00,1.2080000000000006e-05,
2023-07-16 00:00:00,4.359000000000001e-05,
2023-07-16 08:00:00,5.368000000000001e-05,
2023-07-16 16:00:00,5.919000000000001e-05,
2023-07-17 00:00:00,-6.448e-05,
2023-07-17 08:00:00,7.687e-05,
2023-07-17 16:00:00,3.881e-05,
2023-07-18 00:00:00,3.304000000000001e-05,
2023-07-18 08:00:00,1.4610000000000011e-05,
2023-07-18 16:00:00,2.8390000000000004e-05,
2023-07-19 00:00:00,3.4620000000000004e-05,
2023-07-19 08:00:00,0.0,
2023-07-19 16:00:00,8.390000000000006e-06,
2023-07-20 00:00:00,0.00010241,
2023-07-20 08:00:00,7.830000000000011e-06,
2023-07-20 16:00:00,0.0,
2023-07-21 00:00:00,8.202e-05,
2023-07-21 08:00:00,9.527e-05,
2023-07-21 16:00:00,2.6240000000000006e-05,
2023-07-22 00:00:00,2.9380000000000007e-05,
2023-07-22 08:00:00,7.844e-05,
2023-07-22 16:00:00,8.351e-05,
2023-07-23 00:00:00,2.832e-05,
2023-07-23 08:00:00,2.2450000000000004e-05,
2023-07-23 16:00:00,4.596000000000001e-05,
2023-07-24 00:00:00,0.0,
2023-07-24 08:00:00,6.602000000000001e-05,
2023-07-24 16:00:00,2.8330000000000008e-05,
2023-07-25 00:00:00,-5.490000000000003e-06,
2023-07-25 08:00:00,-2.872000000000001e-05,
2023-07-25 16:00:00,-5.19000000000001e-06,
2023-07-26 00:00:00,-2.5289999999999997e-05,
2023-07-26 08:00:00,3.2470000000000006e-05,
2023-07-26 16:00:00,-2.3290000000000002e-05,
2023-07-27 00:00:00,0.0,
2023-07-27 08:00:00,-3.299999999999999e-06,
2023-07-27 16:00:00,1.890000000000004e-06,
2023-07-28 00:00:00,-3.284e-05,
2023-07-28 08:00:00,4.64e-05,
2023-07-28 16:00:00,5.920000000000011e-06,
2023-07-29 00:00:00,-1.019000000000001e-05,
2023-07-29 08:00:00,8.515000000000001e-05,
2023-07-29 16:00:00,0.0,
2023-07-30 00:00:00,0.0,
2023-07-30 08:00:00,8.051e-05,
2023-07-30 16:00:00,6.314e-05,
2023-07-31 00:00:00,9.951e-05,
2023-07-31 08:00:00,9.83e-05,
2023-07-31 16:00:00,5.779000000000001e-05,
2023-08-01 00:00:00,1.992e-05,
2023-08-01 08:00:00,6.97e-05,
2023-08-01 16:00:00,0.0,
2023-08-02 00:00:00,0.0,
2023-08-02 08:00:00,0.0,
2023-08-02 16:00:00,0.0,
2023-08-03 00:00:00,-8.338e-05,
2023-08-03 08:00:00,0.0,
2023-08-03 16:00:00,0.0,
2023-08-04 00:00:00,0.0,
2023-08-04 08:00:00,5.17e-05,
2023-08-04 16:00:00,0.0,
2023-08-05 00:00:00,3.139000000000001e-05,
2023-08-05 08:00:00,7.8e-06,
2023-08-05 16:00:00,0.0,
2023-08-06 00:00:00,0.0,
2023-08-06 08:00:00,3.049e-05,
2023-08-06 16:00:00,5.0660000000000006e-05,
2023-08-07 00:00:00,0.0,
2023-08-07 08:00:00,-5.612e-05,
2023-08-07 16:00:00,0.0,
2023-08-08 00:00:00,3.3050000000000004e-05,
2023-08-08 08:00:00,0.0,
2023-08-08 16:00:00,5.058000000000001e-05,
2023-08-09 00:00:00,0.0,
2023-08-09 08:00:00,8.425e-05,
2023-08-09 16:00:00,3.301000000000001e-05,
2023-08-10 00:00:00,1.2010000000000002e-05,
2023-08-10 08:00:00,1.9300000000000035e-06,
2023-08-10 16:00:00,1.011000000000001e-05,
2023-08-11 00:00:00,6.204e-05,
2023-08-11 08:00:00,9.298000000000001e-05,
2023-08-11 16:00:00,5.928e-05,
2023-08-12 00:00:00,3.7470000000000005e-05,
2023-08-12 08:00:00,5.563000000000001e-05,
2023-08-12 16:00:00,3.1320000000000005e-05,
2023-08-13 00:00:00,4.350000000000001e-05,
2023-08-13 08:00:00,6.917e-05,
2023-08-13 16:00:00,5.419999999999999e-06,
2023-08-14 00:00:00,0.0,
2023-08-14 08:00:00,0.0,
2023-08-14 16:00:00,1.1799999999999989e-06,
2023-08-15 00:00:00,2.421e-05,
2023-08-15 08:00:00,1.0600000000000068e-06,
2023-08-15 16:00:00,1.0910000000000002e-05,
2023-08-16 00:00:00,2.714e-05,
2023-08-16 08:00:00,5.13e-06,
2023-08-16 16:00:00,-2.801000000000001e-05,
2023-08-17 00:00:00,-5.7530000000000007e-05,
2023-08-17 08:00:00,-5.7199999999999994e-05,
2023-08-17 16:00:00,-7.316e-05,
2023-08-18 00:00:00,5.5140000000000004e-05,
2023-08-18 08:00:00,-4.223000000000001e-05,
2023-08-18 16:00:00,7.049000000000001e-05,
2023-08-19 00:00:00,5.3360000000000004e-05,
2023-08-19 08:00:00,0.00013097,
2023-08-19 16:00:00,0.00017259,
2023-08-20 00:00:00,9.818000000000001e-05,
2023-08-20 08:00:00,0.00014473,
2023-08-20 16:00:00,7.155e-05,
2023-08-21 00:00:00,4.849e-05,
2023-08-21 08:00:00,6.0629999999999994e-05,
2023-08-21 16:00:00,3.0810000000000005e-05,
2023-08-22 00:00:00,2.9229999999999996e-05,
2023-08-22 08:00:00,0.00012283,
2023-08-22 16:00:00,0.00011868999999999999,
2023-08-23 00:00:00,9.199e-05,
2023-08-23 08:00:00,6.959e-05,
2023-08-23 16:00:00,-7.36e-06,
2023-08-24 00:00:00,5.065e-05,
2023-08-24 08:00:00,-0.00016255,
2023-08-24 16:00:00,3.5629999999999996e-05,
2023-08-25 00:00:00,5.542e-05,
2023-08-25 08:00:00,7.242e-05,
2023-08-25 16:00:00,6.857e-05,
2023-08-26 00:00:00,3.811e-05,
2023-08-26 08:00:00,6.349e-05,
2023-08-26 16:00:00,5.34e-05,
2023-08-27 00:00:00,1.7539999999999998e-05,
2023-08-27 08:00:00,7.193999999999999e-05,
2023-08-27 16:00:00,3.779e-05,
2023-08-28 00:00:00,0.00010176,
2023-08-28 08:00:00,0.00011678,
2023-08-28 16:00:00,4.261000000000001e-05,
2023-08-29 00:00:00,3.362e-05,
2023-08-29 08:00:00,3.7760000000000004e-05,
2023-08-29 16:00:00,3.717e-05,
2023-08-30 00:00:00,2.5120000000000003e-05,
2023-08-30 08:00:00,2.6029999999999993e-05,
2023-08-30 16:00:00,5.356e-05,
2023-08-31 00:00:00,3.044e-05,
2023-08-31 08:00:00,4.045000000000001e-05,
2023-08-31 16:00:00,1.5749999999999997e-05,
2023-09-01 00:00:00,-0.00022077000000000002,
2023-09-01 08:00:00,-1.93e-06,
2023-09-01 16:00:00,4.4e-05,
2023-09-02 00:00:00,8.699e-05,
2023-09-02 08:00:00,0.00010088999999999999,
2023-09-02 16:00:00,5.823e-05,
2023-09-03 00:00:00,8.61e-05,
2023-09-03 08:00:00,2.556e-05,
2023-09-03 16:00:00,0.00010621,
2023-09-04 00:00:00,7.786e-05,
2023-09-04 08:00:00,0.00013729,
2023-09-04 16:00:00,6.996e-05,
2023-09-05 00:00:00,6.874e-05,
2023-09-05 08:00:00,9.71e-05,
2023-09-05 16:00:00,9.023000000000001e-05,
2023-09-06 00:00:00,-2.863e-05,
2023-09-06 08:00:00,0.00012469,
2023-09-06 16:00:00,-9.013e-05,
2023-09-07 00:00:00,5.4980000000000006e-05,
2023-09-07 08:00:00,2.1690000000000004e-05,
2023-09-07 16:00:00,1.4520000000000003e-05,
2023-09-08 00:00:00,-6.4900000000000005e-06,
2023-09-08 08:00:00,5.510000000000003e-06,
2023-09-08 16:00:00,-0.00013696999999999998,
2023-09-09 00:00:00,-8.472e-05,
2023-09-09 08:00:00,-2.912e-05,
2023-09-09 16:00:00,-8.892e-05,
2023-09-10 00:00:00,-0.00010399,
2023-09-10 08:00:00,2.039e-05,
2023-09-10 16:00:00,-5.5e-05,
2023-09-11 00:00:00,-8.956e-05,
2023-09-11 08:00:00,6.650000000000006e-06,
2023-09-11 16:00:00,5.852e-05,
2023-09-12 00:00:00,0.00011653,
2023-09-12 08:00:00,8.870000000000001e-06,
2023-09-12 16:00:00,9.476e-05,
2023-09-13 00:00:00,7.996e-05,
2023-09-13 08:00:00,0.00012151999999999999,
2023-09-13 16:00:00,-6.139999999999999e-06,
2023-09-14 00:00:00,0.00011444,
2023-09-14 08:00:00,4.557e-05,
2023-09-14 16:00:00,8.303e-05,
2023-09-15 00:00:00,8.743000000000001e-05,
2023-09-15 08:00:00,1.5029999999999998e-05,
2023-09-15 16:00:00,6.123000000000001e-05,
2023-09-16 00:00:00,0.0,
2023-09-16 08:00:00,9.070000000000001e-05,
2023-09-16 16:00:00,-7.163e-05,
2023-09-17 00:00:00,-4.547e-05,
2023-09-17 08:00:00,7.91e-06,
2023-09-17 16:00:00,-3.4800000000000006e-06,
2023-09-18 00:00:00,-5.8309999999999996e-05,
2023-09-18 08:00:00,5.6059999999999995e-05,
2023-09-18 16:00:00,-4.8570000000000004e-05,
2023-09-19 00:00:00,4.779e-05,
2023-09-19 08:00:00,4.500000000000001e-06,
2023-09-19 16:00:00,8.847e-05,
2023-09-20 00:00:00,9.009999999999997e-06,
2023-09-20 08:00:00,-7.462e-05,
2023-09-20 16:00:00,-2.0800000000000004e-06,
2023-09-21 00:00:00,2.074e-05,
2023-09-21 08:00:00,-9.485e-05,
2023-09-21 16:00:00,-6.669e-05,
2023-09-22 00:00:00,-7.842e-05,
2023-09-22 08:00:00,-1.4839999999999999e-05,
2023-09-22 16:00:00,-4.063e-05,
2023-09-23 00:00:00,1.3959999999999998e-05,
2023-09-23 08:00:00,-0.00010886,
2023-09-23 16:00:00,-2.91e-05,
2023-09-24 00:00:00,-3.713e-05,
2023-09-24 08:00:00,4.069e-05,
2023-09-24 16:00:00,5.3290000000000006e-05,
2023-09-25 00:00:00,-1.058e-05,
2023-09-25 08:00:00,1.6639999999999997e-05,
2023-09-25 16:00:00,4.0659999999999994e-05,
2023-09-26 00:00:00,3.529000000000001e-05,
2023-09-26 08:00:00,8.442000000000001e-05,
2023-09-26 16:00:00,4.3270000000000004e-05,
2023-09-27 00:00:00,-2.9770000000000008e-05,
2023-09-27 08:00:00,8.633e-05,
2023-09-27 16:00:00,-8.171e-05,
2023-09-28 00:00:00,-7.797e-05,
2023-09-28 08:00:00,-7.226e-05,
2023-09-28 16:00:00,1.3700000000000001e-05,
2023-09-29 00:00:00,1.343e-05,
2023-09-29 08:00:00,5.320000000000003e-06,
2023-09-29 16:00:00,-5.735e-05,
2023-09-30 00:00:00,5.575000000000001e-05,
2023-09-30 08:00:00,5.389e-05,
2023-09-30 16:00:00,1.809e-05,
2023-10-01 00:00:00,0.00011276,
2023-10-01 08:00:00,9.178e-05,
2023-10-01 16:00:00,2.0110000000000002e-05,
2023-10-02 00:00:00,0.0,
2023-10-02 08:00:00,-7.404e-05,
2023-10-02 16:00:00,-9.756000000000001e-05,
2023-10-03 00:00:00,-4.053e-05,
2023-10-03 08:00:00,5.249999999999999e-06,
2023-10-03 16:00:00,-3.6330000000000006e-05,
2023-10-04 00:00:00,-5.0169999999999996e-05,
2023-10-04 08:00:00,-2.518e-05,
2023-10-04 16:00:00,-0.00013748,
2023-10-05 00:00:00,-3.499e-05,
2023-10-05 08:00:00,-7.265e-05,
2023-10-05 16:00:00,-1.6080000000000002e-05,
2023-10-06 00:00:00,-2.612e-05,
2023-10-06 08:00:00,-2.175e-05,
2023-10-06 16:00:00,3.574000000000001e-05,
2023-10-07 00:00:00,-3.246e-05,
2023-10-07 08:00:00,6.264000000000001e-05,
2023-10-07 16:00:00,1.1480000000000005e-05,
2023-10-08 00:00:00,-2.314e-05,
2023-10-08 08:00:00,7.539999999999999e-06,
2023-10-08 16:00:00,-0.00011104000000000001,
2023-10-09 00:00:00,-6.098e-05,
2023-10-09 08:00:00,1.701e-05,
2023-10-09 16:00:00,-0.00023186000000000002,
2023-10-10 00:00:00,-0.00017042,
2023-10-10 08:00:00,-6.403e-05,
2023-10-10 16:00:00,-5.487e-05,
2023-10-11 00:00:00,1.1919999999999998e-05,
2023-10-11 08:00:00,1.319e-05,
2023-10-11 16:00:00,2.138999999999999e-05,
2023-10-12 00:00:00,-8.36e-05,
2023-10-12 08:00:00,-1.9189999999999998e-05,
2023-10-12 16:00:00,-1.0700000000000016e-06,
2023-10-13 00:00:00,-0.00021195,
2023-10-13 08:00:00,-5.251e-05,
2023-10-13 16:00:00,-4.926e-05,
2023-10-14 00:00:00,2.2660000000000003e-05,
2023-10-14 08:00:00,2.858e-05,
2023-10-14 16:00:00,3.35e-05,
2023-10-15 00:00:00,3.4200000000000045e-06,
2023-10-15 08:00:00,4.209999999999999e-05,
2023-10-15 16:00:00,7.938e-05,
2023-10-16 00:00:00,-6.710000000000002e-06,
2023-10-16 08:00:00,-4.195e-05,
2023-10-16 16:00:00,-0.00016779000000000002,
2023-10-17 00:00:00,-0.00014091,
2023-10-17 08:00:00,-8.915e-05,
2023-10-17 16:00:00,-0.0002446,
2023-10-18 00:00:00,-0.0002864,
2023-10-18 08:00:00,2.1720000000000002e-05,
2023-10-18 16:00:00,3.505e-05,
2023-10-19 00:00:00,5.749000000000001e-05,
2023-10-19 08:00:00,4.8450000000000005e-05,
2023-10-19 16:00:00,4.1580000000000005e-05,
2023-10-20 00:00:00,6.132e-05,
2023-10-20 08:00:00,4.088e-05,
2023-10-20 16:00:00,2.9280000000000004e-05,
2023-10-21 00:00:00,5.098e-05,
2023-10-21 08:00:00,8.265e-05,
2023-10-21 16:00:00,6.229e-05,
2023-10-22 00:00:00,2.4460000000000006e-05,
2023-10-22 08:00:00,7.351e-05,
2023-10-22 16:00:00,9.397000000000001e-05,
2023-10-23 00:00:00,7.3800000000000005e-06,
2023-10-23 08:00:00,8.407e-05,
2023-10-23 16:00:00,6.58e-05,
2023-10-24 00:00:00,0.0,
2023-10-24 08:00:00,0.0,
2023-10-24 16:00:00,0.0,
2023-10-25 00:00:00,0.0,
2023-10-25 08:00:00,0.0,
2023-10-25 16:00:00,0.0,
2023-10-26 00:00:00,-4.066000000000001e-05,
2023-10-26 08:00:00,0.0,
2023-10-26 16:00:00,0.0,
2023-10-27 00:00:00,0.0,
2023-10-27 08:00:00,-4.715000000000001e-05,
2023-10-27 16:00:00,0.0,
2023-10-28 00:00:00,0.0,
2023-10-28 08:00:00,0.0,
2023-10-28 16:00:00,0.0,
2023-10-29 00:00:00,0.0,
2023-10-29 08:00:00,0.0,
2023-10-29 16:00:00,0.0,
2023-10-30 00:00:00,0.0,
2023-10-30 08:00:00,0.0,
2023-10-30 16:00:00,0.0,
2023-10-31 00:00:00,0.0,
2023-10-31 08:00:00,0.0,
2023-10-31 16:00:00,0.0,
2023-11-01 00:00:00,0.0,
2023-11-01 08:00:00,0.0,
2023-11-01 16:00:00,0.0,
2023-11-02 00:00:00,-5.437999999999998e-05,
2023-11-02 08:00:00,-4.562999999999998e-05,
2023-11-02 16:00:00,2.184999999999999e-05,
2023-11-03 00:00:00,0.0,
2023-11-03 08:00:00,0.0,
2023-11-03 16:00:00,0.0,
2023-11-04 00:00:00,0.0,
2023-11-04 08:00:00,0.0,
2023-11-04 16:00:00,0.0,
2023-11-05 00:00:00,0.0,
2023-11-05 08:00:00,0.0,
2023-11-05 16:00:00,0.0,
2023-11-06 00:00:00,0.0,
2023-11-06 08:00:00,0.0,
2023-11-06 16:00:00,1.8879999999999995e-05,
2023-11-07 00:00:00,6.153e-05,
2023-11-07 08:00:00,0.00014377,
2023-11-07 16:00:00,0.0,
2023-11-08 00:00:00,0.0,
2023-11-08 08:00:00,0.0,
2023-11-08 16:00:00,0.0,
2023-11-09 00:00:00,0.0,
2023-11-09 08:00:00,0.0,
2023-11-09 16:00:00,-0.00050234,
2023-11-10 00:00:00,-0.00017525,
2023-11-10 08:00:00,-0.00031432,
2023-11-10 16:00:00,-2.6560000000000003e-05,
2023-11-11 00:00:00,6.801999999999999e-05,
2023-11-11 08:00:00,9.421000000000001e-05,
2023-11-11 16:00:00,9.326000000000001e-05,
2023-11-12 00:00:00,0.00024571,
2023-11-12 08:00:00,0.00026828,
2023-11-12 16:00:00,6.640999999999998e-05,
2023-11-13 00:00:00,7.036e-05,
2023-11-13 08:00:00,-0.00012786999999999998,
2023-11-13 16:00:00,-2.8140000000000012e-05,
2023-11-14 00:00:00,-8.828e-05,
2023-11-14 08:00:00,-1.0609999999999981e-05,
2023-11-14 16:00:00,0.0,
2023-11-15 00:00:00,0.0,
2023-11-15 08:00:00,0.0,
2023-11-15 16:00:00,0.0,
2023-11-16 00:00:00,0.0,
2023-11-16 08:00:00,0.00011492,
2023-11-16 16:00:00,7.288000000000001e-05,
2023-11-17 00:00:00,0.0,
2023-11-17 08:00:00,0.0,
2023-11-17 16:00:00,0.0,
2023-11-18 00:00:00,0.0,
2023-11-18 08:00:00,0.0,
2023-11-18 16:00:00,0.0,
2023-11-19 00:00:00,0.0,
2023-11-19 08:00:00,0.0,
2023-11-19 16:00:00,0.0,
2023-11-20 00:00:00,0.0,
2023-11-20 08:00:00,0.0,
2023-11-20 16:00:00,0.0,
2023-11-21 00:00:00,0.0,
2023-11-21 08:00:00,0.0,
2023-11-21 16:00:00,0.0,
2023-11-22 00:00:00,0.0,
2023-11-22 08:00:00,0.0,
2023-11-22 16:00:00,0.0,
2023-11-23 00:00:00,0.0,
2023-11-23 08:00:00,0.0,
2023-11-23 16:00:00,0.0,
2023-11-24 00:00:00,0.0,
2023-11-24 08:00:00,0.0,
2023-11-24 16:00:00,0.0,
2023-11-25 00:00:00,0.0,
2023-11-25 08:00:00,0.0,
2023-11-25 16:00:00,0.0,
2023-11-26 00:00:00,0.0,
2023-11-26 08:00:00,0.0,
2023-11-26 16:00:00,0.0,
2023-11-27 00:00:00,0.0,
2023-11-27 08:00:00,0.0,
2023-11-27 16:00:00,0.0,
2023-11-28 00:00:00,0.0,
2023-11-28 08:00:00,0.0,
2023-11-28 16:00:00,0.0,
2023-11-29 00:00:00,0.0,
2023-11-29 08:00:00,0.0,
2023-11-29 16:00:00,0.0,
2023-11-30 00:00:00,0.0,
2023-11-30 08:00:00,0.0,
2023-11-30 16:00:00,0.0,
2023-12-01 00:00:00,0.0,
2023-12-01 08:00:00,0.0,
2023-12-01 16:00:00,0.0,
2023-12-02 00:00:00,0.0,
2023-12-02 08:00:00,0.0,
2023-12-02 16:00:00,0.0,
2023-12-03 00:00:00,8.336e-05,
2023-12-03 08:00:00,7.134999999999999e-05,
2023-12-03 16:00:00,6.588e-05,
2023-12-04 00:00:00,3.0430000000000005e-05,
2023-12-04 08:00:00,0.00012610999999999997,
2023-12-04 16:00:00,0.0,
2023-12-05 00:00:00,0.0,
2023-12-05 08:00:00,0.0,
2023-12-05 16:00:00,0.0,
2023-12-06 00:00:00,8.657999999999999e-05,
2023-12-06 08:00:00,8.692e-05,
2023-12-06 16:00:00,0.0,
2023-12-07 00:00:00,0.0,
2023-12-07 08:00:00,1.78e-05,
2023-12-07 16:00:00,0.0,
2023-12-08 00:00:00,-3.178999999999999e-05,
2023-12-08 08:00:00,0.00015659,
2023-12-08 16:00:00,0.00010463,
2023-12-09 00:00:00,7.801e-05,
2023-12-09 08:00:00,8.943999999999998e-05,
2023-12-09 16:00:00,6.691e-05,
2023-12-10 00:00:00,2.3569999999999993e-05,
2023-12-10 08:00:00,3.944999999999998e-05,
2023-12-10 16:00:00,2.827e-05,
2023-12-11 00:00:00,-7.050000000000009e-06,
2023-12-11 08:00:00,0.0,
2023-12-11 16:00:00,0.0,
2023-12-12 00:00:00,0.0,
2023-12-12 08:00:00,0.0,
2023-12-12 16:00:00,0.0,
2023-12-13 00:00:00,1.644e-05,
2023-12-13 08:00:00,-5.058000000000001e-05,
2023-12-13 16:00:00,2.1099999999999984e-05,
2023-12-14 00:00:00,2.5159999999999996e-05,
2023-12-14 08:00:00,6.72e-05,
2023-12-14 16:00:00,9.803999999999999e-05,
2023-12-15 00:00:00,0.00018571,
2023-12-15 08:00:00,0.00021004,
2023-12-15 16:00:00,0.00013055,
2023-12-16 00:00:00,0.0,
2023-12-16 08:00:00,0.0,
2023-12-16 16:00:00,0.0,
2023-12-17 00:00:00,0.0,
2023-12-17 08:00:00,0.0,
2023-12-17 16:00:00,7.599000000000001e-05,
2023-12-18 00:00:00,-5.0829999999999986e-05,
2023-12-18 08:00:00,0.0,
2023-12-18 16:00:00,0.0,
2023-12-19 00:00:00,0.0,
2023-12-19 08:00:00,0.0,
2023-12-19 16:00:00,0.0,
2023-12-20 00:00:00,0.0,
2023-12-20 08:00:00,3.4239999999999984e-05,
2023-12-20 16:00:00,-8.605e-05,
2023-12-21 00:00:00,-0.0001204,
2023-12-21 08:00:00,-6.007000000000001e-05,
2023-12-21 16:00:00,-0.00025602000000000003,
2023-12-22 00:00:00,-0.00012431999999999998,
2023-12-22 08:00:00,-0.00017201,
2023-12-22 16:00:00,-0.00025482,
2023-12-23 00:00:00,7.898999999999997e-05,
2023-12-23 08:00:00,1.537000000000001e-05,
2023-12-23 16:00:00,0.00010249,
2023-12-24 00:00:00,0.00011978999999999999,
2023-12-24 08:00:00,0.00013191000000000003,
2023-12-24 16:00:00,9.399999999999985e-06,
2023-12-25 00:00:00,-9.139999999999984e-06,
2023-12-25 08:00:00,4.133999999999998e-05,
2023-12-25 16:00:00,-4.171999999999997e-05,
2023-12-26 00:00:00,-0.00016719,
2023-12-26 08:00:00,-4.3999999999999985e-06,
2023-12-26 16:00:00,0.00010932000000000004,
2023-12-27 00:00:00,-0.00010426000000000001,
2023-12-27 08:00:00,-9.301000000000003e-05,
2023-12-27 16:00:00,8.839999999999976e-06,
2023-12-28 00:00:00,0.00024385000000000005,
2023-12-28 08:00:00,0.00023307999999999998,
2023-12-28 16:00:00,0.00022384,
2023-12-29 00:00:00,0.00023018000000000002,
2023-12-29 08:00:00,1.8840000000000003e-05,
2023-12-29 16:00:00,7.676000000000004e-05,
2023-12-30 00:00:00,0.00024821,
2023-12-30 08:00:00,0.00013446000000000004,
2023-12-30 16:00:00,8.908000000000001e-05,
2023-12-31 00:00:00,7.546000000000001e-05,
2023-12-31 08:00:00,0.00017326,
2023-12-31 16:00:00,0.00020313,
2024-01-01 00:00:00,0.00014188999999999998,
2024-01-01 08:00:00,8.01e-05,
2024-01-01 16:00:00,-3.037999999999999e-05,
2024-01-02 00:00:00,0.00013789999999999994,
2024-01-02 08:00:00,-4.380000000000009e-06,
2024-01-02 16:00:00,-6.96300000000001e-05,
2024-01-03 00:00:00,-0.00016887,
2024-01-03 08:00:00,-9.183999999999999e-05,
2024-01-03 16:00:00,0.0,
2024-01-04 00:00:00,0.0,
2024-01-04 08:00:00,0.0,
2024-01-04 16:00:00,0.0,
2024-01-05 00:00:00,0.0,
2024-01-05 08:00:00,0.0,
2024-01-05 16:00:00,0.0,
2024-01-06 00:00:00,0.0,
2024-01-06 08:00:00,0.0,
2024-01-06 16:00:00,0.0,
2024-01-07 00:00:00,0.0,
2024-01-07 08:00:00,0.0,
2024-01-07 16:00:00,0.0,
2024-01-08 00:00:00,0.0,
2024-01-08 08:00:00,0.0,
2024-01-08 16:00:00,0.0,
2024-01-09 00:00:00,0.0,
2024-01-09 08:00:00,0.0,
2024-01-09 16:00:00,0.0,
2024-01-10 00:00:00,0.0,
2024-01-10 08:00:00,0.0,
2024-01-10 16:00:00,0.0,
2024-01-11 00:00:00,0.0,
2024-01-11 08:00:00,0.0,
2024-01-11 16:00:00,0.0,
2024-01-12 00:00:00,0.0,
2024-01-12 08:00:00,0.0,
2024-01-12 16:00:00,0.0,
2024-01-13 00:00:00,0.0,
2024-01-13 08:00:00,0.0,
2024-01-13 16:00:00,0.0,
2024-01-14 00:00:00,0.0,
2024-01-14 08:00:00,0.0,
2024-01-14 16:00:00,0.0,
2024-01-15 00:00:00,0.0,
2024-01-15 08:00:00,0.0,
2024-01-15 16:00:00,0.0,
2024-01-16 00:00:00,0.0,
2024-01-16 08:00:00,0.0,
2024-01-16 16:00:00,0.0,
2024-01-17 00:00:00,0.0,
2024-01-17 08:00:00,0.0,
2024-01-17 16:00:00,0.0,
2024-01-18 00:00:00,0.0,
2024-01-18 08:00:00,0.0,
2024-01-18 16:00:00,0.0,
2024-01-19 00:00:00,0.0,
2024-01-19 08:00:00,0.0,
2024-01-19 16:00:00,0.0,
2024-01-20 00:00:00,0.0,
2024-01-20 08:00:00,0.0,
2024-01-20 16:00:00,0.0,
2024-01-21 00:00:00,0.0,
2024-01-21 08:00:00,0.0,
2024-01-21 16:00:00,0.0,
2024-01-22 00:00:00,0.0,
2024-01-22 08:00:00,0.0,
2024-01-22 16:00:00,0.0,
2024-01-23 00:00:00,0.0,
2024-01-23 08:00:00,0.0,
2024-01-23 16:00:00,0.0,
2024-01-24 00:00:00,0.0,
2024-01-24 08:00:00,0.0,
2024-01-24 16:00:00,0.0,
2024-01-25 00:00:00,0.0,
2024-01-25 08:00:00,0.0,
2024-01-25 16:00:00,0.0,
2024-01-26 00:00:00,0.0,
2024-01-26 08:00:00,0.0,
2024-01-26 16:00:00,0.0,
2024-01-27 00:00:00,3.123000000000001e-05,
2024-01-27 08:00:00,0.0,
2024-01-27 16:00:00,0.0,
2024-01-28 00:00:00,3.443000000000001e-05,
2024-01-28 08:00:00,3.8650000000000004e-05,
2024-01-28 16:00:00,1.7340000000000007e-05,
2024-01-29 00:00:00,0.0,
2024-01-29 08:00:00,0.0,
2024-01-29 16:00:00,0.0,
2024-01-30 00:00:00,0.0,
2024-01-30 08:00:00,3.805e-05,
2024-01-30 16:00:00,0.0,
2024-01-31 00:00:00,0.0,
2024-01-31 08:00:00,0.0,
2024-01-31 16:00:00,0.0,
2024-02-01 00:00:00,4.473000000000001e-05,
2024-02-01 08:00:00,2.1290000000000008e-05,
2024-02-01 16:00:00,0.0,
2024-02-02 00:00:00,0.0,
2024-02-02 08:00:00,6.322000000000001e-05,
2024-02-02 16:00:00,0.0,
2024-02-03 00:00:00,1.8500000000000002e-05,
2024-02-03 08:00:00,0.0,
2024-02-03 16:00:00,5.5240000000000006e-05,
2024-02-04 00:00:00,6.82e-05,
2024-02-04 08:00:00,9.060000000000012e-06,
2024-02-04 16:00:00,0.0,
2024-02-05 00:00:00,0.0,
2024-02-05 08:00:00,0.0,
2024-02-05 16:00:00,0.0,
2024-02-06 00:00:00,4.309e-05,
2024-02-06 08:00:00,0.0,
2024-02-06 16:00:00,0.0,
2024-02-07 00:00:00,2.3410000000000008e-05,
2024-02-07 08:00:00,1.217e-05,
2024-02-07 16:00:00,5.691e-05,
2024-02-08 00:00:00,0.0,
2024-02-08 08:00:00,2.477000000000001e-05,
2024-02-08 16:00:00,1.9800000000000048e-06,
2024-02-09 00:00:00,2.248e-05,
2024-02-09 08:00:00,0.0,
2024-02-09 16:00:00,0.0,
2024-02-10 00:00:00,2.162e-05,
2024-02-10 08:00:00,3.849999999999999e-06,
2024-02-10 16:00:00,5.0000000000001215e-08,
2024-02-11 00:00:00,0.0,
2024-02-11 08:00:00,0.0,
2024-02-11 16:00:00,5.208e-05,
2024-02-12 00:00:00,4.924e-05,
2024-02-12 08:00:00,2.899999999999989e-07,
2024-02-12 16:00:00,0.0,
2024-02-13 00:00:00,0.0,
2024-02-13 08:00:00,0.0,
2024-02-13 16:00:00,0.0,
2024-02-14 00:00:00,0.0,
2024-02-14 08:00:00,0.0,
2024-02-14 16:00:00,-3.081999999999999e-05,
2024-02-15 00:00:00,0.0,
2024-02-15 08:00:00,7.562999999999999e-05,
2024-02-15 16:00:00,-5.411999999999999e-05,
2024-02-16 00:00:00,-8.999999999999406e-08,
2024-02-16 08:00:00,0.00011834999999999999,
2024-02-16 16:00:00,8.856999999999999e-05,
2024-02-17 00:00:00,0.0,
2024-02-17 08:00:00,0.00015284,
2024-02-17 16:00:00,8.865999999999998e-05,
2024-02-18 00:00:00,0.00011028,
2024-02-18 08:00:00,1.1200000000000001e-05,
2024-02-18 16:00:00,0.00010651999999999999,
2024-02-19 00:00:00,3.3189999999999985e-05,
2024-02-19 08:00:00,0.00014621000000000002,
2024-02-19 16:00:00,0.00010913,
2024-02-20 00:00:00,7.528999999999999e-05,
2024-02-20 08:00:00,0.00022007,
2024-02-20 16:00:00,2.324e-05,
2024-02-21 00:00:00,-2.694000000000001e-05,
2024-02-21 08:00:00,8.735999999999999e-05,
2024-02-21 16:00:00,4.211e-05,
2024-02-22 00:00:00,4.5870000000000006e-05,
2024-02-22 08:00:00,0.0001563,
2024-02-22 16:00:00,0.00016086000000000003,
2024-02-23 00:00:00,0.00015905,
2024-02-23 08:00:00,0.00018724000000000003,
2024-02-23 16:00:00,0.00013059999999999998,
2024-02-24 00:00:00,0.00028889000000000003,
2024-02-24 08:00:00,0.00014246000000000002,
2024-02-24 16:00:00,0.00019755,
2024-02-25 00:00:00,0.00021568,
2024-02-25 08:00:00,0.00015049999999999997,
2024-02-25 16:00:00,0.00014469999999999997,
2024-02-26 00:00:00,-7.937999999999999e-05,
2024-02-26 08:00:00,0.00024947,
2024-02-26 16:00:00,0.00017330999999999998,
2024-02-27 00:00:00,5.376000000000003e-05,
2024-02-27 08:00:00,-6.037999999999996e-05,
2024-02-27 16:00:00,0.00013269999999999997,
2024-02-28 00:00:00,8.392000000000002e-05,
2024-02-28 08:00:00,8.860999999999998e-05,
2024-02-28 16:00:00,0.00011673999999999994,
2024-02-29 00:00:00,-0.00010140999999999991,
2024-02-29 08:00:00,5.288000000000005e-05,
2024-02-29 16:00:00,-0.00012852000000000002,
2024-03-01 00:00:00,6.652999999999997e-05,
2024-03-01 08:00:00,6.795e-05,
2024-03-01 16:00:00,-5.9960000000000015e-05,
2024-03-02 00:00:00,0.00014075000000000003,
2024-03-02 08:00:00,0.00020661999999999992,
2024-03-02 16:00:00,-5.6659999999999935e-05,
2024-03-03 00:00:00,0.00029286000000000004,
2024-03-03 08:00:00,0.00027826000000000006,
2024-03-03 16:00:00,0.00013901999999999995,
2024-03-04 00:00:00,2.411999999999998e-05,
2024-03-04 08:00:00,0.00029011999999999994,
2024-03-04 16:00:00,7.302000000000003e-05,
2024-03-05 00:00:00,5.634999999999999e-05,
2024-03-05 08:00:00,0.00017277000000000004,
2024-03-05 16:00:00,-0.00010271,
2024-03-06 00:00:00,-7.434e-05,
2024-03-06 08:00:00,-0.00021132,
2024-03-06 16:00:00,-4.863999999999997e-05,
2024-03-07 00:00:00,-0.00015091,
2024-03-07 08:00:00,-8.152999999999996e-05,
2024-03-07 16:00:00,-0.00015636000000000003,
2024-03-08 00:00:00,-6.297000000000003e-05,
2024-03-08 08:00:00,-0.00024014000000000001,
2024-03-08 16:00:00,-0.00014726999999999996,
2024-03-09 00:00:00,-8.555999999999999e-05,
2024-03-09 08:00:00,4.0660000000000034e-05,
2024-03-09 16:00:00,0.00027889,
2024-03-10 00:00:00,0.00022299,
2024-03-10 08:00:00,0.00015872999999999994,
2024-03-10 16:00:00,0.00013256999999999999,
2024-03-11 00:00:00,0.00018326000000000003,
2024-03-11 08:00:00,-0.00012264000000000003,
2024-03-11 16:00:00,-0.00012725000000000008,
2024-03-12 00:00:00,4.879999999999967e-06,
2024-03-12 08:00:00,0.00015773000000000002,
2024-03-12 16:00:00,2.1140000000000004e-05,
2024-03-13 00:00:00,1.9659999999999957e-05,
2024-03-13 08:00:00,-3.1370000000000074e-05,
2024-03-13 16:00:00,8.228e-05,
2024-03-14 00:00:00,3.579000000000001e-05,
2024-03-14 08:00:00,8.916000000000002e-05,
2024-03-14 16:00:00,0.00015486,
2024-03-15 00:00:00,0.00012909999999999994,
2024-03-15 08:00:00,-6.303e-05,
2024-03-15 16:00:00,-0.00018838999999999998,
2024-03-16 00:00:00,2.029000000000001e-05,
2024-03-16 08:00:00,-2.570000000000003e-05,
2024-03-16 16:00:00,-0.00014078000000000002,
2024-03-17 00:00:00,-3.395999999999999e-05,
2024-03-17 08:00:00,-6.280000000000001e-06,
2024-03-17 16:00:00,-0.00019270999999999996,
2024-03-18 00:00:00,-5.7860000000000005e-05,
2024-03-18 08:00:00,-0.0001415,
2024-03-18 16:00:00,-0.00012327,
2024-03-19 00:00:00,-0.00010593000000000001,
2024-03-19 08:00:00,-7.509999999999998e-05,
2024-03-19 16:00:00,-3.4689999999999995e-05,
2024-03-20 00:00:00,-6.096e-05,
2024-03-20 08:00:00,0.0,
2024-03-20 16:00:00,0.0,
2024-03-21 00:00:00,-9.506999999999998e-05,
2024-03-21 08:00:00,-3.771e-05,
2024-03-21 16:00:00,-7.742999999999998e-05,
2024-03-22 00:00:00,-0.00012038000000000001,
2024-03-22 08:00:00,-0.00013317,
2024-03-22 16:00:00,-6.091999999999999e-05,
2024-03-23 00:00:00,4.2689999999999986e-05,
2024-03-23 08:00:00,3.35e-05,
2024-03-23 16:00:00,7.050000000000009e-06,
2024-03-24 00:00:00,3.550999999999999e-05,
2024-03-24 08:00:00,-5.104e-05,
2024-03-24 16:00:00,-4.696999999999999e-05,
2024-03-25 00:00:00,-6.209999999999999e-05,
2024-03-25 08:00:00,-1.0089999999999993e-05,
2024-03-25 16:00:00,-6.763e-05,
2024-03-26 00:00:00,-0.00023535,
2024-03-26 08:00:00,-8e-05,
2024-03-26 16:00:00,-7.170000000000028e-06,
2024-03-27 00:00:00,0.00012863000000000002,
2024-03-27 08:00:00,5.404000000000002e-05,
2024-03-27 16:00:00,-3.798000000000001e-05,
2024-03-28 00:00:00,4.512e-05,
2024-03-28 08:00:00,8.946000000000003e-05,
2024-03-28 16:00:00,-1.7850000000000027e-05,
2024-03-29 00:00:00,8.28999999999999e-06,
2024-03-29 08:00:00,-1.2199999999999646e-06,
2024-03-29 16:00:00,1.558000000000001e-05,
2024-03-30 00:00:00,0.00015427,
2024-03-30 08:00:00,6.256000000000002e-05,
2024-03-30 16:00:00,6.004999999999997e-05,
2024-03-31 00:00:00,0.00011442,
2024-03-31 08:00:00,-6.473000000000004e-05,
2024-03-31 16:00:00,-0.00015814000000000003,
2024-04-01 00:00:00,-7.507e-05,
2024-04-01 08:00:00,-7.071999999999997e-05,
2024-04-01 16:00:00,-7.890000000000007e-06,
2024-04-02 00:00:00,4.681999999999999e-05,
2024-04-02 08:00:00,0.0,
2024-04-02 16:00:00,-2.6419999999999994e-05,
2024-04-03 00:00:00,9.080000000000001e-06,
2024-04-03 08:00:00,2.7860000000000008e-05,
2024-04-03 16:00:00,0.0,
2024-04-04 00:00:00,0.0,
2024-04-04 08:00:00,0.0,
2024-04-04 16:00:00,2.559999999999989e-06,
2024-04-05 00:00:00,1.8779999999999993e-05,
2024-04-05 08:00:00,5.169999999999993e-06,
2024-04-05 16:00:00,0.0,
2024-04-06 00:00:00,-5.9999999999999995e-05,
2024-04-06 08:00:00,0.0,
2024-04-06 16:00:00,0.0,
2024-04-07 00:00:00,0.0,
2024-04-07 08:00:00,0.0,
2024-04-07 16:00:00,0.0,
2024-04-08 00:00:00,0.0,
2024-04-08 08:00:00,3.998999999999999e-05,
2024-04-08 16:00:00,-0.00016364000000000003,
2024-04-09 00:00:00,-4.1119999999999986e-05,
2024-04-09 08:00:00,8.783000000000002e-05,
2024-04-09 16:00:00,4.254000000000001e-05,
2024-04-10 00:00:00,7.541000000000001e-05,
2024-04-10 08:00:00,9.739999999999998e-06,
2024-04-10 16:00:00,-2.4940000000000002e-05,
2024-04-11 00:00:00,2.499999999999925e-07,
2024-04-11 08:00:00,-5.483e-05,
2024-04-11 16:00:00,0.0,
2024-04-12 00:00:00,0.0,
2024-04-12 08:00:00,2.7669999999999998e-05,
2024-04-12 16:00:00,7.124999999999998e-05,
2024-04-13 00:00:00,0.0,
2024-04-13 08:00:00,0.0,
2024-04-13 16:00:00,0.0,
2024-04-14 00:00:00,0.0,
2024-04-14 08:00:00,0.0,
2024-04-14 16:00:00,0.0,
2024-04-15 00:00:00,0.0,
2024-04-15 08:00:00,4.5780000000000006e-05,
2024-04-15 16:00:00,1.1290000000000009e-05,
2024-04-16 00:00:00,2.102e-05,
2024-04-16 08:00:00,1.4640000000000009e-05,
2024-04-16 16:00:00,2.68e-05,
2024-04-17 00:00:00,-2.777e-05,
2024-04-17 08:00:00,7.557e-05,
2024-04-17 16:00:00,-1.1589999999999999e-05,
2024-04-18 00:00:00,-1.8149999999999997e-05,
2024-04-18 08:00:00,7.751000000000001e-05,
2024-04-18 16:00:00,3.505e-05,
2024-04-19 00:00:00,-2.4180000000000002e-05,
2024-04-19 08:00:00,1.497e-05,
2024-04-19 16:00:00,4.583000000000001e-05,
2024-04-20 00:00:00,0.0,
2024-04-20 08:00:00,1.3790000000000002e-05,
2024-04-20 16:00:00,4.886e-05,
2024-04-21 00:00:00,3.7199999999999996e-05,
2024-04-21 08:00:00,2.791e-05,
2024-04-21 16:00:00,1.3400000000000041e-06,
2024-04-22 00:00:00,6.583000000000001e-05,
2024-04-22 08:00:00,-2.204e-05,
2024-04-22 16:00:00,1.683e-05,
2024-04-23 00:00:00,-5.839e-05,
2024-04-23 08:00:00,-4.79e-06,
2024-04-23 16:00:00,1.314e-05,
2024-04-24 00:00:00,-1.3709999999999996e-05,
2024-04-24 08:00:00,4.8990000000000004e-05,
2024-04-24 16:00:00,-1.471e-05,
2024-04-25 00:00:00,6.35e-05,
2024-04-25 08:00:00,6.947999999999999e-05,
2024-04-25 16:00:00,-1.7270000000000002e-05,
2024-04-26 00:00:00,3.413e-05,
2024-04-26 08:00:00,-6.720000000000003e-06,
2024-04-26 16:00:00,-9.839e-05,
2024-04-27 00:00:00,-7.198e-05,
2024-04-27 08:00:00,-6.866e-05,
2024-04-27 16:00:00,7.645e-05,
2024-04-28 00:00:00,-5.352e-05,
2024-04-28 08:00:00,-5.844e-05,
2024-04-28 16:00:00,1.5560000000000007e-05,
2024-04-29 00:00:00,-1.0999999999999725e-07,
2024-04-29 08:00:00,0.0,
2024-04-29 16:00:00,-8.999999999999999e-05,
2024-04-30 00:00:00,1.4490000000000005e-05,
2024-04-30 08:00:00,2.6110000000000006e-05,
2024-04-30 16:00:00,-1.439e-05,
2024-05-01 00:00:00,-8.960000000000001e-05,
2024-05-01 08:00:00,2.3300000000000004e-05,
2024-05-01 16:00:00,-8.031e-05,
2024-05-02 00:00:00,7.26e-05,
2024-05-02 08:00:00,-4.64e-05,
2024-05-02 16:00:00,-2.1670000000000008e-05,
2024-05-03 00:00:00,3.6660000000000005e-05,
2024-05-03 08:00:00,7.843e-05,
2024-05-03 16:00:00,-1.4160000000000003e-05,
2024-05-04 00:00:00,-6.589999999999996e-06,
2024-05-04 08:00:00,-0.00010174999999999999,
2024-05-04 16:00:00,2.9990000000000003e-05,
2024-05-05 00:00:00,-7.525000000000001e-05,
2024-05-05 08:00:00,6.060000000000006e-06,
2024-05-05 16:00:00,4.422000000000001e-05,
2024-05-06 00:00:00,1.3580000000000009e-05,
2024-05-06 08:00:00,0.0,
2024-05-06 16:00:00,9.750000000000007e-06,
2024-05-07 00:00:00,2.6580000000000006e-05,
2024-05-07 08:00:00,5.9720000000000004e-05,
2024-05-07 16:00:00,3.0220000000000005e-05,
2024-05-08 00:00:00,2.236000000000001e-05,
2024-05-08 08:00:00,2.764e-05,
2024-05-08 16:00:00,0.0,
2024-05-09 00:00:00,0.0,
2024-05-09 08:00:00,0.0,
2024-05-09 16:00:00,0.0,
2024-05-10 00:00:00,9.600000000000003e-06,
2024-05-10 08:00:00,0.0,
2024-05-10 16:00:00,4.863000000000001e-05,
2024-05-11 00:00:00,-8.371e-05,
2024-05-11 08:00:00,-0.00010514,
2024-05-11 16:00:00,-1.7959999999999997e-05,
2024-05-12 00:00:00,-0.00013647,
2024-05-12 08:00:00,-8.527e-05,
2024-05-12 16:00:00,3.731000000000001e-05,
2024-05-13 00:00:00,2.8830000000000007e-05,
2024-05-13 08:00:00,-4.3490000000000005e-05,
2024-05-13 16:00:00,0.0,
2024-05-14 00:00:00,0.0,
2024-05-14 08:00:00,1.8600000000000005e-05,
2024-05-14 16:00:00,8.760000000000004e-06,
2024-05-15 00:00:00,-0.00010905000000000001,
2024-05-15 08:00:00,-0.000156,
2024-05-15 16:00:00,8.380000000000011e-06,
2024-05-16 00:00:00,0.0,
2024-05-16 08:00:00,3.547000000000001e-05,
2024-05-16 16:00:00,4.5990000000000005e-05,
2024-05-17 00:00:00,4.6760000000000006e-05,
2024-05-17 08:00:00,1.469000000000001e-05,
2024-05-17 16:00:00,5.6670000000000005e-05,
2024-05-18 00:00:00,2.487000000000001e-05,
2024-05-18 08:00:00,-4.892e-05,
2024-05-18 16:00:00,7.989999999999996e-06,
2024-05-19 00:00:00,2.612e-05,
2024-05-19 08:00:00,-2.7060000000000002e-05,
2024-05-19 16:00:00,8.030000000000003e-06,
2024-05-20 00:00:00,3.2800000000000093e-06,
2024-05-20 08:00:00,-4.781e-05,
2024-05-20 16:00:00,2.827e-05,
2024-05-21 00:00:00,0.0,
2024-05-21 08:00:00,-9.404e-05,
2024-05-21 16:00:00,0.0,
2024-05-22 00:00:00,-2.4520000000000002e-05,
2024-05-22 08:00:00,-5.1890000000000006e-05,
2024-05-22 16:00:00,0.0,
2024-05-23 00:00:00,0.0,
2024-05-23 08:00:00,0.0,
2024-05-23 16:00:00,0.0,
2024-05-24 00:00:00,0.0,
2024-05-24 08:00:00,0.0,
2024-05-24 16:00:00,0.0,
2024-05-25 00:00:00,0.0,
2024-05-25 08:00:00,0.0,
2024-05-25 16:00:00,0.0,
2024-05-26 00:00:00,0.0,
2024-05-26 08:00:00,0.0,
2024-05-26 16:00:00,0.0,
2024-05-27 00:00:00,0.0,
2024-05-27 08:00:00,0.0,
2024-05-27 16:00:00,0.0,
2024-05-28 00:00:00,0.0,
2024-05-28 08:00:00,5.529000000000001e-05,
2024-05-28 16:00:00,2.8359999999999993e-05,
2024-05-29 00:00:00,1.9799999999999993e-05,
2024-05-29 08:00:00,0.0,
2024-05-29 16:00:00,-7.699999999999999e-05,
2024-05-30 00:00:00,-0.00015357,
2024-05-30 08:00:00,1.0410000000000004e-05,
2024-05-30 16:00:00,-8.705999999999998e-05,
2024-05-31 00:00:00,0.0,
2024-05-31 08:00:00,-7.93e-06,
2024-05-31 16:00:00,-2.3189999999999986e-05,
2024-06-01 00:00:00,-7.131e-05,
2024-06-01 08:00:00,-3.008999999999999e-05,
2024-06-01 16:00:00,-1.5570000000000002e-05,
2024-06-02 00:00:00,-2.1629999999999995e-05,
2024-06-02 08:00:00,5.708e-05,
2024-06-02 16:00:00,1.5999999999999847e-07,
2024-06-03 00:00:00,-2.7019999999999982e-05,
2024-06-03 08:00:00,-5.803e-05,
2024-06-03 16:00:00,-2.8149999999999993e-05,
2024-06-04 00:00:00,0.0,
2024-06-04 08:00:00,0.0,
2024-06-04 16:00:00,-7.999999999999991e-06,
2024-06-05 00:00:00,-2.849000000000002e-05,
2024-06-05 08:00:00,0.0,
2024-06-05 16:00:00,-6.589999999999989e-06,
2024-06-06 00:00:00,-9.461e-05,
2024-06-06 08:00:00,-5.586e-05,
2024-06-06 16:00:00,-4.9889999999999985e-05,
2024-06-07 00:00:00,-5.534000000000001e-05,
2024-06-07 08:00:00,5.411000000000001e-05,
2024-06-07 16:00:00,-4.490000000000006e-06,
2024-06-08 00:00:00,0.0,
2024-06-08 08:00:00,0.0,
2024-06-08 16:00:00,0.0,
2024-06-09 00:00:00,0.0,
2024-06-09 08:00:00,0.0,
2024-06-09 16:00:00,0.0,
2024-06-10 00:00:00,0.0,
2024-06-10 08:00:00,0.0,
2024-06-10 16:00:00,0.0,
2024-06-11 00:00:00,0.0,
2024-06-11 08:00:00,0.0,
2024-06-11 16:00:00,0.0,
2024-06-12 00:00:00,0.0,
2024-06-12 08:00:00,0.0,
2024-06-12 16:00:00,0.0,
2024-06-13 00:00:00,0.0,
2024-06-13 08:00:00,0.0,
2024-06-13 16:00:00,0.0,
2024-06-14 00:00:00,0.0,
2024-06-14 08:00:00,0.0,
2024-06-14 16:00:00,0.0,
2024-06-15 00:00:00,0.0,
2024-06-15 08:00:00,0.0,
2024-06-15 16:00:00,0.0,
2024-06-16 00:00:00,0.0,
2024-06-16 08:00:00,0.0,
2024-06-16 16:00:00,0.0,
2024-06-17 00:00:00,0.0,
2024-06-17 08:00:00,0.0,
2024-06-17 16:00:00,8.630000000000004e-06,
2024-06-18 00:00:00,3.351000000000001e-05,
2024-06-18 08:00:00,-1.5189999999999995e-05,
2024-06-18 16:00:00,3.7890000000000005e-05,
2024-06-19 00:00:00,-7.471000000000001e-05,
2024-06-19 08:00:00,-2.2799999999999985e-06,
2024-06-19 16:00:00,3.8780000000000005e-05,
2024-06-20 00:00:00,0.0,
2024-06-20 08:00:00,3.591e-05,
2024-06-20 16:00:00,8.23e-06,
2024-06-21 00:00:00,9.254e-05,
2024-06-21 08:00:00,6.421000000000001e-05,
2024-06-21 16:00:00,0.0,
2024-06-22 00:00:00,-0.0001125,
2024-06-22 08:00:00,2.1380000000000002e-05,
2024-06-22 16:00:00,6.0860000000000003e-05,
2024-06-23 00:00:00,3.29e-05,
2024-06-23 08:00:00,-2.3059999999999996e-05,
2024-06-23 16:00:00,6.409e-05,
2024-06-24 00:00:00,2.3280000000000008e-05,
2024-06-24 08:00:00,0.0,
2024-06-24 16:00:00,-1.1480000000000005e-05,
2024-06-25 00:00:00,-5.9850000000000005e-05,
2024-06-25 08:00:00,-6.820000000000006e-06,
2024-06-25 16:00:00,0.0,
2024-06-26 00:00:00,0.0,
2024-06-26 08:00:00,0.0,
2024-06-26 16:00:00,0.0,
2024-06-27 00:00:00,0.0,
2024-06-27 08:00:00,0.0,
2024-06-27 16:00:00,0.0,
2024-06-28 00:00:00,0.0,
2024-06-28 08:00:00,0.0,
2024-06-28 16:00:00,0.0,
2024-06-29 00:00:00,-3.7680000000000005e-05,
2024-06-29 08:00:00,-0.00016295,
2024-06-29 16:00:00,-0.00012858,
2024-06-30 00:00:00,-4.1490000000000004e-05,
2024-06-30 08:00:00,0.0,
2024-06-30 16:00:00,-2.079000000000001e-05,
2024-07-01 00:00:00,0.0,
2024-07-01 08:00:00,0.0,
2024-07-01 16:00:00,0.0,
2024-07-02 00:00:00,0.0,
2024-07-02 08:00:00,0.0,
2024-07-02 16:00:00,0.0,
2024-07-03 00:00:00,0.0,
2024-07-03 08:00:00,0.0,
2024-07-03 16:00:00,0.0,
2024-07-04 00:00:00,0.0,
2024-07-04 08:00:00,-1.5140000000000008e-05,
2024-07-04 16:00:00,0.0,
2024-07-05 00:00:00,-3.067e-05,
2024-07-05 08:00:00,-5.127e-05,
2024-07-05 16:00:00,-1.4730000000000003e-05,
2024-07-06 00:00:00,3.0800000000000044e-06,
2024-07-06 08:00:00,3.403000000000001e-05,
2024-07-06 16:00:00,3.437e-05,
2024-07-07 00:00:00,1.8720000000000004e-05,
2024-07-07 08:00:00,-9.639999999999996e-06,
2024-07-07 16:00:00,-2.4999999999999998e-06,
2024-07-08 00:00:00,0.0,
2024-07-08 08:00:00,-1.4640000000000002e-05,
2024-07-08 16:00:00,6.4300000000000045e-06,
2024-07-09 00:00:00,-2.167e-05,
2024-07-09 08:00:00,6.345999999999999e-05,
2024-07-09 16:00:00,2.246e-05,
2024-07-10 00:00:00,1.947e-05,
2024-07-10 08:00:00,8.287e-05,
2024-07-10 16:00:00,0.0,
2024-07-11 00:00:00,5.7180000000000005e-05,
2024-07-11 08:00:00,1.3440000000000007e-05,
2024-07-11 16:00:00,-3.9489999999999996e-05,
2024-07-12 00:00:00,0.0,
2024-07-12 08:00:00,5.270000000000001e-05,
2024-07-12 16:00:00,2.6640000000000002e-05,
2024-07-13 00:00:00,0.0,
2024-07-13 08:00:00,0.0,
2024-07-13 16:00:00,-2.7580000000000004e-05,
2024-07-14 00:00:00,0.0,
2024-07-14 08:00:00,3.648e-05,
2024-07-14 16:00:00,6.806e-05,
2024-07-15 00:00:00,3.4700000000000057e-06,
2024-07-15 08:00:00,5.957000000000001e-05,
2024-07-15 16:00:00,-9.010000000000004e-06,
2024-07-16 00:00:00,7.357e-05,
2024-07-16 08:00:00,-2.4659999999999998e-05,
2024-07-16 16:00:00,-8.502e-05,
2024-07-17 00:00:00,-6.899999999999951e-07,
2024-07-17 08:00:00,1.9360000000000004e-05,
2024-07-17 16:00:00,2.579999999999999e-05,
2024-07-18 00:00:00,-1.8500000000000002e-05,
2024-07-18 08:00:00,3.273000000000001e-05,
2024-07-18 16:00:00,6.763e-05,
2024-07-19 00:00:00,5.5900000000000004e-05,
2024-07-19 08:00:00,1.8470000000000004e-05,
2024-07-19 16:00:00,0.0,
2024-07-20 00:00:00,-9.542e-05,
2024-07-20 08:00:00,1.427000000000001e-05,
2024-07-20 16:00:00,-1.447e-05,
2024-07-21 00:00:00,-8.620000000000009e-06,
2024-07-21 08:00:00,4.127e-05,
2024-07-21 16:00:00,-5.2390000000000005e-05,
2024-07-22 00:00:00,1.3300000000000025e-06,
2024-07-22 08:00:00,2.251e-05,
2024-07-22 16:00:00,5.226999999999999e-05,
2024-07-23 00:00:00,2.2080000000000005e-05,
2024-07-23 08:00:00,-9.504000000000001e-05,
2024-07-23 16:00:00,-3.464000000000001e-05,
2024-07-24 00:00:00,2.1350000000000004e-05,
2024-07-24 08:00:00,1.6040000000000002e-05,
2024-07-24 16:00:00,7.970000000000007e-06,
2024-07-25 00:00:00,-8.444e-05,
2024-07-25 08:00:00,7.704e-05,
2024-07-25 16:00:00,1.4059999999999998e-05,
2024-07-26 00:00:00,2.400000000000045e-07,
2024-07-26 08:00:00,4.4800000000000045e-06,
2024-07-26 16:00:00,5.999000000000001e-05,
2024-07-27 00:00:00,6.950000000000001e-05,
2024-07-27 08:00:00,2.578e-05,
2024-07-27 16:00:00,8.22e-05,
2024-07-28 00:00:00,-1.6430000000000004e-05,
2024-07-28 08:00:00,-0.00015332,
2024-07-28 16:00:00,-0.00015028,
2024-07-29 00:00:00,-0.00011974,
2024-07-29 08:00:00,0.0,
2024-07-29 16:00:00,0.0,
2024-07-30 00:00:00,-9.000000000000083e-07,
2024-07-30 08:00:00,0.0,
2024-07-30 16:00:00,-1.1050000000000011e-05,
2024-07-31 00:00:00,-0.00011067000000000001,
2024-07-31 08:00:00,0.0,
2024-07-31 16:00:00,-5.9520000000000006e-05,
2024-08-01 00:00:00,-0.00012284,
2024-08-01 08:00:00,-6.199e-05,
2024-08-01 16:00:00,-9.366000000000001e-05,
2024-08-02 00:00:00,2.359000000000001e-05,
2024-08-02 08:00:00,-9.659999999999999e-06,
2024-08-02 16:00:00,-3.318e-05,
2024-08-03 00:00:00,-0.00014446,
2024-08-03 08:00:00,-6.457e-05,
2024-08-03 16:00:00,-1.838e-05,
2024-08-04 00:00:00,-0.00013028,
2024-08-04 08:00:00,-0.00011228,
2024-08-04 16:00:00,-2.2040000000000006e-05,
2024-08-05 00:00:00,8.931999999999999e-05,
2024-08-05 08:00:00,4.000000000000001e-06,
2024-08-05 16:00:00,7.452e-05,
2024-08-06 00:00:00,-3.45e-05,
2024-08-06 08:00:00,0.00010462999999999999,
2024-08-06 16:00:00,0.00010653999999999999,
2024-08-07 00:00:00,0.00012906000000000001,
2024-08-07 08:00:00,1.0880000000000001e-05,
2024-08-07 16:00:00,0.00013734,
2024-08-08 00:00:00,0.00011882,
2024-08-08 08:00:00,5.457e-05,
2024-08-08 16:00:00,0.00011328,
2024-08-09 00:00:00,5.834e-05,
2024-08-09 08:00:00,-4.0950000000000006e-05,
2024-08-09 16:00:00,0.00012753,
2024-08-10 00:00:00,0.00011467000000000001,
2024-08-10 08:00:00,-1.6030000000000004e-05,
2024-08-10 16:00:00,7.117e-05,
2024-08-11 00:00:00,-1.953e-05,
2024-08-11 08:00:00,2.555e-05,
2024-08-11 16:00:00,2.5549999999999998e-05,
2024-08-12 00:00:00,-2.023e-05,
2024-08-12 08:00:00,-4.3520000000000003e-05,
2024-08-12 16:00:00,1.7000000000000684e-07,
2024-08-13 00:00:00,-0.00010676,
2024-08-13 08:00:00,-1.6160000000000008e-05,
2024-08-13 16:00:00,2.409e-05,
2024-08-14 00:00:00,9.445e-05,
2024-08-14 08:00:00,-9.654e-05,
2024-08-14 16:00:00,4.829e-05,
2024-08-15 00:00:00,2.125e-05,
2024-08-15 08:00:00,8.01e-06,
2024-08-15 16:00:00,-4.716e-05,
2024-08-16 00:00:00,-7.724e-05,
2024-08-16 08:00:00,7.895000000000001e-05,
2024-08-16 16:00:00,-2.2250000000000002e-05,
2024-08-17 00:00:00,1.597e-05,
2024-08-17 08:00:00,7.97e-06,
2024-08-17 16:00:00,-1.8290000000000003e-05,
2024-08-18 00:00:00,5.591999999999999e-05,
2024-08-18 08:00:00,0.00012074,
2024-08-18 16:00:00,-4.615e-05,
2024-08-19 00:00:00,-6.071e-05,
2024-08-19 08:00:00,5.159e-05,
2024-08-19 16:00:00,6.478e-05,
2024-08-20 00:00:00,5.949e-05,
2024-08-20 08:00:00,8.023000000000001e-05,
2024-08-20 16:00:00,6.107000000000001e-05,
2024-08-21 00:00:00,-4.459e-05,
2024-08-21 08:00:00,6.539e-05,
2024-08-21 16:00:00,3.687999999999999e-05,
2024-08-22 00:00:00,0.00010946,
2024-08-22 08:00:00,1.2090000000000001e-05,
2024-08-22 16:00:00,7.99e-05,
2024-08-23 00:00:00,3.3990000000000005e-05,
2024-08-23 08:00:00,-2.5679999999999998e-05,
2024-08-23 16:00:00,0.00010172000000000001,
2024-08-24 00:00:00,6.273e-05,
2024-08-24 08:00:00,6.322e-05,
2024-08-24 16:00:00,9.419e-05,
2024-08-25 00:00:00,0.00013389,
2024-08-25 08:00:00,-2.692e-05,
2024-08-25 16:00:00,7.421000000000001e-05,
2024-08-26 00:00:00,-4.4189999999999995e-05,
2024-08-26 08:00:00,2.115e-05,
2024-08-26 16:00:00,-7.67e-06,
2024-08-27 00:00:00,-6.271e-05,
2024-08-27 08:00:00,-1.6650000000000005e-05,
2024-08-27 16:00:00,-4.018e-05,
2024-08-28 00:00:00,-3.638e-05,
2024-08-28 08:00:00,-7.511e-05,
2024-08-28 16:00:00,-0.00013555,
2024-08-29 00:00:00,-7.053e-05,
2024-08-29 08:00:00,-6.665e-05,
2024-08-29 16:00:00,-2.267e-05,
2024-08-30 00:00:00,-0.00011810999999999999,
2024-08-30 08:00:00,1.0860000000000001e-05,
2024-08-30 16:00:00,3.096e-05,
2024-08-31 00:00:00,-1.9989999999999997e-05,
2024-08-31 08:00:00,-2.857e-05,
2024-08-31 16:00:00,-5.476e-05,
2024-09-01 00:00:00,5.359999999999996e-06,
2024-09-01 08:00:00,-4.005999999999999e-05,
2024-09-01 16:00:00,-5.5759999999999995e-05,
2024-09-02 00:00:00,-0.00012879,
2024-09-02 08:00:00,-7.344e-05,
2024-09-02 16:00:00,-1.4910000000000005e-05,
2024-09-03 00:00:00,4.33e-05,
2024-09-03 08:00:00,5.1170000000000006e-05,
2024-09-03 16:00:00,2.471e-05,
2024-09-04 00:00:00,-3.293e-05,
2024-09-04 08:00:00,-1.085e-05,
2024-09-04 16:00:00,-6.956e-05,
2024-09-05 00:00:00,2.7829999999999996e-05,
2024-09-05 08:00:00,1.6230000000000002e-05,
2024-09-05 16:00:00,4.445e-05,
2024-09-06 00:00:00,5.881e-05,
2024-09-06 08:00:00,5.1290000000000005e-05,
2024-09-06 16:00:00,5.9930000000000004e-05,
2024-09-07 00:00:00,5.1580000000000004e-05,
2024-09-07 08:00:00,6.48e-05,
2024-09-07 16:00:00,3.490000000000001e-05,
2024-09-08 00:00:00,2.1899999999999977e-06,
2024-09-08 08:00:00,-7.739999999999997e-06,
2024-09-08 16:00:00,6.569e-05,
2024-09-09 00:00:00,-3.531e-05,
2024-09-09 08:00:00,2.0850000000000005e-05,
2024-09-09 16:00:00,5.586e-05,
2024-09-10 00:00:00,8.918000000000001e-05,
2024-09-10 08:00:00,8.34e-05,
2024-09-10 16:00:00,-1.8509999999999997e-05,
2024-09-11 00:00:00,-3.0469999999999998e-05,
2024-09-11 08:00:00,-3.948e-05,
2024-09-11 16:00:00,-5.519999999999998e-06,
2024-09-12 00:00:00,2.533e-05,
2024-09-12 08:00:00,-0.00014312,
2024-09-12 16:00:00,-6.159e-05,
2024-09-13 00:00:00,-6.108e-05,
2024-09-13 08:00:00,-5.587e-05,
2024-09-13 16:00:00,1.0000000000000006e-05,
2024-09-14 00:00:00,-6.25e-06,
2024-09-14 08:00:00,4.325e-05,
2024-09-14 16:00:00,-0.00013782,
2024-09-15 00:00:00,3.951e-05,
2024-09-15 08:00:00,5.088e-05,
2024-09-15 16:00:00,5.0320000000000006e-05,
2024-09-16 00:00:00,6.772000000000001e-05,
2024-09-16 08:00:00,6.178e-05,
2024-09-16 16:00:00,-5.13e-06,
2024-09-17 00:00:00,-6.021e-05,
2024-09-17 08:00:00,-3.21e-05,
2024-09-17 16:00:00,2.039e-05,
2024-09-18 00:00:00,2.735e-05,
2024-09-18 08:00:00,-4.93e-05,
2024-09-18 16:00:00,-9.06e-06,
2024-09-19 00:00:00,-4.2619999999999995e-05,
2024-09-19 08:00:00,1.7340000000000007e-05,
2024-09-19 16:00:00,3.92e-05,
2024-09-20 00:00:00,-5.873e-05,
2024-09-20 08:00:00,-4.625e-05,
2024-09-20 16:00:00,-4.728000000000001e-05,
2024-09-21 00:00:00,-2.1670000000000008e-05,
2024-09-21 08:00:00,3.335000000000001e-05,
2024-09-21 16:00:00,5.4640000000000005e-05,
2024-09-22 00:00:00,5.1040000000000006e-05,
2024-09-22 08:00:00,2.4109999999999998e-05,
2024-09-22 16:00:00,-0.00011605,
2024-09-23 00:00:00,1.4050000000000003e-05,
2024-09-23 08:00:00,1.9999999999999998e-05,
2024-09-23 16:00:00,3.138e-05,
2024-09-24 00:00:00,6.15e-05,
2024-09-24 08:00:00,5.2090000000000004e-05,
2024-09-24 16:00:00,5.2610000000000006e-05,
2024-09-25 00:00:00,7.555000000000001e-05,
2024-09-25 08:00:00,4.278000000000001e-05,
2024-09-25 16:00:00,6.462000000000001e-05,
2024-09-26 00:00:00,2.5070000000000002e-05,
2024-09-26 08:00:00,1.8810000000000005e-05,
2024-09-26 16:00:00,0.0,
2024-09-27 00:00:00,3.75000000000001e-06,
2024-09-27 08:00:00,2.306e-05,
2024-09-27 16:00:00,-9.690000000000004e-06,
2024-09-28 00:00:00,0.0,
2024-09-28 08:00:00,3.769e-05,
2024-09-28 16:00:00,2.838000000000001e-05,
2024-09-29 00:00:00,6.685e-05,
2024-09-29 08:00:00,3.215000000000001e-05,
2024-09-29 16:00:00,1.1460000000000002e-05,
2024-09-30 00:00:00,3.8390000000000003e-05,
2024-09-30 08:00:00,1.380000000000001e-05,
2024-09-30 16:00:00,-7.91000000000001e-06,
2024-10-01 00:00:00,-5.114e-05,
2024-10-01 08:00:00,0.0,
2024-10-01 16:00:00,-3.7789999999999996e-05,
2024-10-02 00:00:00,-5.204e-05,
2024-10-02 08:00:00,-8.858000000000001e-05,
2024-10-02 16:00:00,0.0,
2024-10-03 00:00:00,-1.3219999999999999e-05,
2024-10-03 08:00:00,-9.043e-05,
2024-10-03 16:00:00,-7.41e-05,
2024-10-04 00:00:00,-5.249999999999999e-06,
2024-10-04 08:00:00,-5.173e-05,
2024-10-04 16:00:00,-0.00010738,
2024-10-05 00:00:00,-0.00018689,
2024-10-05 08:00:00,-8.124e-05,
2024-10-05 16:00:00,1.2949999999999996e-05,
2024-10-06 00:00:00,-8.714e-05,
2024-10-06 08:00:00,9.240000000000006e-06,
2024-10-06 16:00:00,-5.6680000000000006e-05,
2024-10-07 00:00:00,1.1630000000000002e-05,
2024-10-07 08:00:00,-3.1499999999999953e-06,
2024-10-07 16:00:00,7.388e-05,
2024-10-08 00:00:00,3.408e-05,
2024-10-08 08:00:00,0.0,
2024-10-08 16:00:00,1.623e-05,
2024-10-09 00:00:00,0.0,
2024-10-09 08:00:00,6.36e-05,
2024-10-09 16:00:00,0.0,
2024-10-10 00:00:00,3.337e-05,
2024-10-10 08:00:00,-1.374e-05,
2024-10-10 16:00:00,-0.00023185000000000002,
2024-10-11 00:00:00,0.0,
2024-10-11 08:00:00,-0.00012591000000000002,
2024-10-11 16:00:00,4.0230000000000006e-05,
2024-10-12 00:00:00,5.555e-05,
2024-10-12 08:00:00,0.0,
2024-10-12 16:00:00,2.6500000000000007e-05,
2024-10-13 00:00:00,2.0720000000000005e-05,
2024-10-13 08:00:00,6.042000000000001e-05,
2024-10-13 16:00:00,8.237000000000001e-05,
2024-10-14 00:00:00,3.4410000000000004e-05,
2024-10-14 08:00:00,-5.0690000000000004e-05,
2024-10-14 16:00:00,0.0,
2024-10-15 00:00:00,0.0,
2024-10-15 08:00:00,0.0,
2024-10-15 16:00:00,0.0,
2024-10-16 00:00:00,0.0,
2024-10-16 08:00:00,0.0,
2024-10-16 16:00:00,0.0,
2024-10-17 00:00:00,0.0,
2024-10-17 08:00:00,0.0,
2024-10-17 16:00:00,0.0,
2024-10-18 00:00:00,0.0,
2024-10-18 08:00:00,0.0,
2024-10-18 16:00:00,0.0,
2024-10-19 00:00:00,0.0,
2024-10-19 08:00:00,0.0,
2024-10-19 16:00:00,0.0,
2024-10-20 00:00:00,0.0,
2024-10-20 08:00:00,0.0,
2024-10-20 16:00:00,0.0,
2024-10-21 00:00:00,0.0,
2024-10-21 08:00:00,0.0,
2024-10-21 16:00:00,0.0,
2024-10-22 00:00:00,0.0,
2024-10-22 08:00:00,0.0,
2024-10-22 16:00:00,0.0,
2024-10-23 00:00:00,0.0,
2024-10-23 08:00:00,0.0,
2024-10-23 16:00:00,0.0,
2024-10-24 00:00:00,0.0,
2024-10-24 08:00:00,0.0,
2024-10-24 16:00:00,0.0,
2024-10-25 00:00:00,0.0,
2024-10-25 08:00:00,0.0,
2024-10-25 16:00:00,0.0,
2024-10-26 00:00:00,0.0,
2024-10-26 08:00:00,0.0,
2024-10-26 16:00:00,-5.232000000000001e-05,
2024-10-27 00:00:00,0.0,
2024-10-27 08:00:00,0.0,
2024-10-27 16:00:00,0.0,
2024-10-28 00:00:00,0.0,
2024-10-28 08:00:00,0.0,
2024-10-28 16:00:00,0.0,
2024-10-29 00:00:00,0.0,
2024-10-29 08:00:00,0.0,
2024-10-29 16:00:00,0.0,
2024-10-30 00:00:00,0.0,
2024-10-30 08:00:00,0.0,
2024-10-30 16:00:00,0.0,
2024-10-31 00:00:00,0.0,
2024-10-31 08:00:00,0.0,
2024-10-31 16:00:00,0.0,
2024-11-01 00:00:00,0.0,
2024-11-01 08:00:00,0.0,
2024-11-01 16:00:00,0.0,
2024-11-02 00:00:00,0.0,
2024-11-02 08:00:00,0.0,
2024-11-02 16:00:00,0.0,
2024-11-03 00:00:00,0.0,
2024-11-03 08:00:00,0.0,
2024-11-03 16:00:00,0.0,
2024-11-04 00:00:00,0.0,
2024-11-04 08:00:00,-4.351e-05,
2024-11-04 16:00:00,-3.3730000000000004e-05,
2024-11-05 00:00:00,0.0,
2024-11-05 08:00:00,0.0,
2024-11-05 16:00:00,0.0,
2024-11-06 00:00:00,4.890000000000002e-06,
2024-11-06 08:00:00,0.0,
2024-11-06 16:00:00,0.0,
2024-11-07 00:00:00,0.0,
2024-11-07 08:00:00,-4.885000000000001e-05,
2024-11-07 16:00:00,0.0,
2024-11-08 00:00:00,0.0,
2024-11-08 08:00:00,0.0,
2024-11-08 16:00:00,0.0,
2024-11-09 00:00:00,0.0,
2024-11-09 08:00:00,0.0,
2024-11-09 16:00:00,0.0,
2024-11-10 00:00:00,0.0,
2024-11-10 08:00:00,0.0,
2024-11-10 16:00:00,3.392e-05,
2024-11-11 00:00:00,-1.5740000000000036e-05,
2024-11-11 08:00:00,-2.9179999999999988e-05,
2024-11-11 16:00:00,-7.297999999999998e-05,
2024-11-12 00:00:00,0.00014294,
2024-11-12 08:00:00,-0.00026879000000000003,
2024-11-12 16:00:00,-0.00023359000000000002,
2024-11-13 00:00:00,-3.6069999999999985e-05,
2024-11-13 08:00:00,-0.00023556,
2024-11-13 16:00:00,-2.893999999999999e-05,
2024-11-14 00:00:00,-5.799999999999992e-06,
2024-11-14 08:00:00,0.0,
2024-11-14 16:00:00,0.0,
2024-11-15 00:00:00,-3.133e-05,
2024-11-15 08:00:00,-3.1079999999999994e-05,
2024-11-15 16:00:00,0.0,
2024-11-16 00:00:00,-8.215e-05,
2024-11-16 08:00:00,0.0,
2024-11-16 16:00:00,2.2260000000000007e-05,
2024-11-17 00:00:00,0.0,
2024-11-17 08:00:00,0.0,
2024-11-17 16:00:00,-3.267e-05,
2024-11-18 00:00:00,-9.865e-05,
2024-11-18 08:00:00,-0.00011161999999999999,
2024-11-18 16:00:00,-7.519999999999982e-06,
2024-11-19 00:00:00,-0.00028069999999999994,
2024-11-19 08:00:00,8.674000000000003e-05,
2024-11-19 16:00:00,5.785e-05,
2024-11-20 00:00:00,-6.254e-05,
2024-11-20 08:00:00,-9.504999999999999e-05,
2024-11-20 16:00:00,-3.6190000000000004e-05,
2024-11-21 00:00:00,0.0,
2024-11-21 08:00:00,0.0,
2024-11-21 16:00:00,-0.00010146000000000001,
2024-11-22 00:00:00,-0.00024180000000000002,
2024-11-22 08:00:00,-0.00013506,
2024-11-22 16:00:00,-1.7480000000000002e-05,
2024-11-23 00:00:00,5.700000000000003e-06,
2024-11-23 08:00:00,2.3979999999999997e-05,
2024-11-23 16:00:00,2.4499999999999782e-06,
2024-11-24 00:00:00,1.7660000000000017e-05,
2024-11-24 08:00:00,6.016999999999999e-05,
2024-11-24 16:00:00,-7.007999999999998e-05,
2024-11-25 00:00:00,9.238e-05,
2024-11-25 08:00:00,-5.5569999999999985e-05,
2024-11-25 16:00:00,-0.00010357999999999998,
2024-11-26 00:00:00,-6.314999999999999e-05,
2024-11-26 08:00:00,-2.2699999999999996e-05,
2024-11-26 16:00:00,-8.19e-05,
2024-11-27 00:00:00,-7.143000000000001e-05,
2024-11-27 08:00:00,-3.380000000000001e-05,
2024-11-27 16:00:00,0.00013158,
2024-11-28 00:00:00,3.057e-05,
2024-11-28 08:00:00,-6.469999999999999e-05,
2024-11-28 16:00:00,0.0,
2024-11-29 00:00:00,0.00013228999999999997,
2024-11-29 08:00:00,6.953e-05,
2024-11-29 16:00:00,4.661e-05,
2024-11-30 00:00:00,-2.159999999999993e-06,
2024-11-30 08:00:00,-0.00012198999999999999,
2024-11-30 16:00:00,-1.5270000000000008e-05,
2024-12-01 00:00:00,0.00013356000000000002,
2024-12-01 08:00:00,5.1530000000000017e-05,
2024-12-01 16:00:00,0.0001232,
2024-12-02 00:00:00,9.769999999999983e-06,
2024-12-02 08:00:00,-0.00012250000000000002,
2024-12-02 16:00:00,1.2240000000000005e-05,
2024-12-03 00:00:00,6.407e-05,
2024-12-03 08:00:00,-5.133999999999998e-05,
2024-12-03 16:00:00,0.0001421,
2024-12-04 00:00:00,0.000267,
2024-12-04 08:00:00,0.00032596000000000003,
2024-12-04 16:00:00,0.00024001000000000003,
2024-12-05 00:00:00,9.61e-05,
2024-12-05 08:00:00,2.1489999999999986e-05,
2024-12-05 16:00:00,9.801999999999999e-05,
2024-12-06 00:00:00,0.00022253,
2024-12-06 08:00:00,8.732000000000005e-05,
2024-12-06 16:00:00,-2.4520000000000016e-05,
2024-12-07 00:00:00,0.00024478999999999994,
2024-12-07 08:00:00,5.204999999999999e-05,
2024-12-07 16:00:00,4.246e-05,
2024-12-08 00:00:00,0.0001767,
2024-12-08 08:00:00,0.00012992,
2024-12-08 16:00:00,0.00019527,
2024-12-09 00:00:00,-3.3400000000000053e-06,
2024-12-09 08:00:00,0.00019092000000000002,
2024-12-09 16:00:00,-3.421e-05,
2024-12-10 00:00:00,0.0,
2024-12-10 08:00:00,0.0,
2024-12-10 16:00:00,0.0,
2024-12-11 00:00:00,0.0,
2024-12-11 08:00:00,0.0,
2024-12-11 16:00:00,0.0,
2024-12-12 00:00:00,0.0,
2024-12-12 08:00:00,0.0,
2024-12-12 16:00:00,0.0,
2024-12-13 00:00:00,0.0,
2024-12-13 08:00:00,0.0,
2024-12-13 16:00:00,0.0,
2024-12-14 00:00:00,0.0,
2024-12-14 08:00:00,0.0,
2024-12-14 16:00:00,0.0,
2024-12-15 00:00:00,0.0,
2024-12-15 08:00:00,0.0,
2024-12-15 16:00:00,5.960000000000004e-06,
2024-12-16 00:00:00,1.338000000000001e-05,
2024-12-16 08:00:00,0.0,
2024-12-16 16:00:00,0.0,
2024-12-17 00:00:00,0.0,
2024-12-17 08:00:00,0.0,
2024-12-17 16:00:00,0.0,
2024-12-18 00:00:00,1.9540000000000006e-05,
2024-12-18 08:00:00,0.0,
2024-12-18 16:00:00,0.0,
2024-12-19 00:00:00,3.8960000000000006e-05,
2024-12-19 08:00:00,2.5620000000000002e-05,
2024-12-19 16:00:00,2.6270000000000004e-05,
2024-12-20 00:00:00,0.0,
2024-12-20 08:00:00,0.0,
2024-12-20 16:00:00,-8.310000000000007e-06,
2024-12-21 00:00:00,3.648e-05,
2024-12-21 08:00:00,0.0,
2024-12-21 16:00:00,0.0,
2024-12-22 00:00:00,-8.952000000000001e-05,
2024-12-22 08:00:00,-5.717e-05,
2024-12-22 16:00:00,-2.5549999999999998e-05,
2024-12-23 00:00:00,4.0069999999999994e-05,
2024-12-23 08:00:00,4.602e-05,
2024-12-23 16:00:00,-2.4310000000000003e-05,
2024-12-24 00:00:00,0.0,
2024-12-24 08:00:00,1.879e-05,
2024-12-24 16:00:00,7.243000000000001e-05,
2024-12-25 00:00:00,5.546000000000001e-05,
2024-12-25 08:00:00,3.45e-05,
2024-12-25 16:00:00,6.222e-05,
2024-12-26 00:00:00,-4.664000000000001e-05,
2024-12-26 08:00:00,0.0,
2024-12-26 16:00:00,1.246e-05,
2024-12-27 00:00:00,-8.959e-05,
2024-12-27 08:00:00,1.1450000000000007e-05,
2024-12-27 16:00:00,4.651000000000001e-05,
2024-12-28 00:00:00,0.0,
2024-12-28 08:00:00,0.0,
2024-12-28 16:00:00,6.640000000000004e-06,
2024-12-29 00:00:00,4.059e-05,
2024-12-29 08:00:00,4.8540000000000006e-05,
2024-12-29 16:00:00,5.150000000000003e-06,
2024-12-30 00:00:00,0.0,
2024-12-30 08:00:00,0.0,
2024-12-30 16:00:00,0.0,
2024-12-31 00:00:00,0.0,
2024-12-31 08:00:00,1.4860000000000003e-05,
2024-12-31 16:00:00,0.0,
2025-01-01 00:00:00,0.0,
2025-01-01 08:00:00,0.0,
2025-01-01 16:00:00,0.0,
2025-01-02 00:00:00,0.0,
2025-01-02 08:00:00,0.0,
2025-01-02 16:00:00,0.0,
2025-01-03 00:00:00,0.0,
2025-01-03 08:00:00,0.0,
2025-01-03 16:00:00,0.0,
2025-01-04 00:00:00,0.0,
2025-01-04 08:00:00,0.0,
2025-01-04 16:00:00,0.0,
2025-01-05 00:00:00,0.0,
2025-01-05 08:00:00,0.0,
2025-01-05 16:00:00,0.0,
2025-01-06 00:00:00,0.0,
2025-01-06 08:00:00,0.0,
2025-01-06 16:00:00,0.0,
2025-01-07 00:00:00,0.0,
2025-01-07 08:00:00,0.0,
2025-01-07 16:00:00,0.0,
2025-01-08 00:00:00,-4.681e-05,
2025-01-08 08:00:00,0.0,
2025-01-08 16:00:00,-2.7160000000000004e-05,
2025-01-09 00:00:00,-3.878e-05,
2025-01-09 08:00:00,0.0,
2025-01-09 16:00:00,0.0,
2025-01-10 00:00:00,-0.00014133,
2025-01-10 08:00:00,-8.454e-05,
2025-01-10 16:00:00,0.0,
2025-01-11 00:00:00,3.426e-05,
2025-01-11 08:00:00,4.350000000000001e-05,
2025-01-11 16:00:00,-0.00011654,
2025-01-12 00:00:00,-7.935e-05,
2025-01-12 08:00:00,-2.0400000000000008e-05,
2025-01-12 16:00:00,-3.351e-05,
2025-01-13 00:00:00,-7.332000000000001e-05,
2025-01-13 08:00:00,-0.00015098,
2025-01-13 16:00:00,6.0950000000000004e-05,
2025-01-14 00:00:00,-5.1240000000000004e-05,
2025-01-14 08:00:00,-8.01e-06,
2025-01-14 16:00:00,-2.8600000000000004e-05,
2025-01-15 00:00:00,5.4970000000000004e-05,
2025-01-15 08:00:00,4.076e-05,
2025-01-15 16:00:00,4.5570000000000006e-05,
2025-01-16 00:00:00,0.0,
2025-01-16 08:00:00,1.689000000000001e-05,
2025-01-16 16:00:00,4.725e-05,
2025-01-17 00:00:00,0.0,
2025-01-17 08:00:00,0.0,
2025-01-17 16:00:00,0.0,
2025-01-18 00:00:00,0.0,
2025-01-18 08:00:00,0.0,
2025-01-18 16:00:00,-2.3080000000000003e-05,
2025-01-19 00:00:00,0.0,
2025-01-19 08:00:00,0.0,
2025-01-19 16:00:00,0.0,
2025-01-20 00:00:00,0.0,
2025-01-20 08:00:00,0.0,
2025-01-20 16:00:00,0.0,
2025-01-21 00:00:00,0.0,
2025-01-21 08:00:00,0.0,
2025-01-21 16:00:00,0.0,
2025-01-22 00:00:00,0.0,
2025-01-22 08:00:00,0.0,
2025-01-22 16:00:00,0.0,
2025-01-23 00:00:00,0.0,
2025-01-23 08:00:00,0.0,
2025-01-23 16:00:00,-1.4100000000000017e-06,
2025-01-24 00:00:00,0.0,
2025-01-24 08:00:00,0.0,
2025-01-24 16:00:00,0.0,
2025-01-25 00:00:00,-2.7150000000000003e-05,
2025-01-25 08:00:00,2.0480000000000007e-05,
2025-01-25 16:00:00,-5.929999999999992e-06,
2025-01-26 00:00:00,-8.304e-05,
2025-01-26 08:00:00,-5.809000000000001e-05,
2025-01-26 16:00:00,6.151e-05,
2025-01-27 00:00:00,0.00010276,
2025-01-27 08:00:00,3.469e-05,
2025-01-27 16:00:00,5.702e-05,
2025-01-28 00:00:00,0.0,
2025-01-28 08:00:00,-3.544e-05,
2025-01-28 16:00:00,4.096000000000001e-05,
2025-01-29 00:00:00,-0.00013246,
2025-01-29 08:00:00,-5.0259999999999997e-05,
2025-01-29 16:00:00,-0.00011098,
2025-01-30 00:00:00,-1.2e-05,
2025-01-30 08:00:00,-7.322000000000001e-05,
2025-01-30 16:00:00,1.5930000000000005e-05,
2025-01-31 00:00:00,-1.1200000000000028e-06,
2025-01-31 08:00:00,2.002e-05,
2025-01-31 16:00:00,0.0,
2025-02-01 00:00:00,1.568e-05,
2025-02-01 08:00:00,1.3300000000000025e-06,
2025-02-01 16:00:00,2.2230000000000002e-05,
2025-02-02 00:00:00,2.3910000000000007e-05,
2025-02-02 08:00:00,-1.217e-05,
2025-02-02 16:00:00,-1.2729999999999998e-05,
2025-02-03 00:00:00,-1.1119999999999995e-05,
2025-02-03 08:00:00,-5.9040000000000004e-05,
2025-02-03 16:00:00,0.00017811,
2025-02-04 00:00:00,-0.00012981,
2025-02-04 08:00:00,-0.00015804,
2025-02-04 16:00:00,0.00015862,
2025-02-05 00:00:00,0.00015969999999999998,
2025-02-05 08:00:00,3.9290000000000005e-05,
2025-02-05 16:00:00,6.492e-05,
2025-02-06 00:00:00,-7.229999999999997e-06,
2025-02-06 08:00:00,-2.4019999999999997e-05,
2025-02-06 16:00:00,-7.768e-05,
2025-02-07 00:00:00,-0.00012932999999999998,
2025-02-07 08:00:00,-0.00012581000000000002,
2025-02-07 16:00:00,-3.649999999999999e-06,
2025-02-08 00:00:00,-1.881e-05,
2025-02-08 08:00:00,-2.023e-05,
2025-02-08 16:00:00,-2.3350000000000005e-05,
2025-02-09 00:00:00,0.00010364,
2025-02-09 08:00:00,4.521e-05,
2025-02-09 16:00:00,2.7970000000000005e-05,
2025-02-10 00:00:00,5.021e-05,
2025-02-10 08:00:00,2.468e-05,
2025-02-10 16:00:00,1.9790000000000005e-05,
2025-02-11 00:00:00,2.045e-05,
2025-02-11 08:00:00,2.865e-05,
2025-02-11 16:00:00,7.981999999999999e-05,
2025-02-12 00:00:00,-8.124e-05,
2025-02-12 08:00:00,-2.6300000000000002e-05,
2025-02-12 16:00:00,1.5930000000000005e-05,
2025-02-13 00:00:00,-1.4860000000000003e-05,
2025-02-13 08:00:00,-1.1920000000000008e-05,
2025-02-13 16:00:00,-2.0500000000000007e-06,
2025-02-14 00:00:00,-6.555e-05,
2025-02-14 08:00:00,-2.959e-05,
2025-02-14 16:00:00,-1.3039999999999997e-05,
2025-02-15 00:00:00,1.9759999999999994e-05,
2025-02-15 08:00:00,-7.243000000000001e-05,
2025-02-15 16:00:00,2.5199999999999996e-06,
2025-02-16 00:00:00,-3.565e-05,
2025-02-16 08:00:00,-1.3600000000000005e-06,
2025-02-16 16:00:00,2.2659999999999996e-05,
2025-02-17 00:00:00,-3.6299999999999974e-06,
2025-02-17 08:00:00,-1.6480000000000005e-05,
2025-02-17 16:00:00,-3.518e-05,
2025-02-18 00:00:00,1.2839999999999999e-05,
2025-02-18 08:00:00,-6.298999999999999e-05,
2025-02-18 16:00:00,2.549e-05,
2025-02-19 00:00:00,-5.21e-05,
2025-02-19 08:00:00,2.5789999999999995e-05,
2025-02-19 16:00:00,5.954e-05,
2025-02-20 00:00:00,4.342e-05,
2025-02-20 08:00:00,-2.3899999999999958e-06,
2025-02-20 16:00:00,-4.460000000000001e-06,
2025-02-21 00:00:00,-2.210000000000001e-06,
2025-02-21 08:00:00,3.376e-05,
2025-02-21 16:00:00,3.354e-05,
2025-02-22 00:00:00,6.746000000000001e-05,
2025-02-22 08:00:00,0.00011104,
2025-02-22 16:00:00,-5.714e-05,
2025-02-23 00:00:00,-9.872e-05,
2025-02-23 08:00:00,4.4299999999999965e-06,
2025-02-23 16:00:00,2.6170000000000002e-05,
2025-02-24 00:00:00,-1.6499999999999994e-06,
2025-02-24 08:00:00,5.468e-05,
2025-02-24 16:00:00,6.918000000000001e-05,
2025-02-25 00:00:00,5.5419999999999995e-05,
2025-02-25 08:00:00,7.698999999999999e-05,
2025-02-25 16:00:00,7.087e-05,
2025-02-26 00:00:00,6.169999999999997e-06,
2025-02-26 08:00:00,3.897000000000001e-05,
2025-02-26 16:00:00,-1.7639999999999997e-05,
2025-02-27 00:00:00,1.3100000000000007e-05,
2025-02-27 08:00:00,-2.0060000000000008e-05,
2025-02-27 16:00:00,2.187e-05,
2025-02-28 00:00:00,-4.720000000000002e-06,
2025-02-28 08:00:00,3.8199999999999993e-05,
2025-02-28 16:00:00,-6.690000000000001e-06,
2025-03-01 00:00:00,5.112999999999999e-05,
2025-03-01 08:00:00,-2.7900000000000004e-06,
2025-03-01 16:00:00,5.426e-05,
2025-03-02 00:00:00,4.985e-05,
2025-03-02 08:00:00,-0.00013939,
2025-03-02 16:00:00,-0.00011077,
2025-03-03 00:00:00,0.00010788,
2025-03-03 08:00:00,-7.125e-05,
2025-03-03 16:00:00,-5.2e-06,
2025-03-04 00:00:00,-6.337e-05,
2025-03-04 08:00:00,8.280000000000001e-05,
2025-03-04 16:00:00,8.737e-05,
2025-03-05 00:00:00,2.5789999999999995e-05,
2025-03-05 08:00:00,4.420000000000002e-06,
2025-03-05 16:00:00,3.678e-05,
2025-03-06 00:00:00,5.2180000000000005e-05,
2025-03-06 08:00:00,2.192e-05,
2025-03-06 16:00:00,1.8060000000000003e-05,
2025-03-07 00:00:00,5.037e-05,
2025-03-07 08:00:00,1.8999999999999987e-06,
2025-03-07 16:00:00,4.372e-05,
2025-03-08 00:00:00,4.2999999999999995e-05,
2025-03-08 08:00:00,3.911e-05,
2025-03-08 16:00:00,-4.869999999999999e-06,
2025-03-09 00:00:00,-7.010999999999999e-05,
2025-03-09 08:00:00,-0.00011312,
2025-03-09 16:00:00,2.607e-05,
2025-03-10 00:00:00,-4.833e-05,
2025-03-10 08:00:00,-8.099e-05,
2025-03-10 16:00:00,-3.159999999999997e-06,
2025-03-11 00:00:00,-8.773e-05,
2025-03-11 08:00:00,7.827000000000001e-05,
2025-03-11 16:00:00,-1.59e-05,
2025-03-12 00:00:00,2.605e-05,
2025-03-12 08:00:00,3.191e-05,
2025-03-12 16:00:00,0.00010551,
2025-03-13 00:00:00,7.069e-05,
2025-03-13 08:00:00,8.547e-05,
2025-03-13 16:00:00,5.7820000000000005e-05,
2025-03-14 00:00:00,7.223e-05,
2025-03-14 08:00:00,-2.8490000000000007e-05,
2025-03-14 16:00:00,-5.067e-05,
2025-03-15 00:00:00,-1.817e-05,
2025-03-15 08:00:00,-4.4840000000000004e-05,
2025-03-15 16:00:00,-6.764e-05,
2025-03-16 00:00:00,-9.711e-05,
2025-03-16 08:00:00,2.6189999999999998e-05,
2025-03-16 16:00:00,-5.329999999999998e-06,
2025-03-17 00:00:00,4.314e-05,
2025-03-17 08:00:00,3.931e-05,
2025-03-17 16:00:00,-2.2369999999999998e-05,
2025-03-18 00:00:00,-2.077e-05,
2025-03-18 08:00:00,-1.0189999999999996e-05,
2025-03-18 16:00:00,7.973e-05,
2025-03-19 00:00:00,-2.54e-05,
2025-03-19 08:00:00,-1.5620000000000003e-05,
2025-03-19 16:00:00,3.324e-05,
2025-03-20 00:00:00,0.00011704,
2025-03-20 08:00:00,1.737e-05,
2025-03-20 16:00:00,8.271e-05,
2025-03-21 00:00:00,4.7650000000000006e-05,
2025-03-21 08:00:00,-5.760000000000013e-06,
2025-03-21 16:00:00,3.35e-06,
2025-03-22 00:00:00,-6.214999999999999e-05,
2025-03-22 08:00:00,8.48e-06,
2025-03-22 16:00:00,-0.00014189,
2025-03-23 00:00:00,-9.107e-05,
2025-03-23 08:00:00,-0.00014113,
2025-03-23 16:00:00,-3.1129999999999995e-05,
2025-03-24 00:00:00,-1.493e-05,
2025-03-24 08:00:00,-0.00013615,
2025-03-24 16:00:00,3.304e-05,
2025-03-25 00:00:00,1.621999999999999e-05,
2025-03-25 08:00:00,8.544000000000001e-05,
2025-03-25 16:00:00,4.677e-05,
2025-03-26 00:00:00,3.7829999999999995e-05,
2025-03-26 08:00:00,3.078e-05,
2025-03-26 16:00:00,2.3610000000000003e-05,
2025-03-27 00:00:00,-6.86e-05,
2025-03-27 08:00:00,2.573e-05,
2025-03-27 16:00:00,6.873e-05,
2025-03-28 00:00:00,3.4490000000000004e-05,
2025-03-28 08:00:00,0.00012896,
2025-03-28 16:00:00,1.321e-05,
2025-03-29 00:00:00,9.644e-05,
2025-03-29 08:00:00,5.5020000000000005e-05,
2025-03-29 16:00:00,7.199999999999999e-06,
2025-03-30 00:00:00,0.00010948,
2025-03-30 08:00:00,6.046e-05,
2025-03-30 16:00:00,4.385e-05,
2025-03-31 00:00:00,4.605e-05,
2025-03-31 08:00:00,-2.890000000000001e-06,
2025-03-31 16:00:00,2.99e-06,
2025-04-01 00:00:00,-6.73e-06,
2025-04-01 08:00:00,-2.813e-05,
2025-04-01 16:00:00,4.8280000000000005e-05,
2025-04-02 00:00:00,-3.952e-05,
2025-04-02 08:00:00,5.235e-05,
2025-04-02 16:00:00,-1.656e-05,
2025-04-03 00:00:00,-1.666e-05,
2025-04-03 08:00:00,4.319999999999999e-06,
2025-04-03 16:00:00,7.705e-05,
2025-04-04 00:00:00,-7.454e-05,
2025-04-04 08:00:00,0.00010265,
2025-04-04 16:00:00,1.7000000000000007e-07,
2025-04-05 00:00:00,5.321e-05,
2025-04-05 08:00:00,1.4150000000000005e-05,
2025-04-05 16:00:00,6.0729999999999996e-05,
2025-04-06 00:00:00,-4.087e-05,
2025-04-06 08:00:00,7.72e-06,
2025-04-06 16:00:00,1.233e-05,
2025-04-07 00:00:00,8.169999999999998e-06,
2025-04-07 08:00:00,4.834e-05,
2025-04-07 16:00:00,3.759e-05,
2025-04-08 00:00:00,9.056e-05,
2025-04-08 08:00:00,-0.0001014,
2025-04-08 16:00:00,0.00010172,
2025-04-09 00:00:00,6.1e-05,
2025-04-09 08:00:00,0.0001282,
2025-04-09 16:00:00,6.603e-05,
2025-04-10 00:00:00,0.0,
2025-04-10 08:00:00,6.958000000000001e-05,
2025-04-10 16:00:00,6.436e-05,
2025-04-11 00:00:00,3.893e-05,
2025-04-11 08:00:00,0.00015075,
2025-04-11 16:00:00,9.545e-05,
2025-04-12 00:00:00,4.237e-05,
2025-04-12 08:00:00,-1.321e-05,
2025-04-12 16:00:00,1.2770000000000001e-05,
2025-04-13 00:00:00,-3.4280000000000004e-05,
2025-04-13 08:00:00,-1.763e-05,
2025-04-13 16:00:00,-1.8469999999999998e-05,
2025-04-14 00:00:00,-6.091e-05,
2025-04-14 08:00:00,-8.045e-05,
2025-04-14 16:00:00,-0.00010944000000000001,
2025-04-15 00:00:00,-5.224e-05,
2025-04-15 08:00:00,-0.00013116,
2025-04-15 16:00:00,-8.227e-05,
2025-04-16 00:00:00,-3.409e-05,
2025-04-16 08:00:00,7.852e-05,
2025-04-16 16:00:00,2.993e-05,
2025-04-17 00:00:00,3.529e-05,
2025-04-17 08:00:00,4.8160000000000006e-05,
2025-04-17 16:00:00,5.2050000000000005e-05,
2025-04-18 00:00:00,0.00012416,
2025-04-18 08:00:00,7.253000000000001e-05,
2025-04-18 16:00:00,6.523999999999999e-05,
2025-04-19 00:00:00,8.934e-05,
2025-04-19 08:00:00,1.1540000000000001e-05,
2025-04-19 16:00:00,-1.3600000000000005e-05,
2025-04-20 00:00:00,4.0039999999999996e-05,
2025-04-20 08:00:00,2.2760000000000006e-05,
2025-04-20 16:00:00,7.64e-05,
2025-04-21 00:00:00,0.00010124,
2025-04-21 08:00:00,0.0,
2025-04-21 16:00:00,1.9830000000000005e-05,
2025-04-22 00:00:00,3.07e-05,
2025-04-22 08:00:00,9.69e-06,
2025-04-22 16:00:00,1.895e-05,
2025-04-23 00:00:00,3.321e-05,
2025-04-23 08:00:00,3.840000000000004e-06,
2025-04-23 16:00:00,0.0,
2025-04-24 00:00:00,0.0,
2025-04-24 08:00:00,2.7710000000000004e-05,
2025-04-24 16:00:00,9.38e-05,
2025-04-25 00:00:00,4.0780000000000006e-05,
2025-04-25 08:00:00,2.1710000000000007e-05,
2025-04-25 16:00:00,0.00010965000000000001,
2025-04-26 00:00:00,9.17e-05,
2025-04-26 08:00:00,0.00012999,
2025-04-26 16:00:00,9.272e-05,
2025-04-27 00:00:00,4.3650000000000004e-05,
2025-04-27 08:00:00,7.551e-05,
2025-04-27 16:00:00,0.00011237000000000001,
2025-04-28 00:00:00,3.123e-05,
2025-04-28 08:00:00,3.4460000000000005e-05,
2025-04-28 16:00:00,-3.15999999999999e-06,
2025-04-29 00:00:00,-4.304e-05,
2025-04-29 08:00:00,2.675e-05,
2025-04-29 16:00:00,5.563e-05,
2025-04-30 00:00:00,3.755e-05,
2025-04-30 08:00:00,1.0620000000000002e-05,
2025-04-30 16:00:00,6.550000000000003e-06,
2025-05-01 00:00:00,-3.154e-05,
2025-05-01 08:00:00,-5.3700000000000045e-06,
2025-05-01 16:00:00,-2.762e-05,
2025-05-02 00:00:00,0.00010591000000000001,
2025-05-02 08:00:00,-2.175e-05,
2025-05-02 16:00:00,7.384000000000001e-05,
2025-05-03 00:00:00,2.676e-05,
2025-05-03 08:00:00,-7.72e-06,
2025-05-03 16:00:00,4.403000000000001e-05,
2025-05-04 00:00:00,3.3099999999999937e-06,
2025-05-04 08:00:00,-1.087e-05,
2025-05-04 16:00:00,6.223e-05,
2025-05-05 00:00:00,3.8100000000000004e-06,
2025-05-05 08:00:00,8.002000000000001e-05,
2025-05-05 16:00:00,-1.938e-05,
2025-05-06 00:00:00,-2.3760000000000003e-05,
2025-05-06 08:00:00,8.923000000000001e-05,
2025-05-06 16:00:00,7.544999999999999e-05,
2025-05-07 00:00:00,2.806e-05,
2025-05-07 08:00:00,-8.130000000000005e-06,
2025-05-07 16:00:00,-8.789e-05,
2025-05-08 00:00:00,4.266000000000001e-05,
2025-05-08 08:00:00,0.0,
2025-05-08 16:00:00,1.2830000000000011e-05,
2025-05-09 00:00:00,0.0,
2025-05-09 08:00:00,0.0,
2025-05-09 16:00:00,0.0,
2025-05-10 00:00:00,0.0,
2025-05-10 08:00:00,2.030000000000006e-06,
2025-05-10 16:00:00,9.84e-06,
2025-05-11 00:00:00,0.0,
2025-05-11 08:00:00,2.6370000000000007e-05,
2025-05-11 16:00:00,7.562000000000001e-05,
2025-05-12 00:00:00,2.9120000000000006e-05,
2025-05-12 08:00:00,0.0,
2025-05-12 16:00:00,4.283e-05,
2025-05-13 00:00:00,3.767000000000001e-05,
2025-05-13 08:00:00,0.0,
2025-05-13 16:00:00,0.0,
2025-05-14 00:00:00,0.0,
2025-05-14 08:00:00,4.520000000000001e-05,
2025-05-14 16:00:00,7.000000000000001e-06,
2025-05-15 00:00:00,0.0,
2025-05-15 08:00:00,0.0,
2025-05-15 16:00:00,1.3940000000000005e-05,
2025-05-16 00:00:00,-1.809999999999998e-06,
2025-05-16 08:00:00,0.0,
2025-05-16 16:00:00,2.798e-05,
2025-05-17 00:00:00,7.457000000000001e-05,
2025-05-17 08:00:00,3.722e-05,
2025-05-17 16:00:00,2.038e-05,
2025-05-18 00:00:00,-3.687e-05,
2025-05-18 08:00:00,-2.4e-05,
2025-05-18 16:00:00,6.319e-05,
2025-05-19 00:00:00,0.00010506,
2025-05-19 08:00:00,-3.607999999999999e-05,
2025-05-19 16:00:00,-1.913e-05,
2025-05-20 00:00:00,1.987000000000001e-05,
2025-05-20 08:00:00,-2.417e-05,
2025-05-20 16:00:00,4.584e-05,
2025-05-21 00:00:00,3.0000000000000004e-05,
2025-05-21 08:00:00,6.620000000000001e-06,
2025-05-21 16:00:00,3.347e-05,
2025-05-22 00:00:00,6.705e-05,
2025-05-22 08:00:00,0.0,
2025-05-22 16:00:00,0.0,
2025-05-23 00:00:00,0.0,
2025-05-23 08:00:00,0.0,
2025-05-23 16:00:00,8.942e-05,
2025-05-24 00:00:00,-5.953000000000001e-05,
2025-05-24 08:00:00,2.6839999999999994e-05,
2025-05-24 16:00:00,6.570999999999999e-05,
2025-05-25 00:00:00,-1.8769999999999998e-05,
2025-05-25 08:00:00,3.206000000000001e-05,
2025-05-25 16:00:00,-4.2550000000000004e-05,
2025-05-26 00:00:00,9.615e-05,
2025-05-26 08:00:00,1.953000000000001e-05,
2025-05-26 16:00:00,5.2890000000000004e-05,
2025-05-27 00:00:00,3.099e-05,
2025-05-27 08:00:00,-3.9960000000000004e-05,
2025-05-27 16:00:00,-0.00015262,
2025-05-28 00:00:00,-0.00010982,
2025-05-28 08:00:00,0.0,
2025-05-28 16:00:00,0.0,
2025-05-29 00:00:00,0.0,
2025-05-29 08:00:00,-4.7210000000000004e-05,
2025-05-29 16:00:00,-0.00014624,
2025-05-30 00:00:00,-0.00022049,
2025-05-30 08:00:00,-0.00016148,
2025-05-30 16:00:00,2.1520000000000004e-05,
2025-05-31 00:00:00,-2.065e-05,
2025-05-31 08:00:00,-0.00012769,
2025-05-31 16:00:00,-6.94e-05,
2025-06-01 00:00:00,-6.549e-05,
2025-06-01 08:00:00,6.0540000000000007e-05,
2025-06-01 16:00:00,6.630000000000001e-05,
2025-06-02 00:00:00,6.396e-05,
2025-06-02 08:00:00,-0.0001108,
2025-06-02 16:00:00,1.4120000000000007e-05,
2025-06-03 00:00:00,6.737e-05,
2025-06-03 08:00:00,-0.00011443,
2025-06-03 16:00:00,4.6030000000000005e-05,
2025-06-04 00:00:00,5.61e-05,
2025-06-04 08:00:00,1.2160000000000006e-05,
2025-06-04 16:00:00,-0.00021686999999999998,
2025-06-05 00:00:00,-5.933e-05,
2025-06-05 08:00:00,-6.692e-05,
2025-06-05 16:00:00,-2.5760000000000004e-05,
2025-06-06 00:00:00,-0.00012127000000000001,
2025-06-06 08:00:00,-6.904e-05,
2025-06-06 16:00:00,2.3039999999999996e-05,
2025-06-07 00:00:00,1.579999999999995e-06,
2025-06-07 08:00:00,-6.93e-05,
2025-06-07 16:00:00,3.2470000000000006e-05,
2025-06-08 00:00:00,0.0,
2025-06-08 08:00:00,4.780000000000005e-06,
2025-06-08 16:00:00,5.305e-05,
2025-06-09 00:00:00,7.794e-05,
2025-06-09 08:00:00,8.05e-05,
2025-06-09 16:00:00,1.3570000000000007e-05,
2025-06-10 00:00:00,0.0,
2025-06-10 08:00:00,0.0,
2025-06-10 16:00:00,0.0,
2025-06-11 00:00:00,0.0,
2025-06-11 08:00:00,0.0,
2025-06-11 16:00:00,0.0,
2025-06-12 00:00:00,3.964000000000001e-05,
2025-06-12 08:00:00,0.0,
2025-06-12 16:00:00,4.6670000000000005e-05,
2025-06-13 00:00:00,0.00011372,
2025-06-13 08:00:00,3.0089999999999998e-05,
2025-06-13 16:00:00,5.857e-05,
2025-06-14 00:00:00,5.428e-05,
2025-06-14 08:00:00,8.25e-06,
2025-06-14 16:00:00,1.5110000000000001e-05,
2025-06-15 00:00:00,-7.298e-05,
2025-06-15 08:00:00,-2.188e-05,
2025-06-15 16:00:00,-0.00010261000000000001,
2025-06-16 00:00:00,1.4399999999999998e-06,
2025-06-16 08:00:00,-6.611e-05,
2025-06-16 16:00:00,6.0400000000000004e-05,
2025-06-17 00:00:00,0.00010906,
2025-06-17 08:00:00,0.0,
2025-06-17 16:00:00,-2.471e-05,
2025-06-18 00:00:00,4.1700000000000004e-05,
2025-06-18 08:00:00,-7.803e-05,
2025-06-18 16:00:00,3.416e-05,
2025-06-19 00:00:00,4.597e-05,
2025-06-19 08:00:00,3.267e-05,
2025-06-19 16:00:00,8.970000000000004e-06,
2025-06-20 00:00:00,-7.519e-05,
2025-06-20 08:00:00,-9.109e-05,
2025-06-20 16:00:00,4.4080000000000005e-05,
2025-06-21 00:00:00,-0.00023822,
2025-06-21 08:00:00,-7.233e-05,
2025-06-21 16:00:00,-2.173e-05,
2025-06-22 00:00:00,0.00010798,
2025-06-22 08:00:00,-4.863e-05,
2025-06-22 16:00:00,5.2860000000000006e-05,
2025-06-23 00:00:00,-0.00014575,
2025-06-23 08:00:00,-3.5430000000000005e-05,
2025-06-23 16:00:00,-4.7069999999999995e-05,
2025-06-24 00:00:00,7.873e-05,
2025-06-24 08:00:00,8.799e-05,
2025-06-24 16:00:00,9.554000000000001e-05,
2025-06-25 00:00:00,9.015999999999999e-05,
2025-06-25 08:00:00,0.00010026,
2025-06-25 16:00:00,8.802e-05,
2025-06-26 00:00:00,7.243000000000001e-05,
2025-06-26 08:00:00,-1.1859999999999998e-05,
2025-06-26 16:00:00,3.371e-05,
2025-06-27 00:00:00,4.863e-05,
2025-06-27 08:00:00,9.494000000000001e-05,
2025-06-27 16:00:00,-5.140000000000002e-06,
2025-06-28 00:00:00,7.900000000000002e-06,
2025-06-28 08:00:00,4.9999999999999996e-05,
2025-06-28 16:00:00,5.9890000000000004e-05,
2025-06-29 00:00:00,3.824e-05,
2025-06-29 08:00:00,-0.0001557,
2025-06-29 16:00:00,9.958e-05,
2025-06-30 00:00:00,4.898e-05,
2025-06-30 08:00:00,8.810000000000005e-06,
2025-06-30 16:00:00,9.606e-05,
2025-07-01 00:00:00,1.809000000000001e-05,
2025-07-01 08:00:00,4.607e-05,
2025-07-01 16:00:00,8.75e-05,
2025-07-02 00:00:00,-9.776e-05,
2025-07-02 08:00:00,5.136e-05,
2025-07-02 16:00:00,4.7640000000000005e-05,
2025-07-03 00:00:00,0.0,
2025-07-03 08:00:00,1.800000000000003e-06,
2025-07-03 16:00:00,5.602e-05,
2025-07-04 00:00:00,8.647e-05,
2025-07-04 08:00:00,3.381e-05,
2025-07-04 16:00:00,-7.068000000000001e-05,
2025-07-05 00:00:00,-0.00016098000000000002,
2025-07-05 08:00:00,-2.6599999999999996e-05,
2025-07-05 16:00:00,-2.784e-05,
2025-07-06 00:00:00,6.0910000000000005e-05,
2025-07-06 08:00:00,3.4170000000000007e-05,
2025-07-06 16:00:00,1.851000000000001e-05,
2025-07-07 00:00:00,0.0,
2025-07-07 08:00:00,0.0,
2025-07-07 16:00:00,0.00013011,
2025-07-08 00:00:00,2.411000000000001e-05,
2025-07-08 08:00:00,7.213e-05,
2025-07-08 16:00:00,3.534000000000001e-05,
2025-07-09 00:00:00,5.097e-05,
2025-07-09 08:00:00,2.9929999999999993e-05,
2025-07-09 16:00:00,3.732e-05,
2025-07-10 00:00:00,0.0,
2025-07-10 08:00:00,7.192e-05,
2025-07-10 16:00:00,6.813000000000001e-05,
2025-07-11 00:00:00,0.0,
2025-07-11 08:00:00,0.0,
2025-07-11 16:00:00,0.0,
2025-07-12 00:00:00,1.968e-05,
2025-07-12 08:00:00,2.3290000000000002e-05,
2025-07-12 16:00:00,3.881e-05,
2025-07-13 00:00:00,5.8490000000000004e-05,
2025-07-13 08:00:00,-1.6320000000000003e-05,
2025-07-13 16:00:00,2.7190000000000002e-05,
2025-07-14 00:00:00,8.933e-05,
2025-07-14 08:00:00,0.0,
2025-07-14 16:00:00,0.0,
2025-07-15 00:00:00,3.866e-05,
2025-07-15 08:00:00,0.0,
2025-07-15 16:00:00,0.0,
2025-07-16 00:00:00,0.0,
2025-07-16 08:00:00,0.0,
2025-07-16 16:00:00,0.0,
2025-07-17 00:00:00,-3.157000000000001e-05,
2025-07-17 08:00:00,-7.704000000000001e-05,
2025-07-17 16:00:00,0.0,
2025-07-18 00:00:00,0.0,
2025-07-18 08:00:00,0.00021086,
2025-07-18 16:00:00,4.189999999999999e-06,
2025-07-19 00:00:00,0.0,
2025-07-19 08:00:00,0.0,
2025-07-19 16:00:00,0.0,
2025-07-20 00:00:00,0.0,
2025-07-20 08:00:00,0.0,
2025-07-20 16:00:00,0.0,
2025-07-21 00:00:00,0.0,
2025-07-21 08:00:00,0.0,
2025-07-21 16:00:00,0.0,
2025-07-22 00:00:00,0.0,
2025-07-22 08:00:00,0.0,
2025-07-22 16:00:00,0.0,
2025-07-23 00:00:00,0.0,
2025-07-23 08:00:00,0.0,
2025-07-23 16:00:00,0.0,
2025-07-24 00:00:00,0.0,
2025-07-24 08:00:00,0.0,
2025-07-24 16:00:00,0.0,
2025-07-25 00:00:00,0.0,
2025-07-25 08:00:00,0.0,
2025-07-25 16:00:00,0.0,
2025-07-26 00:00:00,0.0,
2025-07-26 08:00:00,0.0,
2025-07-26 16:00:00,0.0,
2025-07-27 00:00:00,6.7799999999999995e-06,
2025-07-27 08:00:00,1.121000000000001e-05,
2025-07-27 16:00:00,0.0,
2025-07-28 00:00:00,0.0,
2025-07-28 08:00:00,0.0,
2025-07-28 16:00:00,0.0,
2025-07-29 00:00:00,5.5060000000000005e-05,
2025-07-29 08:00:00,0.0,
2025-07-29 16:00:00,0.0,
2025-07-30 00:00:00,7.512e-05,
2025-07-30 08:00:00,4.9170000000000005e-05,
2025-07-30 16:00:00,6.356e-05,
2025-07-31 00:00:00,4.838000000000001e-05,
2025-07-31 08:00:00,0.0,
2025-07-31 16:00:00,5.233e-05,
2025-08-01 00:00:00,0.00013749,
2025-08-01 08:00:00,8.887000000000001e-05,
2025-08-01 16:00:00,5.1410000000000004e-05,
2025-08-02 00:00:00,4.2050000000000006e-05,
2025-08-02 08:00:00,4.814e-05,
2025-08-02 16:00:00,1.1980000000000004e-05,
2025-08-03 00:00:00,3.267000000000001e-05,
2025-08-03 08:00:00,-1.7689999999999995e-05,
2025-08-03 16:00:00,6.233000000000001e-05,
2025-08-04 00:00:00,-3.323e-05,
2025-08-04 08:00:00,8.887000000000001e-05,
2025-08-04 16:00:00,6.389000000000001e-05,
2025-08-05 00:00:00,9.853000000000001e-05,
2025-08-05 08:00:00,6.884e-05,
2025-08-05 16:00:00,8.630000000000001e-05,
2025-08-06 00:00:00,1.5029999999999997e-05,
2025-08-06 08:00:00,1.8000000000000004e-05,
2025-08-06 16:00:00,3.754000000000001e-05,
2025-08-07 00:00:00,-1.9389999999999996e-05,
2025-08-07 08:00:00,5.715000000000001e-05,
2025-08-07 16:00:00,0.0,
2025-08-08 00:00:00,5.7400000000000006e-05,
2025-08-08 08:00:00,0.0,
2025-08-08 16:00:00,0.0,
2025-08-09 00:00:00,0.0,
2025-08-09 08:00:00,0.0,
2025-08-09 16:00:00,0.0,
2025-08-10 00:00:00,8.399999999999987e-07,
2025-08-10 08:00:00,0.0,
2025-08-10 16:00:00,0.0,
2025-08-11 00:00:00,1.1270000000000006e-05,
2025-08-11 08:00:00,6.4600000000000025e-06,
2025-08-11 16:00:00,0.0,
2025-08-12 00:00:00,6.341e-05,
2025-08-12 08:00:00,-5.034e-05,
2025-08-12 16:00:00,0.0,
2025-08-13 00:00:00,0.0,
2025-08-13 08:00:00,0.0,
2025-08-13 16:00:00,0.0,
2025-08-14 00:00:00,0.0,
2025-08-14 08:00:00,0.0,
2025-08-14 16:00:00,0.0,
2025-08-15 00:00:00,0.0,
2025-08-15 08:00:00,-2.973e-05,
2025-08-15 16:00:00,3.526000000000001e-05,
2025-08-16 00:00:00,4.033e-05,
2025-08-16 08:00:00,1.0100000000000002e-05,
2025-08-16 16:00:00,8.032e-05,
2025-08-17 00:00:00,5.331e-05,
2025-08-17 08:00:00,0.00010668,
2025-08-17 16:00:00,4.6660000000000004e-05,
2025-08-18 00:00:00,9.368000000000001e-05,
2025-08-18 08:00:00,-2.0070000000000003e-05,
2025-08-18 16:00:00,-4.319e-05,
2025-08-19 00:00:00,-5.0180000000000004e-05,
2025-08-19 08:00:00,-1.0120000000000005e-05,
2025-08-19 16:00:00,-5.53e-05,
2025-08-20 00:00:00,0.0,
2025-08-20 08:00:00,6.989999999999999e-06,
2025-08-20 16:00:00,-6.81e-05,
2025-08-21 00:00:00,4.2800000000000065e-06,
2025-08-21 08:00:00,4.1660000000000004e-05,
2025-08-21 16:00:00,6.038e-05,
2025-08-22 00:00:00,3.6240000000000005e-05,
2025-08-22 08:00:00,1.7299999999999987e-06,
2025-08-22 16:00:00,8.710000000000003e-06,
2025-08-23 00:00:00,0.0,
2025-08-23 08:00:00,0.0,
2025-08-23 16:00:00,0.0,
2025-08-24 00:00:00,0.0,
2025-08-24 08:00:00,0.0,
2025-08-24 16:00:00,0.0,
2025-08-25 00:00:00,5.068e-05,
2025-08-25 08:00:00,5.433e-05,
2025-08-25 16:00:00,7.944e-05,
2025-08-26 00:00:00,5.2900000000000005e-05,
2025-08-26 08:00:00,3.353e-05,
2025-08-26 16:00:00,2.921e-05,
2025-08-27 00:00:00,-3.080000000000001e-06,
2025-08-27 08:00:00,5.876000000000001e-05,
2025-08-27 16:00:00,5.848e-05,
2025-08-28 00:00:00,4.0350000000000005e-05,
2025-08-28 08:00:00,7.357e-05,
2025-08-28 16:00:00,7.825e-05,
2025-08-29 00:00:00,8.272000000000001e-05,
2025-08-29 08:00:00,5.0190000000000006e-05,
2025-08-29 16:00:00,8.504e-05,
2025-08-30 00:00:00,5.838000000000001e-05,
2025-08-30 08:00:00,0.00011108,
2025-08-30 16:00:00,5.9430000000000005e-05,
2025-08-31 00:00:00,0.0001139,
2025-08-31 08:00:00,4.457e-05,
2025-08-31 16:00:00,0.00011154,
2025-09-01 00:00:00,0.00012114000000000001,
2025-09-01 08:00:00,7.172e-05,
2025-09-01 16:00:00,9.826e-05,
2025-09-02 00:00:00,9.594e-05,
2025-09-02 08:00:00,3.535e-05,
2025-09-02 16:00:00,6.974e-05,
2025-09-03 00:00:00,8.188000000000001e-05,
2025-09-03 08:00:00,0.00010111,
2025-09-03 16:00:00,6.826e-05,
2025-09-04 00:00:00,7.689e-05,
2025-09-04 08:00:00,0.00012012000000000001,
2025-09-04 16:00:00,5.99e-05,
2025-09-05 00:00:00,8.531e-05,
2025-09-05 08:00:00,0.00010013,
2025-09-05 16:00:00,7.134e-05,
2025-09-06 00:00:00,0.00012104,
2025-09-06 08:00:00,6.0440000000000004e-05,
2025-09-06 16:00:00,5.940000000000001e-05,
2025-09-07 00:00:00,4.054e-05,
2025-09-07 08:00:00,1.0620000000000003e-05,
2025-09-07 16:00:00,6.665000000000001e-05,
2025-09-08 00:00:00,7.444e-05,
2025-09-08 08:00:00,7.937000000000001e-05,
2025-09-08 16:00:00,9.180000000000004e-06,
2025-09-09 00:00:00,5.2940000000000005e-05,
2025-09-09 08:00:00,0.0,
2025-09-09 16:00:00,3.355e-05,
2025-09-10 00:00:00,-5.709e-05,
2025-09-10 08:00:00,1.1800000000000002e-05,
2025-09-10 16:00:00,0.0,
2025-09-11 00:00:00,8.659000000000001e-05,
2025-09-11 08:00:00,0.0,
2025-09-11 16:00:00,1.4990000000000004e-05,
2025-09-12 00:00:00,5.1420000000000006e-05,
2025-09-12 08:00:00,0.0,
2025-09-12 16:00:00,-6.06e-05,
2025-09-13 00:00:00,0.0,
2025-09-13 08:00:00,-5.6070000000000004e-05,
2025-09-13 16:00:00,0.0,
2025-09-14 00:00:00,9.625000000000001e-05,
2025-09-14 08:00:00,-9.070000000000001e-05,
2025-09-14 16:00:00,-8.188999999999999e-05,
2025-09-15 00:00:00,-4.505e-05,
2025-09-15 08:00:00,-0.00010016,
2025-09-15 16:00:00,-3.995e-05,
2025-09-16 00:00:00,9.730000000000003e-06,
2025-09-16 08:00:00,4.700000000000006e-06,
2025-09-16 16:00:00,6.03e-05,
2025-09-17 00:00:00,-8.810000000000002e-06,
2025-09-17 08:00:00,9.050000000000003e-06,
2025-09-17 16:00:00,-1.0700000000000016e-06,
2025-09-18 00:00:00,4.8500000000000007e-05,
2025-09-18 08:00:00,5.708e-05,
2025-09-18 16:00:00,8.029e-05,
2025-09-19 00:00:00,4.2550000000000004e-05,
2025-09-19 08:00:00,0.00010904,
2025-09-19 16:00:00,7.659e-05,
2025-09-20 00:00:00,1.642e-05,
2025-09-20 08:00:00,7.698e-05,
2025-09-20 16:00:00,-4.779999999999998e-06,
2025-09-21 00:00:00,0.0001029,
2025-09-21 08:00:00,5.1720000000000006e-05,
2025-09-21 16:00:00,-1.921e-05,
2025-09-22 00:00:00,2.53e-05,
2025-09-22 08:00:00,-1.2999999999999998e-05,
2025-09-22 16:00:00,2.226e-05,
2025-09-23 00:00:00,-2.9169999999999997e-05,
2025-09-23 08:00:00,-5.534e-05,
2025-09-23 16:00:00,5.4599999999999985e-06,
2025-09-24 00:00:00,3.1179999999999996e-05,
2025-09-24 08:00:00,8.004e-05,
2025-09-24 16:00:00,2.0549999999999998e-05,
2025-09-25 00:00:00,7.005000000000001e-05,
2025-09-25 08:00:00,0.00010631,
2025-09-25 16:00:00,-1.0590000000000005e-05,
2025-09-26 00:00:00,-0.00011873,
2025-09-26 08:00:00,8.379999999999998e-06,
2025-09-26 16:00:00,-4.724e-05,
2025-09-27 00:00:00,0.00011608,
2025-09-27 08:00:00,5.6130000000000006e-05,
2025-09-27 16:00:00,0.0,
2025-09-28 00:00:00,2.0250000000000004e-05,
2025-09-28 08:00:00,2.2519999999999994e-05,
2025-09-28 16:00:00,-2.430000000000002e-06,
2025-09-29 00:00:00,2.455e-05,
2025-09-29 08:00:00,9.699999999999999e-06,
2025-09-29 16:00:00,8.151e-05,
2025-09-30 00:00:00,8.656e-05,
2025-09-30 08:00:00,0.00010354,
2025-09-30 16:00:00,-1.1999999999999995e-06,
2025-10-01 00:00:00,0.00011572000000000001,
2025-10-01 08:00:00,7.431000000000001e-05,
2025-10-01 16:00:00,3.007e-05,
2025-10-02 00:00:00,7.834e-05,
2025-10-02 08:00:00,6.967e-05,
2025-10-02 16:00:00,6.267000000000001e-05,
2025-10-03 00:00:00,8.688000000000001e-05,
2025-10-03 08:00:00,2.0670000000000004e-05,
2025-10-03 16:00:00,4.407e-05,
2025-10-04 00:00:00,4.4300000000000006e-05,
2025-10-04 08:00:00,4.213e-05,
2025-10-04 16:00:00,1.4609999999999997e-05,
2025-10-05 00:00:00,-2.877e-05,
2025-10-05 08:00:00,0.0,
2025-10-05 16:00:00,2.920000000000006e-06,
2025-10-06 00:00:00,-4.627e-05,
2025-10-06 08:00:00,-3.7940000000000006e-05,
2025-10-06 16:00:00,0.0,
2025-10-07 00:00:00,0.0,
2025-10-07 08:00:00,0.0,
2025-10-07 16:00:00,-4.8910000000000004e-05,
2025-10-08 00:00:00,-5.274e-05,
2025-10-08 08:00:00,-2.2530000000000003e-05,
2025-10-08 16:00:00,8.739e-05,
2025-10-09 00:00:00,6.387e-05,
2025-10-09 08:00:00,0.00010226,
2025-10-09 16:00:00,-4.729999999999997e-06,
2025-10-10 00:00:00,7.435e-05,
2025-10-10 08:00:00,7.489000000000001e-05,
2025-10-10 16:00:00,0.00015147,
2025-10-11 00:00:00,0.0,
2025-10-11 08:00:00,0.00015952,
2025-10-11 16:00:00,-2.4030000000000002e-05,
2025-10-12 00:00:00,8.828e-05,
2025-10-12 08:00:00,5.4279999999999995e-05,
2025-10-12 16:00:00,0.00011238,
2025-10-13 00:00:00,0.00012591000000000002,
2025-10-13 08:00:00,2.8389999999999998e-05,
2025-10-13 16:00:00,8.830000000000002e-06,
2025-10-14 00:00:00,2.5699999999999974e-06,
2025-10-14 08:00:00,4.431e-05,
2025-10-14 16:00:00,1.95e-06,
2025-10-15 00:00:00,6.230999999999999e-05,
2025-10-15 08:00:00,-5.848e-05,
2025-10-15 16:00:00,7.500000000000001e-05,
2025-10-16 00:00:00,8.238000000000001e-05,
2025-10-16 08:00:00,-2.53e-05,
2025-10-16 16:00:00,5.7700000000000007e-05,
2025-10-17 00:00:00,4.493e-05,
2025-10-17 08:00:00,-5.106e-05,
2025-10-17 16:00:00,3.3830000000000006e-05,
2025-10-18 00:00:00,2.800000000000002e-06,
2025-10-18 08:00:00,2.845e-05,
2025-10-18 16:00:00,-1.0289999999999998e-05,
2025-10-19 00:00:00,-1.561e-05,
2025-10-19 08:00:00,1.4169999999999998e-05,
2025-10-19 16:00:00,-1.1099999999999999e-05,
2025-10-20 00:00:00,-4.39e-06,
2025-10-20 08:00:00,-9.380000000000002e-06,
2025-10-20 16:00:00,-3.765e-05,
2025-10-21 00:00:00,3.566e-05,
2025-10-21 08:00:00,5.173e-05,
2025-10-21 16:00:00,3.3900000000000065e-06,
2025-10-22 00:00:00,0.00012491,
2025-10-22 08:00:00,-3.9e-05,
2025-10-22 16:00:00,3.1599999999999996e-05,
2025-10-23 00:00:00,6.378e-05,
2025-10-23 08:00:00,-3.419e-05,
2025-10-23 16:00:00,4.8150000000000005e-05,
2025-10-24 00:00:00,8.968000000000001e-05,
2025-10-24 08:00:00,5.820000000000009e-06,
2025-10-24 16:00:00,6.926e-05,
2025-10-25 00:00:00,6.641999999999999e-05,
2025-10-25 08:00:00,4.415e-05,
2025-10-25 16:00:00,-2.2529999999999996e-05,
2025-10-26 00:00:00,-7.808000000000001e-05,
2025-10-26 08:00:00,1.805e-05,
2025-10-26 16:00:00,-1.3510000000000011e-05,
2025-10-27 00:00:00,0.0,
2025-10-27 08:00:00,0.0,
2025-10-27 16:00:00,-6.225e-05,
2025-10-28 00:00:00,6.064e-05,
2025-10-28 08:00:00,1.1680000000000003e-05,
2025-10-28 16:00:00,2.9799999999999986e-06,
2025-10-29 00:00:00,4.0499999999999995e-05,
2025-10-29 08:00:00,5.82e-06,
2025-10-29 16:00:00,2.3879999999999995e-05,
2025-10-30 00:00:00,0.00013078,
2025-10-30 08:00:00,-0.00019807,
2025-10-30 16:00:00,-2.8639999999999997e-05,
2025-10-31 00:00:00,-0.00021714,
2025-10-31 08:00:00,-0.00015403999999999998,
2025-10-31 16:00:00,3.9800000000000005e-05,
2025-11-01 00:00:00,-9.366e-05,
2025-11-01 08:00:00,-8.057e-05,
2025-11-01 16:00:00,-1.7600000000000008e-05,
2025-11-02 00:00:00,-9.973e-05,
2025-11-02 08:00:00,-5.533e-05,
2025-11-02 16:00:00,3.3020000000000006e-05,
2025-11-03 00:00:00,-1.613000000000001e-05,
2025-11-03 08:00:00,5.5939999999999996e-05,
2025-11-03 16:00:00,-4.706e-05,
2025-11-04 00:00:00,-5.976e-05,
2025-11-04 08:00:00,-5.6779999999999995e-05,
2025-11-04 16:00:00,1.3919999999999995e-05,
2025-11-05 00:00:00,6.555e-05,
2025-11-05 08:00:00,8.098e-05,
2025-11-05 16:00:00,-6.865e-05,
2025-11-06 00:00:00,-2.523e-05,
2025-11-06 08:00:00,2.921e-05,
2025-11-06 16:00:00,7.644e-05,
2025-11-07 00:00:00,1.471e-05,
2025-11-07 08:00:00,-2.6280000000000002e-05,
2025-11-07 16:00:00,-1.7199999999999998e-05,
2025-11-08 00:00:00,2.278000000000001e-05,
2025-11-08 08:00:00,-1.9250000000000007e-05,
2025-11-08 16:00:00,-7.089999999999995e-06,
2025-11-09 00:00:00,1.146e-05,
2025-11-09 08:00:00,8.399999999999987e-07,
2025-11-09 16:00:00,8.299999999999998e-06,
2025-11-10 00:00:00,2.6000000000000002e-05,
2025-11-10 08:00:00,-4.3759999999999994e-05,
2025-11-10 16:00:00,5.430000000000007e-06,
2025-11-11 00:00:00,7.038e-05,
2025-11-11 08:00:00,3.589e-05,
2025-11-11 16:00:00,1.17e-05,
2025-11-12 00:00:00,6.382e-05,
2025-11-12 08:00:00,8.366e-05,
2025-11-12 16:00:00,-6.779e-05,
2025-11-13 00:00:00,3.0330000000000003e-05,
2025-11-13 08:00:00,-0.00014731,
2025-11-13 16:00:00,6.78e-05,
2025-11-14 00:00:00,1.6299999999999996e-06,
2025-11-14 08:00:00,6.427e-05,
2025-11-14 16:00:00,2.0380000000000005e-05,
2025-11-15 00:00:00,3.1100000000000004e-05,
2025-11-15 08:00:00,1.3750000000000002e-05,
2025-11-15 16:00:00,2.4870000000000004e-05,
2025-11-16 00:00:00,-7.764000000000001e-05,
2025-11-16 08:00:00,0.0,
2025-11-16 16:00:00,-6.276e-05,
2025-11-17 00:00:00,-1.024000000000001e-05,
2025-11-17 08:00:00,0.0,
2025-11-17 16:00:00,-3.9620000000000004e-05,
2025-11-18 00:00:00,-0.00010028,
2025-11-18 08:00:00,-8.461e-05,
2025-11-18 16:00:00,4.072e-05,
2025-11-19 00:00:00,0.0,
2025-11-19 08:00:00,-8.41e-05,
2025-11-19 16:00:00,4.6500000000000005e-05,
2025-11-20 00:00:00,2.9029999999999998e-05,
2025-11-20 08:00:00,2.162e-05,
2025-11-20 16:00:00,3.212000000000001e-05,
2025-11-21 00:00:00,6.02e-06,
2025-11-21 08:00:00,8.053e-05,
2025-11-21 16:00:00,4.5600000000000004e-05,
2025-11-22 00:00:00,8.141000000000001e-05,
2025-11-22 08:00:00,-9.130000000000002e-06,
2025-11-22 16:00:00,5.273999999999999e-05,
2025-11-23 00:00:00,1.861e-05,
2025-11-23 08:00:00,8.818e-05,
2025-11-23 16:00:00,4.717e-05,
2025-11-24 00:00:00,7.390000000000001e-05,
2025-11-24 08:00:00,-9.699999999999992e-06,
2025-11-24 16:00:00,-2.4770000000000002e-05,
2025-11-25 00:00:00,-3.2880000000000004e-05,
2025-11-25 08:00:00,-6.716e-05,
2025-11-25 16:00:00,-4.384e-05,
2025-11-26 00:00:00,5.293e-05,
2025-11-26 08:00:00,0.0001092,
2025-11-26 16:00:00,1.0880000000000001e-05,
2025-11-27 00:00:00,7.533e-05,
2025-11-27 08:00:00,-4.1240000000000005e-05,
2025-11-27 16:00:00,4.68e-05,
2025-11-28 00:00:00,-9.77e-06,
2025-11-28 08:00:00,-8.680000000000002e-06,
2025-11-28 16:00:00,3.21e-05,
2025-11-29 00:00:00,3.6719999999999994e-05,
2025-11-29 08:00:00,1.7570000000000003e-05,
2025-11-29 16:00:00,2.804e-05,
2025-11-30 00:00:00,-9.329999999999999e-05,
2025-11-30 08:00:00,5.98e-06,
2025-11-30 16:00:00,-5.003e-05,
2025-12-01 00:00:00,-4.7909999999999994e-05,
2025-12-01 08:00:00,-6.936e-05,
2025-12-01 16:00:00,7.93e-05,
2025-12-02 00:00:00,-1.908e-05,
2025-12-02 08:00:00,-6.689999999999999e-06,
2025-12-02 16:00:00,-1.78e-06,
2025-12-03 00:00:00,-3.3860000000000004e-05,
2025-12-03 08:00:00,4.629e-05,
2025-12-03 16:00:00,3.6840000000000006e-05,
2025-12-04 00:00:00,3.6950000000000004e-05,
2025-12-04 08:00:00,-2.9200000000000005e-05,
2025-12-04 16:00:00,-4.0180000000000005e-05,
2025-12-05 00:00:00,6.023e-05,
2025-12-05 08:00:00,2.2799999999999985e-06,
2025-12-05 16:00:00,-3.791e-05,
2025-12-06 00:00:00,-7.763e-05,
2025-12-06 08:00:00,-8.798000000000001e-05,
2025-12-06 16:00:00,-5.06e-05,
2025-12-07 00:00:00,1.0139999999999994e-05,
2025-12-07 08:00:00,9.1e-06,
2025-12-07 16:00:00,2.6209999999999998e-05,
2025-12-08 00:00:00,-2.486e-05,
2025-12-08 08:00:00,-3.763e-05,
2025-12-08 16:00:00,-2.527e-05,
2025-12-09 00:00:00,-3.609e-05,
2025-12-09 08:00:00,8.660000000000002e-06,
2025-12-09 16:00:00,2.6750000000000006e-05,
2025-12-10 00:00:00,0.0,
2025-12-10 08:00:00,-0.00015446999999999998,
2025-12-10 16:00:00,-8.588e-05,
2025-12-11 00:00:00,3.08e-05,
2025-12-11 08:00:00,-0.00010985,
2025-12-11 16:00:00,-4.314e-05,
2025-12-12 00:00:00,0.00010248000000000001,
2025-12-12 08:00:00,-1.151e-05,
2025-12-12 16:00:00,4.153e-05,
2025-12-13 00:00:00,1.31e-05,
2025-12-13 08:00:00,0.00011354,
2025-12-13 16:00:00,3.447e-05,
2025-12-14 00:00:00,1.7340000000000007e-05,
2025-12-14 08:00:00,1.2650000000000003e-05,
2025-12-14 16:00:00,-1.5999999999999982e-06,
2025-12-15 00:00:00,-4.1679999999999994e-05,
2025-12-15 08:00:00,-3.334e-05,
2025-12-15 16:00:00,-6.254000000000001e-05,
2025-12-16 00:00:00,-1.195e-05,
2025-12-16 08:00:00,-5.0759999999999995e-05,
2025-12-16 16:00:00,0.00011870000000000001,
2025-12-17 00:00:00,9.648e-05,
2025-12-17 08:00:00,6.282e-05,
2025-12-17 16:00:00,2.953e-05,
2025-12-18 00:00:00,6.549999999999998e-06,
2025-12-18 08:00:00,-4.1269999999999996e-05,
2025-12-18 16:00:00,2.3430000000000004e-05,
2025-12-19 00:00:00,-0.00019700000000000002,
2025-12-19 08:00:00,-0.0001339,
2025-12-19 16:00:00,8.040000000000011e-06,
2025-12-20 00:00:00,8.003e-05,
2025-12-20 08:00:00,3.458e-05,
2025-12-20 16:00:00,9.097e-05,
2025-12-21 00:00:00,8.164000000000001e-05,
2025-12-21 08:00:00,5.8020000000000004e-05,
2025-12-21 16:00:00,3.1060000000000004e-05,
2025-12-22 00:00:00,7.091e-05,
2025-12-22 08:00:00,3.069e-05,
2025-12-22 16:00:00,7.746e-05,
2025-12-23 00:00:00,2.6509999999999995e-05,
2025-12-23 08:00:00,1.701e-05,
2025-12-23 16:00:00,1.812e-05,
2025-12-24 00:00:00,-3.6270000000000003e-05,
2025-12-24 08:00:00,3.814000000000001e-05,
2025-12-24 16:00:00,-1.2049999999999995e-05,
2025-12-25 00:00:00,3.473e-05,
2025-12-25 08:00:00,-1.2879999999999999e-05,
2025-12-25 16:00:00,1.098e-05,
2025-12-26 00:00:00,-3.091e-05,
2025-12-26 08:00:00,1.7500000000000019e-06,
2025-12-26 16:00:00,-4.699e-05,
2025-12-27 00:00:00,1.539e-05,
2025-12-27 08:00:00,0.00010519,
2025-12-27 16:00:00,1.867000000000001e-05,
2025-12-28 00:00:00,3.8939999999999996e-05,
2025-12-28 08:00:00,2.0900000000000007e-05,
2025-12-28 16:00:00,5.1380000000000006e-05,
2025-12-29 00:00:00,-7.784e-05,
2025-12-29 08:00:00,-3.813e-05,
2025-12-29 16:00:00,-2.994e-05,
2025-12-30 00:00:00,9.230000000000001e-05,
2025-12-30 08:00:00,5.529e-05,
2025-12-30 16:00:00,0.0,
2025-12-31 00:00:00,4.843e-05,
2025-12-31 08:00:00,8.795000000000001e-05,
2025-12-31 16:00:00,5.155e-05,
2026-01-01 00:00:00,-2.6300000000000002e-05,
2026-01-01 08:00:00,1.1099999999999999e-05,
2026-01-01 16:00:00,-5.771e-05,
2026-01-02 00:00:00,4.9470000000000006e-05,
2026-01-02 08:00:00,-6.119999999999999e-06,
2026-01-02 16:00:00,-7.939000000000001e-05,
2026-01-03 00:00:00,4.813e-05,
2026-01-03 08:00:00,2.421e-05,
2026-01-03 16:00:00,-0.00012179000000000001,
2026-01-04 00:00:00,2.4020000000000004e-05,
2026-01-04 08:00:00,9.788e-05,
2026-01-04 16:00:00,-5.53000000000001e-06,
2026-01-05 00:00:00,-0.00025589,
2026-01-05 08:00:00,3.28e-05,
2026-01-05 16:00:00,-7.725000000000001e-05,
2026-01-06 00:00:00,1.9650000000000003e-05,
2026-01-06 08:00:00,-0.00015643,
2026-01-06 16:00:00,9.099999999999964e-07,
2026-01-07 00:00:00,-2.409e-05,
2026-01-07 08:00:00,-4.4980000000000006e-05,
2026-01-07 16:00:00,-0.00014673,
2026-01-08 00:00:00,-0.00011893,
2026-01-08 08:00:00,6.469999999999997e-06,
2026-01-08 16:00:00,-1.4499999999999999e-06,
2026-01-09 00:00:00,-0.00010765000000000001,
2026-01-09 08:00:00,-5.169e-05,
2026-01-09 16:00:00,-1.6809999999999997e-05,
2026-01-10 00:00:00,-3.423e-05,
2026-01-10 08:00:00,-4.6280000000000004e-05,
2026-01-10 16:00:00,4.723000000000001e-05,
2026-01-11 00:00:00,-1.28e-05,
2026-01-11 08:00:00,2.565e-05,
2026-01-11 16:00:00,1.8199999999999995e-05,
2026-01-12 00:00:00,-6.468000000000001e-05,
2026-01-12 08:00:00,-5.5140000000000004e-05,
2026-01-12 16:00:00,-0.00012100000000000001,
2026-01-13 00:00:00,-6.555e-05,
2026-01-13 08:00:00,7.890000000000007e-06,
2026-01-13 16:00:00,7.328e-05,
2026-01-14 00:00:00,0.0,
2026-01-14 08:00:00,0.0,
2026-01-14 16:00:00,1.6690000000000005e-05,
2026-01-15 00:00:00,3.575e-05,
2026-01-15 08:00:00,-1.0209999999999999e-05,
2026-01-15 16:00:00,-0.00010609,
2026-01-16 00:00:00,-0.00018581999999999998,
2026-01-16 08:00:00,-5.16e-05,
2026-01-16 16:00:00,-3.408e-05,
2026-01-17 00:00:00,-7.480000000000003e-06,
2026-01-17 08:00:00,1.921e-05,
2026-01-17 16:00:00,-5.673e-05,
2026-01-18 00:00:00,2.047e-05,
2026-01-18 08:00:00,-3.506e-05,
2026-01-18 16:00:00,-2.5969999999999997e-05,
2026-01-19 00:00:00,8.579999999999996e-06,
2026-01-19 08:00:00,2.999999999999971e-08,
2026-01-19 16:00:00,-8.932e-05,
2026-01-20 00:00:00,1.2110000000000004e-05,
2026-01-20 08:00:00,-1.4609999999999997e-05,
2026-01-20 16:00:00,-3.5510000000000004e-05,
2026-01-21 00:00:00,-5.088e-05,
2026-01-21 08:00:00,1.196e-05,
2026-01-21 16:00:00,7.899999999999999e-06,
2026-01-22 00:00:00,2.7870000000000003e-05,
2026-01-22 08:00:00,-9.426000000000001e-05,
2026-01-22 16:00:00,-0.00010136000000000002,
2026-01-23 00:00:00,-7.146e-05,
2026-01-23 08:00:00,-2.4390000000000002e-05,
2026-01-23 16:00:00,-0.00010416,
2026-01-24 00:00:00,-1.9929999999999997e-05,
2026-01-24 08:00:00,4.5129999999999997e-05,
2026-01-24 16:00:00,1.8920000000000002e-05,
2026-01-25 00:00:00,5.478e-05,
2026-01-25 08:00:00,1.532000000000001e-05,
2026-01-25 16:00:00,-7.64e-05,
2026-01-26 00:00:00,6.669000000000001e-05,
2026-01-26 08:00:00,-0.00015378,
2026-01-26 16:00:00,-5.665e-05,
2026-01-27 00:00:00,-2.146e-05,
2026-01-27 08:00:00,-1.3840000000000003e-05,
2026-01-27 16:00:00,-0.00016512,
2026-01-28 00:00:00,1.3020000000000007e-05,
2026-01-28 08:00:00,4.410000000000007e-06,
2026-01-28 16:00:00,-4.6189999999999997e-05,
2026-01-29 00:00:00,1.2900000000000002e-05,
2026-01-29 08:00:00,-4.303e-05,
2026-01-29 16:00:00,-0.00012671,
2026-01-30 00:00:00,3.57e-05,
2026-01-30 08:00:00,-0.00011632,
2026-01-30 16:00:00,7.25e-05,
2026-01-31 00:00:00,0.00013852,
2026-01-31 08:00:00,-1.7829999999999997e-05,
2026-01-31 16:00:00,5.578999999999999e-05,
2026-02-01 00:00:00,0.00022832,
2026-02-01 08:00:00,8.007e-05,
2026-02-01 16:00:00,9.481e-05,
2026-02-02 00:00:00,0.00017905,
2026-02-02 08:00:00,2.002e-05,
2026-02-02 16:00:00,0.00013284,
2026-02-03 00:00:00,9.564000000000001e-05,
2026-02-03 08:00:00,1.658e-05,
2026-02-03 16:00:00,9.464e-05,
2026-02-04 00:00:00,3.354e-05,
2026-02-04 08:00:00,7.924000000000001e-05,
2026-02-04 16:00:00,7.78e-05,
2026-02-05 00:00:00,4.4970000000000005e-05,
2026-02-05 08:00:00,7.073000000000001e-05,
2026-02-05 16:00:00,4.232e-05,
2026-02-06 00:00:00,0.00037709,
2026-02-06 08:00:00,2.8600000000000004e-05,
2026-02-06 16:00:00,-8.745000000000001e-05,
2026-02-07 00:00:00,0.0,
2026-02-07 08:00:00,0.00010183,
2026-02-07 16:00:00,2.981e-05,
2026-02-08 00:00:00,2.363e-05,
2026-02-08 08:00:00,4.203e-05,
2026-02-08 16:00:00,3.908e-05,
2026-02-09 00:00:00,7.486999999999999e-05,
2026-02-09 08:00:00,3.1209999999999994e-05,
2026-02-09 16:00:00,0.00010334000000000001,
2026-02-10 00:00:00,-3.758e-05,
2026-02-10 08:00:00,0.0001665,
2026-02-10 16:00:00,0.00025175,
2026-02-11 00:00:00,0.0001783,
2026-02-11 08:00:00,0.00016668,
2026-02-11 16:00:00,0.00016275000000000003,
2026-02-12 00:00:00,-0.00014483,
2026-02-12 08:00:00,-0.00024533,
2026-02-12 16:00:00,-7.172999999999999e-05,
2026-02-13 00:00:00,-9.082e-05,
2026-02-13 08:00:00,6.417e-05,
2026-02-13 16:00:00,-3.093e-05,
2026-02-14 00:00:00,0.00010268,
2026-02-14 08:00:00,-2.91e-05,
2026-02-14 16:00:00,7.909e-05,
2026-02-15 00:00:00,0.00016367,
2026-02-15 08:00:00,-5.0679999999999996e-05,
2026-02-15 16:00:00,0.00010856,
2026-02-16 00:00:00,0.00011129,
2026-02-16 08:00:00,6.557e-05,
2026-02-16 16:00:00,7.064e-05,
2026-02-17 00:00:00,-1.429e-05,
2026-02-17 08:00:00,7.373e-05,
2026-02-17 16:00:00,5.5990000000000004e-05,
2026-02-18 00:00:00,-6.0839999999999993e-05,
2026-02-18 08:00:00,1.7200000000000039e-06,
2026-02-18 16:00:00,6.982e-05,
2026-02-19 00:00:00,9.417e-05,
2026-02-19 08:00:00,9.338e-05,
2026-02-19 16:00:00,0.00010459,
2026-02-20 00:00:00,9.659999999999999e-05,
2026-02-20 08:00:00,6.721e-05,
2026-02-20 16:00:00,0.00011401,
2026-02-21 00:00:00,6.950000000000001e-05,
2026-02-21 08:00:00,-1.8350000000000002e-05,
2026-02-21 16:00:00,2.46e-06,
2026-02-22 00:00:00,9.699999999999992e-07,
2026-02-22 08:00:00,-1.484e-05,
2026-02-22 16:00:00,4.783e-05,
2026-02-23 00:00:00,9.229e-05,
2026-02-23 08:00:00,0.00036277,
2026-02-23 16:00:00,-4.674e-05,
2026-02-24 00:00:00,-2.487e-05,
2026-02-24 08:00:00,8.853e-05,
2026-02-24 16:00:00,6.542e-05,
2026-02-25 00:00:00,1.757e-05,
2026-02-25 08:00:00,4.8060000000000004e-05,
2026-02-25 16:00:00,4.2470000000000005e-05,
2026-02-26 00:00:00,2.2130000000000007e-05,
2026-02-26 08:00:00,8.871e-05,
2026-02-26 16:00:00,2.246e-05,
2026-02-27 00:00:00,-2.485e-05,
2026-02-27 08:00:00,6.406999999999999e-05,
2026-02-27 16:00:00,0.00017016999999999998,
2026-02-28 00:00:00,0.00018643000000000002,
2026-02-28 08:00:00,0.00014929,
2026-02-28 16:00:00,7.924000000000001e-05,
2026-03-01 00:00:00,8.037e-05,
2026-03-01 08:00:00,-3.819e-05,
2026-03-01 16:00:00,-7.808e-05,
2026-03-02 00:00:00,0.00013697,
2026-03-02 08:00:00,8.272999999999999e-05,
2026-03-02 16:00:00,9.067e-05,
2026-03-03 00:00:00,-0.0001699,
2026-03-03 08:00:00,0.00012809,
2026-03-03 16:00:00,0.00011483000000000001,
2026-03-04 00:00:00,5.565e-05,
2026-03-04 08:00:00,0.00011672,
2026-03-04 16:00:00,-0.00014339,
2026-03-05 00:00:00,3.225e-05,
2026-03-05 08:00:00,1.1479999999999999e-05,
2026-03-05 16:00:00,-1.78e-06,
2026-03-06 00:00:00,3.499e-05,
2026-03-06 08:00:00,0.00012046,
2026-03-06 16:00:00,0.00012869,
2026-03-07 00:00:00,7.975e-05,
2026-03-07 08:00:00,0.00010916,
2026-03-07 16:00:00,6.287e-05,
2026-03-08 00:00:00,0.00011472000000000001,
2026-03-08 08:00:00,3.699999999999995e-06,
2026-03-08 16:00:00,0.00015102,
2026-03-09 00:00:00,0.00025843000000000003,
2026-03-09 08:00:00,-1.3450000000000002e-05,
2026-03-09 16:00:00,4.5180000000000004e-05,
2026-03-10 00:00:00,-2.5280000000000002e-05,
2026-03-10 08:00:00,-2.649e-05,
2026-03-10 16:00:00,1.4699999999999998e-05,
2026-03-11 00:00:00,9.35e-06,
2026-03-11 08:00:00,-2.128e-05,
2026-03-11 16:00:00,5.148e-05,
2026-03-12 00:00:00,9.098e-05,
2026-03-12 08:00:00,4.874e-05,
2026-03-12 16:00:00,8.796e-05,
2026-03-13 00:00:00,7.736e-05,
2026-03-13 08:00:00,8.519e-05,
2026-03-13 16:00:00,7.901e-05,
2026-03-14 00:00:00,4.560000000000004e-06,
2026-03-14 08:00:00,0.00010059999999999999,
2026-03-14 16:00:00,-2.153e-05,
2026-03-15 00:00:00,3.086e-05,
2026-03-15 08:00:00,3.117e-05,
2026-03-15 16:00:00,1.4699999999999998e-05,
2026-03-16 00:00:00,-2.154e-05,
2026-03-16 08:00:00,-0.00016156999999999999,
2026-03-16 16:00:00,-0.00011732,
2026-03-17 00:00:00,4.8450000000000005e-05,
2026-03-17 08:00:00,-7.561e-05,
2026-03-17 16:00:00,-8.09999999999999e-07,
2026-03-18 00:00:00,-5.359e-05,
2026-03-18 08:00:00,5.808e-05,
2026-03-18 16:00:00,-0.00010518999999999999,
2026-03-19 00:00:00,-4.464e-05,
2026-03-19 08:00:00,-3.745e-05,
2026-03-19 16:00:00,2.825e-05,
2026-03-20 00:00:00,-3.1820000000000004e-05,
2026-03-20 08:00:00,8.389e-05,
2026-03-20 16:00:00,-1.892e-05,
2026-03-21 00:00:00,-0.00010268,
2026-03-21 08:00:00,1.5700000000000002e-06,
2026-03-21 16:00:00,5.220000000000001e-06,
2026-03-22 00:00:00,3.722e-05,
2026-03-22 08:00:00,-3.426e-05,
2026-03-22 16:00:00,-2.4750000000000005e-05,
2026-03-23 00:00:00,3.2160000000000004e-05,
2026-03-23 08:00:00,3.921e-05,
2026-03-23 16:00:00,-0.0001149,
2026-03-24 00:00:00,-4.359e-05,
2026-03-24 08:00:00,7.878e-05,
2026-03-24 16:00:00,9.303000000000001e-05,
2026-03-25 00:00:00,6.46e-05,
2026-03-25 08:00:00,0.00010527,
2026-03-25 16:00:00,9.473000000000001e-05,
2026-03-26 00:00:00,5.37e-05,
2026-03-26 08:00:00,6.136000000000001e-05,
2026-03-26 16:00:00,8.375e-05,
2026-03-27 00:00:00,3.22e-05,
2026-03-27 08:00:00,5.587e-05,
2026-03-27 16:00:00,0.00010445999999999999,
2026-03-28 00:00:00,0.00011624,
2026-03-28 08:00:00,-2.5869999999999995e-05,
2026-03-28 16:00:00,9.5e-07,
2026-03-29 00:00:00,7.02e-05,
2026-03-29 08:00:00,-5.096e-05,
2026-03-29 16:00:00,-1.0700000000000003e-05,
2026-03-30 00:00:00,5.243e-05,
2026-03-30 08:00:00,8.823e-05,
2026-03-30 16:00:00,5.8870000000000004e-05,
2026-03-31 00:00:00,9.743000000000001e-05,
2026-03-31 08:00:00,5.34e-05,
2026-03-31 16:00:00,5.5e-05,
2026-04-01 00:00:00,4.8469999999999995e-05,
2026-04-01 08:00:00,3.973e-05,
2026-04-01 16:00:00,2.899999999999989e-07,
2026-04-02 00:00:00,0.00017714,
2026-04-02 08:00:00,3.5469999999999984e-05,
2026-04-02 16:00:00,-0.00022923999999999997,
2026-04-03 00:00:00,7.089e-05,
2026-04-03 08:00:00,4.358e-05,
2026-04-03 16:00:00,-0.00012552,
2026-04-04 00:00:00,-2.749e-05,
2026-04-04 08:00:00,-8.769999999999999e-06,
2026-04-04 16:00:00,-9.76e-05,
2026-04-05 00:00:00,-7.815e-05,
2026-04-05 08:00:00,-0.00013406,
2026-04-05 16:00:00,3.7999999999999975e-07,
2026-04-06 00:00:00,-4.3490000000000005e-05,
2026-04-06 08:00:00,-6.642e-05,
2026-04-06 16:00:00,-0.00011562000000000001,
2026-04-07 00:00:00,-2.2720000000000006e-05,
2026-04-07 08:00:00,-7.303999999999999e-05,
2026-04-07 16:00:00,-9.208e-05,
2026-04-08 00:00:00,0.0,
2026-04-08 08:00:00,-2.798e-05,
2026-04-08 16:00:00,-9.905e-05,
2026-04-09 00:00:00,-4.3310000000000004e-05,
2026-04-09 08:00:00,-8.266000000000001e-05,
2026-04-09 16:00:00,-0.00017209,
2026-04-10 00:00:00,8.75e-05,
2026-04-10 08:00:00,7.097e-05,
2026-04-10 16:00:00,9.444e-05,
2026-04-11 00:00:00,0.00014251,
2026-04-11 08:00:00,4.242e-05,
2026-04-11 16:00:00,-2.2990000000000002e-05,
2026-04-12 00:00:00,-4.732e-05,
2026-04-12 08:00:00,-0.00019132,
2026-04-12 16:00:00,3.969e-05,
2026-04-13 00:00:00,-7.319e-05,
2026-04-13 08:00:00,-0.00013491000000000002,
2026-04-13 16:00:00,1.967e-05,
2026-04-14 00:00:00,0.0,
2026-04-14 08:00:00,0.0,
2026-04-14 16:00:00,6.510000000000001e-05,
2026-04-15 00:00:00,-2.158e-05,
2026-04-15 08:00:00,8.352e-05,
2026-04-15 16:00:00,9.282e-05,
2026-04-16 00:00:00,0.00011717,
2026-04-16 08:00:00,0.00014865,
2026-04-16 16:00:00,9.646000000000001e-05,
2026-04-17 00:00:00,9.139e-05,
2026-04-17 08:00:00,4.315e-05,
2026-04-17 16:00:00,5.858999999999999e-05,
2026-04-18 00:00:00,0.00010619999999999999,
2026-04-18 08:00:00,1.7e-05,
2026-04-18 16:00:00,0.00021208000000000002,
2026-04-19 00:00:00,0.00015398,
2026-04-19 08:00:00,0.00019008,
2026-04-19 16:00:00,0.00028273999999999997,
2026-04-20 00:00:00,9.024e-05,
2026-04-20 08:00:00,2.479e-05,
2026-04-20 16:00:00,2.7700000000000002e-05,
2026-04-21 00:00:00,8.136e-05,
2026-04-21 08:00:00,3.5300000000000004e-05,
2026-04-21 16:00:00,-5.2600000000000005e-06,
2026-04-22 00:00:00,1.871e-05,
2026-04-22 08:00:00,0.0,
2026-04-22 16:00:00,-2.3680000000000004e-05,
2026-04-23 00:00:00,-3.230000000000008e-06,
2026-04-23 08:00:00,-2.684e-05,
2026-04-23 16:00:00,5.03e-05,
2026-04-24 00:00:00,0.00013645,
2026-04-24 08:00:00,2.0200000000000003e-05,
2026-04-24 16:00:00,0.00021182999999999998,
2026-04-25 00:00:00,6.711e-05,
2026-04-25 08:00:00,1.664e-05,
2026-04-25 16:00:00,-1.2029999999999998e-05,
2026-04-26 00:00:00,4.046e-05,
2026-04-26 08:00:00,0.00011931000000000001,
2026-04-26 16:00:00,0.00011867,
2026-04-27 00:00:00,0.00010733999999999999,
2026-04-27 08:00:00,1.5819999999999994e-05,
2026-04-27 16:00:00,4.849e-05,
2026-04-28 00:00:00,0.00014911,
2026-04-28 08:00:00,0.00015796,
2026-04-28 16:00:00,9.975e-05,
2026-04-29 00:00:00,7.158e-05,
2026-04-29 08:00:00,5.334000000000001e-05,
2026-04-29 16:00:00,-0.00013293000000000002,
2026-04-30 00:00:00,9.959e-05,
2026-04-30 08:00:00,-4.414e-05,
2026-04-30 16:00:00,0.00011036,
2026-05-01 00:00:00,-5.498e-05,
2026-05-01 08:00:00,4.871e-05,
2026-05-01 16:00:00,0.00011885,
2026-05-02 00:00:00,2.844e-05,
2026-05-02 08:00:00,-6.285000000000001e-05,
2026-05-02 16:00:00,0.00010388,
2026-05-03 00:00:00,6.48e-05,
2026-05-03 08:00:00,-1.5539999999999997e-05,
2026-05-03 16:00:00,1.2530000000000004e-05,
2026-05-04 00:00:00,5.695e-05,
2026-05-04 08:00:00,1.3520000000000006e-05,
2026-05-04 16:00:00,-3.068e-05,
2026-05-05 00:00:00,-7.531999999999999e-05,
2026-05-05 08:00:00,0.0001241,
2026-05-05 16:00:00,0.0001652,
2026-05-06 00:00:00,0.00012041000000000001,
2026-05-06 08:00:00,0.00015973,
2026-05-06 16:00:00,0.00012289,
2026-05-07 00:00:00,0.00016585,
2026-05-07 08:00:00,0.00021774,
2026-05-07 16:00:00,6.689999999999999e-06,
2026-05-08 00:00:00,9.084e-05,
2026-05-08 08:00:00,0.00012849,
2026-05-08 16:00:00,5.997e-05,
2026-05-09 00:00:00,3.801000000000001e-05,
2026-05-09 08:00:00,-2.6719999999999998e-05,
2026-05-09 16:00:00,-3.5940000000000005e-05,
2026-05-10 00:00:00,-4.0050000000000004e-05,
2026-05-10 08:00:00,1.7320000000000004e-05,
2026-05-10 16:00:00,4.3000000000000774e-07,
2026-05-11 00:00:00,2.537000000000001e-05,
2026-05-11 08:00:00,4.415e-05,
2026-05-11 16:00:00,2.0409999999999996e-05,
2026-05-12 00:00:00,9.800000000000008e-07,
2026-05-12 08:00:00,4.373e-05,
2026-05-12 16:00:00,3.4099999999999995e-05,
2026-05-13 00:00:00,5.061999999999999e-05,
2026-05-13 08:00:00,-2.745e-05,
2026-05-13 16:00:00,1.569e-05,
2026-05-14 00:00:00,-5.744e-05,
2026-05-14 08:00:00,-0.00011163,
2026-05-14 16:00:00,-5.666e-05,
2026-05-15 00:00:00,8.531000000000001e-05,
2026-05-15 08:00:00,-9.387e-05,
2026-05-15 16:00:00,-4.147e-05,
2026-05-16 00:00:00,2.935000000000001e-05,
2026-05-16 08:00:00,-7.552000000000001e-05,
2026-05-16 16:00:00,-6.691999999999999e-05,
2026-05-17 00:00:00,-2.5589999999999997e-05,
2026-05-17 08:00:00,1.6640000000000003e-05,
2026-05-17 16:00:00,-6.141e-05,
2026-05-18 00:00:00,-3.970000000000001e-06,
2026-05-18 08:00:00,2.57e-05,
2026-05-18 16:00:00,8.82e-06,
2026-05-19 00:00:00,-2.3890000000000003e-05,
2026-05-19 08:00:00,6.899999999999951e-07,
2026-05-19 16:00:00,-6.760000000000003e-06,
2026-05-20 00:00:00,-4.914e-05,
2026-05-20 08:00:00,3.066999999999999e-05,
2026-05-20 16:00:00,4.7100000000000006e-05,
2026-05-21 00:00:00,4.1330000000000006e-05,
2026-05-21 08:00:00,7.749999999999999e-06,
2026-05-21 16:00:00,2.2539999999999998e-05,
2026-05-22 00:00:00,1.701e-05,
2026-05-22 08:00:00,3.201000000000001e-05,
2026-05-22 16:00:00,3.6639999999999995e-05,
2026-05-23 00:00:00,-4.107e-05,
2026-05-23 08:00:00,-0.00011590999999999999,
2026-05-23 16:00:00,-4.698e-05,
2026-05-24 00:00:00,1.9800000000000007e-05,
2026-05-24 08:00:00,-4.509e-05,
2026-05-24 16:00:00,-3.100000000000021e-07,
2026-05-25 00:00:00,-0.00012835,
2026-05-25 08:00:00,4.3400000000000005e-05,
2026-05-25 16:00:00,-0.00011098,
2026-05-26 00:00:00,-6.387999999999999e-05,
2026-05-26 08:00:00,-2.8349999999999998e-05,
2026-05-26 16:00:00,6.592e-05,
2026-05-27 00:00:00,-0.00012963,
2026-05-27 08:00:00,-2.166e-05,
2026-05-27 16:00:00,-5.799999999999999e-06,
2026-05-28 00:00:00,7.700000000000011e-07,
2026-05-28 08:00:00,-9.076e-05,
2026-05-28 16:00:00,3.9040000000000006e-05,
2026-05-29 00:00:00,-1.9899999999999996e-06,
2026-05-29 08:00:00,-6.09e-05,
2026-05-29 16:00:00,3.0009999999999992e-05,
2026-05-30 00:00:00,-7.544999999999999e-05,
2026-05-30 08:00:00,1.6600000000000078e-06,
2026-05-30 16:00:00,-3.925e-05,
2026-05-31 00:00:00,-0.00010179,
2026-05-31 08:00:00,-6.0780000000000004e-05,
2026-05-31 16:00:00,-2.868e-05,
2026-06-01 00:00:00,-3.796999999999999e-05,
2026-06-01 08:00:00,-6.98e-05,
2026-06-01 16:00:00,4.2800000000000065e-06,
2026-06-02 00:00:00,0.0,
2026-06-02 08:00:00,-0.00011754,
2026-06-02 16:00:00,-7.217000000000001e-05,
2026-06-03 00:00:00,-2.5330000000000003e-05,
2026-06-03 08:00:00,-5.712e-05,
2026-06-03 16:00:00,2.639000000000001e-05,
2026-06-04 00:00:00,2.3490000000000007e-05,
2026-06-04 08:00:00,1.7899999999999995e-05,
2026-06-04 16:00:00,1.599e-05,
2026-06-05 00:00:00,-0.00010486999999999999,
2026-06-05 08:00:00,2.7950000000000002e-05,
2026-06-05 16:00:00,0.00010083999999999999,
2026-06-06 00:00:00,0.00010755,
2026-06-06 08:00:00,6.0549999999999995e-05,
2026-06-06 16:00:00,2.6430000000000003e-05,
2026-06-07 00:00:00,8.19e-05,
2026-06-07 08:00:00,0.0001205,
2026-06-07 16:00:00,9.528000000000001e-05,
2026-06-08 00:00:00,0.00018235000000000001,
2026-06-08 08:00:00,0.00012487,
2026-06-08 16:00:00,0.00014112,
2026-06-09 00:00:00,0.00012946,
2026-06-09 08:00:00,6.475e-05,
2026-06-09 16:00:00,9.584e-05,
2026-06-10 00:00:00,0.00014089000000000001,
2026-06-10 08:00:00,7.785999999999999e-05,
2026-06-10 16:00:00,1.8670000000000003e-05,
2026-06-11 00:00:00,6.852e-05,
2026-06-11 08:00:00,-2.4199999999999997e-06,
2026-06-11 16:00:00,0.00011308,
2026-06-12 00:00:00,0.00012404,
2026-06-12 08:00:00,0.00011421,
2026-06-12 16:00:00,9.212e-05,
2026-06-13 00:00:00,0.00010631,
2026-06-13 08:00:00,6.438e-05,
2026-06-13 16:00:00,3.578e-05,
2026-06-14 00:00:00,4.416e-05,
2026-06-14 08:00:00,3.0299999999999998e-05,
2026-06-14 16:00:00,4.85e-05,
2026-06-15 00:00:00,-5.740000000000003e-06,
2026-06-15 08:00:00,3.732e-05,
2026-06-15 16:00:00,3.117e-05,
2026-06-16 00:00:00,-3.999e-05,
2026-06-16 08:00:00,0.00010308,
2026-06-16 16:00:00,6.840000000000001e-05,
2026-06-17 00:00:00,6.962e-05,
2026-06-17 08:00:00,5.376e-05,
2026-06-17 16:00:00,5.215e-05,
2026-06-18 00:00:00,-4.009999999999997e-06,
2026-06-18 08:00:00,4.7079999999999996e-05,
2026-06-18 16:00:00,1.495e-05,
2026-06-19 00:00:00,-7.386e-05,
2026-06-19 08:00:00,2.8760000000000002e-05,
2026-06-19 16:00:00,2.8499999999999998e-05,
2026-06-20 00:00:00,-2.7369999999999997e-05,
2026-06-20 08:00:00,-0.00011347,
2026-06-20 16:00:00,-2.616e-05,
2026-06-21 00:00:00,-1.946e-05,
2026-06-21 08:00:00,4.114e-05,
2026-06-21 16:00:00,5.9300000000000005e-05,
2026-06-22 00:00:00,-1.794e-05,
2026-06-22 08:00:00,-6.394e-05,
2026-06-22 16:00:00,-3.000000000000005e-07,
2026-06-23 00:00:00,-0.00010648999999999999,
2026-06-23 08:00:00,4.95e-05,
2026-06-23 16:00:00,0.00012211,
2026-06-24 00:00:00,5.4210000000000004e-05,
2026-06-24 08:00:00,7.788e-05,
2026-06-24 16:00:00,3.71e-05,
2026-06-25 00:00:00,2.489e-05,
2026-06-25 08:00:00,3.7050000000000006e-05,
2026-06-25 16:00:00,7.392999999999999e-05,
2026-06-26 00:00:00,7.623000000000001e-05,
2026-06-26 08:00:00,7.437000000000001e-05,
2026-06-26 16:00:00,4.47e-06,
2026-06-27 00:00:00,5.4539999999999996e-05,
2026-06-27 08:00:00,1.3680000000000001e-05,
2026-06-27 16:00:00,3.0400000000000004e-05,
2026-06-28 00:00:00,8.76e-05,
2026-06-28 08:00:00,2.7890000000000002e-05,
2026-06-28 16:00:00,-3.3300000000000003e-06,
2026-06-29 00:00:00,6.947000000000001e-05,
2026-06-29 08:00:00,9.784e-05,
2026-06-29 16:00:00,6.975e-05,
2026-06-30 00:00:00,-4.8650000000000003e-05,
2026-06-30 08:00:00,5.4340000000000005e-05,
2026-06-30 16:00:00,-8.036999999999999e-05,
2026-07-01 00:00:00,6.859999999999999e-06,
2026-07-01 08:00:00,4.6700000000000003e-05,
2026-07-01 16:00:00,5.8840000000000006e-05,
2026-07-02 00:00:00,7.710000000000002e-06,
2026-07-02 08:00:00,-2.613e-05,
2026-07-02 16:00:00,2.6790000000000006e-05,
2026-07-03 00:00:00,2.1630000000000008e-05,
2026-07-03 08:00:00,0.0,
2026-07-03 16:00:00,4.7590000000000003e-05,
2026-07-04 00:00:00,2.5200000000000098e-06,
2026-07-04 08:00:00,2.358e-05,
2026-07-04 16:00:00,4.8330000000000007e-05,
2026-07-05 00:00:00,2.1820000000000005e-05,
2026-07-05 08:00:00,3.838000000000001e-05,
2026-07-05 16:00:00,4.292e-05,
2026-07-06 00:00:00,1.668000000000001e-05,
2026-07-06 08:00:00,4.9130000000000006e-05,
2026-07-06 16:00:00,-1.8109999999999994e-05,
2026-07-07 00:00:00,2.380000000000001e-05,
2026-07-07 08:00:00,3.852e-05,
2026-07-07 16:00:00,5.912e-05,
2026-07-08 00:00:00,8.481000000000001e-05,
2026-07-08 08:00:00,7.016e-05,
2026-07-08 16:00:00,5.4630000000000004e-05,
2026-07-09 00:00:00,-6.1030000000000004e-05,
2026-07-09 08:00:00,4.6580000000000005e-05,
2026-07-09 16:00:00,-2.088e-05,
2026-07-10 00:00:00,7.387000000000001e-05,
2026-07-10 08:00:00,6.645e-05,
2026-07-10 16:00:00,5.368000000000001e-05,
2026-07-11 00:00:00,4.949e-05,
2026-07-11 08:00:00,7.81e-05,
2026-07-11 16:00:00,3.704000000000001e-05,
2026-07-12 00:00:00,7.444e-05,
2026-07-12 08:00:00,-3.5969999999999996e-05,
2026-07-12 16:00:00,-9.229999999999998e-06,
2026-07-13 00:00:00,2.6519999999999997e-05,
2026-07-13 08:00:00,-2.306e-05,
2026-07-13 16:00:00,3.805e-05,
2026-07-14 00:00:00,9.668e-05,
2026-07-14 08:00:00,-4.257e-05,
2026-07-14 16:00:00,-0.0001293,
2026-07-15 00:00:00,-4.2930000000000004e-05,
2026-07-15 08:00:00,-2.0249999999999998e-05,
2026-07-15 16:00:00,-9.03e-05,
2026-07-16 00:00:00,-5.076e-05,
2026-07-16 08:00:00,2.4179999999999995e-05,
2026-07-16 16:00:00,1.1590000000000003e-05,
2026-07-17 00:00:00,-6.713e-05,
2026-07-17 08:00:00,-4.757e-05,
2026-07-17 16:00:00,5.7700000000000007e-05,
2026-07-18 00:00:00,3.268e-05,
2026-07-18 08:00:00,-2.461e-05,
2026-07-18 16:00:00,-3.028e-05,
2026-07-19 00:00:00,5.6609999999999995e-05,
2026-07-19 08:00:00,-1.1509999999999997e-05,
2026-07-19 16:00:00,-7.062e-05,
2026-07-20 00:00:00,1.7850000000000004e-05,
2026-07-20 08:00:00,-8.513999999999999e-05,
2026-07-20 16:00:00,7.524e-05,
2026-07-21 00:00:00,7.415e-05,
2026-07-21 08:00:00,5.8740000000000003e-05,
2026-07-21 16:00:00,6.402e-05,
2026-07-22 00:00:00,8.945e-05,
2026-07-22 08:00:00,8.571e-05,
2026-07-22 16:00:00,3.546e-05,
2026-07-23 00:00:00,4.4420000000000005e-05,
2026-07-23 08:00:00,8.744e-05,
2026-07-23 16:00:00,0.00010703000000000001,
2026-07-24 00:00:00,3.98e-05,
2026-07-24 08:00:00,5.4420000000000004e-05,
2026-07-24 16:00:00,4.4069999999999996e-05,
2026-07-25 00:00:00,-8.599999999999952e-07,
2026-07-25 08:00:00,-1.3839999999999998e-05,
2026-07-25 16:00:00,2.3809999999999997e-05,
2026-07-26 00:00:00,0.00010131,
2026-07-26 08:00:00,1.174e-05,
2026-07-26 16:00:00,8.057000000000001e-05,
2026-07-27 00:00:00,0.0,
2026-07-27 08:00:00,1.84e-05,
2026-07-27 16:00:00,1.8679999999999997e-05,
2026-07-28 00:00:00,-7.494e-05,
2026-07-28 08:00:00,0.00011537,
2026-07-28 16:00:00,6.643e-05,
2026-07-29 00:00:00,3.075e-05,
2026-07-29 08:00:00,-0.00010589,
2026-07-29 16:00:00,2.7420000000000002e-05,
2026-07-30 00:00:00,6.146e-05,
2026-07-30 08:00:00,2.963e-05,
2026-07-30 16:00:00,8.010000000000001e-05,
2026-07-31 00:00:00,4.271e-05,
2026-07-31 08:00:00,6.67e-05,
2026-07-31 16:00:00,0.00010041,
2026-08-01 00:00:00,-4.715000000000001e-05,
2026-08-01 08:00:00,7.692e-05,
2026-08-01 16:00:00,-4.536e-05,
2026-08-02 00:00:00,7.225000000000001e-05,
2026-08-02 08:00:00,-4.249999999999995e-06,
2026-08-02 16:00:00,8.566e-05,
2026-08-03 00:00:00,-2.1220000000000004e-05,
2026-08-03 08:00:00,0.00010869,
2026-08-03 16:00:00,-0.00010089,
2026-08-04 00:00:00,-0.00017702,
2026-08-04 08:00:00,2.0059999999999994e-05,
2026-08-04 16:00:00,1.8639999999999998e-05,
2026-08-05 00:00:00,8.23e-06,
2026-08-05 08:00:00,-2.4e-06,
2026-08-05 16:00:00,-7.089e-05,
2026-08-06 00:00:00,7.026999999999999e-05,
2026-08-06 08:00:00,9.013e-05,
2026-08-06 16:00:00,9.013e-05,
2026-08-07 00:00:00,7.193e-05,
2026-08-07 08:00:00,7.4099999999999985e-06,
2026-08-07 16:00:00,2.4650000000000003e-05,
2026-08-08 00:00:00,2.1589999999999998e-05,
2026-08-08 08:00:00,7.262e-05,
2026-08-08 16:00:00,2.8280000000000007e-05,
2026-08-09 00:00:00,6.804e-05,
2026-08-09 08:00:00,5.8150000000000004e-05,
2026-08-09 16:00:00,2.023e-05,
2026-08-10 00:00:00,5.1720000000000006e-05,
2026-08-10 08:00:00,6.574e-05,
2026-08-10 16:00:00,3.096e-05,
2026-08-11 00:00:00,8.896e-05,
2026-08-11 08:00:00,3.728000000000001e-05,
2026-08-11 16:00:00,-0.00010051,
2026-08-12 00:00:00,-0.00016449,
2026-08-12 08:00:00,-7.839e-05,
2026-08-12 16:00:00,-3.952e-05,
2026-08-13 00:00:00,4.7820000000000006e-05,
2026-08-13 08:00:00,8.930000000000011e-06,
2026-08-13 16:00:00,-0.000161,
2026-08-14 00:00:00,-7.345999999999999e-05,
2026-08-14 08:00:00,1.615e-05,
2026-08-14 16:00:00,9.314e-05,
2026-08-15 00:00:00,4.869e-05,
2026-08-15 08:00:00,2.3599999999999977e-06,
2026-08-15 16:00:00,-2.5120000000000003e-05,
2026-08-16 00:00:00,-7.91e-06,
2026-08-16 08:00:00,3.3539999999999994e-05,
2026-08-16 16:00:00,-5.290000000000005e-06,
2026-08-17 00:00:00,-8.498e-05,
2026-08-17 08:00:00,-7.886e-05,
2026-08-17 16:00:00,-0.00011111,
2026-08-18 00:00:00,2.908e-05,
2026-08-18 08:00:00,1.0900000000000014e-06,
2026-08-18 16:00:00,-4.8650000000000003e-05,
2026-08-19 00:00:00,9.550000000000002e-06,
2026-08-19 08:00:00,5.3819999999999996e-05,
2026-08-19 16:00:00,0.0,
2026-08-20 00:00:00,0.0,
2026-08-20 08:00:00,-2.4490000000000004e-05,
2026-08-20 16:00:00,0.0,
2026-08-21 00:00:00,9.69000000000001e-06,
2026-08-21 08:00:00,0.0,
2026-08-21 16:00:00,0.0,
2026-08-22 00:00:00,0.0,
2026-08-22 08:00:00,0.0,
2026-08-22 16:00:00,0.0,
2026-08-23 00:00:00,0.0,
2026-08-23 08:00:00,0.0,
2026-08-23 16:00:00,9.719999999999995e-06,
2026-08-24 00:00:00,0.0,
2026-08-24 08:00:00,0.0,
2026-08-24 16:00:00,0.0,
2026-08-25 00:00:00,6.980000000000004e-06,
2026-08-25 08:00:00,3.264e-05,
2026-08-25 16:00:00,2.6019999999999998e-05,
2026-08-26 00:00:00,6.856000000000001e-05,
2026-08-26 08:00:00,0.0,
2026-08-26 16:00:00,2.549e-05,
2026-08-27 00:00:00,0.0,
2026-08-27 08:00:00,3.774e-05,
2026-08-27 16:00:00,8.918000000000001e-05,
2026-08-28 00:00:00,7.929000000000001e-05,
2026-08-28 08:00:00,0.00010133000000000001,
2026-08-28 16:00:00,-1.0020000000000002e-05,
2026-08-29 00:00:00,7.949e-05,
2026-08-29 08:00:00,4.963999999999999e-05,
2026-08-29 16:00:00,3.8839999999999994e-05,
2026-08-30 00:00:00,6.834000000000001e-05,
2026-08-30 08:00:00,7.183000000000001e-05,
2026-08-30 16:00:00,5.8840000000000006e-05,
2026-08-31 00:00:00,7.636000000000001e-05,
2026-08-31 08:00:00,1.073e-05,
2026-08-31 16:00:00,-4.460000000000001e-05,
2026-09-01 00:00:00,2.4899999999999995e-05,
2026-09-01 08:00:00,1.4310000000000004e-05,
2026-09-01 16:00:00,8.900000000000001e-05,
2026-09-02 00:00:00,9.908000000000001e-05,
2026-09-02 08:00:00,4.9040000000000005e-05,
2026-09-02 16:00:00,4.8160000000000006e-05,
2026-09-03 00:00:00,-2.3899999999999958e-06,
2026-09-03 08:00:00,1.6030000000000007e-05,
2026-09-03 16:00:00,-1.3470000000000005e-05,
2026-09-04 00:00:00,4.670000000000008e-06,
2026-09-04 08:00:00,1.2309999999999996e-05,
2026-09-04 16:00:00,9.406e-05,
2026-09-05 00:00:00,2.9190000000000003e-05,
2026-09-05 08:00:00,-3.232e-05,
2026-09-05 16:00:00,8.14e-05,
2026-09-06 00:00:00,2.9800000000000006e-05,
2026-09-06 08:00:00,2.8600000000000004e-05,
2026-09-06 16:00:00,3.094e-05,
2026-09-07 00:00:00,-2.315e-05,
2026-09-07 08:00:00,7.513e-05,
2026-09-07 16:00:00,4.939e-05,
2026-09-08 00:00:00,5.766000000000001e-05,
2026-09-08 08:00:00,0.00010489000000000001,
2026-09-08 16:00:00,-4.677e-05,
2026-09-09 00:00:00,4.7860000000000006e-05,
2026-09-09 08:00:00,-1.0499999999999984e-06,
2026-09-09 16:00:00,5.486e-05,
2026-09-10 00:00:00,6.719e-05,
2026-09-10 08:00:00,-4.999999999999986e-07,
2026-09-10 16:00:00,0.00018464,
2026-09-11 00:00:00,6.873e-05,
2026-09-11 08:00:00,-6.57e-05,
2026-09-11 16:00:00,-5.1e-05,
2026-09-12 00:00:00,8.067e-05,
2026-09-12 08:00:00,1.6890000000000003e-05,
2026-09-12 16:00:00,1.23e-06,
2026-09-13 00:00:00,-5.188e-05,
2026-09-13 08:00:00,-1.9780000000000004e-05,
2026-09-13 16:00:00,6.752e-05,
2026-09-14 00:00:00,-4.5299999999999997e-05,
2026-09-14 08:00:00,1.7749999999999998e-05,
2026-09-14 16:00:00,4.5690000000000005e-05,
2026-09-15 00:00:00,7.869e-05,
2026-09-15 08:00:00,0.00016359,
2026-09-15 16:00:00,2.9500000000000002e-05,
2026-09-16 00:00:00,6.785e-05,
2026-09-16 08:00:00,6.488e-05,
2026-09-16 16:00:00,-8.306e-05,
2026-09-17 00:00:00,6.481e-05,
2026-09-17 08:00:00,-3.197e-05,
2026-09-17 16:00:00,-5.6869999999999996e-05,
