date,stable_mcap,cb_eth,cb_btc
2020-06-01,10554004111.000000,248.410000,10208.960000
2020-06-02,10586824965.000000,237.710000,9522.460000
2020-06-03,10671128095.000000,244.600000,9668.070000
2020-06-04,10695185238.000000,243.180000,9788.030000
2020-06-05,10737882005.000000,240.040000,9613.210000
2020-06-06,10738031561.000000,241.920000,9671.700000
2020-06-07,10761958070.000000,244.810000,9750.120000
2020-06-08,10787742244.000000,246.550000,9781.510000
2020-06-09,10823151728.000000,244.030000,9779.410000
2020-06-10,10829666746.000000,248.160000,9894.040000
2020-06-11,10890764535.000000,230.150000,9268.160000
2020-06-12,10905210278.000000,237.530000,9464.170000
2020-06-13,10968146982.000000,238.170000,9475.000000
2020-06-14,10974580616.000000,231.340000,9325.000000
2020-06-15,10981821533.000000,230.980000,9432.530000
2020-06-16,10993052761.000000,235.340000,9526.250000
2020-06-17,11046065654.000000,233.710000,9457.510000
2020-06-18,11076394900.000000,231.050000,9376.140000
2020-06-19,11128934632.000000,228.660000,9301.910000
2020-06-20,11221972787.000000,228.800000,9355.740000
2020-06-21,11269431397.000000,227.680000,9286.140000
2020-06-22,11291371486.000000,243.230000,9690.740000
2020-06-23,11339256517.000000,243.120000,9623.560000
2020-06-24,11296008399.000000,234.440000,9285.910000
2020-06-25,11311637151.000000,231.970000,9243.510000
2020-06-26,11296196966.000000,229.440000,9155.420000
2020-06-27,11332058794.000000,220.760000,9002.460000
2020-06-28,11374659438.000000,224.760000,9113.240000
2020-06-29,11380691760.000000,227.810000,9184.450000
2020-06-30,11358673903.000000,225.480000,9136.200000
2020-07-01,11383093396.000000,231.030000,9239.970000
2020-07-02,11425556916.000000,226.480000,9091.530000
2020-07-03,11431108455.000000,225.060000,9063.870000
2020-07-04,11483052161.000000,229.340000,9138.510000
2020-07-05,11548633482.000000,227.670000,9074.390000
2020-07-06,11565106680.000000,241.650000,9343.310000
2020-07-07,11583052130.000000,239.370000,9253.940000
2020-07-08,11613650912.000000,247.140000,9435.280000
2020-07-09,11655649781.000000,242.000000,9236.950000
2020-07-10,11700112852.000000,241.200000,9291.050000
2020-07-11,11725234590.000000,239.170000,9235.000000
2020-07-12,11771509505.000000,242.810000,9303.370000
2020-07-13,11763836778.000000,239.440000,9236.920000
2020-07-14,11780976433.000000,240.430000,9256.940000
2020-07-15,11773476460.000000,238.330000,9190.160000
2020-07-16,11813810554.000000,233.410000,9130.110000
2020-07-17,11830259623.000000,232.630000,9154.290000
2020-07-18,11849455193.000000,235.720000,9175.850000
2020-07-19,11894179709.000000,239.170000,9212.870000
2020-07-20,11969106677.000000,236.100000,9161.050000
2020-07-21,11938472006.000000,245.650000,9394.140000
2020-07-22,11975957518.000000,264.280000,9536.180000
2020-07-23,12097975744.000000,275.680000,9613.240000
2020-07-24,12204801535.000000,279.590000,9551.210000
2020-07-25,12347906320.000000,305.660000,9711.330000
2020-07-26,12372278797.000000,311.350000,9941.000000
2020-07-27,12465221658.000000,322.240000,11048.910000
2020-07-28,12383296918.000000,317.590000,10934.230000
2020-07-29,12687742037.000000,318.160000,11110.120000
2020-07-30,12857007871.000000,335.310000,11115.950000
2020-07-31,12945799525.000000,346.860000,11351.620000
2020-08-01,12997040523.000000,387.400000,11810.070000
2020-08-02,13171858040.000000,372.210000,11068.540000
2020-08-03,13308724862.000000,386.220000,11233.130000
2020-08-04,13363209257.000000,389.820000,11197.040000
2020-08-05,13431874835.000000,401.210000,11756.750000
2020-08-06,13517437732.000000,395.280000,11773.890000
2020-08-07,13606345989.000000,379.750000,11606.520000
2020-08-08,13782849335.000000,397.510000,11774.980000
2020-08-09,13931351384.000000,390.410000,11688.480000
2020-08-10,14015095923.000000,395.780000,11899.730000
2020-08-11,14044986697.000000,378.880000,11388.530000
2020-08-12,14201087438.000000,387.270000,11566.450000
2020-08-13,14274053304.000000,424.940000,11795.950000
2020-08-14,14412843493.000000,438.830000,11779.000000
2020-08-15,14729755991.000000,432.550000,11859.240000
2020-08-16,14716514938.000000,433.700000,11918.840000
2020-08-17,14789004093.000000,431.500000,12304.260000
2020-08-18,14946391238.000000,422.310000,11950.000000
2020-08-19,15211544080.000000,407.590000,11758.870000
2020-08-20,15234414789.000000,415.920000,11864.260000
2020-08-21,15351565275.000000,388.050000,11529.220000
2020-08-22,15483952267.000000,395.620000,11672.930000
2020-08-23,15589971518.000000,390.900000,11650.010000
2020-08-24,15651852185.000000,407.760000,11753.850000
2020-08-25,15683049208.000000,383.330000,11324.920000
2020-08-26,15713038116.000000,386.100000,11463.270000
2020-08-27,15739839907.000000,383.250000,11330.060000
2020-08-28,15916692357.000000,395.470000,11535.000000
2020-08-29,16027177068.000000,398.580000,11474.310000
2020-08-30,16239233729.000000,428.940000,11716.010000
2020-08-31,16279044423.000000,433.890000,11655.000000
2020-09-01,15532002662.000000,475.570000,11924.220000
2020-09-02,15710624166.000000,440.020000,11395.480000
2020-09-03,15988893435.000000,382.870000,10172.520000
2020-09-04,16074034556.000000,388.960000,10500.050000
2020-09-05,16250017617.000000,335.250000,10168.360000
2020-09-06,16314487648.000000,352.770000,10257.860000
2020-09-07,16369358912.000000,353.710000,10375.000000
2020-09-08,16693319540.000000,337.480000,10125.690000
2020-09-09,16683353126.000000,351.100000,10224.560000
2020-09-10,17028544020.000000,368.060000,10343.230000
2020-09-11,17127423300.000000,373.930000,10394.410000
2020-09-12,17222888229.000000,387.810000,10446.520000
2020-09-13,17296473959.000000,366.580000,10336.760000
2020-09-14,17626513489.000000,377.280000,10679.950000
2020-09-15,16766487247.000000,364.200000,10783.750000
2020-09-16,17914861141.000000,365.230000,10959.610000
2020-09-17,18167633011.000000,389.450000,10943.610000
2020-09-18,18397062583.000000,384.640000,10937.520000
2020-09-19,18522247374.000000,385.230000,11080.000000
2020-09-20,18818356670.000000,370.690000,10920.890000
2020-09-21,18900033656.000000,340.110000,10416.820000
2020-09-22,18962696330.000000,344.260000,10531.130000
2020-09-23,18988744019.000000,320.630000,10235.100000
2020-09-24,19071443302.000000,349.140000,10740.010000
2020-09-25,19143946257.000000,352.110000,10690.530000
2020-09-26,19167981519.000000,354.130000,10730.000000
2020-09-27,19254845168.000000,357.550000,10778.200000
2020-09-28,19302943363.000000,353.910000,10695.550000
2020-09-29,19215170367.000000,359.900000,10840.730000
2020-09-30,19222845395.000000,359.890000,10779.630000
2020-10-01,19240552781.000000,352.900000,10617.630000
2020-10-02,19388146193.000000,345.700000,10573.120000
2020-10-03,19469681949.000000,346.180000,10551.650000
2020-10-04,19515757283.000000,352.480000,10671.110000
2020-10-05,19538488716.000000,353.730000,10795.000000
2020-10-06,19556497402.000000,340.780000,10602.660000
2020-10-07,19592005881.000000,341.680000,10670.470000
2020-10-08,19610520376.000000,351.250000,10933.090000
2020-10-09,19885140655.000000,365.360000,11057.070000
2020-10-10,19968511646.000000,370.750000,11299.500000
2020-10-11,20027811790.000000,374.380000,11374.010000
2020-10-12,20049862183.000000,386.740000,11535.460000
2020-10-13,20076105724.000000,381.370000,11428.220000
2020-10-14,20044629130.000000,378.970000,11427.700000
2020-10-15,20031295392.000000,377.940000,11509.340000
2020-10-16,20020759547.000000,365.570000,11328.950000
2020-10-17,19996328714.000000,368.480000,11367.890000
2020-10-18,19989049444.000000,378.580000,11514.200000
2020-10-19,20028314554.000000,379.360000,11760.450000
2020-10-20,20161464213.000000,368.810000,11923.830000
2020-10-21,20490481064.000000,391.530000,12808.000000
2020-10-22,20582540993.000000,414.700000,12987.020000
2020-10-23,20687161494.000000,409.520000,12937.090000
2020-10-24,20667287789.000000,412.580000,13126.240000
2020-10-25,20703575834.000000,406.460000,13045.000000
2020-10-26,20739303757.000000,393.120000,13068.790000
2020-10-27,20820459145.000000,404.550000,13698.180000
2020-10-28,20852357853.000000,388.630000,13281.050000
2020-10-29,21000285806.000000,387.600000,13460.000000
2020-10-30,21036905639.000000,382.770000,13571.510000
2020-10-31,21187499543.000000,386.740000,13804.810000
2020-11-01,21231726205.000000,396.910000,13771.590000
2020-11-02,21248302437.000000,383.330000,13563.220000
2020-11-03,21233946173.000000,388.320000,14035.800000
2020-11-04,21366589230.000000,403.180000,14161.480000
2020-11-05,21322481969.000000,417.170000,15608.210000
2020-11-06,21608958242.000000,456.650000,15599.950000
2020-11-07,21720781734.000000,435.730000,14834.090000
2020-11-08,21755135515.000000,454.610000,15482.900000
2020-11-09,21741002105.000000,444.810000,15342.250000
2020-11-10,21681847475.000000,450.890000,15315.030000
2020-11-11,21851417384.000000,463.790000,15705.790000
2020-11-12,22050019495.000000,462.980000,16310.810000
2020-11-13,22221618449.000000,477.140000,16339.560000
2020-11-14,22249954555.000000,461.160000,16082.010000
2020-11-15,22293125031.000000,448.580000,15966.890000
2020-11-16,22295960588.000000,460.850000,16726.640000
2020-11-17,22431750392.000000,482.680000,17679.360000
2020-11-18,22375423887.000000,478.960000,17782.910000
2020-11-19,22386337655.000000,471.920000,17821.580000
2020-11-20,22566217488.000000,510.430000,18675.250000
2020-11-21,22967085725.000000,553.070000,18721.210000
2020-11-22,23021343457.000000,560.820000,18437.660000
2020-11-23,23085482714.000000,609.260000,18384.820000
2020-11-24,23245455645.000000,605.450000,19172.840000
2020-11-25,23468751798.000000,568.790000,18721.930000
2020-11-26,23476455550.000000,520.340000,17170.000000
2020-11-27,23456593336.000000,519.070000,17153.950000
2020-11-28,23444438936.000000,538.110000,17739.850000
2020-11-29,23590477413.000000,576.760000,18202.040000
2020-11-30,23608193267.000000,617.000000,19713.940000
2020-12-01,24042598073.000000,586.030000,18782.970000
2020-12-02,24234987463.000000,597.350000,19225.630000
2020-12-03,24292980539.000000,616.650000,19448.640000
2020-12-04,24394975270.000000,567.600000,18658.100000
2020-12-05,24602472650.000000,597.290000,19158.960000
2020-12-06,24631922957.000000,601.950000,19375.600000
2020-12-07,24679621713.000000,591.470000,19177.710000
2020-12-08,24610380941.000000,554.790000,18316.220000
2020-12-09,24603810064.000000,573.380000,18546.550000
2020-12-10,24601247569.000000,559.450000,18253.440000
2020-12-11,24755657672.000000,544.230000,18042.150000
2020-12-12,24801836725.000000,568.640000,18821.280000
2020-12-13,24925034081.000000,590.750000,19166.650000
2020-12-14,24978025621.000000,586.390000,19272.370000
2020-12-15,25045581404.000000,589.080000,19444.600000
2020-12-16,25274413332.000000,637.980000,21359.650000
2020-12-17,25408602917.000000,643.370000,22826.480000
2020-12-18,25434573975.000000,654.660000,23137.760000
2020-12-19,25692992103.000000,658.960000,23849.990000
2020-12-20,25835344038.000000,638.400000,23476.510000
2020-12-21,25829530660.000000,608.070000,22729.400000
2020-12-22,25956637288.000000,636.820000,23823.270000
2020-12-23,25937013754.000000,585.110000,23228.350000
2020-12-24,26187858197.000000,612.270000,23717.960000
2020-12-25,26491777649.000000,626.750000,24704.710000
2020-12-26,26526907626.000000,636.520000,26475.350000
2020-12-27,26550584276.000000,684.120000,26258.650000
2020-12-28,26583425154.000000,729.700000,27040.360000
2020-12-29,26831297054.000000,731.760000,27366.350000
2020-12-30,26887152847.000000,752.860000,28897.420000
2020-12-31,27064715439.000000,737.670000,28990.080000
2021-01-01,27375658126.000000,730.990000,29412.840000
2021-01-02,28273706662.000000,775.300000,32225.910000
2021-01-03,29253311943.000000,980.440000,33080.660000
2021-01-04,29421759680.000000,1042.380000,32019.990000
2021-01-05,29278125285.000000,1103.730000,34030.640000
2021-01-06,30082707424.000000,1212.020000,36859.260000
2021-01-07,31125447521.000000,1227.340000,39505.560000
2021-01-08,31205749318.000000,1217.350000,40665.150000
2021-01-09,32056057167.000000,1281.450000,40257.430000
2021-01-10,32342791893.000000,1255.130000,38171.570000
2021-01-11,32265050108.000000,1088.790000,35452.590000
2021-01-12,32277903447.000000,1049.790000,34038.980000
2021-01-13,32566525810.000000,1130.800000,37393.660000
2021-01-14,32637676033.000000,1231.320000,39125.140000
2021-01-15,32643280328.000000,1168.100000,36754.670000
2021-01-16,32786523404.000000,1227.140000,36006.940000
2021-01-17,33013894956.000000,1232.990000,35820.000000
2021-01-18,32988630915.000000,1258.480000,36624.230000
2021-01-19,33542943279.000000,1368.040000,35917.280000
2021-01-20,33588749567.000000,1376.880000,35503.090000
2021-01-21,33767194674.000000,1110.620000,30855.950000
2021-01-22,33816917907.000000,1233.600000,32984.930000
2021-01-23,34070284632.000000,1234.550000,32112.010000
2021-01-24,34120643812.000000,1394.000000,32288.560000
2021-01-25,34279281923.000000,1317.970000,32261.870000
2021-01-26,34222369790.000000,1367.980000,32510.820000
2021-01-27,34732159954.000000,1240.960000,30407.130000
2021-01-28,35415385053.000000,1333.190000,33488.990000
2021-01-29,36040572347.000000,1379.870000,34262.110000
2021-01-30,36551703484.000000,1380.000000,34315.630000
2021-01-31,36629455491.000000,1313.940000,33137.740000
2021-02-01,37167703961.000000,1374.600000,33533.190000
2021-02-02,37086696036.000000,1513.670000,35512.670000
2021-02-03,35663097749.000000,1668.720000,37678.370000
2021-02-04,38242784718.000000,1597.550000,36975.000000
2021-02-05,38765375111.000000,1721.060000,38311.490000
2021-02-06,39983126144.000000,1679.770000,39265.430000
2021-02-07,40081733742.000000,1615.320000,38871.420000
2021-02-08,41494705769.000000,1752.980000,46448.100000
2021-02-09,41832015214.000000,1772.160000,46514.730000
2021-02-10,43063490614.000000,1742.930000,44850.000000
2021-02-11,43411624696.000000,1787.320000,47997.910000
2021-02-12,43642979052.000000,1845.000000,47408.340000
2021-02-13,44805054278.000000,1818.010000,47232.450000
2021-02-14,45273122444.000000,1803.750000,48680.690000
2021-02-15,45318287216.000000,1779.620000,47936.370000
2021-02-16,45778782256.000000,1781.970000,49158.710000
2021-02-17,46681235565.000000,1852.000000,52170.010000
2021-02-18,46840234398.000000,1939.640000,51601.730000
2021-02-19,47471759076.000000,1957.680000,55983.560000
2021-02-20,49109402708.000000,1915.460000,55923.520000
2021-02-21,49566655523.000000,1935.570000,57489.160000
2021-02-22,49555991966.000000,1778.660000,54142.130000
2021-02-23,49998356144.000000,1577.830000,48899.990000
2021-02-24,49999448699.000000,1625.300000,49737.820000
2021-02-25,50562420978.000000,1482.620000,47058.480000
2021-02-26,50336048106.000000,1445.180000,46326.200000
2021-02-27,51066701418.000000,1460.570000,46180.750000
2021-02-28,50754678543.000000,1422.020000,45231.750000
2021-03-01,52105582169.000000,1571.820000,49639.400000
2021-03-02,52516852234.000000,1488.340000,48511.600000
2021-03-03,54029072554.000000,1567.860000,50360.000000
2021-03-04,53444825224.000000,1539.690000,48368.520000
2021-03-05,53892609327.000000,1528.820000,48769.470000
2021-03-06,54054094234.000000,1651.830000,48909.840000
2021-03-07,54357759822.000000,1728.220000,50978.610000
2021-03-08,54355635147.000000,1834.580000,52415.230000
2021-03-09,54101141780.000000,1871.990000,54916.380000
2021-03-10,55427420786.000000,1795.370000,55890.690000
2021-03-11,55698583027.000000,1827.040000,57815.470000
2021-03-12,56023489973.000000,1767.790000,57225.910000
2021-03-13,56422136775.000000,1921.610000,61178.500000
2021-03-14,56458947299.000000,1848.900000,58972.700000
2021-03-15,57499218523.000000,1795.070000,55636.150000
2021-03-16,58209242175.000000,1806.030000,56927.110000
2021-03-17,58347051686.000000,1824.740000,58925.540000
2021-03-18,58668266552.000000,1776.400000,57644.950000
2021-03-19,58962195777.000000,1809.380000,58039.660000
2021-03-20,59207118625.000000,1806.470000,58116.700000
2021-03-21,60280760071.000000,1784.000000,57363.320000
2021-03-22,60481721213.000000,1681.020000,54110.070000
2021-03-23,60713414482.000000,1668.090000,54345.540000
2021-03-24,60538066683.000000,1581.790000,52276.160000
2021-03-25,60604268208.000000,1587.080000,51325.010000
2021-03-26,60788650682.000000,1700.100000,55072.440000
2021-03-27,62237804352.000000,1713.880000,55856.530000
2021-03-28,62382334411.000000,1686.920000,55778.820000
2021-03-29,62853307642.000000,1815.730000,57613.480000
2021-03-30,62475929792.000000,1841.160000,58786.460000
2021-03-31,62756614847.000000,1920.000000,58800.000000
2021-04-01,63839005507.000000,1968.380000,58726.480000
2021-04-02,63976734696.000000,2134.680000,58981.040000
2021-04-03,66361769333.000000,2009.250000,57094.340000
2021-04-04,66701988845.000000,2076.360000,58215.940000
2021-04-05,67160922257.000000,2106.980000,59123.020000
2021-04-06,68255596889.000000,2113.000000,58019.980000
2021-04-07,68301609274.000000,1964.230000,55955.750000
2021-04-08,68730624080.000000,2081.290000,58083.100000
2021-04-09,69324515525.000000,2066.030000,58092.680000
2021-04-10,69590908069.000000,2133.080000,59778.600000
2021-04-11,69839769482.000000,2150.540000,59985.260000
2021-04-12,70820724092.000000,2138.030000,59839.820000
2021-04-13,70668087878.000000,2299.920000,63588.220000
2021-04-14,73247005131.000000,2432.540000,62971.800000
2021-04-15,73646108667.000000,2517.030000,63229.040000
2021-04-16,74259179696.000000,2426.640000,61427.270000
2021-04-17,76389791626.000000,2318.700000,60058.860000
2021-04-18,76976630064.000000,2241.460000,56274.410000
2021-04-19,80001982827.000000,2163.820000,55696.830000
2021-04-20,80222515351.000000,2332.600000,56499.290000
2021-04-21,81117622475.000000,2357.210000,53800.860000
2021-04-22,81467114707.000000,2399.990000,51701.590000
2021-04-23,81838661523.000000,2370.050000,51187.270000
2021-04-24,81969558368.000000,2216.720000,50089.150000
2021-04-25,81910379244.000000,2322.160000,49121.000000
2021-04-26,82661750821.000000,2534.000000,54053.600000
2021-04-27,83025228288.000000,2667.860000,55069.620000
2021-04-28,83081012479.000000,2751.590000,54894.030000
2021-04-29,83896411610.000000,2758.920000,53580.000000
2021-04-30,83557084261.000000,2776.450000,57798.770000
2021-05-01,84911176660.000000,2948.920000,57859.280000
2021-05-02,85388401447.000000,2952.090000,56625.200000
2021-05-03,86631372130.000000,3433.990000,57212.730000
2021-05-04,86753985494.000000,3240.010000,53241.920000
2021-05-05,89046190495.000000,3529.970000,57515.690000
2021-05-06,89599264423.000000,3492.750000,56440.660000
2021-05-07,90157181884.000000,3484.700000,57380.390000
2021-05-08,90325387449.000000,3917.260000,58958.050000
2021-05-09,90643431396.000000,3928.440000,58312.570000
2021-05-10,91978780612.000000,3949.450000,55866.410000
2021-05-11,93602042339.000000,4179.760000,56753.190000
2021-05-12,94481568010.000000,3826.370000,49498.770000
2021-05-13,94525992235.000000,3719.230000,49690.110000
2021-05-14,94057749920.000000,4080.510000,49893.480000
2021-05-15,94695973939.000000,3649.540000,46775.510000
2021-05-16,94711525005.000000,3585.620000,46450.790000
2021-05-17,95201516932.000000,3283.320000,43580.500000
2021-05-18,96805673841.000000,3375.960000,42857.150000
2021-05-19,96359554909.000000,2443.910000,36731.750000
2021-05-20,95190806599.000000,2775.070000,40623.330000
2021-05-21,97007684922.000000,2434.860000,37340.770000
2021-05-22,99100270831.000000,2297.190000,37476.830000
2021-05-23,99805569542.000000,2099.580000,34758.670000
2021-05-24,100951864953.000000,2651.240000,38878.560000
2021-05-25,101575300669.000000,2707.560000,38361.810000
2021-05-26,101860855193.000000,2889.840000,39293.230000
2021-05-27,102916476566.000000,2745.510000,38556.880000
2021-05-28,104040708564.000000,2413.810000,35680.470000
2021-05-29,104784309319.000000,2280.720000,34627.820000
2021-05-30,104335023551.000000,2387.660000,35669.440000
2021-05-31,102350266106.000000,2707.120000,37279.310000
2021-06-01,105707446119.000000,2634.420000,36685.000000
2021-06-02,106345950326.000000,2706.640000,37577.910000
2021-06-03,106332473404.000000,2856.680000,39248.550000
2021-06-04,106967813792.000000,2690.680000,36856.520000
2021-06-05,107179699301.000000,2629.750000,35539.490000
2021-06-06,107489513559.000000,2710.970000,35800.480000
2021-06-07,107957707483.000000,2592.470000,33575.910000
2021-06-08,107416963070.000000,2509.110000,33402.130000
2021-06-09,108121522882.000000,2611.270000,37403.860000
2021-06-10,108422839999.000000,2471.590000,36694.050000
2021-06-11,108050872917.000000,2355.270000,37338.440000
2021-06-12,107848326042.000000,2371.490000,35557.330000
2021-06-13,108151032611.000000,2510.230000,39015.240000
2021-06-14,108259833778.000000,2582.860000,40539.470000
2021-06-15,108346066674.000000,2543.580000,40162.370000
2021-06-16,108489463314.000000,2367.730000,38351.000000
2021-06-17,107812615186.000000,2373.330000,38095.170000
2021-06-18,108128283541.000000,2234.470000,35841.810000
2021-06-19,108300043137.000000,2164.720000,35484.790000
2021-06-20,108613564826.000000,2242.900000,35585.780000
2021-06-21,108934049122.000000,1885.670000,31609.820000
2021-06-22,108735600177.000000,1881.650000,32538.370000
2021-06-23,109513511902.000000,1968.370000,33688.350000
2021-06-24,109690229073.000000,1988.810000,34654.580000
2021-06-25,109839758153.000000,1809.070000,31594.630000
2021-06-26,109981883594.000000,1829.170000,32275.190000
2021-06-27,110333596798.000000,1984.710000,34709.230000
2021-06-28,110493923380.000000,2083.790000,34493.220000
2021-06-29,110005223288.000000,2166.180000,35904.280000
2021-06-30,109620926186.000000,2276.720000,35060.000000
2021-07-01,110117369949.000000,2107.010000,33516.110000
2021-07-02,110328987665.000000,2156.000000,33805.020000
2021-07-03,111052164600.000000,2226.950000,34682.160000
2021-07-04,111039173339.000000,2323.150000,35284.050000
2021-07-05,110519660446.000000,2197.340000,33697.780000
2021-07-06,111191183702.000000,2321.840000,34225.730000
2021-07-07,111547956542.000000,2316.820000,33878.560000
2021-07-08,111403859088.000000,2116.950000,32875.950000
2021-07-09,111894898754.000000,2147.380000,33824.260000
2021-07-10,111876191965.000000,2110.550000,33515.350000
2021-07-11,111987671768.000000,2140.820000,34259.230000
2021-07-12,111785033408.000000,2030.720000,33091.100000
2021-07-13,112124869750.000000,1940.760000,32734.140000
2021-07-14,111915645613.000000,1994.110000,32816.390000
2021-07-15,111874878412.000000,1918.070000,31868.680000
2021-07-16,112647189273.000000,1877.220000,31388.060000
2021-07-17,111854212971.000000,1899.750000,31533.910000
2021-07-18,112318599424.000000,1891.460000,31788.250000
2021-07-19,112698274707.000000,1818.440000,30842.030000
2021-07-20,112449698155.000000,1786.460000,29796.160000
2021-07-21,112547114480.000000,1996.180000,32135.190000
2021-07-22,113015426044.000000,2024.750000,32287.740000
2021-07-23,112904681262.000000,2125.810000,33647.260000
2021-07-24,113222444248.000000,2185.950000,34283.010000
2021-07-25,113453703630.000000,2193.030000,35428.260000
2021-07-26,113951105151.000000,2228.260000,37262.770000
2021-07-27,113677857718.000000,2300.590000,39470.480000
2021-07-28,114263356795.000000,2300.420000,40035.100000
2021-07-29,113864411550.000000,2383.320000,40039.440000
2021-07-30,114086188070.000000,2463.900000,42237.950000
2021-07-31,114664254169.000000,2533.740000,41495.010000
2021-08-01,114087518678.000000,2555.430000,39865.410000
2021-08-02,114041827687.000000,2608.120000,39149.590000
2021-08-03,114206765922.000000,2508.310000,38191.440000
2021-08-04,114569446648.000000,2724.710000,39722.410000
2021-08-05,112672180971.000000,2829.350000,40888.740000
2021-08-06,113221422090.000000,2892.980000,42869.580000
2021-08-07,113618576750.000000,3163.090000,44637.340000
2021-08-08,114881527345.000000,3014.130000,43829.140000
2021-08-09,114928147283.000000,3162.340000,46285.480000
2021-08-10,115005621682.000000,3142.090000,45595.660000
2021-08-11,114538705870.000000,3162.610000,45553.490000
2021-08-12,114605586658.000000,3047.210000,44422.140000
2021-08-13,114793537848.000000,3324.510000,47833.640000
2021-08-14,114607821685.000000,3266.520000,47109.650000
2021-08-15,115632961456.000000,3310.930000,47014.490000
2021-08-16,115792598962.000000,3146.600000,45902.460000
2021-08-17,115650786821.000000,3011.010000,44671.580000
2021-08-18,115585763625.000000,3014.380000,44707.980000
2021-08-19,115799908806.000000,3184.210000,46765.870000
2021-08-20,116422107244.000000,3286.580000,49342.400000
2021-08-21,116537394180.000000,3226.730000,48867.020000
2021-08-22,116545856390.000000,3241.420000,49284.630000
2021-08-23,118127799293.000000,3323.120000,49506.500000
2021-08-24,115740949966.000000,3171.520000,47682.450000
2021-08-25,117742605523.000000,3228.510000,48987.330000
2021-08-26,117628481785.000000,3093.200000,46851.470000
2021-08-27,117576424380.000000,3274.670000,49077.570000
2021-08-28,118035339948.000000,3247.990000,48942.940000
2021-08-29,118096327305.000000,3226.460000,48802.580000
2021-08-30,118131543242.000000,3229.010000,46993.710000
2021-08-31,118044808424.000000,3430.230000,47112.500000
2021-09-01,118462298510.000000,3829.390000,48839.860000
2021-09-02,118561229842.000000,3787.970000,49279.370000
2021-09-03,119630285058.000000,3940.060000,50025.000000
2021-09-04,119786178879.000000,3887.530000,49942.980000
2021-09-05,119863005188.000000,3952.170000,51789.170000
2021-09-06,120999045509.000000,3928.890000,52698.810000
2021-09-07,123078023288.000000,3436.960000,46894.500000
2021-09-08,123611941629.000000,3500.340000,46060.360000
2021-09-09,124015253020.000000,3424.950000,46400.000000
2021-09-10,124346819079.000000,3209.820000,44851.450000
2021-09-11,123492343794.000000,3266.770000,45171.830000
2021-09-12,124004448107.000000,3403.750000,46024.230000
2021-09-13,124564131458.000000,3286.200000,44947.720000
2021-09-14,123983966147.000000,3436.290000,47127.220000
2021-09-15,124282410800.000000,3615.650000,48148.120000
2021-09-16,124187104932.000000,3568.660000,47753.160000
2021-09-17,124440305071.000000,3400.000000,47303.500000
2021-09-18,124932503717.000000,3436.310000,48314.560000
2021-09-19,124849410109.000000,3328.590000,47255.920000
2021-09-20,125090267495.000000,2976.480000,43012.970000
2021-09-21,124133615603.000000,2765.690000,40719.600000
2021-09-22,123914115583.000000,3078.430000,43575.100000
2021-09-23,125141977906.000000,3154.620000,44897.590000
2021-09-24,125792201787.000000,2930.610000,42848.920000
2021-09-25,126522461588.000000,2924.010000,42705.510000
2021-09-26,127197461002.000000,3060.710000,43178.020000
2021-09-27,127671458775.000000,2925.270000,42171.760000
2021-09-28,126299908074.000000,2805.650000,41026.070000
2021-09-29,126308864603.000000,2850.140000,41522.160000
2021-09-30,127365031050.000000,3000.460000,43824.430000
2021-10-01,127126472526.000000,3311.160000,48165.760000
2021-10-02,127213858690.000000,3387.820000,47657.690000
2021-10-03,127295300467.000000,3420.070000,48233.990000
2021-10-04,127673601281.000000,3387.200000,49245.540000
2021-10-05,127636018533.000000,3515.300000,51493.990000
2021-10-06,127875440099.000000,3575.850000,55339.480000
2021-10-07,128307640967.000000,3588.510000,53797.820000
2021-10-08,128500383443.000000,3563.960000,53963.820000
2021-10-09,128712011414.000000,3575.830000,54962.290000
2021-10-10,128950939683.000000,3415.000000,54690.530000
2021-10-11,129000466654.000000,3542.370000,57487.440000
2021-10-12,129619444823.000000,3490.610000,56005.100000
2021-10-13,129150916259.000000,3608.210000,57367.320000
2021-10-14,129280694684.000000,3791.660000,57359.510000
2021-10-15,129545417019.000000,3869.730000,61695.390000
2021-10-16,129760473173.000000,3829.660000,60877.420000
2021-10-17,129767918195.000000,3847.180000,61527.110000
2021-10-18,129644690225.000000,3745.480000,62042.410000
2021-10-19,129449962362.000000,3878.170000,64303.140000
2021-10-20,129392550662.000000,4161.940000,66026.540000
2021-10-21,129879533369.000000,4053.900000,62204.020000
2021-10-22,129571555181.000000,3971.550000,60687.640000
2021-10-23,130175649476.000000,4168.560000,61300.010000
2021-10-24,130401523894.000000,4082.640000,60854.480000
2021-10-25,130325720237.000000,4220.930000,63083.540000
2021-10-26,130379038072.000000,4131.470000,60337.620000
2021-10-27,129851989316.000000,3923.940000,58455.470000
2021-10-28,130532974537.000000,4288.260000,60591.650000
2021-10-29,131020387743.000000,4421.230000,62276.720000
2021-10-30,131490254956.000000,4324.670000,61892.410000
2021-10-31,131867911789.000000,4290.160000,61343.680000
2021-11-01,131653666044.000000,4322.890000,60949.540000
2021-11-02,133172305764.000000,4595.010000,63266.510000
2021-11-03,134291799367.000000,4606.070000,62935.410000
2021-11-04,134220641041.000000,4537.150000,61444.500000
2021-11-05,135559529763.000000,4479.470000,61006.150000
2021-11-06,136992988877.000000,4523.160000,61539.310000
2021-11-07,136832830695.000000,4617.020000,63309.130000
2021-11-08,138124190100.000000,4811.900000,67554.840000
2021-11-09,137053349049.000000,4731.590000,66944.660000
2021-11-10,139553905414.000000,4632.220000,64912.200000
2021-11-11,139719047373.000000,4721.870000,64807.590000
2021-11-12,139448011689.000000,4667.340000,64147.900000
2021-11-13,140555809113.000000,4644.440000,64400.010000
2021-11-14,140962968933.000000,4627.030000,65505.020000
2021-11-15,142182097325.000000,4565.060000,63624.590000
2021-11-16,142011059169.000000,4209.500000,60107.980000
2021-11-17,143000477617.000000,4289.400000,60351.510000
2021-11-18,144346811131.000000,3997.930000,56898.000000
2021-11-19,144032962241.000000,4299.550000,58122.160000
2021-11-20,145948841562.000000,4416.690000,59760.760000
2021-11-21,146593710830.000000,4262.990000,58671.210000
2021-11-22,146477738499.000000,4089.160000,56280.810000
2021-11-23,146073263732.000000,4341.620000,57566.850000
2021-11-24,146532932562.000000,4270.740000,57162.660000
2021-11-25,146936205770.000000,4525.870000,58987.270000
2021-11-26,147755296884.000000,4043.670000,53757.670000
2021-11-27,148414235620.000000,4098.310000,54759.050000
2021-11-28,148785519438.000000,4298.380000,57317.170000
2021-11-29,148950392158.000000,4449.420000,57838.060000
2021-11-30,148383381279.000000,4634.950000,56987.970000
2021-12-01,149077932307.000000,4586.950000,57226.500000
2021-12-02,149796521755.000000,4514.590000,56521.460000
2021-12-03,149674844232.000000,4216.930000,53638.040000
2021-12-04,151428385148.000000,4123.130000,49241.120000
2021-12-05,152628040752.000000,4203.220000,49484.220000
2021-12-06,153451959695.000000,4354.220000,50529.560000
2021-12-07,154200800435.000000,4310.190000,50625.480000
2021-12-08,155033649078.000000,4440.510000,50519.680000
2021-12-09,153107416018.000000,4106.060000,47568.430000
2021-12-10,155456882274.000000,3900.910000,47170.940000
2021-12-11,155559529761.000000,4091.180000,49407.750000
2021-12-12,156248467348.000000,4132.920000,50089.640000
2021-12-13,156342320990.000000,3783.810000,46727.890000
2021-12-14,156217907370.000000,3860.740000,48367.430000
2021-12-15,158120196514.000000,4021.530000,48884.780000
2021-12-16,158180759526.000000,3957.280000,47634.220000
2021-12-17,158040694294.000000,3876.020000,46166.500000
2021-12-18,158501915801.000000,3961.920000,46859.460000
2021-12-19,159098354014.000000,3925.790000,46687.190000
2021-12-20,158802558654.000000,3946.160000,46926.070000
2021-12-21,160356889734.000000,4017.110000,48914.700000
2021-12-22,160739762243.000000,3981.120000,48608.620000
2021-12-23,159336251374.000000,4113.080000,50842.200000
2021-12-24,159950199063.000000,4049.650000,50851.380000
2021-12-25,160292553534.000000,4097.430000,50428.310000
2021-12-26,160179383799.000000,4065.910000,50801.790000
2021-12-27,161408699190.000000,4038.640000,50717.770000
2021-12-28,161357191387.000000,3793.670000,47543.090000
2021-12-29,161386084121.000000,3630.590000,46471.240000
2021-12-30,161265277003.000000,3710.020000,47122.080000
2021-12-31,162533919428.000000,3675.800000,46211.240000
2022-01-01,161894743362.000000,3765.720000,47733.430000
2022-01-02,166987595403.000000,3828.870000,47299.070000
2022-01-03,166080942224.000000,3766.040000,46459.560000
2022-01-04,166332078829.000000,3785.000000,45814.610000
2022-01-05,166333283414.000000,3539.000000,43436.040000
2022-01-06,167283567567.000000,3406.030000,43083.760000
2022-01-07,167108560575.000000,3198.820000,41565.180000
2022-01-08,166919250273.000000,3080.480000,41684.840000
2022-01-09,166346460737.000000,3151.660000,41876.520000
2022-01-10,166260314932.000000,3083.510000,41824.070000
2022-01-11,167500397800.000000,3240.830000,42753.440000
2022-01-12,167719722167.000000,3373.640000,43920.370000
2022-01-13,168618635217.000000,3241.880000,42581.650000
2022-01-14,168856168877.000000,3310.450000,43090.720000
2022-01-15,169138581565.000000,3328.120000,43098.200000
2022-01-16,169278285205.000000,3349.460000,43104.340000
2022-01-17,169659131618.000000,3210.980000,42218.010000
2022-01-18,170236237095.000000,3160.810000,42369.740000
2022-01-19,169757218620.000000,3085.270000,41674.270000
2022-01-20,170333439008.000000,3000.940000,40670.970000
2022-01-21,171065590048.000000,2569.010000,36456.940000
2022-01-22,170276902283.000000,2411.900000,35066.430000
2022-01-23,172442522123.000000,2541.190000,36282.470000
2022-01-24,171824202644.000000,2441.740000,36693.320000
2022-01-25,173012638344.000000,2460.680000,36980.000000
2022-01-26,172881281051.000000,2465.000000,36840.630000
2022-01-27,174010306137.000000,2425.820000,37188.370000
2022-01-28,174261313570.000000,2546.840000,37741.900000
2022-01-29,172832143375.000000,2603.740000,38191.100000
2022-01-30,173648545159.000000,2602.890000,37901.350000
2022-01-31,173207296275.000000,2689.720000,38491.930000
2022-02-01,173678332432.000000,2789.660000,38716.880000
2022-02-02,174201986706.000000,2682.660000,36923.390000
2022-02-03,174825395209.000000,2697.590000,37329.910000
2022-02-04,175776833285.000000,2998.190000,41614.640000
2022-02-05,177275489393.000000,3014.500000,41404.850000
2022-02-06,176170914216.000000,3058.220000,42415.160000
2022-02-07,176667458603.000000,3141.890000,43868.070000
2022-02-08,176894462623.000000,3119.570000,44085.590000
2022-02-09,177661497092.000000,3246.220000,44416.350000
2022-02-10,178219583732.000000,3074.850000,43527.710000
2022-02-11,179183896185.000000,2929.080000,42386.470000
2022-02-12,179781430738.000000,2919.990000,42244.970000
2022-02-13,179765102930.000000,2872.840000,42074.990000
2022-02-14,179968597850.000000,2931.010000,42548.710000
2022-02-15,179787974604.000000,3186.240000,44583.520000
2022-02-16,180400192308.000000,3124.450000,43895.560000
2022-02-17,180332737691.000000,2893.560000,40536.730000
2022-02-18,180633941521.000000,2780.080000,39983.560000
2022-02-19,181045560108.000000,2764.440000,40101.940000
2022-02-20,182048298273.000000,2622.470000,38389.030000
2022-02-21,181619160509.000000,2569.000000,37023.000000
2022-02-22,181936067990.000000,2637.980000,38251.480000
2022-02-23,182243008686.000000,2580.970000,37268.190000
2022-02-24,182628232789.000000,2597.420000,38347.300000
2022-02-25,183135172500.000000,2769.520000,39238.480000
2022-02-26,182601536593.000000,2780.710000,39137.800000
2022-02-27,183359601774.000000,2618.010000,37717.080000
2022-02-28,184075922014.000000,2923.080000,43192.660000
2022-03-01,183440999761.000000,2977.720000,44439.950000
2022-03-02,183563878698.000000,2948.560000,43912.340000
2022-03-03,183790867201.000000,2833.660000,42464.410000
2022-03-04,183571957441.000000,2623.070000,39166.510000
2022-03-05,183521384113.000000,2665.770000,39402.430000
2022-03-06,183751921664.000000,2550.770000,38408.380000
2022-03-07,183944742776.000000,2491.580000,37994.000000
2022-03-08,182926360712.000000,2576.720000,38749.380000
2022-03-09,183521655865.000000,2727.600000,41953.970000
2022-03-10,183874214120.000000,2608.220000,39433.710000
2022-03-11,184318113320.000000,2556.420000,38732.040000
2022-03-12,184287863476.000000,2569.300000,38813.020000
2022-03-13,184539718857.000000,2516.410000,37793.010000
2022-03-14,184771633265.000000,2590.230000,39674.170000
2022-03-15,184558839140.000000,2619.150000,39298.100000
2022-03-16,184479266367.000000,2774.890000,41127.970000
2022-03-17,184699501176.000000,2814.670000,40950.330000
2022-03-18,185427952276.000000,2939.170000,41774.980000
2022-03-19,186033730246.000000,2952.160000,42232.260000
2022-03-20,186236571910.000000,2862.440000,41287.240000
2022-03-21,186495318153.000000,2891.080000,41017.710000
2022-03-22,186460445884.000000,2970.510000,42378.260000
2022-03-23,186233178424.000000,3038.930000,42899.710000
2022-03-24,185599897164.000000,3112.520000,44012.290000
2022-03-25,185879702771.000000,3104.150000,44331.850000
2022-03-26,185461986125.000000,3146.220000,44539.420000
2022-03-27,185691609319.000000,3296.290000,46850.010000
2022-03-28,185597675271.000000,3334.470000,47144.920000
2022-03-29,185430949275.000000,3401.710000,47454.190000
2022-03-30,186285614394.000000,3386.680000,47078.030000
2022-03-31,187096302148.000000,3283.080000,45528.450000
2022-04-01,186622372566.000000,3456.480000,46296.340000
2022-04-02,187391942652.000000,3445.380000,45826.270000
2022-04-03,187056596134.000000,3522.780000,46422.160000
2022-04-04,187011943815.000000,3520.660000,46596.830000
2022-04-05,186796803621.000000,3407.000000,45506.500000
2022-04-06,186882362226.000000,3168.520000,43166.700000
2022-04-07,186004443848.000000,3227.560000,43452.180000
2022-04-08,186109968175.000000,3192.540000,42262.020000
2022-04-09,186415512678.000000,3258.990000,42766.930000
2022-04-10,186820952888.000000,3203.050000,42165.960000
2022-04-11,186823358795.000000,2979.550000,39535.870000
2022-04-12,186028430149.000000,3027.820000,40086.230000
2022-04-13,186322317740.000000,3119.000000,41146.680000
2022-04-14,185838228053.000000,3021.780000,39954.080000
2022-04-15,185898595642.000000,3040.190000,40554.580000
2022-04-16,185872684306.000000,3060.350000,40387.600000
2022-04-17,185876599678.000000,2988.400000,39683.540000
2022-04-18,186014332758.000000,3056.190000,40803.580000
2022-04-19,185805045771.000000,3102.260000,41503.850000
2022-04-20,185990856370.000000,3077.060000,41377.610000
2022-04-21,186135614099.000000,2983.940000,40480.810000
2022-04-22,186550806481.000000,2963.050000,39712.250000
2022-04-23,186884288700.000000,2933.440000,39465.870000
2022-04-24,187119500222.000000,2921.960000,39464.560000
2022-04-25,186963531157.000000,3007.220000,40439.220000
2022-04-26,187015867133.000000,2809.260000,38113.820000
2022-04-27,186538263699.000000,2889.780000,39251.110000
2022-04-28,186459057703.000000,2935.910000,39743.220000
2022-04-29,186357929000.000000,2816.940000,38593.100000
2022-04-30,186793183826.000000,2726.590000,37644.100000
2022-05-01,187059239551.000000,2824.860000,38473.050000
2022-05-02,186861568501.000000,2856.210000,38510.890000
2022-05-03,186591731522.000000,2780.340000,37719.590000
2022-05-04,186657318211.000000,2939.980000,39669.560000
2022-05-05,186220855767.000000,2747.430000,36537.220000
2022-05-06,186443085966.000000,2691.720000,35999.100000
2022-05-07,185659333778.000000,2634.800000,35458.000000
2022-05-08,185444316534.000000,2519.100000,34027.910000
2022-05-09,180003932412.000000,2228.500000,30078.270000
2022-05-10,176977547082.000000,2340.510000,31002.390000
2022-05-11,176021893184.000000,2075.930000,28972.340000
2022-05-12,160111332612.000000,1954.390000,28941.950000
2022-05-13,159859520640.000000,2005.480000,29232.180000
2022-05-14,158564041612.000000,2053.330000,30041.880000
2022-05-15,158008821059.000000,2142.690000,31290.050000
2022-05-16,158064097460.000000,2020.580000,29839.890000
2022-05-17,159413236718.000000,2088.960000,30412.120000
2022-05-18,158263160172.000000,1911.980000,28672.940000
2022-05-19,158499144778.000000,2017.570000,30274.590000
2022-05-20,159156483288.000000,1956.580000,29155.750000
2022-05-21,158417603244.000000,1972.640000,29408.260000
2022-05-22,158475938087.000000,2040.920000,30260.870000
2022-05-23,158578457825.000000,1971.060000,29082.520000
2022-05-24,158670219361.000000,1978.150000,29626.440000
2022-05-25,158827028632.000000,1940.830000,29503.490000
2022-05-26,158969444065.000000,1790.650000,29166.060000
2022-05-27,158594112075.000000,1724.830000,28598.310000
2022-05-28,158141251758.000000,1790.230000,29008.990000
2022-05-29,158317850025.000000,1811.100000,29447.070000
2022-05-30,158210159072.000000,1998.300000,31711.420000
2022-05-31,158731339487.000000,1940.590000,31784.050000
2022-06-01,159296790757.000000,1816.050000,29788.790000
2022-06-02,160264129409.000000,1832.450000,30433.750000
2022-06-03,159387989292.000000,1773.250000,29670.850000
2022-06-04,159378201658.000000,1803.350000,29843.180000
2022-06-05,159318404528.000000,1804.700000,29901.540000
2022-06-06,159329214489.000000,1858.210000,31343.610000
2022-06-07,159224391538.000000,1811.890000,31106.900000
2022-06-08,159107444347.000000,1790.720000,30177.000000
2022-06-09,159078010669.000000,1787.550000,30079.620000
2022-06-10,159146853848.000000,1660.780000,29063.110000
2022-06-11,158697485989.000000,1531.090000,28388.630000
2022-06-12,158416739423.000000,1433.190000,26555.200000
2022-06-13,158139729196.000000,1207.820000,22460.970000
2022-06-14,156870816044.000000,1207.580000,22120.250000
2022-06-15,155935668777.000000,1236.450000,22562.330000
2022-06-16,155143029661.000000,1066.870000,20372.000000
2022-06-17,154643688106.000000,1085.760000,20447.860000
2022-06-18,154095812453.000000,993.640000,18948.890000
2022-06-19,154180025567.000000,1126.900000,20552.440000
2022-06-20,153950288992.000000,1126.840000,20549.750000
2022-06-21,153296812292.000000,1124.850000,20696.960000
2022-06-22,153414687876.000000,1048.960000,19968.460000
2022-06-23,153383413427.000000,1144.000000,21104.450000
2022-06-24,152987239268.000000,1224.470000,21223.720000
2022-06-25,152990202603.000000,1241.330000,21478.040000
2022-06-26,153199371691.000000,1197.130000,21027.920000
2022-06-27,153193419304.000000,1191.270000,20725.170000
2022-06-28,152962218106.000000,1142.650000,20252.890000
2022-06-29,152893740186.000000,1099.150000,20094.790000
2022-06-30,152787706050.000000,1070.080000,19985.620000
2022-07-01,152663528744.000000,1057.570000,19252.760000
2022-07-02,153384513551.000000,1065.610000,19224.030000
2022-07-03,153348368239.000000,1072.880000,19291.330000
2022-07-04,153224621112.000000,1149.980000,20211.350000
2022-07-05,153260988596.000000,1131.260000,20153.510000
2022-07-06,153295218999.000000,1185.610000,20542.670000
2022-07-07,153046068807.000000,1237.130000,21614.600000
2022-07-08,152802950055.000000,1213.190000,21582.200000
2022-07-09,152953664677.000000,1216.780000,21583.990000
2022-07-10,152973934393.000000,1167.680000,20850.650000
2022-07-11,152865402930.000000,1095.560000,19942.430000
2022-07-12,153033567872.000000,1037.340000,19303.650000
2022-07-13,152730651477.000000,1114.260000,20220.230000
2022-07-14,152735818223.000000,1192.700000,20577.020000
2022-07-15,152809370833.000000,1231.100000,20827.550000
2022-07-16,152258105635.000000,1355.700000,21189.680000
2022-07-17,152317341745.000000,1338.200000,20791.740000
2022-07-18,152412018425.000000,1581.340000,22427.560000
2022-07-19,152660769584.000000,1542.630000,23395.060000
2022-07-20,152570537599.000000,1522.120000,23226.990000
2022-07-21,152764751593.000000,1575.680000,23153.960000
2022-07-22,152712129660.000000,1535.840000,22687.680000
2022-07-23,152843691759.000000,1549.150000,22450.690000
2022-07-24,152948190147.000000,1597.720000,22583.430000
2022-07-25,152932405690.000000,1440.750000,21313.410000
2022-07-26,152907898899.000000,1449.630000,21261.570000
2022-07-27,152829637494.000000,1636.400000,22962.590000
2022-07-28,152905558958.000000,1725.190000,23851.700000
2022-07-29,152712189988.000000,1722.250000,23784.500000
2022-07-30,152828151594.000000,1698.010000,23650.130000
2022-07-31,152833987943.000000,1679.310000,23307.440000
2022-08-01,152833041936.000000,1630.820000,23273.860000
2022-08-02,153097134125.000000,1631.280000,22989.400000
2022-08-03,153030596754.000000,1618.820000,22825.000000
2022-08-04,153020117328.000000,1608.160000,22623.940000
2022-08-05,152940674070.000000,1736.790000,23320.810000
2022-08-06,153105336268.000000,1690.810000,22960.930000
2022-08-07,153138488098.000000,1700.420000,23177.390000
2022-08-08,153056197389.000000,1777.360000,23815.650000
2022-08-09,152821750179.000000,1703.350000,23158.270000
2022-08-10,152750660561.000000,1854.120000,23962.180000
2022-08-11,153033620298.000000,1881.040000,23944.860000
2022-08-12,152981946072.000000,1959.910000,24415.180000
2022-08-13,152815246311.000000,1984.750000,24456.490000
2022-08-14,153052198595.000000,1935.850000,24316.710000
2022-08-15,152536438261.000000,1899.390000,24097.820000
2022-08-16,152841879383.000000,1876.570000,23857.930000
2022-08-17,152724168260.000000,1834.610000,23341.170000
2022-08-18,152690537523.000000,1845.900000,23189.460000
2022-08-19,152470975082.000000,1608.720000,20834.940000
2022-08-20,152367337262.000000,1575.760000,21139.230000
2022-08-21,152282317340.000000,1617.840000,21518.620000
2022-08-22,152234784913.000000,1624.780000,21398.250000
2022-08-23,152034289031.000000,1665.930000,21528.340000
2022-08-24,152158530460.000000,1656.740000,21367.120000
2022-08-25,152194411557.000000,1695.270000,21561.860000
2022-08-26,152204960264.000000,1508.020000,20240.720000
2022-08-27,152292982406.000000,1491.220000,20036.690000
2022-08-28,152361362480.000000,1426.630000,19554.030000
2022-08-29,152140370272.000000,1551.650000,20286.970000
2022-08-30,152275885173.000000,1524.810000,19813.170000
2022-08-31,152599035949.000000,1554.000000,20048.260000
2022-09-01,152389636805.000000,1586.230000,20133.650000
2022-09-02,152314925267.000000,1575.690000,19953.740000
2022-09-03,152120765301.000000,1557.700000,19835.470000
2022-09-04,152142773500.000000,1579.040000,20004.730000
2022-09-05,151999751305.000000,1618.010000,19794.580000
2022-09-06,151896505206.000000,1559.280000,18790.910000
2022-09-07,151910082825.000000,1629.920000,19293.520000
2022-09-08,152011707374.000000,1635.730000,19321.870000
2022-09-09,152163017507.000000,1719.210000,21364.500000
2022-09-10,152272290976.000000,1774.690000,21651.520000
2022-09-11,152395436852.000000,1766.950000,21831.720000
2022-09-12,152385513269.000000,1716.710000,22402.710000
2022-09-13,152330872619.000000,1574.710000,20174.780000
2022-09-14,152345006191.000000,1639.140000,20227.770000
2022-09-15,151977282591.000000,1472.680000,19703.670000
2022-09-16,151746440370.000000,1433.730000,19801.040000
2022-09-17,151593630116.000000,1468.970000,20113.370000
2022-09-18,151672147751.000000,1334.720000,19417.640000
2022-09-19,151612209732.000000,1376.170000,19540.380000
2022-09-20,151760430439.000000,1322.800000,18876.910000
2022-09-21,152015582173.000000,1245.650000,18462.640000
2022-09-22,151863974857.000000,1326.430000,19401.250000
2022-09-23,151864979297.000000,1326.820000,19286.010000
2022-09-24,151661881491.000000,1317.250000,18923.200000
2022-09-25,151620437493.000000,1294.630000,18808.610000
2022-09-26,151340517326.000000,1336.610000,19228.000000
2022-09-27,150597739297.000000,1327.920000,19077.570000
2022-09-28,150487696958.000000,1336.930000,19412.070000
2022-09-29,149988645060.000000,1336.020000,19595.570000
2022-09-30,149499660119.000000,1328.950000,19426.110000
2022-10-01,148247368029.000000,1311.760000,19315.270000
2022-10-02,148255813414.000000,1277.020000,19059.170000
2022-10-03,148285671461.000000,1323.310000,19633.460000
2022-10-04,148065422909.000000,1362.060000,20345.190000
2022-10-05,148028552799.000000,1352.480000,20161.620000
2022-10-06,148098167043.000000,1352.240000,19965.640000
2022-10-07,148139349891.000000,1331.140000,19533.050000
2022-10-08,148305018403.000000,1315.710000,19419.390000
2022-10-09,148316236619.000000,1323.410000,19443.470000
2022-10-10,148300398649.000000,1290.060000,19132.830000
2022-10-11,148102920497.000000,1279.940000,19058.110000
2022-10-12,147995883556.000000,1294.330000,19155.920000
2022-10-13,147485526756.000000,1286.960000,19378.650000
2022-10-14,147060157172.000000,1296.360000,19178.000000
2022-10-15,146643247363.000000,1275.090000,19070.240000
2022-10-16,146628630690.000000,1306.040000,19264.440000
2022-10-17,146555979156.000000,1331.490000,19550.400000
2022-10-18,146361958944.000000,1310.780000,19328.760000
2022-10-19,146267526538.000000,1284.760000,19124.180000
2022-10-20,146178122653.000000,1282.600000,19042.480000
2022-10-21,145772402320.000000,1299.830000,19166.450000
2022-10-22,145572640625.000000,1313.880000,19209.100000
2022-10-23,145632327322.000000,1364.060000,19572.440000
2022-10-24,145665641345.000000,1343.710000,19330.410000
2022-10-25,145340003450.000000,1460.340000,20086.280000
2022-10-26,145220004099.000000,1566.370000,20775.400000
2022-10-27,145406750198.000000,1514.090000,20296.970000
2022-10-28,145329325883.000000,1554.830000,20597.910000
2022-10-29,145440460393.000000,1620.090000,20823.530000
2022-10-30,145544750521.000000,1590.890000,20630.680000
2022-10-31,145639694887.000000,1572.670000,20489.940000
2022-11-01,145218376181.000000,1578.240000,20479.630000
2022-11-02,145240308198.000000,1518.040000,20151.400000
2022-11-03,145105309553.000000,1530.810000,20206.880000
2022-11-04,145239425891.000000,1644.610000,21144.200000
2022-11-05,145414801244.000000,1627.000000,21300.450000
2022-11-06,145461251733.000000,1568.340000,20909.170000
2022-11-07,145820548890.000000,1568.340000,20593.490000
2022-11-08,146804845954.000000,1334.250000,18550.250000
2022-11-09,147100056756.000000,1099.900000,15891.960000
2022-11-10,145340576354.000000,1295.360000,17553.890000
2022-11-11,145762480474.000000,1285.290000,17013.620000
2022-11-12,145596596170.000000,1255.140000,16783.330000
2022-11-13,144925359847.000000,1219.430000,16301.390000
2022-11-14,144756738409.000000,1241.560000,16590.730000
2022-11-15,144582168711.000000,1251.740000,16877.930000
2022-11-16,144629322669.000000,1215.210000,16645.240000
2022-11-17,144210345085.000000,1199.440000,16680.470000
2022-11-18,143848646324.000000,1210.930000,16680.590000
2022-11-19,144038279532.000000,1216.120000,16683.020000
2022-11-20,144068839763.000000,1140.070000,16252.530000
2022-11-21,144102429484.000000,1105.910000,15760.140000
2022-11-22,143250860856.000000,1138.170000,16199.710000
2022-11-23,143249926867.000000,1183.530000,16587.000000
2022-11-24,142611228750.000000,1202.810000,16587.610000
2022-11-25,142860699045.000000,1198.660000,16510.900000
2022-11-26,142561523105.000000,1204.800000,16450.930000
2022-11-27,142738408946.000000,1193.300000,16419.880000
2022-11-28,142732619105.000000,1167.240000,16206.300000
2022-11-29,141689098658.000000,1215.910000,16438.000000
2022-11-30,141060756851.000000,1294.770000,17167.330000
2022-12-01,140911454436.000000,1276.480000,16980.080000
2022-12-02,140745840430.000000,1295.630000,17094.710000
2022-12-03,141006889555.000000,1240.910000,16888.530000
2022-12-04,141176178083.000000,1279.680000,17108.900000
2022-12-05,141280980585.000000,1259.230000,16966.050000
2022-12-06,141031306910.000000,1271.190000,17089.050000
2022-12-07,140892699531.000000,1231.560000,16840.000000
2022-12-08,140728332181.000000,1280.330000,17226.010000
2022-12-09,140665248584.000000,1262.950000,17130.590000
2022-12-10,140587487802.000000,1266.450000,17128.100000
2022-12-11,140634134203.000000,1262.920000,17085.210000
2022-12-12,140748682010.000000,1275.720000,17211.660000
2022-12-13,140396114017.000000,1320.470000,17773.180000
2022-12-14,140008478227.000000,1307.470000,17804.970000
2022-12-15,139796532354.000000,1266.480000,17357.960000
2022-12-16,139827012912.000000,1166.980000,16632.640000
2022-12-17,139367752776.000000,1187.060000,16782.250000
2022-12-18,139538766142.000000,1183.320000,16741.160000
2022-12-19,139561090303.000000,1167.600000,16439.740000
2022-12-20,139197132905.000000,1216.690000,16897.650000
2022-12-21,138935084247.000000,1213.700000,16826.560000
2022-12-22,138709461547.000000,1217.500000,16815.510000
2022-12-23,138566492407.000000,1219.920000,16777.210000
2022-12-24,138066241077.000000,1220.510000,16837.120000
2022-12-25,138112325948.000000,1218.370000,16829.020000
2022-12-26,138119567624.000000,1227.580000,16917.960000
2022-12-27,138102727108.000000,1210.990000,16698.730000
2022-12-28,137634147686.000000,1189.240000,16539.660000
2022-12-29,137674202313.000000,1199.740000,16627.540000
2022-12-30,137585903468.000000,1199.100000,16600.100000
2022-12-31,137457066907.000000,1195.250000,16530.350000
2023-01-01,137354723242.000000,1199.920000,16611.580000
2023-01-02,137454973923.000000,1213.690000,16666.950000
2023-01-03,137442015493.000000,1214.210000,16669.470000
2023-01-04,137110563314.000000,1256.340000,16844.420000
2023-01-05,137062846905.000000,1250.880000,16825.690000
2023-01-06,136772164881.000000,1268.840000,16948.060000
2023-01-07,136459013265.000000,1263.940000,16942.370000
2023-01-08,136596474461.000000,1289.920000,17125.180000
2023-01-09,136575021783.000000,1320.020000,17177.980000
2023-01-10,136326203322.000000,1335.560000,17443.500000
2023-01-11,136506356344.000000,1389.240000,17944.270000
2023-01-12,136572855908.000000,1416.050000,18847.750000
2023-01-13,136671912282.000000,1451.780000,19934.880000
2023-01-14,136420249118.000000,1550.060000,20957.020000
2023-01-15,136612025328.000000,1552.890000,20879.700000
2023-01-16,136787130533.000000,1576.850000,21187.500000
2023-01-17,136710186110.000000,1565.680000,21136.330000
2023-01-18,136254621761.000000,1510.830000,20674.290000
2023-01-19,136136583497.000000,1550.980000,21084.220000
2023-01-20,136088256279.000000,1658.250000,22669.810000
2023-01-21,136280273037.000000,1626.800000,22789.370000
2023-01-22,136562513589.000000,1627.880000,22714.870000
2023-01-23,136658943316.000000,1626.550000,22920.290000
2023-01-24,136496759260.000000,1556.090000,22636.170000
2023-01-25,136518041461.000000,1612.540000,23062.360000
2023-01-26,136806901696.000000,1601.100000,23010.470000
2023-01-27,137016558937.000000,1598.180000,23084.400000
2023-01-28,136844934538.000000,1572.300000,23028.950000
2023-01-29,137001726301.000000,1644.890000,23745.800000
2023-01-30,136954238448.000000,1566.230000,22836.030000
2023-01-31,136622261802.000000,1585.390000,23128.860000
2023-02-01,136701038486.000000,1642.050000,23735.970000
2023-02-02,136648060543.000000,1643.190000,23493.840000
2023-02-03,136920131292.000000,1663.690000,23433.540000
2023-02-04,136640143005.000000,1666.830000,23328.870000
2023-02-05,136664055095.000000,1629.370000,22936.340000
2023-02-06,136708667208.000000,1614.500000,22764.070000
2023-02-07,136596615395.000000,1671.280000,23244.670000
2023-02-08,136440741078.000000,1650.650000,22964.380000
2023-02-09,136312002815.000000,1545.540000,21800.630000
2023-02-10,136174027423.000000,1513.040000,21628.970000
2023-02-11,136181813978.000000,1538.860000,21863.730000
2023-02-12,136176267826.000000,1515.250000,21789.800000
2023-02-13,136121109034.000000,1506.290000,21789.140000
2023-02-14,136233489369.000000,1556.670000,22206.270000
2023-02-15,136088895947.000000,1674.880000,24329.040000
2023-02-16,135703043005.000000,1637.830000,23516.150000
2023-02-17,135833107481.000000,1694.370000,24577.600000
2023-02-18,135770978035.000000,1691.820000,24636.230000
2023-02-19,135788590695.000000,1680.230000,24281.310000
2023-02-20,135838652785.000000,1703.630000,24844.970000
2023-02-21,135504034616.000000,1659.760000,24454.430000
2023-02-22,135272901820.000000,1642.950000,24184.440000
2023-02-23,135012058601.000000,1650.620000,23943.320000
2023-02-24,134871069073.000000,1607.570000,23186.880000
2023-02-25,134855093502.000000,1594.510000,23159.710000
2023-02-26,134976439527.000000,1641.410000,23556.830000
2023-02-27,134897788649.000000,1633.260000,23489.520000
2023-02-28,134598011067.000000,1605.400000,23145.320000
2023-03-01,134455610391.000000,1665.200000,23631.520000
2023-03-02,134286929536.000000,1647.870000,23468.240000
2023-03-03,134462132798.000000,1569.540000,22358.180000
2023-03-04,134487439968.000000,1566.720000,22350.950000
2023-03-05,134578051700.000000,1564.810000,22432.690000
2023-03-06,134646041124.000000,1565.850000,22410.310000
2023-03-07,134442923214.000000,1561.670000,22198.480000
2023-03-08,134466136644.000000,1532.170000,21698.370000
2023-03-09,134364643505.000000,1437.410000,20367.010000
2023-03-10,134371491348.000000,1432.150000,20230.080000
2023-03-11,134015399006.000000,1483.680000,20620.540000
2023-03-12,131234867571.000000,1592.310000,22219.080000
2023-03-13,134768059720.000000,1681.930000,24220.000000
2023-03-14,133438643231.000000,1704.950000,24762.650000
2023-03-15,132321136166.000000,1656.800000,24377.160000
2023-03-16,132679479135.000000,1677.240000,25051.850000
2023-03-17,132774050347.000000,1793.660000,27453.620000
2023-03-18,132755579538.000000,1763.680000,26980.350000
2023-03-19,133136757166.000000,1786.400000,28054.460000
2023-03-20,132866172521.000000,1739.420000,27823.320000
2023-03-21,133171107299.000000,1807.230000,28207.330000
2023-03-22,132992860397.000000,1739.180000,27325.150000
2023-03-23,132823056549.000000,1817.490000,28352.940000
2023-03-24,133009932398.000000,1751.930000,27489.240000
2023-03-25,133314984725.000000,1743.800000,27488.180000
2023-03-26,133441042456.000000,1775.860000,27992.900000
2023-03-27,132584857852.000000,1716.420000,27142.870000
2023-03-28,132169678294.000000,1773.700000,27274.150000
2023-03-29,131798152588.000000,1793.410000,28359.540000
2023-03-30,131744789169.000000,1793.680000,28035.480000
2023-03-31,131727344888.000000,1822.010000,28474.400000
2023-04-01,131215079685.000000,1821.730000,28471.460000
2023-04-02,131142616209.000000,1795.370000,28188.340000
2023-04-03,131367953551.000000,1810.920000,27811.770000
2023-04-04,131919729431.000000,1871.360000,28179.640000
2023-04-05,131285300974.000000,1908.900000,28175.370000
2023-04-06,131221409261.000000,1873.290000,28053.460000
2023-04-07,131432566779.000000,1865.020000,27931.940000
2023-04-08,131444301689.000000,1850.060000,27958.810000
2023-04-09,131634513804.000000,1859.840000,28340.990000
2023-04-10,131322420932.000000,1911.230000,29660.410000
2023-04-11,131428767130.000000,1891.820000,30227.190000
2023-04-12,131367794570.000000,1918.910000,29912.200000
2023-04-13,131292870912.000000,2013.980000,30406.780000
2023-04-14,131408503342.000000,2101.850000,30492.920000
2023-04-15,131357055451.000000,2092.450000,30324.110000
2023-04-16,131247395572.000000,2120.070000,30326.090000
2023-04-17,131166144989.000000,2075.630000,29449.910000
2023-04-18,131050337662.000000,2104.610000,30393.400000
2023-04-19,130782715221.000000,1934.800000,28809.720000
2023-04-20,130815625349.000000,1943.160000,28248.180000
2023-04-21,130642993399.000000,1848.160000,27253.850000
2023-04-22,129430536024.000000,1874.480000,27821.410000
2023-04-23,130306403993.000000,1861.900000,27592.980000
2023-04-24,130340660576.000000,1842.170000,27515.050000
2023-04-25,130271173682.000000,1866.230000,28304.420000
2023-04-26,130106693959.000000,1866.730000,28426.080000
2023-04-27,130269178722.000000,1908.920000,29483.720000
2023-04-28,130073483667.000000,1892.540000,29338.630000
2023-04-29,129957434267.000000,1908.960000,29249.350000
2023-04-30,129898107897.000000,1870.760000,29247.140000
2023-05-01,129933348723.000000,1831.410000,28077.270000
2023-05-02,130274969492.000000,1871.260000,28684.400000
2023-05-03,130297022520.000000,1905.890000,29038.750000
2023-05-04,129882757831.000000,1878.010000,28857.230000
2023-05-05,129762123803.000000,1995.760000,29536.760000
2023-05-06,130260153565.000000,1900.120000,28902.660000
2023-05-07,130181863824.000000,1873.270000,28474.530000
2023-05-08,130015021695.000000,1849.110000,27695.060000
2023-05-09,130102993575.000000,1847.700000,27647.290000
2023-05-10,130230224084.000000,1842.470000,27624.010000
2023-05-11,130081156232.000000,1795.240000,26986.560000
2023-05-12,130004263179.000000,1808.350000,26808.840000
2023-05-13,130044117826.000000,1795.990000,26789.480000
2023-05-14,130017558582.000000,1800.030000,26929.980000
2023-05-15,130013225266.000000,1816.790000,27171.130000
2023-05-16,129924836362.000000,1824.640000,27037.680000
2023-05-17,129746997186.000000,1822.490000,27407.770000
2023-05-18,129478180511.000000,1800.610000,26820.490000
2023-05-19,129604708095.000000,1812.840000,26890.270000
2023-05-20,129477882174.000000,1819.960000,27113.610000
2023-05-21,129602545343.000000,1805.280000,26752.650000
2023-05-22,129496286275.000000,1817.760000,26854.730000
2023-05-23,129379033068.000000,1854.410000,27223.220000
2023-05-24,129309993488.000000,1799.750000,26321.400000
2023-05-25,128914199572.000000,1805.830000,26479.060000
2023-05-26,128888069148.000000,1828.430000,26714.860000
2023-05-27,128880297082.000000,1830.670000,26867.990000
2023-05-28,128912215482.000000,1909.250000,28070.040000
2023-05-29,128960826208.000000,1893.200000,27744.820000
2023-05-30,128945183621.000000,1901.110000,27700.150000
2023-05-31,128901070051.000000,1874.040000,27223.080000
2023-06-01,128850909985.000000,1862.430000,26828.420000
2023-06-02,128776525845.000000,1907.410000,27250.690000
2023-06-03,128812123354.000000,1892.620000,27077.600000
2023-06-04,128726003080.000000,1890.230000,27122.040000
2023-06-05,128768606277.000000,1811.210000,25741.500000
2023-06-06,128634295777.000000,1884.950000,27243.630000
2023-06-07,128487699325.000000,1832.490000,26346.410000
2023-06-08,128360181677.000000,1845.990000,26508.320000
2023-06-09,128279669325.000000,1840.460000,26482.810000
2023-06-10,127790754993.000000,1752.320000,25856.100000
2023-06-11,127926193259.000000,1753.100000,25937.020000
2023-06-12,127984088696.000000,1742.660000,25905.820000
2023-06-13,127697723276.000000,1739.540000,25930.230000
2023-06-14,127559408969.000000,1650.840000,25123.340000
2023-06-15,127336855690.000000,1665.280000,25569.990000
2023-06-16,128136945268.000000,1716.800000,26329.600000
2023-06-17,128325882394.000000,1727.090000,26506.560000
2023-06-18,127988897513.000000,1720.430000,26336.460000
2023-06-19,127985635138.000000,1736.580000,26837.780000
2023-06-20,128099603715.000000,1792.860000,28320.430000
2023-06-21,128647589491.000000,1889.570000,29995.080000
2023-06-22,128164024627.000000,1872.130000,29886.310000
2023-06-23,128152201330.000000,1893.660000,30707.610000
2023-06-24,128206046421.000000,1875.870000,30547.180000
2023-06-25,128488626473.000000,1899.730000,30480.240000
2023-06-26,128266719969.000000,1859.190000,30272.180000
2023-06-27,128199350198.000000,1889.820000,30697.380000
2023-06-28,128253857345.000000,1827.370000,30074.940000
2023-06-29,127762528299.000000,1852.110000,30446.470000
2023-06-30,127696126803.000000,1933.570000,30466.720000
2023-07-01,127088380083.000000,1924.140000,30587.210000
2023-07-02,127066828482.000000,1937.260000,30613.510000
2023-07-03,127110699448.000000,1955.760000,31161.800000
2023-07-04,127297876207.000000,1936.420000,30771.250000
2023-07-05,127420692365.000000,1910.140000,30499.270000
2023-07-06,127253062727.000000,1845.800000,29899.380000
2023-07-07,126793981553.000000,1870.930000,30352.080000
2023-07-08,126790389101.000000,1865.560000,30291.690000
2023-07-09,126812683815.000000,1863.010000,30168.380000
2023-07-10,126706340037.000000,1880.620000,30419.890000
2023-07-11,126613586102.000000,1878.660000,30626.550000
2023-07-12,126462339306.000000,1871.650000,30381.810000
2023-07-13,126329651268.000000,2005.950000,31471.830000
2023-07-14,126598324525.000000,1938.910000,30330.520000
2023-07-15,126614821831.000000,1931.900000,30301.650000
2023-07-16,126662902641.000000,1923.380000,30247.640000
2023-07-17,126581288602.000000,1911.380000,30143.080000
2023-07-18,126421281412.000000,1897.720000,29861.930000
2023-07-19,126361242382.000000,1888.730000,29916.720000
2023-07-20,126087049767.000000,1891.720000,29809.130000
2023-07-21,126046063882.000000,1891.920000,29907.980000
2023-07-22,125893021769.000000,1866.690000,29795.030000
2023-07-23,125891829858.000000,1888.650000,30081.610000
2023-07-24,125792659517.000000,1849.690000,29176.980000
2023-07-25,125599210218.000000,1857.280000,29225.140000
2023-07-26,125513024946.000000,1871.920000,29353.230000
2023-07-27,125490996957.000000,1860.880000,29214.920000
2023-07-28,125320416785.000000,1874.050000,29316.150000
2023-07-29,125158144769.000000,1880.710000,29355.710000
2023-07-30,125400346941.000000,1861.650000,29281.390000
2023-07-31,125275869934.000000,1856.000000,29230.670000
2023-08-01,125210740962.000000,1872.890000,29697.270000
2023-08-02,124991322409.000000,1838.920000,29164.220000
2023-08-03,124819044906.000000,1834.340000,29174.180000
2023-08-04,124567396680.000000,1827.300000,29076.480000
2023-08-05,124313963282.000000,1834.660000,29047.120000
2023-08-06,124348346873.000000,1827.500000,29040.010000
2023-08-07,124301871611.000000,1826.900000,29179.210000
2023-08-08,124162214646.000000,1855.710000,29770.010000
2023-08-09,124384601724.000000,1854.090000,29562.760000
2023-08-10,124285507588.000000,1850.380000,29424.030000
2023-08-11,124030372626.000000,1846.760000,29400.450000
2023-08-12,123931009927.000000,1849.090000,29416.960000
2023-08-13,124042323821.000000,1838.980000,29275.940000
2023-08-14,124075359010.000000,1844.010000,29405.490000
2023-08-15,123627747939.000000,1827.190000,29170.140000
2023-08-16,123335304802.000000,1805.510000,28700.510000
2023-08-17,123030572214.000000,1681.420000,26627.570000
2023-08-18,123012242741.000000,1661.400000,26048.890000
2023-08-19,122660540921.000000,1669.650000,26096.420000
2023-08-20,122877645464.000000,1685.390000,26189.140000
2023-08-21,122997339160.000000,1667.200000,26125.180000
2023-08-22,124056504405.000000,1634.330000,26042.110000
2023-08-23,123951660114.000000,1679.220000,26427.540000
2023-08-24,123991720072.000000,1660.360000,26163.490000
2023-08-25,124056023295.000000,1652.750000,26049.390000
2023-08-26,124100056074.000000,1646.250000,26009.610000
2023-08-27,124112326374.000000,1657.510000,26091.160000
2023-08-28,124224026630.000000,1651.940000,26101.040000
2023-08-29,124282763061.000000,1729.340000,27717.980000
2023-08-30,124716260826.000000,1705.470000,27306.060000
2023-08-31,124842345255.000000,1645.580000,25932.450000
2023-09-01,124857422696.000000,1628.460000,25794.880000
2023-09-02,124851396659.000000,1636.830000,25867.830000
2023-09-03,124844882378.000000,1635.680000,25969.830000
2023-09-04,124881384157.000000,1629.750000,25816.130000
2023-09-05,124621537377.000000,1633.850000,25783.910000
2023-09-06,124164753687.000000,1632.080000,25747.630000
2023-09-07,123979226402.000000,1647.440000,26276.300000
2023-09-08,123755131754.000000,1635.940000,25906.340000
2023-09-09,123879024531.000000,1635.140000,25897.820000
2023-09-10,123949683291.000000,1616.650000,25831.760000
2023-09-11,124118973773.000000,1551.360000,25152.140000
2023-09-12,123888598516.000000,1593.070000,25840.610000
2023-09-13,124031159518.000000,1608.060000,26226.650000
2023-09-14,124045053187.000000,1627.180000,26532.760000
2023-09-15,124016889579.000000,1641.490000,26602.420000
2023-09-16,123888049181.000000,1634.870000,26569.690000
2023-09-17,123985604359.000000,1622.830000,26530.950000
2023-09-18,124011406235.000000,1636.940000,26764.490000
2023-09-19,123952475546.000000,1643.420000,27216.130000
2023-09-20,124073751114.000000,1622.270000,27123.940000
2023-09-21,124062274685.000000,1583.860000,26564.540000
2023-09-22,123992125119.000000,1593.030000,26578.400000
2023-09-23,124071821734.000000,1593.850000,26579.600000
2023-09-24,124084379622.000000,1580.640000,26250.240000
2023-09-25,124129856904.000000,1587.750000,26296.080000
2023-09-26,123913314418.000000,1593.000000,26208.440000
2023-09-27,123780062851.000000,1597.650000,26357.620000
2023-09-28,123702780585.000000,1652.940000,27027.140000
2023-09-29,123888758903.000000,1667.210000,26907.000000
2023-09-30,123444764341.000000,1670.840000,26961.000000
2023-10-01,123559096211.000000,1733.400000,27995.460000
2023-10-02,123590096529.000000,1662.620000,27504.040000
2023-10-03,123766591747.000000,1656.910000,27428.960000
2023-10-04,123613379470.000000,1646.580000,27786.750000
2023-10-05,123479583561.000000,1611.630000,27412.960000
2023-10-06,123655656671.000000,1645.950000,27945.170000
2023-10-07,123915345838.000000,1634.650000,27976.430000
2023-10-08,123903415258.000000,1633.780000,27933.550000
2023-10-09,123968708195.000000,1580.130000,27596.670000
2023-10-10,124019782417.000000,1567.630000,27393.290000
2023-10-11,123715682819.000000,1566.460000,26869.190000
2023-10-12,123492177938.000000,1539.250000,26750.510000
2023-10-13,123279382689.000000,1552.040000,26863.530000
2023-10-14,123274463607.000000,1554.870000,26851.710000
2023-10-15,123326762798.000000,1558.010000,27186.130000
2023-10-16,123394960965.000000,1600.020000,28520.240000
2023-10-17,123454281528.000000,1565.240000,28408.830000
2023-10-18,123648473815.000000,1563.670000,28326.510000
2023-10-19,123867559182.000000,1567.480000,28735.340000
2023-10-20,124462550355.000000,1604.960000,29684.730000
2023-10-21,124375033968.000000,1629.380000,29924.840000
2023-10-22,124346542758.000000,1664.430000,30004.150000
2023-10-23,124309587906.000000,1766.270000,33087.580000
2023-10-24,124601884858.000000,1785.280000,33922.520000
2023-10-25,123833880750.000000,1787.580000,34506.350000
2023-10-26,124233627337.000000,1803.570000,34154.710000
2023-10-27,124227611046.000000,1779.810000,33906.090000
2023-10-28,124055967622.000000,1776.480000,34085.420000
2023-10-29,124068582062.000000,1795.740000,34534.480000
2023-10-30,124190150653.000000,1809.690000,34493.790000
2023-10-31,124008468597.000000,1815.140000,34656.400000
2023-11-01,123905832203.000000,1847.740000,35440.100000
2023-11-02,124171216171.000000,1801.310000,34950.000000
2023-11-03,124056198829.000000,1833.760000,34731.270000
2023-11-04,124431862326.000000,1857.230000,35087.010000
2023-11-05,124583648486.000000,1893.160000,35035.420000
2023-11-06,124649601746.000000,1901.680000,35059.460000
2023-11-07,124690345432.000000,1885.930000,35416.280000
2023-11-08,125025863698.000000,1888.840000,35639.130000
2023-11-09,124978127264.000000,2121.300000,36706.590000
2023-11-10,125113811720.000000,2078.570000,37324.830000
2023-11-11,125405350270.000000,2053.830000,37139.120000
2023-11-12,125469906734.000000,2046.060000,37086.030000
2023-11-13,125482870660.000000,2053.990000,36475.670000
2023-11-14,125642666933.000000,1979.610000,35554.090000
2023-11-15,125494252603.000000,2059.380000,37885.350000
2023-11-16,125824738001.000000,1961.760000,36161.150000
2023-11-17,126149974871.000000,1961.570000,36630.380000
2023-11-18,126338101585.000000,1963.760000,36594.890000
2023-11-19,126498683249.000000,2012.290000,37391.190000
2023-11-20,126486272743.000000,2022.550000,37475.640000
2023-11-21,126953745063.000000,1933.450000,35751.890000
2023-11-22,127042938163.000000,2063.940000,37424.310000
2023-11-23,127068895756.000000,2062.780000,37304.050000
2023-11-24,127059418511.000000,2082.610000,37745.840000
2023-11-25,127689655425.000000,2084.020000,37805.990000
2023-11-26,127670199178.000000,2063.090000,37462.790000
2023-11-27,127640205277.000000,2027.470000,37241.630000
2023-11-28,127485552663.000000,2049.080000,37838.260000
2023-11-29,127772474167.000000,2029.110000,37863.840000
2023-11-30,127852719134.000000,2053.100000,37732.270000
2023-12-01,127948093173.000000,2088.400000,38703.540000
2023-12-02,128110223308.000000,2165.760000,39478.950000
2023-12-03,128174740983.000000,2194.130000,39984.810000
2023-12-04,128296081082.000000,2243.290000,41987.240000
2023-12-05,128103483042.000000,2293.970000,44084.390000
2023-12-06,128382059184.000000,2232.800000,43764.050000
2023-12-07,128409230273.000000,2356.570000,43280.950000
2023-12-08,128393716769.000000,2358.590000,44192.870000
2023-12-09,128575863142.000000,2341.280000,43723.250000
2023-12-10,128899947357.000000,2352.290000,43793.680000
2023-12-11,128869596763.000000,2224.060000,41229.610000
2023-12-12,128669914738.000000,2202.340000,41477.390000
2023-12-13,128030693760.000000,2260.690000,42885.540000
2023-12-14,128451763108.000000,2315.950000,43027.770000
2023-12-15,128634831991.000000,2220.310000,41933.890000
2023-12-16,128882935843.000000,2227.290000,42237.290000
2023-12-17,129041436012.000000,2194.750000,41349.590000
2023-12-18,128992830308.000000,2218.710000,42650.010000
2023-12-19,128948737697.000000,2177.270000,42266.220000
2023-12-20,129400463250.000000,2202.000000,43674.770000
2023-12-21,129746203152.000000,2239.920000,43875.320000
2023-12-22,129728001569.000000,2326.350000,44013.730000
2023-12-23,130073496579.000000,2309.580000,43726.350000
2023-12-24,130241787760.000000,2265.330000,43025.030000
2023-12-25,130182219084.000000,2271.530000,43589.670000
2023-12-26,130142144288.000000,2230.910000,42515.530000
2023-12-27,129831928513.000000,2380.660000,43474.400000
2023-12-28,130283545191.000000,2344.940000,42581.230000
2023-12-29,130102946794.000000,2299.370000,42063.450000
2023-12-30,130198905763.000000,2291.150000,42141.030000
2023-12-31,130100873955.000000,2281.070000,42288.060000
2024-01-01,129835465344.000000,2352.760000,44220.780000
2024-01-02,130359543289.000000,2356.160000,44972.800000
2024-01-03,130495587520.000000,2210.490000,42862.440000
2024-01-04,131034400020.000000,2269.470000,44193.290000
2024-01-05,131721601505.000000,2270.350000,44186.590000
2024-01-06,132136850036.000000,2241.870000,43992.440000
2024-01-07,132515556695.000000,2222.690000,43950.280000
2024-01-08,132442642373.000000,2332.510000,46995.100000
2024-01-09,132722037672.000000,2344.930000,46124.080000
2024-01-10,132693055518.000000,2584.770000,46666.110000
2024-01-11,133148676456.000000,2618.310000,46342.660000
2024-01-12,133467506552.000000,2522.030000,42773.030000
2024-01-13,132822771248.000000,2578.120000,42839.330000
2024-01-14,133458626347.000000,2470.660000,41697.330000
2024-01-15,133618377331.000000,2509.940000,42490.160000
2024-01-16,133303795971.000000,2586.830000,43130.450000
2024-01-17,133278138346.000000,2527.940000,42739.490000
2024-01-18,133813139215.000000,2468.820000,41293.500000
2024-01-19,133187146307.000000,2490.130000,41624.070000
2024-01-20,133357755233.000000,2470.440000,41666.670000
2024-01-21,133576068810.000000,2455.520000,41554.050000
2024-01-22,133298151343.000000,2311.340000,39524.270000
2024-01-23,133445247758.000000,2240.810000,39878.300000
2024-01-24,134239664029.000000,2234.060000,40077.780000
2024-01-25,134071787725.000000,2217.300000,39941.660000
2024-01-26,134259049797.000000,2267.340000,41814.800000
2024-01-27,134480470305.000000,2268.070000,42126.550000
2024-01-28,134553192201.000000,2256.510000,42034.590000
2024-01-29,134614894664.000000,2317.420000,43306.180000
2024-01-30,134937258573.000000,2342.960000,42942.780000
2024-01-31,134750117737.000000,2281.600000,42548.080000
2024-02-01,134786519351.000000,2303.610000,43078.810000
2024-02-02,135157723114.000000,2308.030000,43181.660000
2024-02-03,135132492095.000000,2295.970000,43010.670000
2024-02-04,135090414698.000000,2288.820000,42568.550000
2024-02-05,135168564024.000000,2298.910000,42657.670000
2024-02-06,135012752422.000000,2372.090000,43095.790000
2024-02-07,135351706897.000000,2424.550000,44343.610000
2024-02-08,135667630993.000000,2419.780000,45305.200000
2024-02-09,135966774702.000000,2487.840000,47160.410000
2024-02-10,136192593198.000000,2501.080000,47767.060000
2024-02-11,136463514053.000000,2508.110000,48316.300000
2024-02-12,136688944067.000000,2661.030000,49941.810000
2024-02-13,136284379153.000000,2641.630000,49725.360000
2024-02-14,136470963551.000000,2777.560000,51858.590000
2024-02-15,137431095301.000000,2825.940000,51934.290000
2024-02-16,137262657542.000000,2803.890000,52162.640000
2024-02-17,137619179089.000000,2786.830000,51666.220000
2024-02-18,137810375209.000000,2882.060000,52153.630000
2024-02-19,137706207623.000000,2945.430000,51787.050000
2024-02-20,137709750897.000000,3015.560000,52277.520000
2024-02-21,137807503911.000000,2968.370000,51851.670000
2024-02-22,137841062988.000000,2969.770000,51258.700000
2024-02-23,138199151984.000000,2921.790000,50747.050000
2024-02-24,138821066421.000000,2992.660000,51570.650000
2024-02-25,138581467409.000000,3113.170000,51731.000000
2024-02-26,138693603544.000000,3178.340000,54533.480000
2024-02-27,139148005602.000000,3243.840000,57077.070000
2024-02-28,139722158180.000000,3386.640000,62518.900000
2024-02-29,140197045346.000000,3341.780000,61179.030000
2024-03-01,140749449279.000000,3436.000000,62436.720000
2024-03-02,141304851068.000000,3424.040000,62045.780000
2024-03-03,141394227581.000000,3489.530000,63154.490000
2024-03-04,141792254627.000000,3633.230000,68360.140000
2024-03-05,141999585537.000000,3557.410000,63800.780000
2024-03-06,142164715866.000000,3821.820000,66122.280000
2024-03-07,142487669141.000000,3875.280000,66938.210000
2024-03-08,143005261947.000000,3892.600000,68289.160000
2024-03-09,144209742982.000000,3913.550000,68480.000000
2024-03-10,144508363687.000000,3881.960000,69032.120000
2024-03-11,144736914503.000000,4066.210000,72110.980000
2024-03-12,145477904658.000000,3980.340000,71475.930000
2024-03-13,145732944341.000000,4007.700000,73135.040000
2024-03-14,146536570116.000000,3880.450000,71364.580000
2024-03-15,146807368620.000000,3742.950000,69506.880000
2024-03-16,146722849744.000000,3520.100000,65254.220000
2024-03-17,146855193193.000000,3641.020000,68343.640000
2024-03-18,146529001543.000000,3520.660000,67613.040000
2024-03-19,147234672494.000000,3156.970000,61906.270000
2024-03-20,147623147605.000000,3516.680000,67858.800000
2024-03-21,147143684059.000000,3491.780000,65484.700000
2024-03-22,147707634309.000000,3337.410000,63814.560000
2024-03-23,147752673617.000000,3330.050000,63998.860000
2024-03-24,148085040442.000000,3454.670000,67204.930000
2024-03-25,147906937959.000000,3591.020000,69890.280000
2024-03-26,149232929479.000000,3587.670000,69992.400000
2024-03-27,149528490726.000000,3499.560000,69435.960000
2024-03-28,149487016829.000000,3561.100000,70801.180000
2024-03-29,149732467337.000000,3511.080000,69903.750000
2024-03-30,149939286818.000000,3507.510000,69626.870000
2024-03-31,150171409389.000000,3645.480000,71288.900000
2024-04-01,149906995726.000000,3505.850000,69681.820000
2024-04-02,150330438571.000000,3279.640000,65464.140000
2024-04-03,150981523184.000000,3312.430000,65987.920000
2024-04-04,152363668724.000000,3329.390000,68525.230000
2024-04-05,153239216598.000000,3319.260000,67856.510000
2024-04-06,154339943470.000000,3352.660000,68919.890000
2024-04-07,154367571366.000000,3453.670000,69350.340000
2024-04-08,154143542854.000000,3694.560000,71622.530000
2024-04-09,154172233337.000000,3504.580000,69117.010000
2024-04-10,153966643269.000000,3546.000000,70634.040000
2024-04-11,153675918103.000000,3503.060000,70020.730000
2024-04-12,154273055264.000000,3239.310000,67148.610000
2024-04-13,154479368835.000000,3011.390000,64024.770000
2024-04-14,155090997992.000000,3158.060000,65777.050000
2024-04-15,155118347030.000000,3103.130000,63452.180000
2024-04-16,155664848712.000000,3085.250000,63814.940000
2024-04-17,156656885689.000000,2984.980000,61279.360000
2024-04-18,154364386476.000000,3065.820000,63513.850000
2024-04-19,157600994660.000000,3057.930000,63848.370000
2024-04-20,156276857598.000000,3157.010000,64968.870000
2024-04-21,156392908286.000000,3148.100000,64952.920000
2024-04-22,158570394751.000000,3201.460000,66859.170000
2024-04-23,159115199780.000000,3219.490000,66414.160000
2024-04-24,159058333668.000000,3138.910000,64255.780000
2024-04-25,159599142810.000000,3155.360000,64484.440000
2024-04-26,159639918567.000000,3130.000000,63742.390000
2024-04-27,159431076344.000000,3253.040000,63422.000000
2024-04-28,159606156862.000000,3262.600000,63108.940000
2024-04-29,159599684201.000000,3215.530000,63844.850000
2024-04-30,159322079673.000000,3011.400000,60622.100000
2024-05-01,159481996837.000000,2968.120000,58265.590000
2024-05-02,159118521542.000000,2986.320000,59071.890000
2024-05-03,159253694523.000000,3103.270000,62913.030000
2024-05-04,159894414081.000000,3117.410000,63902.880000
2024-05-05,160193853222.000000,3136.950000,64023.450000
2024-05-06,160178998468.000000,3062.690000,63162.240000
2024-05-07,160125836168.000000,3005.780000,62315.760000
2024-05-08,159868427948.000000,2972.820000,61169.530000
2024-05-09,159760675591.000000,3035.920000,63073.570000
2024-05-10,159805642752.000000,2909.430000,60787.470000
2024-05-11,159596976793.000000,2911.750000,60814.630000
2024-05-12,159728264899.000000,2927.750000,61453.020000
2024-05-13,159685207983.000000,2950.210000,62932.370000
2024-05-14,159776738180.000000,2880.400000,61539.840000
2024-05-15,159556754306.000000,3033.200000,66244.690000
2024-05-16,160123997700.000000,2945.110000,65252.180000
2024-05-17,160267110601.000000,3093.390000,67046.330000
2024-05-18,160515760602.000000,3123.990000,66923.870000
2024-05-19,160852464994.000000,3070.900000,66261.620000
2024-05-20,160806872161.000000,3661.520000,71432.170000
2024-05-21,160510917895.000000,3789.370000,70142.840000
2024-05-22,160585011241.000000,3735.990000,69109.930000
2024-05-23,160635544091.000000,3780.830000,67940.450000
2024-05-24,160450160582.000000,3726.890000,68547.800000
2024-05-25,160809224456.000000,3749.060000,69289.670000
2024-05-26,160811334981.000000,3823.830000,68473.720000
2024-05-27,160514814670.000000,3890.720000,69368.720000
2024-05-28,160429560300.000000,3839.980000,68321.980000
2024-05-29,160175004615.000000,3762.110000,67569.450000
2024-05-30,159839802866.000000,3746.740000,68338.580000
2024-05-31,160250795420.000000,3758.440000,67472.410000
2024-06-01,160372577740.000000,3812.480000,67719.290000
2024-06-02,160426735664.000000,3778.880000,67735.520000
2024-06-03,160203799385.000000,3766.090000,68791.000000
2024-06-04,160531048086.000000,3810.290000,70542.320000
2024-06-05,160815349817.000000,3866.570000,71121.110000
2024-06-06,161005142656.000000,3812.090000,70773.640000
2024-06-07,161153566834.000000,3676.350000,69324.530000
2024-06-08,161477742937.000000,3680.840000,69304.050000
2024-06-09,161523651297.000000,3706.270000,69637.870000
2024-06-10,161576828310.000000,3665.860000,69497.730000
2024-06-11,161250169068.000000,3497.310000,67316.530000
2024-06-12,161073600343.000000,3559.140000,68248.600000
2024-06-13,161333446753.000000,3467.650000,66738.850000
2024-06-14,161424314240.000000,3479.530000,66004.390000
2024-06-15,161481659849.000000,3566.690000,66192.000000
2024-06-16,161212016131.000000,3622.100000,66628.750000
2024-06-17,161304990194.000000,3509.550000,66481.810000
2024-06-18,161141160511.000000,3482.060000,65152.800000
2024-06-19,161592233764.000000,3559.140000,64943.790000
2024-06-20,161381854536.000000,3510.730000,64840.880000
2024-06-21,161482664543.000000,3517.190000,64120.280000
2024-06-22,161757170763.000000,3494.090000,64235.010000
2024-06-23,161774637166.000000,3418.420000,63171.430000
2024-06-24,161488233084.000000,3350.590000,60263.000000
2024-06-25,161432664723.000000,3393.600000,61789.710000
2024-06-26,161465725681.000000,3369.310000,60816.680000
2024-06-27,161507329624.000000,3445.580000,61615.390000
2024-06-28,161412052205.000000,3373.620000,60313.350000
2024-06-29,161167254158.000000,3373.260000,60885.670000
2024-06-30,161147631713.000000,3432.370000,62668.260000
2024-07-01,160905446788.000000,3438.590000,62830.130000
2024-07-02,161112492538.000000,3416.170000,62040.220000
2024-07-03,161026570735.000000,3291.730000,60145.010000
2024-07-04,161090270584.000000,3058.890000,57042.140000
2024-07-05,161415870498.000000,2981.740000,56639.430000
2024-07-06,161779801103.000000,3067.390000,58244.750000
2024-07-07,161851930267.000000,2930.780000,55854.090000
2024-07-08,161873243872.000000,3018.480000,56699.430000
2024-07-09,161879435498.000000,3066.510000,58047.860000
2024-07-10,162179907624.000000,3100.300000,57712.590000
2024-07-11,162633783935.000000,3099.290000,57340.770000
2024-07-12,162603731811.000000,3135.050000,57909.030000
2024-07-13,162313576440.000000,3176.710000,59224.580000
2024-07-14,162592443578.000000,3246.380000,60808.420000
2024-07-15,162991620866.000000,3485.870000,64757.160000
2024-07-16,163064180600.000000,3446.670000,65088.990000
2024-07-17,163354265917.000000,3387.450000,64085.810000
2024-07-18,163529411754.000000,3425.580000,63982.860000
2024-07-19,163517374761.000000,3505.750000,66707.610000
2024-07-20,164468586672.000000,3519.060000,67163.830000
2024-07-21,164471674175.000000,3536.200000,68181.280000
2024-07-22,164465012235.000000,3441.100000,67558.220000
2024-07-23,164575424323.000000,3482.900000,65939.240000
2024-07-24,164796617241.000000,3334.990000,65366.400000
2024-07-25,164626176495.000000,3174.300000,65795.420000
2024-07-26,164178626579.000000,3274.950000,67924.080000
2024-07-27,164415149910.000000,3249.250000,67899.410000
2024-07-28,164588217961.000000,3269.980000,68244.300000
2024-07-29,164566860746.000000,3317.550000,66771.450000
2024-07-30,164208015692.000000,3278.270000,66169.680000
2024-07-31,164163362146.000000,3231.810000,64609.620000
2024-08-01,164108992062.000000,3200.540000,65288.180000
2024-08-02,163709173025.000000,2985.840000,61418.060000
2024-08-03,163822506911.000000,2901.720000,60674.930000
2024-08-04,163897142054.000000,2688.310000,58130.950000
2024-08-05,164045588294.000000,2420.370000,54029.120000
2024-08-06,164126075018.000000,2462.520000,56048.080000
2024-08-07,164601428022.000000,2343.660000,55148.100000
2024-08-08,166228704460.000000,2683.590000,61705.580000
2024-08-09,165860812891.000000,2599.940000,60862.130000
2024-08-10,166082299605.000000,2610.690000,60935.020000
2024-08-11,165692723038.000000,2555.580000,58722.490000
2024-08-12,166114676907.000000,2723.000000,59358.780000
2024-08-13,166487848664.000000,2703.490000,60603.190000
2024-08-14,166823263759.000000,2661.670000,58690.620000
2024-08-15,167459384766.000000,2570.500000,57543.610000
2024-08-16,167688170143.000000,2593.750000,58888.990000
2024-08-17,168291537169.000000,2614.640000,59497.490000
2024-08-18,168382824524.000000,2612.680000,58437.900000
2024-08-19,168365949349.000000,2637.150000,59452.670000
2024-08-20,168339020717.000000,2573.040000,59017.590000
2024-08-21,168771402996.000000,2631.140000,61163.280000
2024-08-22,169040404983.000000,2623.300000,60383.290000
2024-08-23,169179827729.000000,2764.730000,64086.720000
2024-08-24,169800572303.000000,2769.000000,64179.630000
2024-08-25,170148425092.000000,2747.570000,64251.930000
2024-08-26,170130298173.000000,2680.770000,62840.000000
2024-08-27,169872384957.000000,2458.220000,59439.640000
2024-08-28,169807824692.000000,2528.510000,59045.880000
2024-08-29,170032321228.000000,2527.710000,59364.470000
2024-08-30,170251464361.000000,2525.740000,59112.770000
2024-08-31,170165471856.000000,2512.620000,58968.370000
2024-09-01,169863936454.000000,2425.900000,57299.000000
2024-09-02,170335396321.000000,2537.810000,59139.830000
2024-09-03,170200840563.000000,2424.180000,57468.840000
2024-09-04,169827202522.000000,2450.460000,57971.000000
2024-09-05,170149879405.000000,2367.800000,56156.820000
2024-09-06,169858900924.000000,2224.460000,53950.010000
2024-09-07,169820696964.000000,2272.880000,54156.330000
2024-09-08,170079277104.000000,2297.470000,54881.110000
2024-09-09,170049383071.000000,2360.100000,57053.900000
2024-09-10,170722758216.000000,2388.260000,57645.590000
2024-09-11,170590192916.000000,2340.540000,57352.790000
2024-09-12,170602842542.000000,2361.630000,58137.540000
2024-09-13,170378188843.000000,2440.960000,60543.350000
2024-09-14,171143202979.000000,2418.190000,60012.350000
2024-09-15,171819568976.000000,2316.370000,59122.330000
2024-09-16,171471077591.000000,2295.210000,58208.750000
2024-09-17,171108278936.000000,2342.100000,60312.600000
2024-09-18,171707600001.000000,2374.590000,61769.180000
2024-09-19,171934453671.000000,2465.840000,62960.140000
2024-09-20,171833561719.000000,2562.020000,63210.690000
2024-09-21,172411757099.000000,2613.160000,63362.740000
2024-09-22,172654301570.000000,2580.920000,63577.660000
2024-09-23,172565164894.000000,2646.720000,63338.870000
2024-09-24,172461031973.000000,2653.310000,64272.930000
2024-09-25,172495602488.000000,2579.250000,63130.890000
2024-09-26,172720449683.000000,2632.530000,65177.210000
2024-09-27,173169186920.000000,2695.370000,65789.000000
2024-09-28,172912060600.000000,2675.790000,65858.990000
2024-09-29,172937944389.000000,2657.890000,65600.010000
2024-09-30,172926930198.000000,2601.270000,63301.250000
2024-10-01,172281427438.000000,2447.550000,60790.000000
2024-10-02,172692608334.000000,2363.760000,60631.370000
2024-10-03,172817960872.000000,2349.970000,60744.990000
2024-10-04,172682863016.000000,2414.430000,62090.710000
2024-10-05,172718255123.000000,2414.510000,62051.290000
2024-10-06,173500936072.000000,2439.840000,62810.860000
2024-10-07,172279339721.000000,2421.680000,62200.280000
2024-10-08,172857718495.000000,2439.480000,62122.020000
2024-10-09,172942056895.000000,2368.660000,60578.280000
2024-10-10,172980464366.000000,2384.320000,60279.530000
2024-10-11,172600657818.000000,2438.770000,62518.750000
2024-10-12,172973055450.000000,2475.790000,63187.470000
2024-10-13,173251667975.000000,2467.670000,62845.300000
2024-10-14,173567076503.000000,2628.740000,66065.650000
2024-10-15,172852412587.000000,2606.630000,67056.600000
2024-10-16,172908244767.000000,2610.540000,67608.440000
2024-10-17,172607601669.000000,2604.910000,67402.330000
2024-10-18,172579900005.000000,2641.980000,68426.110000
2024-10-19,172897687156.000000,2647.970000,68363.730000
2024-10-20,172920661244.000000,2746.220000,69014.860000
2024-10-21,172817499000.000000,2665.350000,67346.150000
2024-10-22,173001297573.000000,2620.840000,67380.080000
2024-10-23,172871920072.000000,2521.940000,66601.110000
2024-10-24,172361485076.000000,2533.990000,68156.840000
2024-10-25,171725392035.000000,2436.010000,66564.510000
2024-10-26,172599578242.000000,2479.490000,67012.560000
2024-10-27,172680321525.000000,2504.690000,67943.190000
2024-10-28,173105011910.000000,2565.660000,69924.500000
2024-10-29,172343685396.000000,2637.850000,72724.350000
2024-10-30,172948091484.000000,2658.160000,72322.910000
2024-10-31,173202208899.000000,2514.840000,70197.830000
2024-11-01,172636179461.000000,2510.270000,69467.290000
2024-11-02,173089998581.000000,2493.440000,69358.940000
2024-11-03,173160241207.000000,2456.570000,68738.180000
2024-11-04,173458241896.000000,2397.000000,67807.480000
2024-11-05,174869397970.000000,2422.240000,69380.730000
2024-11-06,175000636319.000000,2724.270000,75646.550000
2024-11-07,176754463620.000000,2897.650000,75920.000000
2024-11-08,177479975720.000000,2964.090000,76566.730000
2024-11-09,178645604575.000000,3127.970000,76716.060000
2024-11-10,178670422065.000000,3186.070000,80428.920000
2024-11-11,179934895110.000000,3375.780000,88770.730000
2024-11-12,180569772804.000000,3247.210000,88035.430000
2024-11-13,180742247482.000000,3191.450000,90493.820000
2024-11-14,181789143969.000000,3059.040000,87340.400000
2024-11-15,184036870280.000000,3090.760000,91058.360000
2024-11-16,184237476029.000000,3134.250000,90636.240000
2024-11-17,184590711112.000000,3076.790000,89886.690000
2024-11-18,185024535468.000000,3209.210000,90520.300000
2024-11-19,185259480100.000000,3111.700000,92435.890000
2024-11-20,185933886061.000000,3072.240000,94393.150000
2024-11-21,187741918906.000000,3359.900000,98439.090000
2024-11-22,188568706281.000000,3331.770000,99024.030000
2024-11-23,190480624744.000000,3397.510000,97778.770000
2024-11-24,192269568126.000000,3365.160000,98028.180000
2024-11-25,192612295864.000000,3414.720000,93000.010000
2024-11-26,191519827622.000000,3323.670000,91929.540000
2024-11-27,191886661162.000000,3657.630000,95951.190000
2024-11-28,193474933969.000000,3579.110000,95665.530000
2024-11-29,194398042816.000000,3593.670000,97490.560000
2024-11-30,195154129939.000000,3706.350000,96465.420000
2024-12-01,193265087597.000000,3710.240000,97263.180000
2024-12-02,193542496596.000000,3644.520000,95862.890000
2024-12-03,194477674913.000000,3617.590000,95924.520000
2024-12-04,194821667164.000000,3843.330000,98746.240000
2024-12-05,196137286466.000000,3788.930000,97044.230000
2024-12-06,196715735174.000000,4004.830000,99891.350000
2024-12-07,197857993288.000000,4000.010000,99929.320000
2024-12-08,198295483599.000000,4006.750000,101174.990000
2024-12-09,199187733827.000000,3713.570000,97324.810000
2024-12-10,199255992786.000000,3630.340000,96660.760000
2024-12-11,199651989667.000000,3835.080000,101202.110000
2024-12-12,201892168163.000000,3882.680000,100030.470000
2024-12-13,202376017948.000000,3907.870000,101428.750000
2024-12-14,203278264733.000000,3869.250000,101399.990000
2024-12-15,203557283090.000000,3957.700000,104447.760000
2024-12-16,203653164332.000000,3987.600000,106099.810000
2024-12-17,204158819598.000000,3893.540000,106136.990000
2024-12-18,204355380712.000000,3624.840000,100150.730000
2024-12-19,204583181774.000000,3414.350000,97372.210000
2024-12-20,205087706086.000000,3470.470000,97765.000000
2024-12-21,205146553619.000000,3337.090000,97230.080000
2024-12-22,205190869774.000000,3278.600000,95087.750000
2024-12-23,205861726099.000000,3418.120000,94764.560000
2024-12-24,205368947774.000000,3491.130000,98594.470000
2024-12-25,205794504859.000000,3493.950000,99346.280000
2024-12-26,206064401148.000000,3330.860000,95669.490000
2024-12-27,206560580408.000000,3328.600000,94171.890000
2024-12-28,206827582570.000000,3397.870000,95130.820000
2024-12-29,206597761977.000000,3350.230000,93563.350000
2024-12-30,206134398972.000000,3355.660000,92620.710000
2024-12-31,205447255733.000000,3330.320000,93354.220000
2025-01-01,204800406636.000000,3353.320000,94383.590000
2025-01-02,204352561153.000000,3452.390000,96903.190000
2025-01-03,206270875763.000000,3607.680000,98136.510000
2025-01-04,208007693412.000000,3656.400000,98209.850000
2025-01-05,207963449513.000000,3635.460000,98345.330000
2025-01-06,207907894945.000000,3688.740000,102279.410000
2025-01-07,208177840586.000000,3380.290000,96941.980000
2025-01-08,207642943556.000000,3326.290000,95036.630000
2025-01-09,207745342194.000000,3218.810000,92547.440000
2025-01-10,207487191379.000000,3266.530000,94701.180000
2025-01-11,207665839146.000000,3282.010000,94565.020000
2025-01-12,207559154130.000000,3266.020000,94509.620000
2025-01-13,207860983944.000000,3136.080000,94506.450000
2025-01-14,207778990015.000000,3223.970000,96534.960000
2025-01-15,208076643451.000000,3451.580000,100510.230000
2025-01-16,208933118522.000000,3307.730000,99981.780000
2025-01-17,209149391728.000000,3475.470000,104107.000000
2025-01-18,210867448569.000000,3304.070000,104435.000000
2025-01-19,210843748728.000000,3210.030000,101211.130000
2025-01-20,211215049079.000000,3280.400000,102145.430000
2025-01-21,211268321809.000000,3327.570000,106159.260000
2025-01-22,213986101041.000000,3241.350000,103667.110000
2025-01-23,215291338885.000000,3338.670000,103926.360000
2025-01-24,216040458922.000000,3309.720000,104850.270000
2025-01-25,216654789862.000000,3318.370000,104733.560000
2025-01-26,216693307807.000000,3231.480000,102563.000000
2025-01-27,216655464886.000000,3181.930000,102062.420000
2025-01-28,216867338887.000000,3076.060000,101290.000000
2025-01-29,217324321254.000000,3114.030000,103747.250000
2025-01-30,217535343706.000000,3247.480000,104742.640000
2025-01-31,218194949323.000000,3299.990000,102411.260000
2025-02-01,218393686940.000000,3116.780000,100623.850000
2025-02-02,218476699606.000000,2869.250000,97676.520000
2025-02-03,218525962937.000000,2883.620000,101460.200000
2025-02-04,219305561477.000000,2732.070000,97795.050000
2025-02-05,221982517199.000000,2788.300000,96638.330000
2025-02-06,223305049009.000000,2687.100000,96564.620000
2025-02-07,223749514581.000000,2622.950000,96537.080000
2025-02-08,224881193886.000000,2632.620000,96476.250000
2025-02-09,224962817849.000000,2627.870000,96475.820000
2025-02-10,225101861821.000000,2661.870000,97444.410000
2025-02-11,225271231196.000000,2602.030000,95774.080000
2025-02-12,225312403473.000000,2738.580000,97862.530000
2025-02-13,225551977618.000000,2676.090000,96625.290000
2025-02-14,225733095533.000000,2726.320000,97509.030000
2025-02-15,226056014823.000000,2693.580000,97596.940000
2025-02-16,226199099626.000000,2661.510000,96119.880000
2025-02-17,226418840003.000000,2744.100000,95781.800000
2025-02-18,226142253227.000000,2670.590000,95607.400000
2025-02-19,226051735441.000000,2715.270000,96632.030000
2025-02-20,226862830706.000000,2738.650000,98347.200000
2025-02-21,226777388215.000000,2661.690000,96157.030000
2025-02-22,227473664329.000000,2763.500000,96582.120000
2025-02-23,227252173331.000000,2819.630000,96265.980000
2025-02-24,227402691238.000000,2513.350000,91510.820000
2025-02-25,226800563389.000000,2492.370000,88583.740000
2025-02-26,225685967900.000000,2332.930000,84111.780000
2025-02-27,225104028555.000000,2305.210000,84625.190000
2025-02-28,225087960049.000000,2236.360000,84297.730000
2025-03-01,225961151181.000000,2216.510000,86018.760000
2025-03-02,225250448643.000000,2518.390000,94265.480000
2025-03-03,225230480255.000000,2147.530000,86161.100000
2025-03-04,225367026341.000000,2170.920000,87249.960000
2025-03-05,225911855807.000000,2241.530000,90603.730000
2025-03-06,226907418964.000000,2202.420000,89921.850000
2025-03-07,226989277442.000000,2140.810000,86756.980000
2025-03-08,228084307529.000000,2203.030000,86206.690000
2025-03-09,228169797106.000000,2020.020000,80699.170000
2025-03-10,228057375637.000000,1864.120000,78544.710000
2025-03-11,227667014275.000000,1923.080000,82914.510000
2025-03-12,228444740249.000000,1907.930000,83659.430000
2025-03-13,228835317944.000000,1863.810000,81073.430000
2025-03-14,229026333322.000000,1911.650000,83980.490000
2025-03-15,229809301113.000000,1937.610000,84351.460000
2025-03-16,229953205178.000000,1886.800000,82562.570000
2025-03-17,229914463996.000000,1926.280000,84011.400000
2025-03-18,230102891031.000000,1931.250000,82698.760000
2025-03-19,230430172081.000000,2057.060000,86877.960000
2025-03-20,231014403224.000000,1982.670000,84183.420000
2025-03-21,230895047724.000000,1964.980000,84061.960000
2025-03-22,231680910254.000000,1980.350000,83852.030000
2025-03-23,232627392625.000000,2005.970000,86092.940000
2025-03-24,232978695846.000000,2081.620000,87523.620000
2025-03-25,233992652045.000000,2066.780000,87427.880000
2025-03-26,235096513651.000000,2009.720000,86926.010000
2025-03-27,235228467200.000000,2003.320000,87217.480000
2025-03-28,234591849581.000000,1896.230000,84381.800000
2025-03-29,234013830536.000000,1827.390000,82616.830000
2025-03-30,234254597807.000000,1807.310000,82379.980000
2025-03-31,234203740057.000000,1822.030000,82534.320000
2025-04-01,234402971596.000000,1905.130000,85170.370000
2025-04-02,234612712906.000000,1794.700000,82490.080000
2025-04-03,235008076385.000000,1816.360000,83174.330000
2025-04-04,235139130641.000000,1816.390000,83860.160000
2025-04-05,234650242948.000000,1805.090000,83498.250000
2025-04-06,234349556721.000000,1579.770000,78370.750000
2025-04-07,233895396193.000000,1552.640000,79140.010000
2025-04-08,233512923224.000000,1471.940000,76251.640000
2025-04-09,233134605158.000000,1669.270000,82594.750000
2025-04-10,233253831825.000000,1521.510000,79552.340000
2025-04-11,233097212169.000000,1566.130000,83380.470000
2025-04-12,232966746113.000000,1643.850000,85271.010000
2025-04-13,233328272061.000000,1597.040000,83733.070000
2025-04-14,233126476930.000000,1624.030000,84590.360000
2025-04-15,233086671939.000000,1588.640000,83629.780000
2025-04-16,233533617271.000000,1577.270000,84028.720000
2025-04-17,233709218722.000000,1583.830000,84961.970000
2025-04-18,234224403912.000000,1588.570000,84466.470000
2025-04-19,233690402739.000000,1612.870000,85074.990000
2025-04-20,233740482710.000000,1587.320000,85177.340000
2025-04-21,233918325438.000000,1579.550000,87522.070000
2025-04-22,234087232697.000000,1757.000000,93489.100000
2025-04-23,235288586554.000000,1795.920000,93740.920000
2025-04-24,235810579235.000000,1770.410000,94021.960000
2025-04-25,236865313104.000000,1785.950000,94708.790000
2025-04-26,237491058483.000000,1821.600000,94666.640000
2025-04-27,238124002235.000000,1791.880000,93780.570000
2025-04-28,238843525984.000000,1800.260000,95042.570000
2025-04-29,239542721662.000000,1798.210000,94271.090000
2025-04-30,241010780299.000000,1793.790000,94182.540000
2025-05-01,241273396701.000000,1838.820000,96524.980000
2025-05-02,241425541566.000000,1842.980000,96929.810000
2025-05-03,241840435914.000000,1834.030000,95861.330000
2025-05-04,242214669627.000000,1809.000000,94272.550000
2025-05-05,242180305178.000000,1820.150000,94733.990000
2025-05-06,242060987388.000000,1817.060000,96839.170000
2025-05-07,241286543589.000000,1811.350000,97058.320000
2025-05-08,241424538250.000000,2207.090000,103253.490000
2025-05-09,242061740178.000000,2345.290000,102986.960000
2025-05-10,241944045692.000000,2583.800000,104821.190000
2025-05-11,242163036475.000000,2514.790000,104137.620000
2025-05-12,242170780308.000000,2495.830000,102800.210000
2025-05-13,241631142006.000000,2679.880000,104131.060000
2025-05-14,241484511028.000000,2610.310000,103545.380000
2025-05-15,241897505693.000000,2548.840000,103786.430000
2025-05-16,242457414694.000000,2538.020000,103500.030000
2025-05-17,243000049798.000000,2476.110000,103161.070000
2025-05-18,243057813733.000000,2498.240000,106473.460000
2025-05-19,243205062616.000000,2528.710000,105616.180000
2025-05-20,243143209035.000000,2525.050000,106883.240000
2025-05-21,243463816614.000000,2551.730000,109699.540000
2025-05-22,244488565383.000000,2665.390000,111722.530000
2025-05-23,245009525715.000000,2527.020000,107329.610000
2025-05-24,245332588188.000000,2530.990000,107794.010000
2025-05-25,245626842516.000000,2552.320000,109048.680000
2025-05-26,245636295101.000000,2564.320000,109464.320000
2025-05-27,245875808011.000000,2662.040000,108978.460000
2025-05-28,245650015592.000000,2682.160000,107819.290000
2025-05-29,245646159870.000000,2631.680000,105572.580000
2025-05-30,245823345399.000000,2531.940000,104033.260000
2025-05-31,245978576263.000000,2529.310000,104645.870000
2025-06-01,246104995024.000000,2540.380000,105697.940000
2025-06-02,246357402802.000000,2609.290000,105904.940000
2025-06-03,246989681504.000000,2595.030000,105447.820000
2025-06-04,247676937900.000000,2609.070000,104753.380000
2025-06-05,248083355185.000000,2415.340000,101570.200000
2025-06-06,247871631646.000000,2478.240000,104397.990000
2025-06-07,248537191481.000000,2526.140000,105619.020000
2025-06-08,248874175747.000000,2510.780000,105784.400000
2025-06-09,248887838274.000000,2681.290000,110301.150000
2025-06-10,249238260288.000000,2816.500000,110300.240000
2025-06-11,248979557794.000000,2772.390000,108669.370000
2025-06-12,249541879869.000000,2643.800000,105721.050000
2025-06-13,249494625283.000000,2580.210000,106118.700000
2025-06-14,250301253003.000000,2531.970000,105465.420000
2025-06-15,250221802501.000000,2548.030000,105599.250000
2025-06-16,250168777492.000000,2545.270000,106853.380000
2025-06-17,250078565049.000000,2510.700000,104590.440000
2025-06-18,250258514482.000000,2525.540000,104915.600000
2025-06-19,250293562584.000000,2521.520000,104671.900000
2025-06-20,250182938865.000000,2407.200000,103317.800000
2025-06-21,249967251300.000000,2297.280000,102160.030000
2025-06-22,249956106810.000000,2228.460000,100996.870000
2025-06-23,250134293383.000000,2413.000000,105419.390000
2025-06-24,249584459697.000000,2449.870000,106141.000000
2025-06-25,251352320182.000000,2420.090000,107400.220000
2025-06-26,251175614458.000000,2417.400000,107029.640000
2025-06-27,251341851775.000000,2424.200000,107113.380000
2025-06-28,251658172384.000000,2437.080000,107352.200000
2025-06-29,251986039955.000000,2500.690000,108386.440000
2025-06-30,251981259025.000000,2486.150000,107173.210000
2025-07-01,252254042408.000000,2405.320000,105711.780000
2025-07-02,252518088474.000000,2571.130000,108888.320000
2025-07-03,252916010780.000000,2592.130000,109628.830000
2025-07-04,253221792568.000000,2508.800000,108028.600000
2025-07-05,253373538411.000000,2517.010000,108246.650000
2025-07-06,253601986924.000000,2570.840000,109217.980000
2025-07-07,253632602362.000000,2542.380000,108269.840000
2025-07-08,253809559807.000000,2616.520000,108958.040000
2025-07-09,253740783483.000000,2769.830000,111282.850000
2025-07-10,254206638802.000000,2951.220000,116031.300000
2025-07-11,255356000389.000000,2959.120000,117582.160000
2025-07-12,256309638099.000000,2944.370000,117472.650000
2025-07-13,256581578591.000000,2973.380000,119130.810000
2025-07-14,256738779975.000000,3014.530000,119863.710000
2025-07-15,256379446769.000000,3138.010000,117781.640000
2025-07-16,255354974941.000000,3373.120000,118681.680000
2025-07-17,258049040472.000000,3479.770000,119273.690000
2025-07-18,258850271641.000000,3549.670000,118023.050000
2025-07-19,259312630117.000000,3594.300000,117914.170000
2025-07-20,259666837715.000000,3758.600000,117312.700000
2025-07-21,260043573930.000000,3763.750000,117428.790000
2025-07-22,260496616024.000000,3748.620000,120026.420000
2025-07-23,260984141949.000000,3630.340000,118810.440000
2025-07-24,261993148918.000000,3708.600000,118397.040000
2025-07-25,263136953970.000000,3725.840000,117633.270000
2025-07-26,262937049456.000000,3743.060000,117969.630000
2025-07-27,263546934062.000000,3873.920000,119465.520000
2025-07-28,263901390163.000000,3799.460000,118070.590000
2025-07-29,263861729558.000000,3793.400000,117933.390000
2025-07-30,263916095124.000000,3810.440000,117830.150000
2025-07-31,264557735385.000000,3698.070000,115761.130000
2025-08-01,265092823697.000000,3486.390000,113248.730000
2025-08-02,265357445884.000000,3392.800000,112542.740000
2025-08-03,265363956566.000000,3497.310000,114215.730000
2025-08-04,265919480359.000000,3720.870000,115051.850000
2025-08-05,266412938714.000000,3611.570000,114112.950000
2025-08-06,266565155662.000000,3683.800000,115028.830000
2025-08-07,266689116530.000000,3911.280000,117515.490000
2025-08-08,267619840150.000000,4011.000000,116683.790000
2025-08-09,268214485385.000000,4262.460000,116492.510000
2025-08-10,268937137462.000000,4251.910000,119309.370000
2025-08-11,268316344514.000000,4224.480000,118701.840000
2025-08-12,269050046931.000000,4589.880000,120113.180000
2025-08-13,269916103592.000000,4751.460000,123365.630000
2025-08-14,271559868004.000000,4550.590000,118389.790000
2025-08-15,273207826642.000000,4442.560000,117436.960000
2025-08-16,274727941421.000000,4425.130000,117455.680000
2025-08-17,274685300022.000000,4475.470000,117488.600000
2025-08-18,275503550108.000000,4315.370000,116286.760000
2025-08-19,275525087430.000000,4075.890000,112856.190000
2025-08-20,275483238732.000000,4336.410000,114276.000000
2025-08-21,275885123200.000000,4224.430000,112480.300000
2025-08-22,274766842070.000000,4831.240000,116908.680000
2025-08-23,274670593540.000000,4776.730000,115383.870000
2025-08-24,276010436080.000000,4779.870000,113478.000000
2025-08-25,276081252682.000000,4377.020000,110127.740000
2025-08-26,277936584490.000000,4601.640000,111788.010000
2025-08-27,278214605075.000000,4506.950000,111253.210000
2025-08-28,278755409692.000000,4511.300000,112574.850000
2025-08-29,281126969967.000000,4360.200000,108378.320000
2025-08-30,281300169945.000000,4374.580000,108827.930000
2025-08-31,281662424982.000000,4391.910000,108247.950000
2025-09-01,282404371290.000000,4314.760000,109240.550000
2025-09-02,282402323614.000000,4326.570000,111247.940000
2025-09-03,281554437284.000000,4452.400000,111756.410000
2025-09-04,283410271970.000000,4298.370000,110720.790000
2025-09-05,286035823015.000000,4307.650000,110670.020000
2025-09-06,284482437157.000000,4274.150000,110212.600000
2025-09-07,284542897470.000000,4305.560000,111129.610000
2025-09-08,284309600540.000000,4305.840000,112072.570000
2025-09-09,284470258148.000000,4309.930000,111549.320000
2025-09-10,284971387102.000000,4350.000000,113983.970000
2025-09-11,285084724014.000000,4460.510000,115540.000000
2025-09-12,285878810507.000000,4714.660000,116106.030000
2025-09-13,287259893129.000000,4669.000000,115968.350000
2025-09-14,287971736677.000000,4605.930000,115314.130000
2025-09-15,288000383920.000000,4524.560000,115381.080000
2025-09-16,288305619800.000000,4502.700000,116832.560000
2025-09-17,289103098543.000000,4592.170000,116484.400000
2025-09-18,289298179453.000000,4589.400000,117117.990000
2025-09-19,290415323496.000000,4471.000000,115690.550000
2025-09-20,291204137091.000000,4482.690000,115752.400000
2025-09-21,291413558874.000000,4447.030000,115282.270000
2025-09-22,291409284716.000000,4202.420000,112736.590000
2025-09-23,292284020132.000000,4165.190000,112017.210000
2025-09-24,293110655644.000000,4153.900000,113348.170000
2025-09-25,293909164554.000000,3875.700000,109035.720000
2025-09-26,294064775768.000000,4034.270000,109697.290000
2025-09-27,294802355221.000000,4020.350000,109681.160000
2025-09-28,294999808376.000000,4143.250000,112197.670000
2025-09-29,295239000684.000000,4217.250000,114365.070000
2025-09-30,296051526810.000000,4145.990000,114067.710000
2025-10-01,297474600277.000000,4350.520000,118659.970000
2025-10-02,298375317178.000000,4487.490000,120621.320000
2025-10-03,299559077393.000000,4515.890000,122318.400000
2025-10-04,301086295007.000000,4490.010000,122458.560000
2025-10-05,301613369081.000000,4515.400000,123520.790000
2025-10-06,301147574971.000000,4686.320000,124720.090000
2025-10-07,301821009761.000000,4449.800000,121393.950000
2025-10-08,302614528563.000000,4527.300000,123343.250000
2025-10-09,302630848537.000000,4370.900000,121714.510000
2025-10-10,302852872878.000000,3836.150000,112980.280000
2025-10-11,303181026137.000000,3750.600000,110768.890000
2025-10-12,302742651305.000000,4156.210000,115067.980000
2025-10-13,302799233388.000000,4244.690000,115274.030000
2025-10-14,303686185891.000000,4126.390000,113068.000000
2025-10-15,304918955407.000000,3987.530000,110804.120000
2025-10-16,305734378424.000000,3894.910000,108198.000000
2025-10-17,305803381780.000000,3832.990000,106463.300000
2025-10-18,306073880586.000000,3890.400000,107208.910000
2025-10-19,306099678921.000000,3983.890000,108676.780000
2025-10-20,306375318223.000000,3980.420000,110568.060000
2025-10-21,306334300116.000000,3874.570000,108362.270000
2025-10-22,307367893746.000000,3806.120000,107585.980000
2025-10-23,306771663388.000000,3858.410000,110116.030000
2025-10-24,306966910881.000000,3936.100000,111042.130000
2025-10-25,307591238218.000000,3954.520000,111666.210000
2025-10-26,307350558383.000000,4158.810000,114548.090000
2025-10-27,307209247509.000000,4120.100000,114087.060000
2025-10-28,306858277797.000000,3980.250000,112906.750000
2025-10-29,307040344040.000000,3904.200000,110032.130000
2025-10-30,306317157048.000000,3804.020000,108308.180000
2025-10-31,305936039561.000000,3845.790000,109555.270000
2025-11-01,305964396563.000000,3872.160000,110052.250000
2025-11-02,306116686148.000000,3905.970000,110536.010000
2025-11-03,305863505596.000000,3602.880000,106557.980000
2025-11-04,305813544622.000000,3286.210000,101468.150000
2025-11-05,304641129901.000000,3423.890000,103869.000000
2025-11-06,304479245789.000000,3313.460000,101290.500000
2025-11-07,303828988078.000000,3433.710000,103284.270000
2025-11-08,304175330888.000000,3400.460000,102285.570000
2025-11-09,303638435833.000000,3582.920000,104694.950000
2025-11-10,303579849048.000000,3566.490000,105979.380000
2025-11-11,303791032165.000000,3416.540000,103009.350000
2025-11-12,304155849035.000000,3414.060000,101639.010000
2025-11-13,304195559172.000000,3229.650000,99614.540000
2025-11-14,303652705002.000000,3109.490000,94503.960000
2025-11-15,302970474279.000000,3166.300000,95544.940000
2025-11-16,302850126150.000000,3092.250000,94183.970000
2025-11-17,302507858977.000000,3027.890000,92100.600000
2025-11-18,302135471451.000000,3121.740000,92914.460000
2025-11-19,301995870151.000000,3023.100000,91461.600000
2025-11-20,301775269883.000000,2830.590000,86536.880000
2025-11-21,301718482604.000000,2763.990000,85068.880000
2025-11-22,301437081161.000000,2768.500000,84684.000000
2025-11-23,301617941012.000000,2801.140000,86808.280000
2025-11-24,301376576419.000000,2952.590000,88266.200000
2025-11-25,302689862302.000000,2958.170000,87325.010000
2025-11-26,303253921090.000000,3026.430000,90468.840000
2025-11-27,304078270709.000000,3014.860000,91316.700000
2025-11-28,304503947715.000000,3031.860000,90902.700000
2025-11-29,305061523517.000000,2990.310000,90828.060000
2025-11-30,305225435426.000000,2991.900000,90369.510000
2025-12-01,304917299321.000000,2798.300000,86282.360000
2025-12-02,305766657819.000000,2996.700000,91308.050000
2025-12-03,306550227147.000000,3189.790000,93453.840000
2025-12-04,306501594456.000000,3134.130000,92093.540000
2025-12-05,307013395553.000000,3022.610000,89345.290000
2025-12-06,307216461767.000000,3039.130000,89267.970000
2025-12-07,307170872366.000000,3061.000000,90402.290000
2025-12-08,307365432754.000000,3124.930000,90653.860000
2025-12-09,307718314850.000000,3318.540000,92690.000000
2025-12-10,307878596200.000000,3325.020000,92035.990000
2025-12-11,307979598889.000000,3237.400000,92542.000000
2025-12-12,308951664862.000000,3084.910000,90278.000000
2025-12-13,309028089667.000000,3115.000000,90255.320000
2025-12-14,308909328506.000000,3063.300000,88171.610000
2025-12-15,308609460040.000000,2964.400000,86417.500000
2025-12-16,308395860733.000000,2961.960000,87854.010000
2025-12-17,308385407794.000000,2832.250000,86209.770000
2025-12-18,308316552736.000000,2826.570000,85460.020000
2025-12-19,307768212358.000000,2978.030000,88092.650000
2025-12-20,308259874261.000000,2976.600000,88324.000000
2025-12-21,309331698393.000000,3001.420000,88639.950000
2025-12-22,308100482946.000000,3007.690000,88556.770000
2025-12-23,308189565734.000000,2962.850000,87429.320000
2025-12-24,307797505219.000000,2945.070000,87609.030000
2025-12-25,307292227985.000000,2902.340000,87171.680000
2025-12-26,307461816754.000000,2925.430000,87296.010000
2025-12-27,307392668935.000000,2946.600000,87808.000000
2025-12-28,307271905089.000000,2948.920000,87877.290000
2025-12-29,307116507825.000000,2934.190000,87110.780000
2025-12-30,306997859490.000000,2970.420000,88397.500000
2025-12-31,306661529478.000000,2966.840000,87497.940000
2026-01-01,305918486001.000000,3000.410000,88738.340000
2026-01-02,305947738296.000000,3125.240000,89957.990000
2026-01-03,306728661822.000000,3125.430000,90598.020000
2026-01-04,306625769142.000000,3143.140000,91494.000000
2026-01-05,306966275955.000000,3225.190000,93870.060000
2026-01-06,307516239089.000000,3295.590000,93722.010000
2026-01-07,307093052478.000000,3165.640000,91279.730000
2026-01-08,306835741530.000000,3104.300000,91026.000000
2026-01-09,306478333516.000000,3084.310000,90515.450000
2026-01-10,306796599653.000000,3082.390000,90385.540000
2026-01-11,306657570177.000000,3118.650000,90872.010000
2026-01-12,306657725856.000000,3091.940000,91188.090000
2026-01-13,306118860970.000000,3323.380000,95384.230000
2026-01-14,307633929751.000000,3354.820000,96955.160000
2026-01-15,308538235246.000000,3317.980000,95587.650000
2026-01-16,309403751027.000000,3294.880000,95504.000000
2026-01-17,309974702522.000000,3309.330000,95109.990000
2026-01-18,310256575678.000000,3282.550000,93633.530000
2026-01-19,310072150521.000000,3187.510000,92559.660000
2026-01-20,309868486136.000000,2936.500000,88310.600000
2026-01-21,308173391931.000000,2979.600000,89363.710000
2026-01-22,307646494550.000000,2949.360000,89463.500000
2026-01-23,307354091568.000000,2952.770000,89474.930000
2026-01-24,307765264261.000000,2948.860000,89082.170000
2026-01-25,307740915590.000000,2814.280000,86561.940000
2026-01-26,307686134442.000000,2926.850000,88250.010000
2026-01-27,307124760223.000000,3021.910000,89116.960000
2026-01-28,307059338862.000000,3006.170000,89162.400000
2026-01-29,306746948022.000000,2817.790000,84513.200000
2026-01-30,305422453438.000000,2702.690000,84110.990000
2026-01-31,304364181496.000000,2449.360000,78648.000000
2026-02-01,303754017728.000000,2268.180000,76895.530000
2026-02-02,304080869681.000000,2345.110000,78666.850000
2026-02-03,304321740691.000000,2230.480000,75661.490000
2026-02-04,304546421053.000000,2143.570000,72998.000000
2026-02-05,304611706598.000000,1823.200000,62791.000000
2026-02-06,303897405142.000000,2061.950000,70527.700000
2026-02-07,304238765262.000000,2086.170000,69244.740000
2026-02-08,304780699505.000000,2088.420000,70279.330000
2026-02-09,305978440965.000000,2103.830000,70101.990000
2026-02-10,305682381998.000000,2021.710000,68803.650000
2026-02-11,305260272643.000000,1939.450000,67024.930000
2026-02-12,305156538508.000000,1946.110000,66208.000000
2026-02-13,304945677142.000000,2047.480000,68812.000000
2026-02-14,305816781626.000000,2085.400000,69786.960000
2026-02-15,305926111777.000000,1965.360000,68792.000000
2026-02-16,306066391999.000000,1997.280000,68858.130000
2026-02-17,306299353617.000000,1990.830000,67466.700000
2026-02-18,305913823144.000000,1955.010000,66419.790000
2026-02-19,306171449060.000000,1948.160000,66972.500000
2026-02-20,306179846336.000000,1968.130000,67984.420000
2026-02-21,305731837378.000000,1973.000000,67955.780000
2026-02-22,305662135976.000000,1956.840000,67617.980000
2026-02-23,306823608138.000000,1855.520000,64625.780000
2026-02-24,306631518800.000000,1851.940000,64068.330000
2026-02-25,306874731158.000000,2057.710000,67992.680000
2026-02-26,307504964907.000000,2027.900000,67490.510000
2026-02-27,307009474343.000000,1929.610000,65859.940000
2026-02-28,307296783408.000000,1964.710000,66967.850000
2026-03-01,307588641248.000000,1939.680000,65769.000000
2026-03-02,307206840099.000000,2027.490000,68832.010000
2026-03-03,308313437137.000000,1982.870000,68335.990000
2026-03-04,308567715778.000000,2127.610000,72683.260000
2026-03-05,309518477895.000000,2072.990000,70887.600000
2026-03-06,310553489741.000000,1978.490000,68108.240000
2026-03-07,310736906541.000000,1969.610000,67259.620000
2026-03-08,310757997266.000000,1936.930000,65970.560000
2026-03-09,310917263123.000000,1993.190000,68432.170000
2026-03-10,311953218868.000000,2036.800000,69960.830000
2026-03-11,312268271562.000000,2052.250000,70208.000000
2026-03-12,312578422730.000000,2074.000000,70531.560000
2026-03-13,313202135485.000000,2092.810000,70944.330000
2026-03-14,313660157485.000000,2096.700000,71232.020000
2026-03-15,313615607014.000000,2178.670000,72830.010000
2026-03-16,313585089324.000000,2352.940000,74886.470000
2026-03-17,313651000678.000000,2318.030000,73934.110000
2026-03-18,313785438160.000000,2203.470000,71245.020000
2026-03-19,313319327617.000000,2137.980000,69918.300000
2026-03-20,313663254799.000000,2145.890000,70497.010000
2026-03-21,313828054627.000000,2084.640000,68912.020000
2026-03-22,313827211325.000000,2053.490000,67844.940000
2026-03-23,313791840586.000000,2151.710000,70874.230000
2026-03-24,313228382336.000000,2155.560000,70533.490000
2026-03-25,313349549474.000000,2167.980000,71301.530000
2026-03-26,313462091829.000000,2058.740000,68769.020000
2026-03-27,312968799176.000000,1991.550000,66353.340000
2026-03-28,312827828356.000000,1992.980000,66320.150000
2026-03-29,312754050318.000000,1982.960000,65956.940000
2026-03-30,312879945956.000000,2024.600000,66737.180000
2026-03-31,313155958237.000000,2103.610000,68221.850000
2026-04-01,313922386711.000000,2140.210000,68112.350000
2026-04-02,314149127913.000000,2056.780000,66894.480000
2026-04-03,314421929917.000000,2053.520000,66959.990000
2026-04-04,314812134814.000000,2065.170000,67291.730000
2026-04-05,314739027559.000000,2109.240000,69005.000000
2026-04-06,314754521146.000000,2107.390000,68853.610000
2026-04-07,314273934691.000000,2239.680000,71910.200000
2026-04-08,314976921789.000000,2190.240000,71085.990000
2026-04-09,315001513763.000000,2190.150000,71798.010000
2026-04-10,315417570704.000000,2246.290000,72997.880000
2026-04-11,316126956625.000000,2285.790000,73086.000000
2026-04-12,316207721333.000000,2191.800000,70755.350000
2026-04-13,316302587408.000000,2370.280000,74446.000000
2026-04-14,316442189001.000000,2323.580000,74179.040000
2026-04-15,317487841697.000000,2360.600000,74836.310000
2026-04-16,317534359011.000000,2348.610000,75163.090000
2026-04-17,318036707598.000000,2419.810000,77098.010000
2026-04-18,318879904165.000000,2351.360000,75736.820000
2026-04-19,319045431670.000000,2263.890000,73823.140000
2026-04-20,318121816801.000000,2314.790000,75864.860000
2026-04-21,318179527695.000000,2328.000000,76348.580000
2026-04-22,318901979175.000000,2375.210000,78208.520000
2026-04-23,318509010827.000000,2331.080000,78281.320000
2026-04-24,318241306863.000000,2315.810000,77461.800000
2026-04-25,318067176168.000000,2319.970000,77650.720000
2026-04-26,318173752680.000000,2370.470000,78673.830000
2026-04-27,318155508668.000000,2303.440000,77364.420000
2026-04-28,317940466396.000000,2289.290000,76317.990000
2026-04-29,318070689342.000000,2251.850000,75752.880000
2026-04-30,317273793068.000000,2256.800000,76305.780000
2026-05-01,317960715023.000000,2295.540000,78234.050000
2026-05-02,318190030622.000000,2316.890000,78682.310000
2026-05-03,318259155351.000000,2322.500000,78558.890000
2026-05-04,318602117958.000000,2346.950000,79852.370000
2026-05-05,319135274576.000000,2360.500000,80907.720000
2026-05-06,320025422368.000000,2350.660000,81438.100000
2026-05-07,320295004144.000000,2290.810000,80005.380000
2026-05-08,320556974730.000000,2307.240000,80188.820000
2026-05-09,319201423114.000000,2326.160000,80655.960000
2026-05-10,319938700071.000000,2371.120000,82199.990000
2026-05-11,320221021591.000000,2339.390000,81727.060000
2026-05-12,320428827413.000000,2274.430000,80484.720000
2026-05-13,320183714054.000000,2257.850000,79288.260000
2026-05-14,319753547351.000000,2283.080000,81079.390000
2026-05-15,319869527924.000000,2223.000000,79058.510000
2026-05-16,320549709982.000000,2179.960000,78105.450000
2026-05-17,320845996397.000000,2129.740000,77407.590000
2026-05-18,320747633253.000000,2128.570000,76943.980000
2026-05-19,320503391689.000000,2110.060000,76767.480000
2026-05-20,319993056422.000000,2127.490000,77475.990000
2026-05-21,319492079604.000000,2131.960000,77547.620000
2026-05-22,320255144698.000000,2063.390000,75443.910000
2026-05-23,320318607057.000000,2115.040000,76650.000000
2026-05-24,320255365095.000000,2097.350000,76975.990000
2026-05-25,319991995143.000000,2110.910000,77249.070000
2026-05-26,320145604807.000000,2070.880000,75826.100000
2026-05-27,319804661552.000000,2021.640000,74315.980000
2026-05-28,319188684382.000000,2006.610000,73512.560000
2026-05-29,318239199778.000000,2011.650000,73366.770000
2026-05-30,317806286725.000000,2019.580000,73770.690000
2026-05-31,317571719396.000000,2004.000000,73575.170000
2026-06-01,317361654297.000000,2004.000000,71314.420000
2026-06-02,317361970049.000000,1857.320000,66658.350000
2026-06-03,316676833549.000000,1810.660000,64040.000000
2026-06-04,315942616026.000000,1768.530000,63806.020000
2026-06-05,314629907680.000000,1582.850000,61032.000000
2026-06-06,314061959727.000000,1568.870000,60850.480000
2026-06-07,313590644967.000000,1689.750000,63302.730000
2026-06-08,313717600329.000000,1689.890000,63062.980000
2026-06-09,314174014503.000000,1638.450000,61685.800000
2026-06-10,313196962449.000000,1620.030000,61449.460000
2026-06-11,313103855550.000000,1671.940000,63563.420000
2026-06-12,312959973735.000000,1665.520000,63538.430000
2026-06-13,312565564373.000000,1680.300000,64429.990000
2026-06-14,312624111354.000000,1724.730000,65706.620000
2026-06-15,312526303373.000000,1795.010000,66276.800000
2026-06-16,312977581893.000000,1791.240000,65616.640000
2026-06-17,312855845857.000000,1749.000000,64446.040000
2026-06-18,312510031424.000000,1709.010000,62879.010000
2026-06-19,312685374137.000000,1709.420000,63475.200000
2026-06-20,312713896126.000000,1738.460000,64222.990000
2026-06-21,312772816246.000000,1704.800000,63235.630000
2026-06-22,312841389068.000000,1726.150000,63950.610000
2026-06-23,312875699659.000000,1665.040000,62644.860000
2026-06-24,312242774252.000000,1619.720000,60983.130000
2026-06-25,311877579672.000000,1565.190000,59703.650000
2026-06-26,311985469956.000000,1576.270000,60002.530000
2026-06-27,310575462574.000000,1571.600000,59934.840000
2026-06-28,310569539297.000000,1569.410000,59474.010000
2026-06-29,310228597012.000000,1610.620000,60162.730000
2026-06-30,309559162984.000000,1569.450000,58523.930000
2026-07-01,308813355300.000000,1607.640000,59961.450000
2026-07-02,308957581274.000000,1698.630000,61484.020000
2026-07-03,308745815968.000000,1756.140000,62520.220000
2026-07-04,308588685142.000000,1779.340000,63086.450000
2026-07-05,308493932191.000000,1784.200000,63580.440000
2026-07-06,309485410642.000000,1798.450000,64001.840000
2026-07-07,309021459466.000000,1770.090000,63323.270000
2026-07-08,306843581752.000000,1741.800000,62237.700000
2026-07-09,306849662112.000000,1743.820000,63175.250000
2026-07-10,307733326373.000000,1795.740000,64128.490000
2026-07-11,308107669491.000000,1786.810000,63773.040000
2026-07-12,308035296117.000000,1805.510000,63740.320000
2026-07-13,307778629629.000000,1774.570000,62264.940000
2026-07-14,306515428942.000000,1890.630000,64988.640000
2026-07-15,306792237399.000000,1916.760000,64716.630000
2026-07-16,306082843673.000000,1863.170000,63770.600000
2026-07-17,306310090868.000000,1840.940000,63894.000000
2026-07-18,306564294849.000000,1861.540000,64796.360000
2026-07-19,306610466369.000000,1870.890000,64681.780000
2026-07-20,306439636354.000000,1903.520000,65213.050000
2026-07-21,306192338685.000000,1929.000000,66516.180000
2026-07-22,306378470267.000000,1933.540000,66086.610000
2026-07-23,306012671429.000000,1876.910000,65051.230000
2026-07-24,306853035566.000000,1859.770000,64083.320000
2026-07-25,306889225428.000000,1873.050000,64295.610000
2026-07-26,306723925119.000000,1952.930000,65341.070000
2026-07-27,306324533673.000000,1890.670000,63694.430000
2026-07-28,305225571980.000000,1919.900000,63847.120000
2026-07-29,304892868634.000000,1908.480000,63896.140000
2026-07-30,304626434040.000000,1916.820000,64721.900000
2026-07-31,303874123249.000000,1860.660000,62825.900000
2026-08-01,303900653644.000000,1843.180000,62764.200000
2026-08-02,303813345668.000000,1883.350000,63499.490000
2026-08-03,303701375761.000000,1858.950000,63466.510000
2026-08-04,303961142554.000000,1868.390000,64050.510000
2026-08-05,304160463101.000000,1907.290000,64603.030000
2026-08-06,304326136114.000000,1902.420000,64267.300000
2026-08-07,304470553598.000000,1913.150000,64891.610000
2026-08-08,304507647075.000000,1915.400000,64908.720000
2026-08-09,304504368623.000000,1909.090000,64848.690000
2026-08-10,304577458270.000000,1871.440000,63911.880000
2026-08-11,303661121901.000000,1880.720000,63531.750000
2026-08-12,304601588083.000000,1877.590000,63411.720000
2026-08-13,304702069466.000000,1884.610000,63425.350000
2026-08-14,304603832730.000000,1880.410000,62975.190000
2026-08-15,304759932570.000000,1880.940000,63018.750000
2026-08-16,304662410026.000000,1874.130000,62836.660000
2026-08-17,304662922627.000000,1911.940000,64484.180000
2026-08-18,304770865639.000000,1916.720000,64681.330000
2026-08-19,304748019588.000000,2251.690000,69300.010000
2026-08-20,305441594434.000000,2326.350000,73011.870000
2026-08-21,306414019095.000000,2515.800000,78325.540000
2026-08-22,306685060265.000000,2422.000000,77054.440000
2026-08-23,306803423380.000000,2463.390000,77729.360000
2026-08-24,306886168082.000000,2482.200000,78981.590000
2026-08-25,307018869244.000000,2442.550000,78526.800000
2026-08-26,307298677282.000000,2506.930000,79026.180000
2026-08-27,307623290449.000000,2511.670000,80275.340000
2026-08-28,307678816385.000000,2442.790000,77839.190000
2026-08-29,307308505992.000000,2457.680000,78233.930000
2026-08-30,307218505320.000000,2416.860000,77665.140000
2026-08-31,307337066482.000000,2467.290000,78562.740000
2026-09-01,307292864580.000000,2417.250000,77398.690000
2026-09-02,307265283545.000000,2390.830000,77307.360000
2026-09-03,307630220101.000000,2507.470000,81263.990000
2026-09-04,308676336604.000000,2456.600000,79675.120000
2026-09-05,308865619966.000000,2480.610000,79831.570000
2026-09-06,308927744048.000000,2514.310000,80339.130000
2026-09-07,308955237485.000000,2489.620000,79091.970000
2026-09-08,308818960271.000000,2485.020000,78447.110000
2026-09-09,309057822174.000000,2467.500000,78283.980000
2026-09-10,308905223490.000000,2437.360000,76536.550000
2026-09-11,308547158774.000000,2516.290000,77208.550000
2026-09-12,308735800482.000000,2525.350000,77262.850000
2026-09-13,308713430563.000000,2475.860000,76799.850000
2026-09-14,308599085653.000000,2515.430000,78175.010000
2026-09-15,308786489508.000000,2396.140000,75584.170000
2026-09-16,308019810194.000000,2416.570000,76144.990000
2026-09-17,308007819544.000000,2445.440000,76348.740000
2026-09-18,308019607521.000000,2611.340000,80875.040000
2026-09-19,308517994740.000000,2631.700000,81233.910000
2026-09-20,308494066876.000000,2644.310000,81159.640000
2026-09-21,308676709792.000000,2775.580000,86594.940000
2026-09-22,310349625823.000000,2753.380000,86198.050000
2026-09-23,307918173387.000000,2683.880000,84378.310000
2026-09-24,307161812723.000000,2687.280000,84385.460000
2026-09-25,308512905448.000000,2691.400000,84093.130000
2026-09-26,307796037980.000000,2695.530000,84416.650000
2026-09-27,310086306934.000000,2688.230000,84462.140000
2026-09-28,311470047825.000000,2687.410000,83456.740000
2026-09-29,311261810601.000000,2677.060000,83638.420000
2026-09-30,311200297805.000000,2683.930000,83556.140000
2026-10-01,310711423887.000000,2705.500000,84848.730000
2026-10-02,311516937639.000000,2668.130000,84504.880000
2026-10-03,311894350575.000000,2686.830000,84742.220000
2026-10-04,311974411500.000000,2726.660000,86507.110000
2026-10-05,312182855236.419983,2723.300000,86229.670000
