date,pool,fee_ret,mark_ret,ret,in_range_share,close_tick
2021-05-05,0x7858,0.0003350230627166095,0.0,0.0003350230627166095,1.0,-1.0
2021-05-06,0x7858,0.0006812666175783482,0.00020003950293290274,0.0008813061205112509,1.0,-9.0
2021-05-07,0x7858,0.0006642070534453376,-7.502518876711939e-06,0.0006567045345686256,1.0,-8.0
2021-05-08,0x7858,0.0006448820779794235,-5.250952341051551e-05,0.000592372554568908,1.0,-5.0
2021-05-09,0x7858,0.0005304074343440711,5.251228080527248e-05,0.0005829197151493436,1.0,-8.0
2021-05-10,0x7858,0.0006066337953725168,7.502575164908265e-06,0.0006141363705374251,1.0,-9.0
2021-05-11,0x7858,0.00047720598154867206,-3.7509093059329146e-05,0.0004396968884893429,1.0,-6.0
2021-05-12,0x7858,0.000517673239456216,0.0,0.000517673239456216,1.0,-6.0
2021-05-13,0x7858,0.0006068680185087749,-5.0005498773209034e-05,0.0005568625197355659,1.0,-4.0
2021-05-14,0x7858,0.00040575007885754915,8.001719981742816e-05,0.0004857672786749773,1.0,-8.0
2021-05-15,0x7858,0.0003311729510312849,1.0003600178665195e-05,0.0003411765512099501,1.0,-10.0
2021-05-16,0x7858,0.0006593930971784664,-4.0009999243695304e-05,0.0006193830979347711,1.0,-6.0
2021-05-17,0x7858,0.001103855485749534,0.0,0.001103855485749534,1.0,-6.0
2021-05-18,0x7858,0.0011670725281911882,-5.0005498773209034e-05,0.0011170670294179791,1.0,-4.0
2021-05-19,0x7858,0.0016094292593572667,6.75128246319101e-05,0.0016769420839891768,1.0,-7.0
2021-05-20,0x7858,0.0009014587695742132,2.2507256295822842e-05,0.0009239660258700361,0.9979166666666667,-10.0
2021-05-21,0x7858,0.00014455408513978747,0.0,0.00014455408513978747,0.19027777777777777,-10.0
2021-05-22,0x7858,0.0008106112930698109,-4.0009999243695304e-05,0.0007706012938261156,0.9361111111111111,-6.0
2021-05-23,0x7858,0.000759862908143549,0.0,0.000759862908143549,1.0,-6.0
2021-05-24,0x7858,0.0004912185219587541,3.7510500044080075e-05,0.0005287290220028342,1.0,-9.0
2021-05-25,0x7858,0.00010760332599768098,2.5010062496555463e-06,0.00011010433224733652,0.22291666666666668,-12.0
2021-05-26,0x7858,4.356240241030089e-05,0.0,4.356240241030089e-05,0.07569444444444444,-12.0
2021-05-27,0x7858,0.00015441677790270066,-6.251249823907568e-05,9.190427966362499e-05,0.16458333333333333,-5.0
2021-05-28,0x7858,0.0005570898531247776,-0.0001874867176223649,0.0003696031355024127,1.0,0.0
2021-05-29,0x7858,0.0003628273987451823,9.000199977227119e-05,0.0004528293985174535,1.0,-2.0
2021-05-30,0x7858,0.00042799541979284775,0.0,0.00042799541979284775,1.0,-2.0
2021-05-31,0x7858,0.0003827484477551418,-4.249879987650029e-05,0.0003402496478786415,1.0,-1.0
2021-06-01,0x7858,0.00016949158878685146,4.250060610133666e-05,0.00021199219488818812,1.0,-2.0
2021-06-02,0x7858,0.00010354861774176671,0.0,0.00010354861774176671,1.0,-2.0
2021-06-03,0x7858,0.00011825607766440456,0.0,0.00011825607766440456,1.0,-2.0
2021-06-04,0x7858,0.00015302602652911355,7.000569937520851e-05,0.00022303172590432206,1.0,-4.0
2021-06-05,0x7858,0.00011768193469681096,-3.250167427937267e-05,8.518026041743829e-05,1.0,-3.0
2021-06-06,0x7858,6.40467290384836e-05,0.0,6.40467290384836e-05,1.0,-3.0
2021-06-07,0x7858,0.00013244597025279594,3.250273067245679e-05,0.00016494870092525273,1.0,-4.0
2021-06-08,0x7858,0.00016432707900879175,0.0,0.00016432707900879175,1.0,-4.0
2021-06-09,0x7858,0.00010806915183623952,0.0,0.00010806915183623952,1.0,-4.0
2021-06-10,0x7858,6.508148186416475e-05,0.0,6.508148186416475e-05,1.0,-4.0
2021-06-11,0x7858,6.455798583370637e-05,0.0,6.455798583370637e-05,1.0,-4.0
2021-06-12,0x7858,7.692172726764382e-05,-7.000079892027777e-05,6.920928347366043e-06,1.0,-2.0
2021-06-13,0x7858,0.00010839306361288723,-4.249879987650029e-05,6.589426373638694e-05,1.0,-1.0
2021-06-14,0x7858,0.0001155704690465235,0.0,0.0001155704690465235,1.0,-1.0
2021-06-15,0x7858,0.00011964389167060158,0.0,0.00011964389167060158,1.0,-1.0
2021-06-16,0x7858,7.838502333086791e-05,0.0,7.838502333086791e-05,1.0,-1.0
2021-06-17,0x7858,5.6685774012179176e-05,4.250060610133666e-05,9.918638011351583e-05,1.0,-2.0
2021-06-18,0x7858,6.286163143266196e-05,0.0,6.286163143266196e-05,1.0,-2.0
2021-06-19,0x7858,3.302404780644675e-05,0.0,3.302404780644675e-05,1.0,-2.0
2021-06-20,0x7858,5.3332428213199956e-05,0.0,5.3332428213199956e-05,1.0,-2.0
2021-06-21,0x7858,0.00015614621110330708,-4.249879987650029e-05,0.00011364741122680679,1.0,-1.0
2021-06-22,0x7858,0.000177035198216952,-4.7497118835337915e-05,0.00012953807938161408,1.0,0.0
2021-06-23,0x7858,0.0001283799180942264,0.0,0.0001283799180942264,1.0,0.0
2021-06-24,0x7858,0.00039826923050254563,-0.0001724711297997894,0.00022579810070275623,1.0,3.0
2021-06-25,0x7858,0.0001130383680290103,6.249590661200344e-05,0.00017553427464101374,1.0,2.0
2021-06-26,0x7858,8.45283795578828e-05,0.0,8.45283795578828e-05,1.0,2.0
2021-06-27,0x7858,0.00010033929285701125,5.749695035484059e-05,0.00015783624321185185,1.0,1.0
2021-06-28,0x7858,0.00012855554034610497,0.0,0.00012855554034610497,1.0,1.0
2021-06-29,0x7858,6.597830946871214e-05,5.249813134144965e-05,0.00011847644081016179,1.0,0.0
2021-06-30,0x7858,9.849563021035355e-05,0.0,9.849563021035355e-05,1.0,0.0
2021-07-01,0x7858,8.559387474277525e-05,0.0,8.559387474277525e-05,1.0,0.0
2021-07-02,0x7858,6.618283285978623e-05,0.0,6.618283285978623e-05,1.0,0.0
2021-07-03,0x7858,8.89331923741272e-05,0.0,8.89331923741272e-05,1.0,0.0
2021-07-04,0x7858,0.00011741051009296585,0.0,0.00011741051009296585,1.0,0.0
2021-07-05,0x7858,0.00010225208407578518,-0.00010998600192746455,-7.733917851679374e-06,1.0,2.0
2021-07-06,0x7858,0.0001552987623428329,0.0,0.0001552987623428329,1.0,2.0
2021-07-07,0x7858,0.00011234843895531745,0.0001099981001786432,0.00022234653913396065,1.0,0.0
2021-07-08,0x7858,0.00013869667504744928,4.749937491888012e-05,0.0001861960499663294,1.0,-1.0
2021-07-09,0x7858,0.00013574547154379844,-0.00015747789674469548,-2.1732425200897035e-05,1.0,2.0
2021-07-10,0x7858,0.00014596904096524457,5.749695035484059e-05,0.00020346599132008516,1.0,1.0
2021-07-11,0x7858,4.3742549710966704e-05,0.0,4.3742549710966704e-05,1.0,1.0
2021-07-12,0x7858,5.847634822933366e-05,0.0,5.847634822933366e-05,1.0,1.0
2021-07-13,0x7858,6.673303693940456e-05,0.0,6.673303693940456e-05,1.0,1.0
2021-07-14,0x7858,8.826108222807323e-05,0.0,8.826108222807323e-05,1.0,1.0
2021-07-15,0x7858,6.877658849627254e-05,0.0,6.877658849627254e-05,1.0,1.0
2021-07-16,0x7858,4.5383645622716566e-05,5.249813134144965e-05,9.788177696416622e-05,1.0,0.0
2021-07-17,0x7858,3.9063773226241656e-05,-5.249537543239313e-05,-1.3431602206151476e-05,1.0,1.0
2021-07-18,0x7858,2.421434698108272e-05,5.249813134144965e-05,7.671247832253237e-05,1.0,0.0
2021-07-19,0x7858,4.2106669069628564e-05,-5.249537543239313e-05,-1.0388706362764568e-05,1.0,1.0
2021-07-20,0x7858,6.315382329547235e-05,0.0,6.315382329547235e-05,1.0,1.0
2021-07-21,0x7858,0.00015452845817580477,-0.00011998205287022667,3.45464053055781e-05,1.0,3.0
2021-07-22,0x7858,6.812567526999367e-05,0.00011999645029070471,0.00018812212556069838,1.0,1.0
2021-07-23,0x7858,4.311469878304634e-05,0.0,4.311469878304634e-05,1.0,1.0
2021-07-24,0x7858,5.978099437069724e-05,5.249813134144965e-05,0.0001122791257121469,1.0,0.0
2021-07-25,0x7858,4.3122989732695754e-05,0.0,4.3122989732695754e-05,1.0,0.0
2021-07-26,0x7858,0.00025557864491848804,-5.249537543239313e-05,0.0002030832694860949,1.0,1.0
2021-07-27,0x7858,0.00010008316880733386,0.0,0.00010008316880733386,1.0,1.0
2021-07-28,0x7858,0.00010526065906739943,0.0,0.00010526065906739943,1.0,1.0
2021-07-29,0x7858,6.316562809722729e-05,0.0,6.316562809722729e-05,1.0,1.0
2021-07-30,0x7858,6.391940084572514e-05,5.249813134144965e-05,0.00011641753218717479,1.0,0.0
2021-07-31,0x7858,8.121238564698965e-05,4.749937491888012e-05,0.00012871176056586977,1.0,-1.0
2021-08-01,0x7858,0.0001155928305608264,4.250060610133666e-05,0.00015809343666216307,1.0,-2.0
2021-08-02,0x7858,8.907341776231649e-05,0.0,8.907341776231649e-05,1.0,-2.0
2021-08-03,0x7858,0.0001363070838513308,-0.0001424845513102735,-6.177467458942681e-06,1.0,1.0
2021-08-04,0x7858,0.00012227932244130262,0.0,0.00012227932244130262,1.0,1.0
2021-08-05,0x7858,9.564985836983438e-05,5.249813134144965e-05,0.000148147989711284,1.0,0.0
2021-08-06,0x7858,0.00023141178414729093,0.000160013999800368,0.00039142578394765895,1.0,-4.0
2021-08-07,0x7858,0.00019990847188980463,-7.000079892027777e-05,0.00012990767296952685,1.0,-2.0
2021-08-08,0x7858,0.0001009945818544129,7.000569937520851e-05,0.00017100028122962141,1.0,-4.0
2021-08-09,0x7858,0.0004546799852175817,0.0,0.0004546799852175817,1.0,-4.0
2021-08-10,0x7858,0.00012453488056165802,0.0,0.00012453488056165802,1.0,-4.0
2021-08-11,0x7858,0.00013342430121140653,5.000799944809842e-05,0.00018343230065950494,1.0,-6.0
2021-08-12,0x7858,0.00023822393730525771,0.0,0.00023822393730525771,1.0,-6.0
2021-08-13,0x7858,0.00015038760250821013,-2.2503399356388343e-05,0.0001278842031518218,1.0,-5.0
2021-08-14,0x7858,5.227496522666185e-05,0.0,5.227496522666185e-05,1.0,-5.0
2021-08-15,0x7858,6.69556993841712e-05,2.250390577085426e-05,8.945960515502545e-05,1.0,-6.0
2021-08-16,0x7858,0.00015784730043138544,1.7503949846009448e-05,0.0001753512502773949,1.0,-7.0
2021-08-17,0x7858,0.00023040395627182858,0.0,0.00023040395627182858,1.0,-7.0
2021-08-18,0x7858,0.00010535133020847573,-6.750826695800516e-05,3.784306325047057e-05,1.0,-4.0
2021-08-19,0x7858,7.887407033461781e-05,-7.000079892027777e-05,8.87327141434004e-06,1.0,-2.0
2021-08-20,0x7858,0.00015040446124640905,0.0,0.00015040446124640905,1.0,-2.0
2021-08-21,0x7858,7.77825164444821e-05,3.750174979333387e-05,0.00011528426623781598,1.0,-3.0
2021-08-22,0x7858,8.278987252059374e-05,3.250273067245679e-05,0.00011529260319305053,1.0,-4.0
2021-08-23,0x7858,7.327316085677641e-05,2.750347474189674e-05,0.00010077663559867315,1.0,-5.0
2021-08-24,0x7858,0.00010113337435041304,-2.7502718321525954e-05,7.363065602888708e-05,1.0,-4.0
2021-08-25,0x7858,6.854879471894936e-05,-3.250167427937267e-05,3.604712043957669e-05,1.0,-3.0
2021-08-26,0x7858,8.030609353519608e-05,-3.750034346483577e-05,4.280575007036031e-05,1.0,-2.0
2021-08-27,0x7858,7.231879781268279e-05,3.750174979333387e-05,0.00010982054760601666,1.0,-3.0
2021-08-28,0x7858,3.271749127375653e-05,0.0,3.271749127375653e-05,1.0,-3.0
2021-08-29,0x7858,4.431384681126265e-05,0.0,4.431384681126265e-05,1.0,-3.0
2021-08-30,0x7858,0.00010069265718626215,3.250273067245679e-05,0.00013319538785871895,1.0,-4.0
2021-08-31,0x7858,0.00010344805650474361,-3.250167427937267e-05,7.094638222537094e-05,1.0,-3.0
2021-09-01,0x7858,0.00013884923400684916,-3.750034346483577e-05,0.00010134889054201339,1.0,-2.0
2021-09-02,0x7858,0.00021880188802192641,0.0,0.00021880188802192641,1.0,-2.0
2021-09-03,0x7858,0.00012944746970290882,3.750174979333387e-05,0.0001669492194962427,1.0,-3.0
2021-09-04,0x7858,5.164849676347161e-05,-3.750034346483577e-05,1.4148153298635837e-05,1.0,-2.0
2021-09-05,0x7858,8.689881010958625e-05,3.750174979333387e-05,0.00012440055990292013,1.0,-3.0
2021-09-06,0x7858,5.2432295398582516e-05,0.0,5.2432295398582516e-05,1.0,-3.0
2021-09-07,0x7858,0.00028381309499359144,0.0,0.00028381309499359144,1.0,-3.0
2021-09-08,0x7858,0.00022880275136635326,0.0,0.00022880275136635326,1.0,-3.0
2021-09-09,0x7858,0.00015150883727800383,0.0,0.00015150883727800383,1.0,-3.0
2021-09-10,0x7858,0.00013191513396211904,-3.750034346483577e-05,9.441479049728327e-05,1.0,-2.0
2021-09-11,0x7858,6.101437715598417e-05,0.0,6.101437715598417e-05,1.0,-2.0
2021-09-12,0x7858,7.552115247325798e-05,0.0,7.552115247325798e-05,1.0,-2.0
2021-09-13,0x7858,0.00012334445523770675,-4.249879987650029e-05,8.084565536120645e-05,1.0,-1.0
2021-09-14,0x7858,9.369499666835081e-05,0.0,9.369499666835081e-05,1.0,-1.0
2021-09-15,0x7858,8.251869132637042e-05,0.0,8.251869132637042e-05,1.0,-1.0
2021-09-16,0x7858,0.00011426258789747644,0.0,0.00011426258789747644,1.0,-1.0
2021-09-17,0x7858,6.436281690585148e-05,0.0,6.436281690585148e-05,1.0,-1.0
2021-09-18,0x7858,4.367298797441452e-05,-4.7497118835337915e-05,-3.824130860923398e-06,1.0,0.0
2021-09-19,0x7858,4.778046612232612e-05,0.0,4.778046612232612e-05,1.0,0.0
2021-09-20,0x7858,0.00022901995588799,-0.00010998600192746455,0.00011903395396052545,1.0,2.0
2021-09-21,0x7858,0.00024427648945724083,-6.249200111763109e-05,0.00018178448833960974,1.0,3.0
2021-09-22,0x7858,0.0001581153041496298,0.00011999645029070471,0.0002781117544403345,1.0,1.0
2021-09-23,0x7858,0.00018236486470936568,5.249813134144965e-05,0.00023486299605081533,1.0,0.0
2021-09-24,0x7858,0.00016557107625301754,4.749937491888012e-05,0.00021307045117189766,1.0,-1.0
2021-09-25,0x7858,8.441560021257782e-05,0.0,8.441560021257782e-05,1.0,-1.0
2021-09-26,0x7858,0.00017458412740335773,-4.7497118835337915e-05,0.0001270870085680198,1.0,0.0
2021-09-27,0x7858,9.144143856921687e-05,4.749937491888012e-05,0.00013894081348809697,1.0,-1.0
2021-09-28,0x7858,9.616618519948528e-05,4.250060610133666e-05,0.00013866679130082192,1.0,-2.0
2021-09-29,0x7858,7.322931870740008e-05,-4.249879987650029e-05,3.073051883089979e-05,1.0,-1.0
2021-09-30,0x7858,9.132311637186625e-05,-4.7497118835337915e-05,4.3825997536528337e-05,1.0,0.0
2021-10-01,0x7858,8.65571757626764e-05,0.0,8.65571757626764e-05,1.0,0.0
2021-10-02,0x7858,7.314495351352292e-05,4.749937491888012e-05,0.00012064432843240304,1.0,-1.0
2021-10-03,0x7858,6.641304445025766e-05,0.0,6.641304445025766e-05,1.0,-1.0
2021-10-04,0x7858,6.738289864670376e-05,0.0,6.738289864670376e-05,1.0,-1.0
2021-10-05,0x7858,8.640261125088754e-05,4.250060610133666e-05,0.0001289032173522242,1.0,-2.0
2021-10-06,0x7858,0.00010667226340844742,3.750174979333387e-05,0.0001441740132017813,1.0,-3.0
2021-10-07,0x7858,9.083407370651204e-05,0.0,9.083407370651204e-05,1.0,-3.0
2021-10-08,0x7858,0.00010525512990327325,0.0,0.00010525512990327325,1.0,-3.0
2021-10-09,0x7858,3.768590449107376e-05,0.0,3.768590449107376e-05,1.0,-3.0
2021-10-10,0x7858,7.244515143302496e-05,0.0,7.244515143302496e-05,1.0,-3.0
2021-10-11,0x7858,9.571491635992801e-05,0.0,9.571491635992801e-05,1.0,-3.0
2021-10-12,0x7858,4.927779749519525e-05,0.0,4.927779749519525e-05,1.0,-3.0
2021-10-13,0x7858,9.06123118913187e-05,3.250273067245679e-05,0.0001231150425637755,1.0,-4.0
2021-10-14,0x7858,0.00010119599463163362,0.0,0.00010119599463163362,1.0,-4.0
2021-10-15,0x7858,0.00011707492932656393,-3.250167427937267e-05,8.457325504719126e-05,1.0,-3.0
2021-10-16,0x7858,0.00024203958958436973,-0.0001274908688040366,0.00011454872078033314,1.0,0.0
2021-10-17,0x7858,6.962169754764687e-05,-5.249537543239313e-05,1.712632211525374e-05,1.0,1.0
2021-10-18,0x7858,7.5673112592885e-05,0.0,7.5673112592885e-05,1.0,1.0
2021-10-19,0x7858,0.00020943689888628037,-0.00011998205287022667,8.94548460160537e-05,1.0,3.0
2021-10-20,0x7858,0.00014055153176486436,0.00017250088122167107,0.00031305241298653546,1.0,0.0
2021-10-21,0x7858,0.00012854911135544826,0.0,0.00012854911135544826,1.0,0.0
2021-10-22,0x7858,6.595109579280414e-05,0.0,6.595109579280414e-05,1.0,0.0
2021-10-23,0x7858,3.442199736134086e-05,4.749937491888012e-05,8.192137228022099e-05,1.0,-1.0
2021-10-24,0x7858,4.4349769839380915e-05,-4.7497118835337915e-05,-3.147348995957e-06,1.0,0.0
2021-10-25,0x7858,7.195667108581647e-05,0.0,7.195667108581647e-05,1.0,0.0
2021-10-26,0x7858,0.00016825073548533404,0.00012750712479814297,0.000295757860283477,1.0,-3.0
2021-10-27,0x7858,0.0003232134020666995,-7.999754962173533e-05,0.0002432158524449642,1.0,-1.0
2021-10-28,0x7858,7.91132749354693e-05,4.250060610133666e-05,0.00012161388103680596,1.0,-2.0
2021-10-29,0x7858,0.0001305227836380281,0.0,0.0001305227836380281,1.0,-2.0
2021-10-30,0x7858,0.00011741905548561908,3.750174979333387e-05,0.00015492080527895296,1.0,-3.0
2021-10-31,0x7858,6.989714344176279e-05,0.0,6.989714344176279e-05,1.0,-3.0
2021-11-01,0x7858,6.992939420693211e-05,3.250273067245679e-05,0.0001024321248793889,1.0,-4.0
2021-11-02,0x7858,0.00023674131201725419,-3.250167427937267e-05,0.0002042396377378815,1.0,-3.0
2021-11-03,0x7858,7.477599363407083e-05,3.250273067245679e-05,0.00010727872430652762,1.0,-4.0
2021-11-04,0x7858,0.00016110849659136759,0.0,0.00016110849659136759,1.0,-4.0
2021-11-05,0x7858,0.00010498379737342462,6.75128246319101e-05,0.00017249662200533473,1.0,-7.0
2021-11-06,0x7858,5.480799233649466e-05,0.0,5.480799233649466e-05,1.0,-7.0
2021-11-07,0x7858,5.6033748376878084e-05,0.0,5.6033748376878084e-05,1.0,-7.0
2021-11-08,0x7858,0.00015311999273560312,0.0,0.00015311999273560312,1.0,-7.0
2021-11-09,0x7858,0.000106568545047779,1.2503531036767157e-05,0.00011907207608454616,1.0,-8.0
2021-11-10,0x7858,0.00019494262947200716,0.0,0.00019494262947200716,1.0,-8.0
2021-11-11,0x7858,9.205738151338947e-05,-3.0006799309090226e-05,6.205058220429925e-05,1.0,-6.0
2021-11-12,0x7858,0.00010369201587173253,-2.2503399356388343e-05,8.118861651534418e-05,1.0,-5.0
2021-11-13,0x7858,5.2321839768848294e-05,-2.7502718321525954e-05,2.481912144732234e-05,1.0,-4.0
2021-11-14,0x7858,3.890881466163623e-05,0.0,3.890881466163623e-05,1.0,-4.0
2021-11-15,0x3416,0.0001741940314990446,-0.00021247537619806245,-3.8281344699017845e-05,1.0,1.0
2021-11-16,0x3416,0.0003179786012767548,9.999999988874464e-05,0.00041797860116549944,1.0,-1.0
2021-11-17,0x3416,7.249741379691121e-05,4.250060610133666e-05,0.00011499801989824787,1.0,-2.0
2021-11-18,0x3416,4.092465385385635e-05,3.750174979333387e-05,7.842640364719023e-05,1.0,-3.0
2021-11-19,0x3416,8.707698024321875e-05,6.000709935238824e-05,0.00014708407959560698,1.0,-5.0
2021-11-20,0x3416,7.168768311054217e-05,2.250390577085426e-05,9.419158888139643e-05,1.0,-6.0
2021-11-21,0x3416,6.41005166536817e-05,-2.2503399356388343e-05,4.1597117297293354e-05,1.0,-5.0
2021-11-22,0x3416,0.00012034362922211371,4.000824952421489e-05,0.00016035187874632862,1.0,-7.0
2021-11-23,0x3416,7.706729359341886e-05,-0.00010000774710572369,-2.2940453512304825e-05,1.0,-3.0
2021-11-24,0x3416,3.339776176251326e-05,-3.750034346483577e-05,-4.10258170232251e-06,1.0,-2.0
2021-11-25,0x3416,5.873314622219749e-05,7.000569937520851e-05,0.000128738845597406,1.0,-4.0
2021-11-26,0x3416,0.00016462863212509657,5.000799944809842e-05,0.00021463663157319498,1.0,-6.0
2021-11-27,0x3416,6.985776761668649e-05,-2.2503399356388343e-05,4.7354368260298145e-05,1.0,-5.0
2021-11-28,0x3416,0.00012367660696662496,-2.7502718321525954e-05,9.617388864509901e-05,1.0,-4.0
2021-11-29,0x3416,0.00010934085668258606,8.001719981742816e-05,0.00018935805650001423,1.0,-8.0
2021-11-30,0x3416,0.00018876273460812816,0.0,0.00018876273460812816,1.0,-8.0
2021-12-01,0x3416,0.0001648814053884828,0.0,0.0001648814053884828,1.0,-8.0
2021-12-02,0x3416,0.00011100460882332031,0.0,0.00011100460882332031,1.0,-8.0
2021-12-03,0x3416,0.00013018634907498158,-3.0006799309090226e-05,0.00010017954976589136,1.0,-6.0
2021-12-04,0x3416,0.0001331396146667443,3.7510500044080075e-05,0.00017065011471082436,0.5547038327526133,-9.0
2021-12-05,0x3416,5.733703022895993e-05,2.5010062496555463e-06,5.9838036478615476e-05,0.32125435540069686,-10.0
2021-12-06,0x3416,9.819867174730769e-05,-1.0003500107602648e-05,8.819517163970504e-05,0.43115438108484005,-8.0
2021-12-07,0x3416,8.586483095075223e-05,7.502575164908265e-06,9.33674061156605e-05,0.40375260597637247,-9.0
2021-12-08,0x3416,9.992300243109489e-05,0.0,9.992300243109489e-05,0.9603616133518776,-9.0
2021-12-09,0x3416,0.00012489903988047749,-7.502518876711939e-06,0.00011739652100376555,0.9291174426685198,-8.0
2021-12-10,0x3416,0.00012280413704586585,-5.250952341051551e-05,7.029461363535034e-05,1.0,-5.0
2021-12-11,0x3416,8.231395450240681e-05,0.0,8.231395450240681e-05,1.0,-5.0
2021-12-12,0x3416,2.885427705395089e-05,-2.7502718321525954e-05,1.351558732424935e-06,1.0,-4.0
2021-12-13,0x3416,6.184746858015289e-05,0.0,6.184746858015289e-05,1.0,-4.0
2021-12-14,0x3416,2.957221820603037e-05,0.0,2.957221820603037e-05,1.0,-4.0
2021-12-15,0x3416,2.471740067421535e-05,-3.250167427937267e-05,-7.784273605157321e-06,1.0,-3.0
2021-12-16,0x3416,3.526572725336124e-05,6.000709935238824e-05,9.527282660574948e-05,1.0,-5.0
2021-12-17,0x3416,3.3775817861012856e-05,-6.000349871648769e-05,-2.6227680855474835e-05,1.0,-3.0
2021-12-18,0x3416,1.966618917335417e-05,0.0,1.966618917335417e-05,1.0,-3.0
2021-12-19,0x3416,1.4308996100733982e-05,3.250273067245679e-05,4.681172677319077e-05,1.0,-4.0
2021-12-20,0x3416,1.6541966277554705e-05,0.0,1.6541966277554705e-05,1.0,-4.0
2021-12-21,0x3416,2.493547544340028e-05,2.750347474189674e-05,5.243895018529702e-05,1.0,-5.0
2021-12-22,0x3416,5.059371546509417e-05,0.0,5.059371546509417e-05,1.0,-5.0
2021-12-23,0x3416,6.301621592218289e-05,2.250390577085426e-05,8.552012169303715e-05,1.0,-6.0
2021-12-24,0x3416,3.214663676124413e-05,-2.2503399356388343e-05,9.643237404855786e-06,1.0,-5.0
2021-12-25,0x3416,2.223991114253749e-05,-2.7502718321525954e-05,-5.262807178988466e-06,1.0,-4.0
2021-12-26,0x3416,2.8589274708167008e-05,2.750347474189674e-05,5.6092749450063746e-05,1.0,-5.0
2021-12-27,0x3416,2.612678817533875e-05,0.0,2.612678817533875e-05,1.0,-5.0
2021-12-28,0x3416,3.4125810263505037e-05,-2.7502718321525954e-05,6.6230919419790825e-06,1.0,-4.0
2021-12-29,0x3416,2.6383324334827046e-05,-7.000079892027777e-05,-4.361747458545073e-05,1.0,-2.0
2021-12-30,0x3416,1.3107301154456729e-05,-4.249879987650029e-05,-2.9391498722043565e-05,1.0,-1.0
2021-12-31,0x3416,1.2596992838946386e-05,0.0,1.2596992838946386e-05,1.0,-1.0
2022-01-01,0x3416,7.75897757250614e-06,0.0,7.75897757250614e-06,1.0,-1.0
2022-01-02,0x3416,9.513465386907102e-06,0.0,9.513465386907102e-06,1.0,-1.0
2022-01-03,0x3416,9.648781503329948e-06,0.0,9.648781503329948e-06,1.0,-1.0
2022-01-04,0x3416,1.782610677279706e-05,0.0,1.782610677279706e-05,1.0,-1.0
2022-01-05,0x3416,1.882403993055147e-05,-4.7497118835337915e-05,-2.8673078904786444e-05,1.0,0.0
2022-01-06,0x3416,3.201571412746669e-05,0.0,3.201571412746669e-05,1.0,0.0
2022-01-07,0x3416,2.563751806653124e-05,-5.249537543239313e-05,-2.6857857365861893e-05,1.0,1.0
2022-01-08,0x3416,2.2482277456640348e-05,0.0,2.2482277456640348e-05,1.0,1.0
2022-01-09,0x3416,9.803007988084265e-06,5.249813134144965e-05,6.230113932953391e-05,1.0,0.0
2022-01-10,0x3416,2.168489973719915e-05,0.0,2.168489973719915e-05,1.0,0.0
2022-01-11,0x3416,3.167391329552495e-05,0.0,3.167391329552495e-05,1.0,0.0
2022-01-12,0x3416,4.861673286598907e-05,9.000199977227119e-05,0.00013861873263826025,1.0,-2.0
2022-01-13,0x3416,9.0000325370888e-05,0.0,9.0000325370888e-05,1.0,-2.0
2022-01-14,0x3416,6.65835787251494e-05,0.0,6.65835787251494e-05,1.0,-2.0
2022-01-15,0x3416,9.085566054356411e-05,-4.249879987650029e-05,4.835686066706382e-05,1.0,-1.0
2022-01-16,0x3416,7.042732114491629e-05,4.250060610133666e-05,0.00011292792724625295,1.0,-2.0
2022-01-17,0x3416,0.00011002650281755946,0.0,0.00011002650281755946,1.0,-2.0
2022-01-18,0x3416,0.00012796297855308553,-4.249879987650029e-05,8.546417867658524e-05,1.0,-1.0
2022-01-19,0x3416,2.0211217078428363e-05,4.250060610133666e-05,6.271182317976502e-05,1.0,-2.0
2022-01-20,0x3416,1.9776934508172395e-05,-4.249879987650029e-05,-2.2721865368327897e-05,1.0,-1.0
2022-01-21,0x3416,6.742340582779583e-05,0.0,6.742340582779583e-05,1.0,-1.0
2022-01-22,0x3416,8.315987099264823e-05,-0.00015747789674469548,-7.431802575204725e-05,1.0,2.0
2022-01-23,0x3416,3.956784077462076e-05,5.749695035484059e-05,9.706479112946134e-05,1.0,1.0
2022-01-24,0x3416,7.019841013943968e-05,9.999999988874464e-05,0.00017019841002818432,1.0,-1.0
2022-01-25,0x3416,2.430507624605716e-05,4.250060610133666e-05,6.680568234739382e-05,1.0,-2.0
2022-01-26,0x3416,5.5626783152267265e-05,3.750174979333387e-05,9.312853294560114e-05,1.0,-3.0
2022-01-27,0x3416,3.4935674481786744e-05,-7.999754962173533e-05,-4.506187513994859e-05,1.0,-1.0
2022-01-28,0x3416,3.626009045913881e-05,-9.999000088867227e-05,-6.372991042953347e-05,1.0,1.0
2022-01-29,0x3416,2.3048100557287374e-05,0.00014250485605060703,0.0001655529566078944,1.0,-2.0
2022-01-30,0x3416,1.5525879094050885e-05,0.0,1.5525879094050885e-05,1.0,-2.0
2022-01-31,0x3416,4.158645595956979e-05,7.000569937520851e-05,0.0001115921553347783,1.0,-4.0
2022-02-01,0x3416,2.1614696870076503e-05,0.0,2.1614696870076503e-05,1.0,-4.0
2022-02-02,0x3416,1.9178123760686996e-05,0.0,1.9178123760686996e-05,1.0,-4.0
2022-02-03,0x3416,1.7769251017542556e-05,0.0,1.7769251017542556e-05,1.0,-4.0
2022-02-04,0x3416,2.6217998491437843e-05,0.0,2.6217998491437843e-05,1.0,-4.0
2022-02-05,0x3416,5.4503911878813076e-05,0.0,5.4503911878813076e-05,1.0,-4.0
2022-02-06,0x3416,1.208336639780744e-05,2.750347474189674e-05,3.958684113970418e-05,1.0,-5.0
2022-02-07,0x3416,0.00010513855542168616,2.250390577085426e-05,0.00012764246119254042,1.0,-6.0
2022-02-08,0x3416,0.00016101502955065693,1.7503949846009448e-05,0.00017851897939666638,1.0,-7.0
2022-02-09,0x3416,0.0001658114251910218,2.0006200010413977e-05,0.00018581762520143577,1.0,-9.0
2022-02-10,0x3416,0.00015070738877684888,-2.0005799770461685e-05,0.0001307015890063872,1.0,-7.0
2022-02-11,0x3416,0.0001613045614364328,0.0,0.0001613045614364328,1.0,-7.0
2022-02-12,0x3416,6.898926445517167e-05,-4.0006648928114785e-05,2.8982615527056884e-05,1.0,-5.0
2022-02-13,0x3416,5.783875611132464e-05,0.0,5.783875611132464e-05,1.0,-5.0
2022-02-14,0x3416,6.621827993683143e-05,0.0,6.621827993683143e-05,1.0,-5.0
2022-02-15,0x3416,6.391158199548302e-05,0.0,6.391158199548302e-05,1.0,-5.0
2022-02-16,0x3416,0.00011662620488568187,4.000824952421489e-05,0.00015663445440989676,1.0,-7.0
2022-02-17,0x3416,2.6816124992903555e-05,-1.7503643463201435e-05,9.31248152970212e-06,1.0,-6.0
2022-02-18,0x3416,2.8905042918265535e-05,0.0,2.8905042918265535e-05,1.0,-6.0
2022-02-19,0x3416,1.3708708253475814e-05,-2.2503399356388343e-05,-8.794691102912529e-06,1.0,-5.0
2022-02-20,0x3416,2.175520951152082e-05,0.0,2.175520951152082e-05,1.0,-5.0
2022-02-21,0x3416,2.5373613213590084e-05,2.250390577085426e-05,4.7877518984444344e-05,1.0,-6.0
2022-02-22,0x3416,2.6377050100079296e-05,-2.2503399356388343e-05,3.873650743690953e-06,1.0,-5.0
2022-02-23,0x3416,2.0291251921837076e-05,2.250390577085426e-05,4.2795157692691336e-05,1.0,-6.0
2022-02-24,0x3416,8.938076290227808e-05,-2.2503399356388343e-05,6.687736354588974e-05,1.0,-5.0
2022-02-25,0x3416,6.641964145048661e-05,-2.7502718321525954e-05,3.891692312896066e-05,1.0,-4.0
2022-02-26,0x3416,1.7967684404534313e-05,0.0,1.7967684404534313e-05,1.0,-4.0
2022-02-27,0x3416,1.553159683572704e-05,0.0,1.553159683572704e-05,1.0,-4.0
2022-02-28,0x3416,2.3606460761820757e-05,2.750347474189674e-05,5.1109935503717496e-05,1.0,-5.0
2022-03-01,0x3416,3.6236074517181254e-05,-2.7502718321525954e-05,8.7333561956553e-06,1.0,-4.0
2022-03-02,0x3416,3.1606729924908095e-05,-3.250167427937267e-05,-8.949443544645767e-07,1.0,-3.0
2022-03-03,0x3416,2.707094388966198e-05,-7.999754962173533e-05,-5.292660573207335e-05,1.0,-1.0
2022-03-04,0x3416,3.6759853605270566e-05,4.250060610133666e-05,7.926045970660722e-05,1.0,-2.0
2022-03-05,0x3416,1.1605679054458615e-05,0.0,1.1605679054458615e-05,1.0,-2.0
2022-03-06,0x3416,1.873990615009353e-05,3.750174979333387e-05,5.62416559434274e-05,1.0,-3.0
2022-03-07,0x3416,2.5036627888220325e-05,-7.999754962173533e-05,-5.496092173351501e-05,1.0,-1.0
2022-03-08,0x3416,1.9214973394656053e-05,4.250060610133666e-05,6.171557949599271e-05,1.0,-2.0
2022-03-09,0x3416,1.748516107145603e-05,0.0,1.748516107145603e-05,1.0,-2.0
2022-03-10,0x3416,2.029993746865628e-05,7.000569937520851e-05,9.030563684386479e-05,1.0,-4.0
2022-03-11,0x3416,2.846013785646585e-05,-7.000079892027777e-05,-4.1540661063811925e-05,1.0,-2.0
2022-03-12,0x3416,1.8358080508419626e-05,0.0,1.8358080508419626e-05,1.0,-2.0
2022-03-13,0x3416,1.7732949357237408e-05,3.750174979333387e-05,5.523469915057128e-05,1.0,-3.0
2022-03-14,0x3416,2.2938182357856872e-05,0.0,2.2938182357856872e-05,1.0,-3.0
2022-03-15,0x3416,2.4128181556630617e-05,0.0,2.4128181556630617e-05,1.0,-3.0
2022-03-16,0x3416,3.213641113104713e-05,-3.750034346483577e-05,-5.363932333788639e-06,1.0,-2.0
2022-03-17,0x3416,3.1521116734124874e-05,3.750174979333387e-05,6.902286652745875e-05,1.0,-3.0
2022-03-18,0x3416,4.430567865255937e-05,6.000709935238824e-05,0.00010431277800494762,1.0,-5.0
2022-03-19,0x3416,1.9582793243327876e-05,2.250390577085426e-05,4.208669901418214e-05,1.0,-6.0
2022-03-20,0x3416,1.7647596305947222e-05,-2.2503399356388343e-05,-4.85580305044112e-06,1.0,-5.0
2022-03-21,0x3416,3.0363171256428632e-05,2.250390577085426e-05,5.286707702728289e-05,1.0,-6.0
2022-03-22,0x3416,3.9094126567827374e-05,0.0,3.9094126567827374e-05,1.0,-6.0
2022-03-23,0x3416,2.7039401499219444e-05,-2.2503399356388343e-05,4.536002142831101e-06,1.0,-5.0
2022-03-24,0x3416,8.83683500996348e-05,5.251228080527248e-05,0.00014088063090490728,1.0,-8.0
2022-03-25,0x3416,3.6636810738925084e-05,-3.0006799309090226e-05,6.630011429834858e-06,1.0,-6.0
2022-03-26,0x3416,1.0190648685816833e-05,-2.2503399356388343e-05,-1.231275067057151e-05,1.0,-5.0
2022-03-27,0x3416,1.2621295004790725e-05,0.0,1.2621295004790725e-05,1.0,-5.0
2022-03-28,0x3416,2.8031029268542274e-05,2.250390577085426e-05,5.053493503939654e-05,1.0,-6.0
2022-03-29,0x3416,4.051280388659282e-05,0.0,4.051280388659282e-05,1.0,-6.0
2022-03-30,0x3416,3.0367099704100085e-05,-2.2503399356388343e-05,7.863700347711742e-06,1.0,-5.0
2022-03-31,0x3416,2.4817350844503453e-05,-2.7502718321525954e-05,-2.685367477022501e-06,1.0,-4.0
2022-04-01,0x3416,3.342508291297159e-05,5.000799944809842e-05,8.343308236107e-05,1.0,-6.0
2022-04-02,0x3416,1.3709960050738002e-05,-5.0005498773209034e-05,-3.629553872247103e-05,1.0,-4.0
2022-04-03,0x3416,1.4526416745282853e-05,0.0,1.4526416745282853e-05,1.0,-4.0
2022-04-04,0x3416,1.5817504938695105e-05,-3.250167427937267e-05,-1.6684169340677567e-05,1.0,-3.0
2022-04-05,0x3416,9.691203055777936e-06,0.0,9.691203055777936e-06,1.0,-3.0
2022-04-06,0x3416,2.1571052586589076e-05,-3.750034346483577e-05,-1.5929290878246697e-05,1.0,-2.0
2022-04-07,0x3416,1.1894243552590483e-05,0.0,1.1894243552590483e-05,1.0,-2.0
2022-04-08,0x3416,2.5265536842502648e-05,7.000569937520851e-05,9.527123621771115e-05,1.0,-4.0
2022-04-09,0x3416,1.1366160981017427e-05,-3.250167427937267e-05,-2.1135513298355243e-05,1.0,-3.0
2022-04-10,0x3416,5.77988171702791e-06,0.0,5.77988171702791e-06,1.0,-3.0
2022-04-11,0x3416,3.280378885671333e-05,-3.750034346483577e-05,-4.696554608122445e-06,1.0,-2.0
2022-04-12,0x3416,4.479768516289886e-05,-8.999390014130526e-05,-4.51962149784064e-05,1.0,0.0
2022-04-13,0x3416,2.34198123856416e-05,4.749937491888012e-05,7.091918730452172e-05,1.0,-1.0
2022-04-14,0x3416,1.7404175389068033e-05,0.0,1.7404175389068033e-05,1.0,-1.0
2022-04-15,0x3416,2.4835722100321478e-05,0.0,2.4835722100321478e-05,1.0,-1.0
2022-04-16,0x3416,3.594120132710944e-06,0.0,3.594120132710944e-06,1.0,-1.0
2022-04-17,0x3416,8.07049311435786e-06,4.250060610133666e-05,5.057109921569452e-05,1.0,-2.0
2022-04-18,0x3416,1.3925786773022864e-05,0.0,1.3925786773022864e-05,1.0,-2.0
2022-04-19,0x3416,4.338955956935559e-05,3.750174979333387e-05,8.089130936268946e-05,1.0,-3.0
2022-04-20,0x3416,3.491647777745581e-05,-3.750034346483577e-05,-2.583865687379961e-06,1.0,-2.0
2022-04-21,0x3416,3.365241137858951e-05,0.0,3.365241137858951e-05,1.0,-2.0
2022-04-22,0x3416,9.07686821269881e-06,0.0,9.07686821269881e-06,1.0,-2.0
2022-04-23,0x3416,7.236414137864499e-06,0.0,7.236414137864499e-06,1.0,-2.0
2022-04-24,0x3416,9.887210897807939e-06,0.0,9.887210897807939e-06,1.0,-2.0
2022-04-25,0x3416,2.53104617851973e-05,0.0,2.53104617851973e-05,1.0,-2.0
2022-04-26,0x3416,1.898735115976331e-05,0.0,1.898735115976331e-05,1.0,-2.0
2022-04-27,0x3416,2.127182820917652e-05,-4.249879987650029e-05,-2.1226971667323773e-05,1.0,-1.0
2022-04-28,0x3416,2.3223132928346364e-05,0.0,2.3223132928346364e-05,1.0,-1.0
2022-04-29,0x3416,3.5116181341527495e-05,-4.7497118835337915e-05,-1.238093749381042e-05,1.0,0.0
2022-04-30,0x3416,3.192217132691028e-05,4.749937491888012e-05,7.942154624579039e-05,1.0,-1.0
2022-05-01,0x3416,2.76267946053657e-05,-4.7497118835337915e-05,-1.9870324229972214e-05,1.0,0.0
2022-05-02,0x3416,1.561381608738401e-05,0.0,1.561381608738401e-05,1.0,0.0
2022-05-03,0x3416,2.2445306754013124e-05,-5.249537543239313e-05,-3.005006867838001e-05,1.0,1.0
2022-05-04,0x3416,2.0919548706577253e-05,0.0,2.0919548706577253e-05,1.0,1.0
2022-05-05,0x3416,4.6568678268123936e-05,9.999999988874464e-05,0.00014656867815686858,1.0,-1.0
2022-05-06,0x3416,6.298187888870671e-05,-9.999000088867227e-05,-3.700812199996556e-05,1.0,1.0
2022-05-07,0x3416,4.6669957260835124e-05,0.0,4.6669957260835124e-05,1.0,1.0
2022-05-08,0x3416,9.416664002401596e-05,-0.00011998205287022667,-2.581541284621072e-05,1.0,3.0
2022-05-09,0x3416,0.0003646790132225914,0.0,0.0003646790132225914,1.0,3.0
2022-05-10,0x3416,0.00011601328207949587,-0.00013997490415584846,-2.3961622076352585e-05,1.0,5.0
2022-05-11,0x3416,0.0001554309483923549,-0.00043736487752499276,-0.00028193392913263785,0.5692090395480226,23.0
2022-05-12,0x3416,0.0,0.0,0.0,0.0,38.0
2022-05-13,0x3416,2.795099279953033e-05,0.0,2.795099279953033e-05,0.00558659217877095,16.0
2022-05-14,0x3416,0.0,0.0,0.0,0.0,15.0
2022-05-15,0x3416,0.0,0.0,0.0,0.0,12.0
2022-05-16,0x3416,0.0,0.0,0.0,0.0,13.0
2022-05-17,0x3416,0.0,0.0,0.0,0.0,12.0
2022-05-18,0x3416,0.0,0.0,0.0,0.0,13.0
2022-05-19,0x3416,0.0,0.0,0.0,0.0,13.0
2022-05-20,0x3416,1.5988066274187286e-05,0.0,1.5988066274187286e-05,0.2041958041958042,11.0
2022-05-21,0x3416,0.0,0.0,0.0,0.0,12.0
2022-05-22,0x3416,0.0,0.0,0.0,0.0,11.0
2022-05-23,0x3416,1.3374666631212653e-05,0.0,1.3374666631212653e-05,0.06819763395963814,10.0
2022-05-24,0x3416,0.0,0.0,0.0,0.0,11.0
2022-05-25,0x3416,0.0,0.0,0.0,0.0,11.0
2022-05-26,0x3416,0.0,0.0,0.0,0.0,12.0
2022-05-27,0x3416,0.0,0.0,0.0,0.0,11.0
2022-05-28,0x3416,0.0,0.0,0.0,0.0,11.0
2022-05-29,0x3416,0.0,0.0,0.0,0.0,11.0
2022-05-30,0x3416,7.015475358174622e-05,0.0001900044992038108,0.000260159252785557,0.6436058700209644,8.0
2022-05-31,0x3416,4.256261338025329e-05,0.0,4.256261338025329e-05,1.0,8.0
2022-06-01,0x3416,2.6620136720110462e-05,-9.248817612883542e-05,-6.586803940872495e-05,0.8746518105849582,9.0
2022-06-02,0x3416,1.0881097955786587e-05,0.0,1.0881097955786587e-05,0.4297635605006954,9.0
2022-06-03,0x3416,2.5375053598502363e-05,0.0,2.5375053598502363e-05,1.0,9.0
2022-06-04,0x3416,2.0507448237320886e-05,0.0,2.0507448237320886e-05,1.0,9.0
2022-06-05,0x3416,3.412396464204385e-05,9.249673098277178e-05,0.00012662069562481562,1.0,8.0
2022-06-06,0x3416,1.6005574753027384e-05,0.0,1.6005574753027384e-05,1.0,8.0
2022-06-07,0x3416,7.777529372043405e-05,8.749537485064351e-05,0.00016527066857107756,1.0,7.0
2022-06-08,0x3416,2.6817092130090677e-05,0.0,2.6817092130090677e-05,1.0,7.0
2022-06-09,0x3416,1.2062217385940814e-05,0.0,1.2062217385940814e-05,1.0,7.0
2022-06-10,0x3416,4.21410758832129e-05,-0.00017996780462892215,-0.00013782672874570925,1.0,9.0
2022-06-11,0x3416,2.3074766042793743e-05,-9.748924482577692e-05,-7.441447878298317e-05,0.5328621908127208,11.0
2022-06-12,0x3416,0.0,0.0,0.0,0.0,12.0
2022-06-13,0x3416,0.0,0.0,0.0,0.0,15.0
2022-06-14,0x3416,0.0,0.0,0.0,0.0,13.0
2022-06-15,0x3416,0.0,0.0,0.0,0.0,12.0
2022-06-16,0x3416,0.0,0.0,0.0,0.0,14.0
2022-06-17,0x3416,0.0,0.0,0.0,0.0,14.0
2022-06-18,0x3416,0.0,0.0,0.0,0.0,14.0
2022-06-19,0x3416,0.0,0.0,0.0,0.0,13.0
2022-06-20,0x3416,0.0,0.0,0.0,0.0,13.0
2022-06-21,0x3416,0.0,0.0,0.0,0.0,11.0
2022-06-22,0x3416,0.0,0.0,0.0,0.0,11.0
2022-06-23,0x3416,1.790945999572768e-05,0.0,1.790945999572768e-05,0.2939118264520644,10.0
2022-06-24,0x3416,8.245905159132146e-05,0.0001900044992038108,0.00027246355079513224,0.6847977684797768,8.0
2022-06-25,0x3416,3.051942782006901e-05,8.749537485064351e-05,0.00011801480267071253,1.0,7.0
2022-06-26,0x3416,5.593490153973498e-05,0.0,5.593490153973498e-05,1.0,7.0
2022-06-27,0x3416,6.597133473152452e-05,-0.0002774395045294087,-0.00021146816979788417,0.9533426183844012,10.0
2022-06-28,0x3416,0.0,0.0,0.0,0.0,13.0
2022-06-29,0x3416,0.0,0.0,0.0,0.0,11.0
2022-06-30,0x3416,0.0,0.0,0.0,0.0,13.0
2022-07-01,0x3416,0.0,0.0,0.0,0.0,12.0
2022-07-02,0x3416,0.0,0.0,0.0,0.0,13.0
2022-07-03,0x3416,0.0,0.0,0.0,0.0,12.0
2022-07-04,0x3416,0.0,0.0,0.0,0.0,11.0
2022-07-05,0x3416,0.0,0.0,0.0,0.0,11.0
2022-07-06,0x3416,0.0,0.0,0.0,0.0,11.0
2022-07-07,0x3416,3.0892612536842356e-05,0.0001900044992038108,0.00022089711174065314,0.19077568134171907,8.0
2022-07-08,0x3416,6.343471534101168e-05,0.00016999719903076915,0.00023343191437178083,1.0,6.0
2022-07-09,0x3416,2.0065165587625987e-05,0.0,2.0065165587625987e-05,1.0,6.0
2022-07-10,0x3416,0.00013132418046107248,-8.248780148489843e-05,4.8836378976174056e-05,0.9993016759776536,7.0
2022-07-11,0x3416,1.5085117738065281e-05,-8.74877200798263e-05,-7.240260234176103e-05,1.0,8.0
2022-07-12,0x3416,7.619932238262543e-05,-9.248817612883542e-05,-1.628885374620999e-05,0.965948575399583,9.0
2022-07-13,0x3416,2.0329067445883376e-05,0.0,2.0329067445883376e-05,0.906054279749478,9.0
2022-07-14,0x3416,4.490086317948991e-05,0.00018000019886965646,0.00022490106204914637,1.0,7.0
2022-07-15,0x3416,5.282167719501707e-05,0.00023250147964781753,0.0002853231568428346,1.0,4.0
2022-07-16,0x3416,0.00015305383454016047,6.749507533077015e-05,0.00022054890987093062,1.0,3.0
2022-07-17,0x3416,5.063351888175711e-05,6.249590661200344e-05,0.00011312942549376054,1.0,2.0
2022-07-18,0x3416,0.00014226594837703373,0.0,0.00014226594837703373,1.0,2.0
2022-07-19,0x3416,0.00011297534503354703,0.0001099981001786432,0.00022297344521219023,1.0,0.0
2022-07-20,0x3416,7.00553529730304e-05,0.0,7.00553529730304e-05,1.0,0.0
2022-07-21,0x3416,6.017928879591698e-05,0.0,6.017928879591698e-05,1.0,0.0
2022-07-22,0x3416,5.637505355662223e-05,4.749937491888012e-05,0.00010387442847550235,1.0,-1.0
2022-07-23,0x3416,1.8703203417556627e-05,0.0,1.8703203417556627e-05,1.0,-1.0
2022-07-24,0x3416,2.890056134283955e-05,0.0,2.890056134283955e-05,1.0,-1.0
2022-07-25,0x3416,5.262860144828898e-05,0.0,5.262860144828898e-05,1.0,-1.0
2022-07-26,0x3416,6.965905003102726e-05,0.0,6.965905003102726e-05,1.0,-1.0
2022-07-27,0x3416,9.014978584438534e-05,4.250060610133666e-05,0.000132650391945722,1.0,-2.0
2022-07-28,0x3416,0.00013457336404921685,3.750174979333387e-05,0.00017207511384255072,1.0,-3.0
2022-07-29,0x3416,6.067125309041975e-05,0.0,6.067125309041975e-05,1.0,-3.0
2022-07-30,0x3416,7.64048224907207e-05,3.250273067245679e-05,0.00010890755316317749,1.0,-4.0
2022-07-31,0x3416,5.257875738551776e-05,-3.250167427937267e-05,2.0077083106145085e-05,1.0,-3.0
2022-08-01,0x3416,0.0001033835638811754,3.250273067245679e-05,0.00013588629455363218,1.0,-4.0
2022-08-02,0x3416,6.445295599541444e-05,-3.250167427937267e-05,3.195128171604176e-05,1.0,-3.0
2022-08-03,0x3416,3.273188221493594e-05,0.0,3.273188221493594e-05,1.0,-3.0
2022-08-04,0x3416,3.2397088382251525e-05,-3.750034346483577e-05,-5.103255082584248e-06,1.0,-2.0
2022-08-05,0x3416,6.175139372411037e-05,0.0,6.175139372411037e-05,1.0,-2.0
2022-08-06,0x3416,1.9360197520637322e-05,-4.249879987650029e-05,-2.313860235586297e-05,1.0,-1.0
2022-08-07,0x3416,4.1032682788080344e-05,4.250060610133666e-05,8.3533288889417e-05,1.0,-2.0
2022-08-08,0x3416,5.311756658076934e-05,3.750174979333387e-05,9.061931637410322e-05,1.0,-3.0
2022-08-09,0x3416,8.743969276300472e-05,0.0,8.743969276300472e-05,1.0,-3.0
2022-08-10,0x3416,9.573580770094084e-05,0.0,9.573580770094084e-05,1.0,-3.0
2022-08-11,0x3416,9.808928769462962e-05,6.000709935238824e-05,0.00015809638704701785,1.0,-5.0
2022-08-12,0x3416,5.796157911621372e-05,0.0,5.796157911621372e-05,1.0,-5.0
2022-08-13,0x3416,0.00013820533356583134,-2.7502718321525954e-05,0.00011070261524430538,1.0,-4.0
2022-08-14,0x3416,4.186620374482132e-05,2.750347474189674e-05,6.936967848671807e-05,1.0,-5.0
2022-08-15,0x3416,8.784451943235323e-05,-2.7502718321525954e-05,6.0341801110827276e-05,1.0,-4.0
2022-08-16,0x3416,0.00010977215843804105,-7.000079892027777e-05,3.977135951776328e-05,1.0,-2.0
2022-08-17,0x3416,0.0001432416786514713,0.0,0.0001432416786514713,1.0,-2.0
2022-08-18,0x3416,2.6566308460301785e-05,-4.249879987650029e-05,-1.5932491416198508e-05,1.0,-1.0
2022-08-19,0x3416,7.739537389526734e-05,0.0,7.739537389526734e-05,1.0,-1.0
2022-08-20,0x3416,8.354586198479764e-05,-4.7497118835337915e-05,3.6048743149459726e-05,1.0,0.0
2022-08-21,0x3416,3.888848487351097e-05,-5.249537543239313e-05,-1.3606890558882164e-05,1.0,1.0
2022-08-22,0x3416,2.1231593532984778e-05,0.0,2.1231593532984778e-05,1.0,1.0
2022-08-23,0x3416,1.9470986759221047e-05,0.0,1.9470986759221047e-05,1.0,1.0
2022-08-24,0x3416,2.0779005431388194e-05,0.0,2.0779005431388194e-05,1.0,1.0
2022-08-25,0x3416,1.8693844019805356e-05,5.249813134144965e-05,7.119197536125501e-05,1.0,0.0
2022-08-26,0x3416,2.1408141715774456e-05,0.0,2.1408141715774456e-05,1.0,0.0
2022-08-27,0x3416,1.5028503356606682e-05,0.0,1.5028503356606682e-05,1.0,0.0
2022-08-28,0x3416,7.436862588268085e-05,-5.249537543239313e-05,2.187325045028772e-05,1.0,1.0
2022-08-29,0x3416,2.979743096479485e-05,0.0,2.979743096479485e-05,1.0,1.0
2022-08-30,0x3416,4.284440710427277e-05,5.249813134144965e-05,9.534253844572241e-05,1.0,0.0
2022-08-31,0x3416,2.3627832096033934e-05,0.0,2.3627832096033934e-05,1.0,0.0
2022-09-01,0x3416,8.178348925751033e-06,0.0,8.178348925751033e-06,1.0,0.0
2022-09-02,0x3416,1.6636875027815913e-05,0.0,1.6636875027815913e-05,1.0,0.0
2022-09-03,0x3416,1.09529312186045e-05,4.749937491888012e-05,5.845230613748462e-05,1.0,-1.0
2022-09-04,0x3416,5.2062219165318046e-05,-4.7497118835337915e-05,4.565100329980131e-06,1.0,0.0
2022-09-05,0x3416,9.709688407069406e-06,0.0,9.709688407069406e-06,1.0,0.0
2022-09-06,0x3416,2.9764792582910386e-05,0.0,2.9764792582910386e-05,1.0,0.0
2022-09-07,0x3416,2.913602658114937e-05,4.749937491888012e-05,7.663540150002949e-05,1.0,-1.0
2022-09-08,0x3416,1.578253841255519e-05,0.0,1.578253841255519e-05,1.0,-1.0
2022-09-09,0x3416,1.5173322094718524e-05,4.250060610133666e-05,5.767392819605518e-05,1.0,-2.0
2022-09-10,0x3416,1.964894107071574e-05,3.750174979333387e-05,5.715069086404961e-05,1.0,-3.0
2022-09-11,0x3416,1.4781128818752267e-05,0.0,1.4781128818752267e-05,1.0,-3.0
2022-09-12,0x3416,1.3490544171188404e-05,0.0,1.3490544171188404e-05,1.0,-3.0
2022-09-13,0x3416,2.7163081337284734e-05,-3.750034346483577e-05,-1.0337262127551039e-05,1.0,-2.0
2022-09-14,0x3416,2.5513523769548665e-05,-4.249879987650029e-05,-1.6985276106951627e-05,1.0,-1.0
2022-09-15,0x3416,2.565672774676963e-05,0.0,2.565672774676963e-05,1.0,-1.0
2022-09-16,0x3416,5.997578247999386e-06,0.0,5.997578247999386e-06,1.0,-1.0
2022-09-17,0x3416,5.174666108709401e-06,0.0,5.174666108709401e-06,1.0,-1.0
2022-09-18,0x3416,1.0153479583436346e-05,-4.7497118835337915e-05,-3.734363925190157e-05,1.0,0.0
2022-09-19,0x3416,1.5700923751335867e-05,0.0,1.5700923751335867e-05,1.0,0.0
2022-09-20,0x3416,1.7955628824839987e-05,4.749937491888012e-05,6.545500374372011e-05,1.0,-1.0
2022-09-21,0x3416,6.677343867020435e-06,0.0,6.677343867020435e-06,1.0,-1.0
2022-09-22,0x3416,4.299838785735733e-06,0.0,4.299838785735733e-06,1.0,-1.0
2022-09-23,0x3416,7.737602147426368e-06,0.0,7.737602147426368e-06,1.0,-1.0
2022-09-24,0x3416,6.492985689734766e-06,0.0,6.492985689734766e-06,1.0,-1.0
2022-09-25,0x3416,3.5027046534224e-06,0.0,3.5027046534224e-06,1.0,-1.0
2022-09-26,0x3416,6.246503097901845e-06,0.0,6.246503097901845e-06,1.0,-1.0
2022-09-27,0x3416,1.4452593399291953e-05,0.0,1.4452593399291953e-05,1.0,-1.0
2022-09-28,0x3416,1.080905208762323e-05,-4.7497118835337915e-05,-3.668806674771468e-05,1.0,0.0
2022-09-29,0x3416,9.20394520662771e-06,0.0,9.20394520662771e-06,1.0,0.0
2022-09-30,0x3416,2.1038531094307025e-05,0.0,2.1038531094307025e-05,1.0,0.0
2022-10-01,0x3416,3.408067077048793e-05,0.0,3.408067077048793e-05,1.0,0.0
2022-10-02,0x3416,9.827299676117744e-06,0.0,9.827299676117744e-06,1.0,0.0
2022-10-03,0x3416,3.714066687651754e-05,4.749937491888012e-05,8.464004179539766e-05,1.0,-1.0
2022-10-04,0x3416,1.6808361424698908e-05,4.250060610133666e-05,5.930896752603556e-05,1.0,-2.0
2022-10-05,0x3416,2.1072797164078685e-05,0.0,2.1072797164078685e-05,1.0,-2.0
2022-10-06,0x3416,2.453138726571414e-05,0.0,2.453138726571414e-05,1.0,-2.0
2022-10-07,0x3416,9.044288807138842e-06,0.0,9.044288807138842e-06,1.0,-2.0
2022-10-08,0x3416,1.3790471129513178e-05,0.0,1.3790471129513178e-05,1.0,-2.0
2022-10-09,0x3416,8.603978377668768e-06,0.0,8.603978377668768e-06,1.0,-2.0
2022-10-10,0x3416,2.620864443870246e-05,-4.249879987650029e-05,-1.6290155437797834e-05,1.0,-1.0
2022-10-11,0x3416,3.269595210703249e-05,-9.999000088867227e-05,-6.729404878163978e-05,1.0,1.0
2022-10-12,0x3416,1.1558968578657602e-05,0.0,1.1558968578657602e-05,1.0,1.0
2022-10-13,0x3416,3.4233236555086076e-05,5.249813134144965e-05,8.673136789653573e-05,1.0,0.0
2022-10-14,0x3416,2.407847228853695e-05,0.0,2.407847228853695e-05,1.0,0.0
2022-10-15,0x3416,1.4140694046769846e-05,0.0,1.4140694046769846e-05,1.0,0.0
2022-10-16,0x3416,6.454735990518626e-07,0.0,6.454735990518626e-07,1.0,0.0
2022-10-17,0x3416,2.5511323094733385e-05,0.0,2.5511323094733385e-05,1.0,0.0
2022-10-18,0x3416,1.457191030843996e-05,0.0,1.457191030843996e-05,1.0,0.0
2022-10-19,0x3416,8.874421296286712e-06,0.0,8.874421296286712e-06,1.0,0.0
2022-10-20,0x3416,9.056125366358592e-06,0.0,9.056125366358592e-06,1.0,0.0
2022-10-21,0x3416,1.7874061188413577e-05,-5.249537543239313e-05,-3.462131424397956e-05,1.0,1.0
2022-10-22,0x3416,5.474631165533559e-06,5.249813134144965e-05,5.7972762506983206e-05,1.0,0.0
2022-10-23,0x3416,8.73762466833857e-06,4.749937491888012e-05,5.623699958721869e-05,1.0,-1.0
2022-10-24,0x3416,1.272532287992707e-05,0.0,1.272532287992707e-05,1.0,-1.0
2022-10-25,0x3416,1.7232547848502112e-05,4.250060610133666e-05,5.973315394983877e-05,1.0,-2.0
2022-10-26,0x3416,9.550196189778531e-06,0.0,9.550196189778531e-06,1.0,-2.0
2022-10-27,0x3416,8.359316769062868e-06,0.0,8.359316769062868e-06,1.0,-2.0
2022-10-28,0x3416,1.259244119151961e-05,0.0,1.259244119151961e-05,1.0,-2.0
2022-10-29,0x3416,1.856844710910761e-05,3.750174979333387e-05,5.607019690244148e-05,1.0,-3.0
2022-10-30,0x3416,4.1438395405312e-05,3.250273067245679e-05,7.394112607776879e-05,1.0,-4.0
2022-10-31,0x3416,5.3428197684607356e-05,-0.00021247537619806245,-0.0001590471785134551,1.0,1.0
2022-11-01,0x3416,2.4237342387489426e-05,-5.749364464546769e-05,-3.3256302257978264e-05,1.0,2.0
2022-11-02,0x3416,8.193283069436975e-05,0.0001099981001786432,0.00019193093087301294,1.0,0.0
2022-11-03,0x3416,2.8808887652430356e-05,0.0,2.8808887652430356e-05,1.0,0.0
2022-11-04,0x3416,4.157929095039748e-05,0.0,4.157929095039748e-05,1.0,0.0
2022-11-05,0x3416,3.428645637914362e-05,4.749937491888012e-05,8.178583129802374e-05,1.0,-1.0
2022-11-06,0x3416,1.1865058872242062e-05,-4.7497118835337915e-05,-3.563205996309585e-05,1.0,0.0
2022-11-07,0x3416,3.170013805700447e-05,4.749937491888012e-05,7.91995129758846e-05,1.0,-1.0
2022-11-08,0x3416,0.0001332427784324786,0.0,0.0001332427784324786,1.0,-1.0
2022-11-09,0x3416,0.00015187086169552992,-0.0007971116401023215,-0.0006452407784067915,0.4701388888888889,16.0
2022-11-10,0x3416,0.0,0.0,0.0,0.0,27.0
2022-11-11,0x3416,0.0,0.0,0.0,0.0,22.0
2022-11-12,0x3416,0.0,0.0,0.0,0.0,14.0
2022-11-13,0x3416,0.0,0.0,0.0,0.0,14.0
2022-11-14,0x3416,0.0,0.0,0.0,0.0,13.0
2022-11-15,0x3416,7.869141705741182e-06,0.0,7.869141705741182e-06,0.054204308547602505,10.0
2022-11-16,0x3416,0.00018821189875982872,0.00027751649856933014,0.00046572839732915883,0.7906815020862309,7.0
2022-11-17,0x3416,8.445622376493119e-05,8.249460628362293e-05,0.0001669508300485541,1.0,6.0
2022-11-18,0x3416,7.226169266664966e-05,-0.0003599044206396007,-0.0002876427279729511,0.9930458970792768,10.0
2022-11-19,0x3416,2.787262377558955e-06,0.0,2.787262377558955e-06,0.0076495132127955496,10.0
2022-11-20,0x3416,0.0,0.0,0.0,0.0,13.0
2022-11-21,0x3416,0.0,0.0,0.0,0.0,11.0
2022-11-22,0x3416,8.359876229121341e-05,0.0,8.359876229121341e-05,0.3125,10.0
2022-11-23,0x3416,1.6388209980451764e-05,9.74987499053892e-05,0.00011388695988584096,0.16133518776077885,9.0
2022-11-24,0x3416,6.236330331670157e-05,0.00034002434740632026,0.00040238765072302183,1.0,5.0
2022-11-25,0x3416,2.4414422988916717e-05,0.0,2.4414422988916717e-05,1.0,5.0
2022-11-26,0x3416,1.1188023494077606e-05,7.249453151780827e-05,8.368255501188587e-05,1.0,4.0
2022-11-27,0x3416,8.232471286105912e-06,0.0,8.232471286105912e-06,1.0,4.0
2022-11-28,0x3416,5.513732358547735e-05,0.00012999520010859023,0.00018513252369406756,1.0,2.0
2022-11-29,0x3416,3.574800798316468e-05,0.0,3.574800798316468e-05,1.0,2.0
2022-11-30,0x3416,0.00016641375675717024,0.00020001000000013924,0.0003664237567573095,1.0,-2.0
2022-12-01,0x3416,4.997319799368934e-05,0.0,4.997319799368934e-05,1.0,-2.0
2022-12-02,0x3416,4.0539853267822486e-05,0.0,4.0539853267822486e-05,1.0,-2.0
2022-12-03,0x3416,1.2811767179756898e-05,0.0,1.2811767179756898e-05,1.0,-2.0
2022-12-04,0x3416,1.672731092805427e-05,0.0,1.672731092805427e-05,1.0,-2.0
2022-12-05,0x3416,2.5250011678726132e-05,0.0,2.5250011678726132e-05,1.0,-2.0
2022-12-06,0x3416,6.633662319207546e-05,-4.249879987650029e-05,2.3837823315575162e-05,1.0,-1.0
2022-12-07,0x3416,3.390843935028408e-05,0.0,3.390843935028408e-05,1.0,-1.0
2022-12-08,0x3416,3.8675578579181355e-05,8.000394974172487e-05,0.00011867952832090622,1.0,-3.0
2022-12-09,0x3416,6.298233938276781e-05,-3.750034346483577e-05,2.5481995917932035e-05,1.0,-2.0
2022-12-10,0x3416,2.7642713441108556e-05,-4.249879987650029e-05,-1.4856086435391737e-05,1.0,-1.0
2022-12-11,0x3416,1.9103201726865653e-05,4.250060610133666e-05,6.160380782820231e-05,1.0,-2.0
2022-12-12,0x3416,6.102966569770872e-05,0.0,6.102966569770872e-05,1.0,-2.0
2022-12-13,0x3416,0.0002501340660504414,-4.249879987650029e-05,0.00020763526617394108,1.0,-1.0
2022-12-14,0x3416,5.497180394750202e-05,4.250060610133666e-05,9.747241004883868e-05,1.0,-2.0
2022-12-15,0x3416,5.367124745037021e-05,0.0,5.367124745037021e-05,1.0,-2.0
2022-12-16,0x3416,4.649242055704847e-05,0.0,4.649242055704847e-05,1.0,-2.0
2022-12-17,0x3416,8.820603853724486e-05,3.750174979333387e-05,0.00012570778833057873,1.0,-3.0
2022-12-18,0x3416,1.8141117412229158e-05,0.0,1.8141117412229158e-05,1.0,-3.0
2022-12-19,0x3416,5.571050164534151e-05,-3.750034346483577e-05,1.821015818050574e-05,1.0,-2.0
2022-12-20,0x3416,4.072975869104169e-05,0.0,4.072975869104169e-05,1.0,-2.0
2022-12-21,0x3416,4.9624899377286456e-05,0.0,4.9624899377286456e-05,1.0,-2.0
2022-12-22,0x3416,2.8920570952986876e-05,-4.249879987650029e-05,-1.3578228923513417e-05,1.0,-1.0
2022-12-23,0x3416,4.48610135856397e-05,0.0,4.48610135856397e-05,1.0,-1.0
2022-12-24,0x3416,9.806246599346116e-06,0.0,9.806246599346116e-06,1.0,-1.0
2022-12-25,0x3416,4.93460632885837e-05,-4.7497118835337915e-05,1.8489444532457874e-06,1.0,0.0
2022-12-26,0x3416,5.416712996204801e-05,0.0,5.416712996204801e-05,1.0,0.0
2022-12-27,0x3416,2.7788626790654503e-05,-5.249537543239313e-05,-2.470674864173863e-05,1.0,1.0
2022-12-28,0x3416,3.6202685424661266e-05,-0.00011998205287022667,-8.37793674455654e-05,1.0,3.0
2022-12-29,0x3416,4.3955966000571196e-05,0.0,4.3955966000571196e-05,1.0,3.0
2022-12-30,0x3416,1.1417968272606233e-05,0.0,1.1417968272606233e-05,1.0,3.0
2022-12-31,0x3416,1.3306430682142045e-05,0.0,1.3306430682142045e-05,1.0,3.0
2023-01-01,0x3416,3.879919314659481e-05,0.0,3.879919314659481e-05,1.0,3.0
2023-01-02,0x3416,1.9405528388996194e-05,6.249590661200344e-05,8.190143500099963e-05,1.0,2.0
2023-01-03,0x3416,1.7154249396896783e-05,0.0,1.7154249396896783e-05,1.0,2.0
2023-01-04,0x3416,2.439691621135333e-05,5.749695035484059e-05,8.189386656619392e-05,1.0,1.0
2023-01-05,0x3416,4.2279326070258535e-05,-5.749364464546769e-05,-1.5214318575209155e-05,1.0,2.0
2023-01-06,0x3416,5.403925345110755e-05,5.749695035484059e-05,0.00011153620380594814,1.0,1.0
2023-01-07,0x3416,2.8289820063699195e-05,5.249813134144965e-05,8.078795140514885e-05,1.0,0.0
2023-01-08,0x3416,1.8868967795345955e-05,0.0,1.8868967795345955e-05,1.0,0.0
2023-01-09,0x3416,6.46579010112152e-05,4.749937491888012e-05,0.00011215727593009532,1.0,-1.0
2023-01-10,0x3416,5.167558601626948e-05,4.250060610133666e-05,9.417619211760614e-05,1.0,-2.0
2023-01-11,0x3416,5.40441520773256e-05,0.0,5.40441520773256e-05,1.0,-2.0
2023-01-12,0x3416,8.066439205308539e-05,3.750174979333387e-05,0.00011816614184641926,1.0,-3.0
2023-01-13,0x3416,5.433362074409858e-05,0.0,5.433362074409858e-05,1.0,-3.0
2023-01-14,0x3416,8.688368353929308e-05,0.0,8.688368353929308e-05,1.0,-3.0
2023-01-15,0x3416,0.00010543808374922865,6.000709935238824e-05,0.0001654451831016169,1.0,-5.0
2023-01-16,0x3416,6.665969516478266e-05,-9.750159202948083e-05,-3.0841896864698174e-05,1.0,-2.0
2023-01-17,0x3416,4.8723217725310235e-05,3.750174979333387e-05,8.62249675186441e-05,1.0,-3.0
2023-01-18,0x3416,7.620576554154063e-05,-3.750034346483577e-05,3.870542207670486e-05,1.0,-2.0
2023-01-19,0x3416,2.1637701854110335e-05,0.0,2.1637701854110335e-05,1.0,-2.0
2023-01-20,0x3416,3.9773970059712e-05,3.750174979333387e-05,7.727571985304587e-05,1.0,-3.0
2023-01-21,0x3416,0.00011122200610895794,0.0,0.00011122200610895794,1.0,-3.0
2023-01-22,0x3416,5.202513833066311e-05,3.250273067245679e-05,8.452786900311991e-05,1.0,-4.0
2023-01-23,0x3416,4.21332928786764e-05,-3.250167427937267e-05,9.631618599303729e-06,1.0,-3.0
2023-01-24,0x3416,5.2295845708573945e-05,0.0,5.2295845708573945e-05,1.0,-3.0
2023-01-25,0x3416,0.00011311254772608978,0.0,0.00011311254772608978,1.0,-3.0
2023-01-26,0x3416,5.482418412464016e-05,-3.750034346483577e-05,1.7323840659804386e-05,1.0,-2.0
2023-01-27,0x3416,0.00012618125763164315,3.750174979333387e-05,0.00016368300742497703,1.0,-3.0
2023-01-28,0x3416,4.7574983650837936e-05,3.250273067245679e-05,8.007771432329473e-05,1.0,-4.0
2023-01-29,0x3416,2.6870384615744745e-05,-3.250167427937267e-05,-5.631289663627927e-06,1.0,-3.0
2023-01-30,0x3416,4.735027271367057e-05,-3.750034346483577e-05,9.849929248834795e-06,1.0,-2.0
2023-01-31,0x3416,2.423771529654482e-05,-4.249879987650029e-05,-1.8261084579955473e-05,1.0,-1.0
2023-02-01,0x3416,1.724824038838029e-05,4.250060610133666e-05,5.974884648971695e-05,1.0,-2.0
2023-02-02,0x3416,3.600289914614632e-05,3.750174979333387e-05,7.350464893948019e-05,1.0,-3.0
2023-02-03,0x3416,2.9245923361800657e-05,-3.750034346483577e-05,-8.254420103035115e-06,1.0,-2.0
2023-02-04,0x3416,8.295118103958312e-06,0.0,8.295118103958312e-06,1.0,-2.0
2023-02-05,0x3416,2.7218759515015018e-05,7.000569937520851e-05,9.722445889022353e-05,1.0,-4.0
2023-02-06,0x3416,3.5826332818669805e-05,-7.000079892027777e-05,-3.417446610160797e-05,1.0,-2.0
2023-02-07,0x3416,3.155689528657546e-05,0.0,3.155689528657546e-05,1.0,-2.0
2023-02-08,0x3416,3.244270779817807e-05,0.0,3.244270779817807e-05,1.0,-2.0
2023-02-09,0x3416,2.0592503035817908e-05,0.0,2.0592503035817908e-05,1.0,-2.0
2023-02-10,0x3416,2.127021650967205e-05,3.750174979333387e-05,5.8771966303005924e-05,1.0,-3.0
2023-02-11,0x3416,1.5387272321979372e-05,-3.750034346483577e-05,-2.21130711428564e-05,1.0,-2.0
2023-02-12,0x3416,1.5366257581290852e-05,3.750174979333387e-05,5.2868007374624724e-05,1.0,-3.0
2023-02-13,0x3416,0.000592380039671572,0.00010001774965551213,0.0006923977893270841,0.8281141266527487,-7.0
2023-02-14,0x3416,0.00016914590307278373,-4.0006648928114785e-05,0.00012913925414466894,1.0,-5.0
2023-02-15,0x3416,5.767308720951302e-05,-6.000349871648769e-05,-2.330411506974668e-06,1.0,-3.0
2023-02-16,0x3416,3.1532159107524894e-05,0.0,3.1532159107524894e-05,1.0,-3.0
2023-02-17,0x3416,2.2380405634675052e-05,-3.750034346483577e-05,-1.511993783016072e-05,1.0,-2.0
2023-02-18,0x3416,8.711999803384414e-06,0.0,8.711999803384414e-06,1.0,-2.0
2023-02-19,0x3416,8.358371930067118e-06,0.0,8.358371930067118e-06,1.0,-2.0
2023-02-20,0x3416,6.086265306451483e-06,0.0,6.086265306451483e-06,1.0,-2.0
2023-02-21,0x3416,1.3173209675265332e-05,0.0,1.3173209675265332e-05,1.0,-2.0
2023-02-22,0x3416,1.6680323552190953e-05,0.0,1.6680323552190953e-05,1.0,-2.0
2023-02-23,0x3416,7.058046664785908e-06,0.0,7.058046664785908e-06,1.0,-2.0
2023-02-24,0x3416,1.6967344334650737e-05,0.0,1.6967344334650737e-05,1.0,-2.0
2023-02-25,0x3416,5.020554497705844e-06,0.0,5.020554497705844e-06,1.0,-2.0
2023-02-26,0x3416,2.6542917878328554e-06,0.0,2.6542917878328554e-06,1.0,-2.0
2023-02-27,0x3416,8.79340615782988e-06,0.0,8.79340615782988e-06,1.0,-2.0
2023-02-28,0x3416,1.2018872096289009e-05,0.0,1.2018872096289009e-05,1.0,-2.0
2023-03-01,0x3416,1.1628480208978337e-05,0.0,1.1628480208978337e-05,1.0,-2.0
2023-03-02,0x3416,2.047812613541186e-05,0.0,2.047812613541186e-05,1.0,-2.0
2023-03-03,0x3416,3.804696560790234e-05,-4.249879987650029e-05,-4.451834268597952e-06,1.0,-1.0
2023-03-04,0x3416,2.0873533540346508e-05,0.0,2.0873533540346508e-05,1.0,-1.0
2023-03-05,0x3416,2.5925278264514695e-05,0.0,2.5925278264514695e-05,1.0,-1.0
2023-03-06,0x3416,4.656094696688224e-05,0.0,4.656094696688224e-05,1.0,-1.0
2023-03-07,0x3416,3.656089640191159e-05,0.0,3.656089640191159e-05,1.0,-1.0
2023-03-08,0x3416,2.456576311301886e-05,-4.7497118835337915e-05,-2.2931355722319054e-05,1.0,0.0
2023-03-09,0x3416,4.050280383283079e-05,-5.249537543239313e-05,-1.1992571599562343e-05,1.0,1.0
2023-03-10,0x3416,0.0006643366897585032,0.00030256126347238954,0.0009668979532308927,0.9013888888888889,-79.0
2023-03-11,0x3416,0.0,0.0,0.0,0.0,-397.0
2023-03-12,0x3416,0.0,0.0,0.0,0.0,-155.0
2023-03-13,0x3416,0.0,0.0,0.0,0.0,-49.0
2023-03-14,0x3416,0.0,0.0,0.0,0.0,-40.0
2023-03-15,0x3416,0.0,0.0,0.0,0.0,-39.0
2023-03-16,0x3416,0.0,0.0,0.0,0.0,-23.0
2023-03-17,0x3416,0.0,0.0,0.0,0.0,-24.0
2023-03-18,0x3416,0.0,0.0,0.0,0.0,-31.0
2023-03-19,0x3416,0.0,0.0,0.0,0.0,-30.0
2023-03-20,0x3416,0.0,0.0,0.0,0.0,-38.0
2023-03-21,0x3416,0.0,0.0,0.0,0.0,-27.0
2023-03-22,0x3416,0.0,0.0,0.0,0.0,-30.0
2023-03-23,0x3416,0.0,0.0,0.0,0.0,-21.0
2023-03-24,0x3416,0.0,0.0,0.0,0.0,-12.0
2023-03-25,0x3416,0.0,0.0,0.0,0.0,-11.0
2023-03-26,0x3416,0.0001257621777702379,0.0,0.0001257621777702379,0.6784968684759917,-10.0
2023-03-27,0x3416,0.00017472590904156607,-9.001349729698127e-05,8.47124117445848e-05,0.9833217512161223,-4.0
2023-03-28,0x3416,5.6941003024396464e-05,0.0,5.6941003024396464e-05,1.0,-4.0
2023-03-29,0x3416,2.8960365728148863e-05,-3.250167427937267e-05,-3.5413085512238086e-06,1.0,-3.0
2023-03-30,0x3416,2.678608739287394e-05,-3.750034346483577e-05,-1.0714256071961832e-05,1.0,-2.0
2023-03-31,0x3416,5.519181750350157e-05,7.000569937520851e-05,0.00012519751687871007,1.0,-4.0
2023-04-01,0x3416,2.5805498288785116e-05,0.0,2.5805498288785116e-05,1.0,-4.0
2023-04-02,0x3416,9.584910062314375e-05,5.000799944809842e-05,0.00014585710007124217,1.0,-6.0
2023-04-03,0x3416,8.201350987987978e-05,-5.0005498773209034e-05,3.200801110667074e-05,1.0,-4.0
2023-04-04,0x3416,1.813699592673816e-05,0.0,1.813699592673816e-05,1.0,-4.0
2023-04-05,0x3416,1.4802127331853752e-05,0.0,1.4802127331853752e-05,1.0,-4.0
2023-04-06,0x3416,1.4098288141995305e-05,0.0,1.4098288141995305e-05,1.0,-4.0
2023-04-07,0x3416,3.736111695202369e-05,6.75128246319101e-05,0.0001048739415839338,1.0,-7.0
2023-04-08,0x3416,3.301667358443173e-05,-4.0006648928114785e-05,-6.989975343683053e-06,1.0,-5.0
2023-04-09,0x3416,0.00024104186740586656,4.000824952421489e-05,0.0002810501169300814,1.0,-7.0
2023-04-10,0x3416,0.00016340994276970542,1.2503531036767157e-05,0.00017591347380647258,1.0,-8.0
2023-04-11,0x3416,0.0002818911083736052,1.0003600178665195e-05,0.0002918947085522704,0.9173611111111111,-11.0
2023-04-12,0x3416,7.821672215147214e-05,-2.5009999946590256e-06,7.571572215681311e-05,0.6154919748778785,-9.0
2023-04-13,0x3416,6.328053141034875e-05,2.5010062496555463e-06,6.57815376600043e-05,0.5090277777777777,-11.0
2023-04-14,0x3416,4.77800053109442e-05,-2.5009999946590256e-06,4.527900531628518e-05,0.4268802228412256,-9.0
2023-04-15,0x3416,5.7537856091959314e-05,-7.502518876711939e-06,5.0035337215247375e-05,1.0,-8.0
2023-04-16,0x3416,4.113632705382395e-05,0.0,4.113632705382395e-05,1.0,-8.0
2023-04-17,0x3416,4.9408996267725264e-05,-1.25033747004899e-05,3.6905621567235365e-05,1.0,-7.0
2023-04-18,0x3416,6.165255225919805e-05,-4.0006648928114785e-05,2.164590333108326e-05,1.0,-5.0
2023-04-19,0x3416,7.05161450984609e-05,2.250390577085426e-05,9.302005086931516e-05,1.0,-6.0
2023-04-20,0x3416,0.00010185977897251616,-5.0005498773209034e-05,5.1854280199307125e-05,1.0,-4.0
2023-04-21,0x3416,0.00011952864665526202,-0.00021247537619806245,-9.294672954280043e-05,1.0,1.0
2023-04-22,0x3416,2.125736112692082e-05,5.249813134144965e-05,7.375549246837047e-05,1.0,0.0
2023-04-23,0x3416,1.4515393932500695e-05,4.749937491888012e-05,6.201476885138082e-05,1.0,-1.0
2023-04-24,0x3416,2.7793508420511393e-05,0.0,2.7793508420511393e-05,1.0,-1.0
2023-04-25,0x3416,3.16024215901032e-05,0.0,3.16024215901032e-05,1.0,-1.0
2023-04-26,0x3416,3.499563576350679e-05,8.000394974172487e-05,0.00011499958550523166,1.0,-3.0
2023-04-27,0x3416,6.774635156141314e-05,0.0,6.774635156141314e-05,1.0,-3.0
2023-04-28,0x3416,4.454399466457955e-05,8.251235551726133e-05,0.0001270563501818409,1.0,-6.0
2023-04-29,0x3416,0.00012776879915056547,0.0,0.00012776879915056547,1.0,-6.0
2023-04-30,0x3416,5.316206045058353e-05,-2.2503399356388343e-05,3.0658661094195185e-05,1.0,-5.0
2023-05-01,0x3416,7.12380153437979e-05,-2.7502718321525954e-05,4.3735297022271945e-05,1.0,-4.0
2023-05-02,0x3416,2.3083034117975493e-05,-3.250167427937267e-05,-9.418640161397179e-06,1.0,-3.0
2023-05-03,0x3416,2.948999974028741e-05,3.250273067245679e-05,6.19927304127442e-05,1.0,-4.0
2023-05-04,0x3416,1.9172183089243147e-05,0.0,1.9172183089243147e-05,1.0,-4.0
2023-05-05,0x3416,7.236656241774385e-05,8.752037531745138e-05,0.00015988693773519525,1.0,-9.0
2023-05-06,0x3416,7.729496790901297e-05,2.5010062496555463e-06,7.979597415866852e-05,0.27388535031847133,-16.0
2023-05-07,0x3416,0.0,0.0,0.0,0.0,-12.0
2023-05-08,0x3416,8.837805682709093e-05,-1.0003500107602648e-05,7.837455671948828e-05,0.3969252271139064,-8.0
2023-05-09,0x3416,4.041079691636602e-05,-1.25033747004899e-05,2.790742221587612e-05,1.0,-7.0
2023-05-10,0x3416,5.1089685754699816e-05,0.0,5.1089685754699816e-05,1.0,-7.0
2023-05-11,0x3416,5.8386463217607175e-05,-1.7503643463201435e-05,4.088281975440574e-05,1.0,-6.0
2023-05-12,0x3416,5.855720283802785e-05,-5.0005498773209034e-05,8.551704064818816e-06,1.0,-4.0
2023-05-13,0x3416,1.5595030865532517e-05,0.0,1.5595030865532517e-05,1.0,-4.0
2023-05-14,0x3416,5.877545263727747e-06,0.0,5.877545263727747e-06,1.0,-4.0
2023-05-15,0x3416,2.3678953858769408e-05,0.0,2.3678953858769408e-05,1.0,-4.0
2023-05-16,0x3416,6.775354871849764e-06,0.0,6.775354871849764e-06,1.0,-4.0
2023-05-17,0x3416,3.366385791163464e-05,-7.000079892027777e-05,-3.633694100864313e-05,1.0,-2.0
2023-05-18,0x3416,1.8290141937115963e-05,0.0,1.8290141937115963e-05,1.0,-2.0
2023-05-19,0x3416,2.9449802271445264e-06,0.0,2.9449802271445264e-06,1.0,-2.0
2023-05-20,0x3416,4.721461857818564e-06,0.0,4.721461857818564e-06,1.0,-2.0
2023-05-21,0x3416,1.0653744175110475e-05,7.000569937520851e-05,8.065944355031898e-05,1.0,-4.0
2023-05-22,0x3416,1.5098053968029005e-05,-3.250167427937267e-05,-1.740362031134367e-05,1.0,-3.0
2023-05-23,0x3416,1.638497863928772e-05,-3.750034346483577e-05,-2.1115364825548054e-05,1.0,-2.0
2023-05-24,0x3416,2.3762636937726703e-05,0.0,2.3762636937726703e-05,1.0,-2.0
2023-05-25,0x3416,1.2084996676841678e-05,-4.249879987650029e-05,-3.0413803199658613e-05,1.0,-1.0
2023-05-26,0x3416,8.596250761050783e-06,4.250060610133666e-05,5.109685686238744e-05,1.0,-2.0
2023-05-27,0x3416,5.936284863603073e-06,0.0,5.936284863603073e-06,1.0,-2.0
2023-05-28,0x3416,1.0028862500983216e-05,0.0,1.0028862500983216e-05,1.0,-2.0
2023-05-29,0x3416,2.0076995053264167e-05,3.750174979333387e-05,5.757874484659804e-05,1.0,-3.0
2023-05-30,0x3416,2.4787244975168777e-05,0.0,2.4787244975168777e-05,1.0,-3.0
2023-05-31,0x3416,2.124250915132059e-05,0.0,2.124250915132059e-05,1.0,-3.0
2023-06-01,0x3416,2.1982452590286575e-05,-3.750034346483577e-05,-1.5517890874549197e-05,1.0,-2.0
2023-06-02,0x3416,9.188084744303144e-06,0.0,9.188084744303144e-06,1.0,-2.0
2023-06-03,0x3416,1.532746667745246e-05,3.750174979333387e-05,5.282921647078633e-05,1.0,-3.0
2023-06-04,0x3416,5.843980586575711e-06,0.0,5.843980586575711e-06,1.0,-3.0
2023-06-05,0x3416,2.4277635950770202e-05,0.0,2.4277635950770202e-05,1.0,-3.0
2023-06-06,0x3416,3.765071584400382e-05,-7.999754962173533e-05,-4.234683377773151e-05,1.0,-1.0
2023-06-07,0x3416,2.1753658781490754e-05,0.0,2.1753658781490754e-05,1.0,-1.0
2023-06-08,0x3416,2.7442764392606773e-05,-4.7497118835337915e-05,-2.005435444273114e-05,1.0,0.0
2023-06-09,0x3416,2.7925940217145318e-05,0.0,2.7925940217145318e-05,1.0,0.0
2023-06-10,0x3416,6.289111552971225e-05,0.000160013999800368,0.00022290511533008025,1.0,-4.0
2023-06-11,0x3416,1.0344685786813921e-05,0.0,1.0344685786813921e-05,1.0,-4.0
2023-06-12,0x3416,4.62449496494596e-05,-7.000079892027777e-05,-2.3755849270818173e-05,1.0,-2.0
2023-06-13,0x3416,4.186221620280036e-05,-0.0001424845513102735,-0.00010062233510747313,1.0,1.0
2023-06-14,0x3416,3.2368514528824324e-05,-0.00011998205287022667,-8.761353834140236e-05,1.0,3.0
2023-06-15,0x3416,0.00011626986590695604,-0.000479836095606867,-0.00036356622969991096,0.2777777777777778,9.0
2023-06-16,0x3416,2.0334071452712022e-05,9.249673098277178e-05,0.0001128308024354838,0.25365853658536586,8.0
2023-06-17,0x3416,4.510479543687416e-05,0.0002475047230456884,0.00029260951848256254,1.0,5.0
2023-06-18,0x3416,2.3556309221539927e-05,0.0001399944998725644,0.00016355080909410434,1.0,3.0
2023-06-19,0x3416,4.4606379536155446e-05,-6.749052005305956e-05,-2.288414051690411e-05,1.0,4.0
2023-06-20,0x3416,0.00010828750079338601,0.00024000759951237072,0.00034829510030575674,1.0,0.0
2023-06-21,0x3416,4.780445053188941e-05,0.0,4.780445053188941e-05,1.0,0.0
2023-06-22,0x3416,7.412883708902907e-05,9.000199977227119e-05,0.00016413083686130027,1.0,-2.0
2023-06-23,0x3416,3.158624262025271e-05,7.000569937520851e-05,0.00010159194199546122,1.0,-4.0
2023-06-24,0x3416,1.001426495564361e-05,2.750347474189674e-05,3.751773969754035e-05,1.0,-5.0
2023-06-25,0x3416,1.4754523236885093e-05,0.0,1.4754523236885093e-05,1.0,-5.0
2023-06-26,0x3416,3.2091085866518046e-05,-0.00013999624820537626,-0.00010790516233885822,1.0,-1.0
2023-06-27,0x3416,3.3703136444078244e-05,0.0,3.3703136444078244e-05,1.0,-1.0
2023-06-28,0x3416,9.609368368507017e-06,0.0,9.609368368507017e-06,1.0,-1.0
2023-06-29,0x3416,2.0653700564199032e-05,-9.999000088867227e-05,-7.933630032447324e-05,1.0,1.0
2023-06-30,0x3416,4.866452885383453e-05,-5.749364464546769e-05,-8.829115791633158e-06,1.0,2.0
2023-07-01,0x3416,1.7333451398246393e-05,0.0,1.7333451398246393e-05,1.0,2.0
2023-07-02,0x3416,1.2048677817005659e-05,5.749695035484059e-05,6.954562817184626e-05,1.0,1.0
2023-07-03,0x3416,1.7376152454660127e-05,5.249813134144965e-05,6.987428379610978e-05,1.0,0.0
2023-07-04,0x3416,2.7554179144476997e-05,9.000199977227119e-05,0.0001175561789167482,1.0,-2.0
2023-07-05,0x3416,1.519503534700956e-05,-4.249879987650029e-05,-2.7303764529490733e-05,1.0,-1.0
2023-07-06,0x3416,5.841550175618806e-06,0.0,5.841550175618806e-06,1.0,-1.0
2023-07-07,0x3416,7.73532938498744e-06,0.0,7.73532938498744e-06,1.0,-1.0
2023-07-08,0x3416,6.7445054345902104e-06,0.0,6.7445054345902104e-06,1.0,-1.0
2023-07-09,0x3416,5.273701065835389e-06,0.0,5.273701065835389e-06,1.0,-1.0
2023-07-10,0x3416,1.608534056545557e-05,-4.7497118835337915e-05,-3.1411778269882345e-05,1.0,0.0
2023-07-11,0x3416,9.968980959309662e-06,4.749937491888012e-05,5.7468355878189784e-05,1.0,-1.0
2023-07-12,0x3416,7.810640779589587e-06,0.0,7.810640779589587e-06,1.0,-1.0
2023-07-13,0x3416,3.299602306461324e-05,8.000394974172487e-05,0.00011299997280633811,1.0,-3.0
2023-07-14,0x3416,2.4985480971267204e-05,3.250273067245679e-05,5.748821164372399e-05,1.0,-4.0
2023-07-15,0x3416,2.5077173567190514e-05,2.750347474189674e-05,5.2580648309087256e-05,1.0,-5.0
2023-07-16,0x3416,8.025273614907382e-06,-2.7502718321525954e-05,-1.9477444706618572e-05,1.0,-4.0
2023-07-17,0x3416,1.724271678108892e-05,-3.250167427937267e-05,-1.5258957498283753e-05,1.0,-3.0
2023-07-18,0x3416,7.640275013419338e-06,-3.750034346483577e-05,-2.9860068451416433e-05,1.0,-2.0
2023-07-19,0x3416,7.579168535566147e-06,-4.249879987650029e-05,-3.4919631340934144e-05,1.0,-1.0
2023-07-20,0x3416,3.4889131953003315e-06,0.0,3.4889131953003315e-06,1.0,-1.0
2023-07-21,0x3416,9.989926908287678e-06,-4.7497118835337915e-05,-3.750719192705024e-05,1.0,0.0
2023-07-22,0x3416,1.042094969273546e-05,0.0,1.042094969273546e-05,1.0,0.0
2023-07-23,0x3416,2.336699834888268e-06,4.749937491888012e-05,4.983607475376839e-05,1.0,-1.0
2023-07-24,0x3416,1.0745318669352506e-05,-4.7497118835337915e-05,-3.6751800165985406e-05,1.0,0.0
2023-07-25,0x3416,2.059652815537359e-05,-5.249537543239313e-05,-3.189884727701954e-05,1.0,1.0
2023-07-26,0x3416,2.9647289410449266e-05,0.0,2.9647289410449266e-05,1.0,1.0
2023-07-27,0x3416,3.057316401651239e-05,0.0,3.057316401651239e-05,1.0,1.0
2023-07-28,0x3416,2.0143028381200737e-05,0.0,2.0143028381200737e-05,1.0,1.0
2023-07-29,0x3416,8.01422004107133e-06,0.0,8.01422004107133e-06,1.0,1.0
2023-07-30,0x3416,8.572861012459615e-06,5.249813134144965e-05,6.107099235390926e-05,1.0,0.0
2023-07-31,0x3416,2.1339712629643145e-05,-5.249537543239313e-05,-3.115566280274999e-05,1.0,1.0
2023-08-01,0x3416,0.00011481882368095715,-0.00025994016254971,-0.00014512133886875284,1.0,5.0
2023-08-02,0x3416,9.871662742399964e-05,0.0,9.871662742399964e-05,1.0,5.0
2023-08-03,0x3416,0.00011156193492582113,-0.00024744347961580537,-0.00013588154468998425,0.7328671328671329,8.0
2023-08-04,0x3416,0.0001611914199130156,-0.00018996840435214768,-2.877698443913207e-05,0.7225312934631433,13.0
2023-08-05,0x3416,0.0,0.0,0.0,0.0,11.0
2023-08-06,0x3416,0.0,0.0,0.0,0.0,15.0
2023-08-07,0x3416,0.0,0.0,0.0,0.0,12.0
2023-08-08,0x3416,6.6746854182035e-05,0.0005776120046012689,0.000644358858783304,0.3328661527680449,3.0
2023-08-09,0x3416,0.00011054124868165701,-0.00021745240301562774,-0.00010691115433397073,1.0,6.0
2023-08-10,0x3416,0.00019636466253954575,-0.0002624407609653767,-6.607609842583097e-05,0.6583159359777314,9.0
2023-08-11,0x3416,2.495600935465577e-05,9.249673098277178e-05,0.00011745274033742755,0.06345885634588563,8.0
2023-08-12,0x3416,4.071244106782672e-05,0.00016999719903076915,0.00021070964009859588,1.0,6.0
2023-08-13,0x3416,4.798745888988847e-05,-0.00016996830489501846,-0.00012198084600512999,1.0,8.0
2023-08-14,0x3416,2.169611719506064e-05,-0.00018996840435214768,-0.00016827228715708703,0.16199158485273493,11.0
2023-08-15,0x3416,0.0,0.0,0.0,0.0,12.0
2023-08-16,0x3416,2.0088147012376036e-05,0.0,2.0088147012376036e-05,0.004166666666666667,10.0
2023-08-17,0x3416,8.290110886183776e-05,0.00036003399846706863,0.0004429351073289064,0.05211952744961779,6.0
2023-08-18,0x3416,0.0001599306106913242,7.749435019244189e-05,0.00023742496088376608,1.0,5.0
2023-08-19,0x3416,4.8627608303126675e-05,0.0001399944998725644,0.00018862210817569109,1.0,3.0
2023-08-20,0x3416,3.0102480359648753e-05,6.249590661200344e-05,9.259838697165219e-05,1.0,2.0
2023-08-21,0x3416,8.428998895103694e-05,0.0,8.428998895103694e-05,1.0,2.0
2023-08-22,0x3416,5.496124970836536e-05,-0.00012997830355299111,-7.501705384462576e-05,1.0,4.0
2023-08-23,0x3416,7.542585965770212e-05,0.0,7.542585965770212e-05,1.0,4.0
2023-08-24,0x3416,5.870181196254946e-05,0.0,5.870181196254946e-05,1.0,4.0
2023-08-25,0x3416,5.365201753565349e-05,-7.248927644176728e-05,-1.883725890611379e-05,1.0,5.0
2023-08-26,0x3416,2.04430223341181e-05,0.0,2.04430223341181e-05,1.0,5.0
2023-08-27,0x3416,1.9394719214752903e-05,-7.748834528353843e-05,-5.8093626068785526e-05,1.0,6.0
2023-08-28,0x3416,8.078935817781158e-05,7.749435019244189e-05,0.00015828370837025346,1.0,5.0
2023-08-29,0x3416,0.00020712830818062894,0.0003125195302686734,0.0005196478384493023,1.0,0.0
2023-08-30,0x3416,1.8854974246018938e-05,0.0,1.8854974246018938e-05,1.0,0.0
2023-08-31,0x3416,2.6416696949709668e-05,-5.249537543239313e-05,-2.6078678482683464e-05,1.0,1.0
2023-09-01,0x3416,0.00019340096312144955,-0.00025994016254971,-6.653919942826043e-05,1.0,5.0
2023-09-02,0x3416,5.199774669752123e-05,0.00020249915556758147,0.0002544969022651027,1.0,2.0
2023-09-03,0x3416,1.0754016997435932e-05,0.0,1.0754016997435932e-05,1.0,2.0
2023-09-04,0x3416,7.918128619770512e-05,-6.249200111763109e-05,1.6689285080074024e-05,1.0,3.0
2023-09-05,0x3416,9.447789016569626e-05,-0.00013997490415584846,-4.549701399015219e-05,1.0,5.0
2023-09-06,0x3416,0.00018624852824196435,-7.748834528353843e-05,0.00010876018295842592,1.0,6.0
2023-09-07,0x3416,0.00010293178161580402,0.0,0.00010293178161580402,1.0,6.0
2023-09-08,0x3416,7.246772516021596e-05,0.00014999449962704858,0.00022246222478726453,1.0,4.0
2023-09-09,0x3416,3.572776707396714e-05,6.749507533077015e-05,0.00010322284240473728,1.0,3.0
2023-09-10,0x3416,2.272709410734435e-05,0.0,2.272709410734435e-05,1.0,3.0
2023-09-11,0x3416,6.554770769650291e-05,-6.749052005305956e-05,-1.942812356556646e-06,1.0,4.0
2023-09-12,0x3416,0.00013957985761807307,0.00012999520010859023,0.00026957505772666327,1.0,2.0
2023-09-13,0x3416,3.5321002314944815e-05,0.0001099981001786432,0.000145319102493588,1.0,0.0
2023-09-14,0x3416,2.0323288735660034e-05,4.749937491888012e-05,6.782266365454015e-05,1.0,-1.0
2023-09-15,0x3416,6.220564382964053e-05,-9.999000088867227e-05,-3.7784357059031745e-05,1.0,1.0
2023-09-16,0x3416,1.2484138369974496e-05,5.249813134144965e-05,6.498226971142414e-05,1.0,0.0
2023-09-17,0x3416,1.330772865293549e-05,9.000199977227119e-05,0.00010330972842520668,1.0,-2.0
2023-09-18,0x3416,0.00011652495984135795,0.0,0.00011652495984135795,1.0,-2.0
2023-09-19,0x3416,2.622610241749976e-05,0.0,2.622610241749976e-05,1.0,-2.0
2023-09-20,0x3416,1.6648611230814915e-05,-4.249879987650029e-05,-2.5850188645685378e-05,1.0,-1.0
2023-09-21,0x3416,2.9310115354641667e-05,-4.7497118835337915e-05,-1.8187003480696248e-05,1.0,0.0
2023-09-22,0x3416,1.0505806551055612e-05,0.0,1.0505806551055612e-05,1.0,0.0
2023-09-23,0x3416,0.00015269091345796254,0.0,0.00015269091345796254,1.0,0.0
2023-09-24,0x3416,3.306972601381587e-06,0.0,3.306972601381587e-06,1.0,0.0
2023-09-25,0x3416,3.7656951100206364e-05,-0.00010998600192746455,-7.232905082725819e-05,1.0,2.0
2023-09-26,0x3416,9.645419058036481e-05,-0.00012997830355299111,-3.35241129726263e-05,1.0,4.0
2023-09-27,0x3416,7.329745740373362e-05,-0.00023244743527517375,-0.00015914997787144013,1.0,7.0
2023-09-28,0x3416,0.00010525609022873164,0.00042004469837886305,0.0005253007886075947,1.0,1.0
2023-09-29,0x3416,1.4772594443884582e-05,0.0,1.4772594443884582e-05,1.0,1.0
2023-09-30,0x3416,4.81707213386212e-05,9.999999988874464e-05,0.00014817072122736585,1.0,-1.0
2023-10-01,0x3416,2.3025154558744913e-05,0.0,2.3025154558744913e-05,1.0,-1.0
2023-10-02,0x3416,0.00019431246666391056,8.000394974172487e-05,0.00027431641640563543,1.0,-3.0
2023-10-03,0x3416,2.5446992822409917e-05,-7.999754962173533e-05,-5.4550556799325414e-05,1.0,-1.0
2023-10-04,0x3416,2.6717047280271612e-05,0.0,2.6717047280271612e-05,1.0,-1.0
2023-10-05,0x3416,5.233523385593655e-05,4.250060610133666e-05,9.48358399572732e-05,1.0,-2.0
2023-10-06,0x3416,5.1313681515406705e-05,9.751109951694481e-05,0.00014882478103235152,1.0,-5.0
2023-10-07,0x3416,5.631520902490298e-05,2.250390577085426e-05,7.881911479575724e-05,1.0,-6.0
2023-10-08,0x3416,0.00039382695018012735,0.0,0.00039382695018012735,0.9993036211699164,-6.0
2023-10-09,0x3416,6.158282406993624e-05,-0.00012000279726864793,-5.841997319871169e-05,1.0,-2.0
2023-10-10,0x3416,4.1924616417723336e-05,0.0,4.1924616417723336e-05,1.0,-2.0
2023-10-11,0x3416,6.0287237085041826e-05,-0.0001424845513102735,-8.219731422523166e-05,1.0,1.0
2023-10-12,0x3416,5.7352947935942045e-05,-0.00011998205287022667,-6.262910493428462e-05,1.0,3.0
2023-10-13,0x3416,7.135163430660403e-05,6.249590661200344e-05,0.00013384754091860747,1.0,2.0
2023-10-14,0x3416,4.295206061286043e-05,5.749695035484059e-05,0.00010044901096770102,1.0,1.0
2023-10-15,0x3416,1.476607026282684e-05,5.249813134144965e-05,6.726420160427648e-05,1.0,0.0
2023-10-16,0x3416,0.00010012986007197222,0.00012750712479814297,0.00022763698487011518,1.0,-3.0
2023-10-17,0x3416,5.7121602261918584e-05,6.000709935238824e-05,0.00011712870161430682,1.0,-5.0
2023-10-18,0x3416,0.0001803071691956346,-9.750159202948083e-05,8.280557716615377e-05,1.0,-2.0
2023-10-19,0x3416,3.187381953036283e-05,7.000569937520851e-05,0.00010187951890557134,1.0,-4.0
2023-10-20,0x3416,7.966891361350082e-05,0.0,7.966891361350082e-05,1.0,-4.0
2023-10-21,0x3416,3.9725931915591166e-06,0.0,3.9725931915591166e-06,1.0,-4.0
2023-10-22,0x3416,2.1953020059707867e-05,0.0,2.1953020059707867e-05,1.0,-4.0
2023-10-23,0x3416,0.00017244089920429002,2.750347474189674e-05,0.00019994437394618676,1.0,-5.0
2023-10-24,0x3416,0.00014945631267407667,-0.0001874867176223649,-3.803040494828824e-05,1.0,0.0
2023-10-25,0x3416,5.059096003987993e-05,9.000199977227119e-05,0.00014059295981215113,1.0,-2.0
2023-10-26,0x3416,4.471224540050743e-05,-4.249879987650029e-05,2.213445524007139e-06,1.0,-1.0
2023-10-27,0x3416,1.972623254799721e-05,0.0,1.972623254799721e-05,1.0,-1.0
2023-10-28,0x3416,2.7058103510900933e-06,4.250060610133666e-05,4.520641645242675e-05,1.0,-2.0
2023-10-29,0x3416,6.116628323649312e-06,0.0,6.116628323649312e-06,1.0,-2.0
2023-10-30,0x3416,3.6132888821080334e-05,7.000569937520851e-05,0.00010613858819628884,1.0,-4.0
2023-10-31,0x3416,5.7463180794798486e-05,0.0,5.7463180794798486e-05,1.0,-4.0
2023-11-01,0x3416,1.434742409729817e-05,0.0,1.434742409729817e-05,1.0,-4.0
2023-11-02,0x3416,0.0001358551704814403,-3.250167427937267e-05,0.00010335349620206762,1.0,-3.0
2023-11-03,0x3416,1.546713643871448e-05,0.0,1.546713643871448e-05,1.0,-3.0
2023-11-04,0x3416,2.1834067439870367e-05,8.251235551726133e-05,0.0001043464229571317,1.0,-6.0
2023-11-05,0x3416,0.00022117549339850374,3.7510500044080075e-05,0.0002586859934425838,0.9993055555555556,-9.0
2023-11-06,0x3416,0.00011870953176371831,-8.75127161715783e-05,3.119681559214001e-05,1.0,-4.0
2023-11-07,0x3416,2.172086283453269e-05,0.0,2.172086283453269e-05,1.0,-4.0
2023-11-08,0x3416,2.7183814625262687e-05,-7.000079892027777e-05,-4.281698429501509e-05,1.0,-2.0
2023-11-09,0x3416,4.2901350640889975e-05,3.750174979333387e-05,8.040310043422384e-05,1.0,-3.0
2023-11-10,0x3416,0.00017413091933329803,3.250273067245679e-05,0.00020663365000575483,1.0,-4.0
2023-11-11,0x3416,5.238758450278115e-05,2.750347474189674e-05,7.989105924467789e-05,1.0,-5.0
2023-11-12,0x3416,5.459546232573923e-06,0.0,5.459546232573923e-06,1.0,-5.0
2023-11-13,0x3416,0.00013897510961425794,-6.000349871648769e-05,7.897161089777025e-05,0.9993050729673384,-3.0
2023-11-14,0x3416,0.0001325666512234564,-7.999754962173533e-05,5.256910160172107e-05,1.0,-1.0
2023-11-15,0x3416,0.0002254235187847271,0.00011250928076100841,0.0003379327995457355,1.0,-4.0
2023-11-16,0x3416,2.2674841558594004e-05,-3.250167427937267e-05,-9.826832720778668e-06,1.0,-3.0
2023-11-17,0x3416,2.2641954766451215e-05,-3.750034346483577e-05,-1.4858388698384557e-05,1.0,-2.0
2023-11-18,0x3416,2.648880615452816e-05,7.000569937520851e-05,9.649450552973667e-05,1.0,-4.0
2023-11-19,0x3416,4.659945810137475e-05,5.000799944809842e-05,9.660745754947317e-05,1.0,-6.0
2023-11-20,0x3416,0.0001994142316724716,1.7503949846009448e-05,0.00021691818151848104,1.0,-7.0
2023-11-21,0x3416,4.65482652341676e-05,-6.750826695800516e-05,-2.096000172383756e-05,1.0,-4.0
2023-11-22,0x3416,0.0002432223061980038,-7.000079892027777e-05,0.00017322150727772602,1.0,-2.0
2023-11-23,0x3416,4.848144972174973e-05,0.0,4.848144972174973e-05,1.0,-2.0
2023-11-24,0x3416,7.868402675729325e-05,0.00013752325028937307,0.00021620727704666631,1.0,-7.0
2023-11-25,0x3416,4.488060632071155e-05,-1.7503643463201435e-05,2.7376962857510116e-05,1.0,-6.0
2023-11-26,0x3416,1.0913969109103403e-05,-2.2503399356388343e-05,-1.158943024728494e-05,1.0,-5.0
2023-11-27,0x3416,2.8859967883222607e-05,-9.750159202948083e-05,-6.864162414625823e-05,1.0,-2.0
2023-11-28,0x3416,7.236361764560469e-05,9.751109951694481e-05,0.0001698747171625495,1.0,-5.0
2023-11-29,0x3416,6.314669380000003e-05,-6.000349871648769e-05,3.1431950835123396e-06,1.0,-3.0
2023-11-30,0x3416,4.5095181251333936e-05,-3.750034346483577e-05,7.594837786498164e-06,1.0,-2.0
2023-12-01,0x3416,4.123563557724541e-05,3.750174979333387e-05,7.873738537057928e-05,1.0,-3.0
2023-12-02,0x3416,1.566619129848888e-05,6.000709935238824e-05,7.567329065087712e-05,1.0,-5.0
2023-12-03,0x3416,9.146006549184525e-06,0.0,9.146006549184525e-06,1.0,-5.0
2023-12-04,0x3416,6.0104155767361336e-05,-0.00013999624820537626,-7.989209243801492e-05,1.0,-1.0
2023-12-05,0x3416,4.9687770280220054e-05,4.250060610133666e-05,9.218837638155672e-05,1.0,-2.0
2023-12-06,0x3416,9.552102720471475e-05,-4.249879987650029e-05,5.302222732821446e-05,1.0,-1.0
2023-12-07,0x3416,5.1055098753737865e-05,4.250060610133666e-05,9.355570485507453e-05,1.0,-2.0
2023-12-08,0x3416,1.574378124633799e-05,0.0,1.574378124633799e-05,1.0,-2.0
2023-12-09,0x3416,2.7101471971112732e-05,7.000569937520851e-05,9.710717134632124e-05,1.0,-4.0
2023-12-10,0x3416,1.5606739639619418e-05,-7.000079892027777e-05,-5.439405928065835e-05,1.0,-2.0
2023-12-11,0x3416,0.00024877316906451774,-0.00040238767640254913,-0.0001536145073380314,1.0,5.0
2023-12-12,0x3416,0.000270761172557021,0.0,0.000270761172557021,1.0,5.0
2023-12-13,0x3416,0.0005078040566994711,0.0003125195302686734,0.0008203235869681445,0.9993021632937893,0.0
2023-12-14,0x3416,3.1157625586219464e-05,4.749937491888012e-05,7.865700050509959e-05,1.0,-1.0
2023-12-15,0x3416,0.00015191062548160415,-4.7497118835337915e-05,0.00010441350664626623,1.0,0.0
2023-12-16,0x3416,0.0006628722423156715,-0.0005597880651814213,0.00010308417713425022,0.9714285714285714,8.0
2023-12-17,0x3416,0.0006898412390508919,-0.00018996840435214768,0.0004998728346987442,0.5835654596100278,11.0
2023-12-18,0x3416,0.0003979199974550742,0.0004375562492604512,0.0008354762467155254,0.8450312717164697,5.0
2023-12-19,0x3416,0.0003021423681742485,0.0001399944998725644,0.0004421368680468129,1.0,3.0
2023-12-20,0x3416,9.628665557108696e-05,0.00022000844982450474,0.0003162951053955917,1.0,-1.0
2023-12-21,0x3416,6.934655972833464e-05,-4.7497118835337915e-05,2.1849440892996727e-05,1.0,0.0
2023-12-22,0x3416,5.4674071909543694e-05,0.000210030001228656,0.0002647040731381997,1.0,-6.0
2023-12-23,0x3416,0.00016281932344250393,-5.0005498773209034e-05,0.0001128138246692949,1.0,-4.0
2023-12-24,0x3416,5.814615505241462e-05,5.000799944809842e-05,0.00010815415450051303,1.0,-6.0
2023-12-25,0x3416,4.519080718783013e-05,-8.250554779021257e-05,-3.731474060238244e-05,1.0,-3.0
2023-12-26,0x3416,0.00017319165432575363,-0.00017997955155546475,-6.787897229711115e-06,1.0,1.0
2023-12-27,0x3416,0.0001580999425789791,0.00026253915875273925,0.00042063910133171835,1.0,-6.0
2023-12-28,0x3416,0.00025286138608198166,-5.0005498773209034e-05,0.00020285588730877262,1.0,-4.0
2023-12-29,0x3416,0.00010145516356167935,-7.000079892027777e-05,3.1454364641401574e-05,1.0,-2.0
2023-12-30,0x3416,3.091561310195562e-05,-8.999390014130526e-05,-5.907828703934964e-05,1.0,0.0
2023-12-31,0x3416,0.00010383496033496897,-0.00010998600192746455,-6.151041592495577e-06,0.9993050729673384,2.0
2024-01-01,0x3416,0.0001313827709140304,0.0001575026999385276,0.000288885470852558,1.0,-1.0
2024-01-02,0x3416,0.0004121459567205009,0.00011250928076100841,0.0005246552374815092,1.0,-4.0
2024-01-03,0x3416,0.000599019228252072,5.000799944809842e-05,0.0006490272277001704,0.9477715877437326,-6.0
2024-01-04,0x3416,0.0002459395422409214,4.001160010780325e-05,0.00028595114234872466,0.7727272727272727,-11.0
2024-01-05,0x3416,0.00029368534295019474,-2.2506749730588638e-05,0.0002711785932196061,0.9102296450939458,-7.0
2024-01-06,0x3416,5.547965213264046e-05,-1.7503643463201435e-05,3.7976008669439024e-05,1.0,-6.0
2024-01-07,0x3416,9.453171998126347e-05,0.0,9.453171998126347e-05,1.0,-6.0
2024-01-08,0x3416,0.00024614785868741127,3.0007699744150074e-05,0.00027615555843156134,0.9874826147426982,-8.0
2024-01-09,0x3416,0.00017245026498132753,-0.00011250987137190194,5.9940393609425596e-05,1.0,-3.0
2024-01-10,0x3416,5.2144483786782676e-05,3.250273067245679e-05,8.464721445923946e-05,1.0,-4.0
2024-01-11,0x3416,0.00020488172984220186,-7.000079892027777e-05,0.00013488093092192408,1.0,-2.0
2024-01-12,0x3416,0.0010692096077816761,-0.0002624495085915557,0.0008067600991901204,0.9506944444444444,3.0
2024-01-13,0x3416,0.0002632694820080295,6.249590661200344e-05,0.00032576538862003296,1.0,2.0
2024-01-14,0x3416,0.00018691339474970743,-0.0002024581579616047,-1.5544763211897285e-05,1.0,5.0
2024-01-15,0x3416,0.0005562754317285062,-0.00015996975492515997,0.00039630567680334623,0.9993045897079277,7.0
2024-01-16,0x3416,0.0004385662155756716,0.00036252690383276054,0.0008010931194084322,0.718554551772064,2.0
2024-01-17,0x3416,0.0004657751900830911,-0.0006397344873991795,-0.00017395929731608837,0.9722029186935371,11.0
2024-01-18,0x3416,0.0008869131437436933,0.0,0.0008869131437436933,0.2924791086350975,10.0
2024-01-19,0x3416,0.0001977170080379385,9.74987499053892e-05,0.0002952157579433277,0.2625,9.0
2024-01-20,0x3416,0.00016824636070475655,0.00018000019886965646,0.00034824655957441304,1.0,7.0
2024-01-21,0x3416,0.00014589939819693715,8.249460628362293e-05,0.00022839400448056008,1.0,6.0
2024-01-22,0x3416,0.0007277072513460455,-0.0003599044206396007,0.0003678028307064448,0.725,10.0
2024-01-23,0x3416,0.0004010503029990292,9.74987499053892e-05,0.0004985490529044184,0.49200833912439196,9.0
2024-01-24,0x3416,9.962976613398024e-05,0.00034002434740632026,0.00043965411354030047,1.0,5.0
2024-01-25,0x3416,0.00014270879948884672,-7.748834528353843e-05,6.52204542053083e-05,1.0,6.0
2024-01-26,0x3416,0.0003195278246593057,0.00021749969884776732,0.000537027523507073,0.9993031358885017,3.0
2024-01-27,0x3416,2.8001741043871108e-05,0.00011999645029070471,0.00014799819133457583,1.0,1.0
2024-01-28,0x3416,4.3966090484075924e-06,0.0,4.3966090484075924e-06,1.0,1.0
2024-01-29,0x3416,2.879894883056476e-05,0.0,2.879894883056476e-05,1.0,1.0
2024-01-30,0x3416,1.0222228101749663e-05,0.0,1.0222228101749663e-05,1.0,1.0
2024-01-31,0x3416,0.00033794387947722314,-0.00025994016254971,7.800371692751317e-05,1.0,5.0
2024-02-01,0x3416,0.00025543889460342853,7.249453151780827e-05,0.0003279334261212368,0.9191073919107392,4.0
2024-02-02,0x3416,0.00013169415094979383,-7.248927644176728e-05,5.920487450802655e-05,1.0,5.0
2024-02-03,0x3416,2.0569277583825147e-05,7.249453151780827e-05,9.306380910163342e-05,1.0,4.0
2024-02-04,0x3416,1.9696593141740445e-05,0.0,1.9696593141740445e-05,1.0,4.0
2024-02-05,0x3416,0.00020317499294164127,-0.0005098224497032122,-0.00030664745676157096,0.4727653631284916,15.0
2024-02-06,0x3416,5.8962368933888216e-05,0.0005776120046012689,0.0006365743735351571,0.3064628214037526,3.0
2024-02-07,0x3416,0.00021289286232272528,0.0,0.00021289286232272528,1.0,3.0
2024-02-08,0x3416,4.582221520571522e-05,0.00017250088122167107,0.0002183230964273863,1.0,0.0
2024-02-09,0x3416,0.00013539304983010034,0.000210030001228656,0.0003454230510587564,1.0,-6.0
2024-02-10,0x3416,0.00012237587077514183,-5.0005498773209034e-05,7.23703720019328e-05,1.0,-4.0
2024-02-11,0x3416,7.59109052842693e-05,0.0,7.59109052842693e-05,1.0,-4.0
2024-02-12,0x3416,5.0319263404242595e-05,-3.250167427937267e-05,1.7817589124869923e-05,1.0,-3.0
2024-02-13,0x3416,5.354363124977449e-05,3.250273067245679e-05,8.604636192223128e-05,1.0,-4.0
2024-02-14,0x3416,0.0002836125694881298,8.001719981742816e-05,0.000363629769305558,1.0,-8.0
2024-02-15,0x3416,0.0014365928626773007,1.0003600178665195e-05,0.0014465964628559659,0.9777623349548298,-10.0
2024-02-16,0x3416,0.0005772998422986348,-4.0009999243695304e-05,0.0005372898430549395,0.9868055555555556,-6.0
2024-02-17,0x3416,3.989920530921843e-05,-5.0005498773209034e-05,-1.0106293463990604e-05,1.0,-4.0
2024-02-18,0x3416,1.7410013309365645e-05,-3.250167427937267e-05,-1.5091660970007027e-05,1.0,-3.0
2024-02-19,0x3416,7.103601391762317e-05,0.0,7.103601391762317e-05,1.0,-3.0
2024-02-20,0x3416,0.0001699726266638109,-3.750034346483577e-05,0.00013247228319897514,1.0,-2.0
2024-02-21,0x3416,0.00010736092058121406,-4.249879987650029e-05,6.486212070471376e-05,1.0,-1.0
2024-02-22,0x3416,0.000655159343612221,-0.00043736462892607353,0.0002177947146861475,1.0,6.0
2024-02-23,0x3416,0.00022737481282536558,0.0003375222483303908,0.0005648970611557564,1.0,1.0
2024-02-24,0x3416,4.549108079406366e-05,0.0,4.549108079406366e-05,1.0,1.0
2024-02-25,0x3416,1.0748580549269295e-05,5.249813134144965e-05,6.324671189071894e-05,1.0,0.0
2024-02-26,0x3416,0.00037663697320415346,0.00024754837960316856,0.000624185352807322,1.0,-9.0
2024-02-27,0x3416,0.0006593916012550196,-2.0005799770461685e-05,0.0006393858014845579,0.995135510771369,-7.0
2024-02-28,0x3416,0.000988131079672238,2.2507256295822842e-05,0.0010106383359680608,0.9658536585365853,-10.0
2024-02-29,0x3416,0.0006206626066806545,-4.0009999243695304e-05,0.0005806526074369592,0.99375,-6.0
2024-03-01,0x3416,0.0005418584890451481,4.001160010780325e-05,0.0005818700891529514,0.9144050104384134,-11.0
2024-03-02,0x3416,0.00022001493948413077,0.0,0.00022001493948413077,0.1597222222222222,-11.0
2024-03-03,0x3416,0.0004986466575666456,-4.0009999243695304e-05,0.0004586366583229503,0.9797909407665505,-6.0
2024-03-04,0x3416,0.0005756896041252263,4.001160010780325e-05,0.0006157012042330295,0.709116214335421,-14.0
2024-03-05,0x3416,0.0004840337139728374,-2.5009999946590256e-06,0.00048153271397817835,0.7301255230125523,-9.0
2024-03-06,0x3416,0.0002209623017782302,2.5010062496555463e-06,0.00022346330802788575,0.7458333333333333,-11.0
2024-03-07,0x3416,0.00013281384845019743,0.0,0.00013281384845019743,0.7277158774373259,-15.0
2024-03-08,0x3416,7.65337655205063e-05,0.0,7.65337655205063e-05,0.0006954102920723226,-23.0
2024-03-09,0x3416,0.0,0.0,0.0,0.0,-24.0
2024-03-10,0x3416,0.0,0.0,0.0,0.0,-12.0
2024-03-11,0x3416,0.001026233693219481,-6.251249823907568e-05,0.0009637211949804054,0.9166666666666666,-5.0
2024-03-12,0x3416,0.00099396945828862,0.0,0.00099396945828862,1.0,-5.0
2024-03-13,0x3416,0.0006862619226531471,4.000824952421489e-05,0.000726270172177362,0.8809192200557103,-7.0
2024-03-14,0x3416,0.0014544194518608309,-0.0004673812902860064,0.0009870381615748245,1.0,4.0
2024-03-15,0x3416,0.0016818526509134943,0.00024000759951237072,0.001921860250425865,0.9930313588850174,0.0
2024-03-16,0x3416,0.000751444311339028,-0.0003898860285537209,0.0003615582827853071,1.0,6.0
2024-03-17,0x3416,0.000543809396254105,7.749435019244189e-05,0.0006213037464465469,0.6851980542043086,5.0
2024-03-18,0x3416,0.0006777128690512293,0.00026000774900625245,0.0009377206180574818,1.0,1.0
2024-03-19,0x3416,0.0009281807233505189,-0.00018746447527218102,0.0007407162480783379,0.9611111111111111,4.0
2024-03-20,0x3416,0.0005585387481280978,0.00024000759951237072,0.0007985463476404685,1.0,0.0
2024-03-21,0x3416,0.00016919176438723842,-0.00010998600192746455,5.9205762459773866e-05,1.0,2.0
2024-03-22,0x3416,0.00018385288579676108,0.0001575026999385276,0.0003413555857352887,1.0,-1.0
2024-03-23,0x3416,9.007301496640332e-05,0.0,9.007301496640332e-05,1.0,-1.0
2024-03-24,0x3416,6.208944363450026e-05,-4.7497118835337915e-05,1.459232479916235e-05,1.0,0.0
2024-03-25,0x3416,0.00017980714468005327,0.000160013999800368,0.00033982114448042125,1.0,-4.0
2024-03-26,0x3416,0.0002463830642767279,-0.00011249662384682502,0.0001338864404299029,1.0,-1.0
2024-03-27,0x3416,0.0002298411931042909,-0.0002199600567533988,9.881136350892107e-06,0.9993045897079277,3.0
2024-03-28,0x3416,0.00022678856997493163,0.00022000844982450474,0.00044679701979943637,1.0,-1.0
2024-03-29,0x3416,0.00019913346935352945,0.0001800297012122254,0.00037916317056575484,1.0,-7.0
2024-03-30,0x3416,0.00010783737497646265,-1.7503643463201435e-05,9.033373151326121e-05,1.0,-6.0
2024-03-31,0x3416,0.0001512147582668448,-0.00012000279726864793,3.1211960998196855e-05,1.0,-2.0
2024-04-01,0x3416,0.00022128876443757993,3.750174979333387e-05,0.00025879051423091377,1.0,-3.0
2024-04-02,0x3416,0.0004532009521803534,8.251235551726133e-05,0.0005357133076976147,0.9715277777777778,-6.0
2024-04-03,0x3416,0.00030851215703203705,-2.2503399356388343e-05,0.0002860087576756487,1.0,-5.0
2024-04-04,0x3416,0.00020496504553131303,0.0,0.00020496504553131303,1.0,-5.0
2024-04-05,0x3416,0.00015255810624805892,-2.7502718321525954e-05,0.00012505538792653297,1.0,-4.0
2024-04-06,0x3416,5.7883766083956696e-05,-3.250167427937267e-05,2.5382091804584024e-05,1.0,-3.0
2024-04-07,0x3416,0.0001394420295360941,-7.999754962173533e-05,5.9444479914358764e-05,1.0,-1.0
2024-04-08,0x3416,0.00016855795845338763,8.000394974172487e-05,0.0002485619081951125,1.0,-3.0
2024-04-09,0x3416,0.00031354720457058244,-0.00023746284852055322,7.608435605002922e-05,1.0,2.0
2024-04-10,0x3416,0.00019031191745755416,5.749695035484059e-05,0.0002478088678123947,1.0,1.0
2024-04-11,0x3416,0.00018204742547152207,9.999999988874464e-05,0.0002820474253602667,1.0,-1.0
2024-04-12,0x3416,0.000587504285025504,4.250060610133666e-05,0.0006300048911268407,1.0,-2.0
2024-04-13,0x3416,0.00047680612524729726,0.0001600336018563464,0.0006368397271036437,0.9027777777777778,-12.0
2024-04-14,0x3416,0.00032896771737183186,-2.5009999946590256e-06,0.00032646671737717283,0.9052264808362369,-9.0
2024-04-15,0x3416,0.00027336374062785705,-8.75127161715783e-05,0.00018585102445627875,0.9082058414464534,-4.0
2024-04-16,0x3416,0.00018225187138398046,0.0,0.00018225187138398046,1.0,-4.0
2024-04-17,0x3416,0.000136137976003889,-0.00011249662384682502,2.364135215706398e-05,1.0,-1.0
2024-04-18,0x3416,0.00011180164030173496,0.0001625229065733702,0.00027432454687510515,1.0,-6.0
2024-04-19,0x3416,0.00018766064278383641,-2.2503399356388343e-05,0.00016515724342744807,1.0,-5.0
2024-04-20,0x3416,3.3106816297310465e-05,-2.7502718321525954e-05,5.604097975784511e-06,1.0,-4.0
2024-04-21,0x3416,3.3726286647918484e-05,-3.250167427937267e-05,1.224612368545812e-06,1.0,-3.0
2024-04-22,0x3416,0.00012244610031124215,0.0,0.00012244610031124215,1.0,-3.0
2024-04-23,0x3416,0.00010792161589558948,-3.750034346483577e-05,7.04212724307537e-05,1.0,-2.0
2024-04-24,0x3416,0.00030835501016431,-0.00040238767640254913,-9.403266623823914e-05,1.0,5.0
2024-04-25,0x3416,0.0001478933569193961,0.00026000774900625245,0.0004079011059256486,1.0,1.0
2024-04-26,0x3416,0.00011496893507912622,-5.749364464546769e-05,5.747529043365853e-05,1.0,2.0
2024-04-27,0x3416,0.00014867293964952489,-0.0002024581579616047,-5.378521831207983e-05,1.0,5.0
2024-04-28,0x3416,9.165584093104872e-05,0.0001399944998725644,0.0002316503408036131,1.0,3.0
2024-04-29,0x3416,0.00010442623938014917,0.0,0.00010442623938014917,1.0,3.0
2024-04-30,0x3416,0.00017266278093681925,-0.0005772785615739684,-0.00040461578063714915,0.8284722222222223,11.0
2024-05-01,0x3416,1.1463261329908636e-05,0.0,1.1463261329908636e-05,0.052083333333333336,12.0
2024-05-02,0x3416,0.0001155073263693684,0.0007502125244025493,0.0008657198507719177,0.7506944444444444,0.0
2024-05-03,0x3416,9.055611608167626e-05,0.00018752187548320975,0.000278077991564886,1.0,-5.0
2024-05-04,0x3416,4.896202995118711e-05,-9.750159202948083e-05,-4.853956207829372e-05,1.0,-2.0
2024-05-05,0x3416,2.5303996880751387e-05,0.0,2.5303996880751387e-05,1.0,-2.0
2024-05-06,0x3416,3.892583667696156e-05,-4.249879987650029e-05,-3.5729631995387294e-06,1.0,-1.0
2024-05-07,0x3416,4.2235390520669796e-05,-4.7497118835337915e-05,-5.261728314668119e-06,1.0,0.0
2024-05-08,0x3416,2.3245183766462505e-05,-0.00010998600192746455,-8.674081816100204e-05,1.0,2.0
2024-05-09,0x3416,0.00010001868203109338,5.749695035484059e-05,0.00015751563238593398,1.0,1.0
2024-05-10,0x3416,9.46130454459136e-05,-0.00011998205287022667,-2.536900742431307e-05,1.0,3.0
2024-05-11,0x3416,2.5050330685748504e-05,0.0,2.5050330685748504e-05,1.0,3.0
2024-05-12,0x3416,9.331729355802844e-06,0.0,9.331729355802844e-06,1.0,3.0
2024-05-13,0x3416,5.652575736594708e-05,0.00011999645029070471,0.0001765222076566518,1.0,1.0
2024-05-14,0x3416,6.264883646619247e-05,-0.00018746447527218102,-0.00012481563880598854,1.0,4.0
2024-05-15,0x3416,0.00020680745569247108,0.00045008800953749706,0.0006568954652299682,1.0,-6.0
2024-05-16,0x3416,8.175714341490179e-05,-0.00016249649717026138,-8.073935375535959e-05,1.0,-1.0
2024-05-17,0x3416,8.438716353342532e-05,0.00014001584989897786,0.00022440301343240317,1.0,-5.0
2024-05-18,0x3416,4.9771598117853485e-05,-2.7502718321525954e-05,2.226887979632753e-05,1.0,-4.0
2024-05-19,0x3416,3.257054728337624e-05,-0.00011249662384682502,-7.992607656344877e-05,1.0,-1.0
2024-05-20,0x3416,0.0006594407869806861,0.00011250928076100841,0.0007719500677416945,1.0,-4.0
2024-05-21,0x3416,0.00030588875191845977,-0.00026995680485975004,3.5931947058709726e-05,1.0,2.0
2024-05-22,0x3416,7.257564012240607e-05,0.0,7.257564012240607e-05,1.0,2.0
2024-05-23,0x3416,0.0006701524505254696,-0.00012997830355299111,0.0005401741469724785,1.0,4.0
2024-05-24,0x3416,0.0002066696002943855,0.00012999520010859023,0.00033666480040297575,1.0,2.0
2024-05-25,0x3416,1.8971749179708534e-05,5.749695035484059e-05,7.646869953454913e-05,1.0,1.0
2024-05-26,0x3416,9.118583401236677e-05,-0.00018746447527218102,-9.627864125981425e-05,1.0,4.0
2024-05-27,0x3416,0.0002769553083098814,-0.0003199148190587975,-4.295951074891611e-05,1.0,8.0
2024-05-28,0x3416,0.0002617871254663777,-9.248817612883542e-05,0.0001692989493375423,0.7222222222222222,9.0
2024-05-29,0x3416,0.00011501924648575954,-9.748924482577692e-05,1.753000165998262e-05,0.5625,11.0
2024-05-30,0x3416,0.00019591955195467605,0.0005776120046012689,0.000773531556555945,0.7909722222222222,3.0
2024-05-31,0x3416,0.0001267838460312326,-0.0005772785615739684,-0.0004504947155427358,0.7721872816212438,11.0
2024-06-01,0x3416,8.563850298848774e-05,0.0001900044992038108,0.00027564300219229854,0.8672689367616401,8.0
2024-06-02,0x3416,5.982505024126945e-05,0.00016999719903076915,0.0002298222492720386,1.0,6.0
2024-06-03,0x3416,9.519411830877281e-05,0.0003375222483303908,0.0004327163666391636,1.0,1.0
2024-06-04,0x3416,0.00010350336573704335,5.249813134144965e-05,0.00015600149707849302,1.0,0.0
2024-06-05,0x3416,0.00010691571991621107,0.0,0.00010691571991621107,1.0,0.0
2024-06-06,0x3416,9.095929920878794e-05,-0.00010998600192746455,-1.9026702718676614e-05,1.0,2.0
2024-06-07,0x3416,0.0003293349533069129,-0.00012997830355299111,0.00019935664975392176,0.9993031358885017,4.0
2024-06-08,0x3416,6.0138357919162034e-05,0.00012999520010859023,0.00019013355802775225,1.0,2.0
2024-06-09,0x3416,5.8043224992464905e-05,0.0001575026999385276,0.0002155459249309925,1.0,-1.0
2024-06-10,0x3416,9.536316490538248e-05,-0.0002199600567533988,-0.00012459689184801632,1.0,3.0
2024-06-11,0x3416,0.00020496379349074147,6.249590661200344e-05,0.00026745970010274493,1.0,2.0
2024-06-12,0x3416,0.00018291256300646269,5.749695035484059e-05,0.00024040951336130328,1.0,1.0
2024-06-13,0x3416,0.00019171581428363422,-5.749364464546769e-05,0.00013422216963816653,1.0,2.0
2024-06-14,0x3416,0.00020924419576789466,-0.00012997830355299111,7.926589221490354e-05,1.0,4.0
2024-06-15,0x3416,2.852383106386513e-05,-7.248927644176728e-05,-4.396544537790215e-05,1.0,5.0
2024-06-16,0x3416,5.781423555143585e-05,-0.00015996975492515997,-0.00010215551937372411,1.0,7.0
2024-06-17,0x3416,0.00028364310941217125,0.00015999534934207915,0.0004436384587542504,1.0,5.0
2024-06-18,0x3416,0.00012743838933672097,7.249453151780827e-05,0.00019993292085452924,1.0,4.0
2024-06-19,0x3416,7.729590623404462e-05,6.749507533077015e-05,0.00014479098156481478,1.0,3.0
2024-06-20,0x3416,7.1736011371573e-05,-0.00021745240301562774,-0.00014571639164405475,1.0,6.0
2024-06-21,0x3416,0.00011406877910255231,0.0,0.00011406877910255231,1.0,6.0
2024-06-22,0x3416,5.864457124899592e-05,0.00014999449962704858,0.0002086390708760445,1.0,4.0
2024-06-23,0x3416,3.0687062593519045e-05,-7.248927644176728e-05,-4.1802213848248236e-05,1.0,5.0
2024-06-24,0x3416,0.0001160463072347793,0.0,0.0001160463072347793,1.0,5.0
2024-06-25,0x3416,5.2303841918381335e-05,0.00020249915556758147,0.0002548029974859628,1.0,2.0
2024-06-26,0x3416,3.854715045603479e-05,-0.00012997830355299111,-9.143115309695632e-05,1.0,4.0
2024-06-27,0x3416,0.0002725287416647146,-0.0005098224497032122,-0.00023729370803849764,0.8169798190675017,11.0
2024-06-28,0x3416,3.1692205221993046e-05,0.0,3.1692205221993046e-05,0.27885952712100137,15.0
2024-06-29,0x3416,0.0,0.0,0.0,0.0,15.0
2024-06-30,0x3416,0.0,0.0,0.0,0.0,14.0
2024-07-01,0x3416,3.783767823447736e-05,9.74987499053892e-05,0.00013533642813986656,0.27449617790132036,9.0
2024-07-02,0x3416,9.465274332260455e-05,-9.748924482577692e-05,-2.8365015031723754e-06,0.2581767571329158,13.0
2024-07-03,0x3416,0.0,0.0,0.0,0.0,11.0
2024-07-04,0x3416,0.00040231326827232434,0.0005776120046012689,0.0009799252728735933,0.9173611111111111,3.0
2024-07-05,0x3416,0.0003057170007534484,0.00017250088122167107,0.0004782178819751195,1.0,0.0
2024-07-06,0x3416,1.791686844004594e-05,4.749937491888012e-05,6.541624335892605e-05,1.0,-1.0
2024-07-07,0x3416,2.160681751141008e-05,-9.999000088867227e-05,-7.83831833772622e-05,1.0,1.0
2024-07-08,0x3416,7.376439341103005e-05,0.0,7.376439341103005e-05,1.0,1.0
2024-07-09,0x3416,3.853002159508232e-05,5.249813134144965e-05,9.102815293653198e-05,1.0,0.0
2024-07-10,0x3416,3.322606942916973e-05,0.0,3.322606942916973e-05,1.0,0.0
2024-07-11,0x3416,2.2693680954012976e-05,4.749937491888012e-05,7.01930558728931e-05,1.0,-1.0
2024-07-12,0x3416,5.097514426972632e-05,4.250060610133666e-05,9.347575037106298e-05,1.0,-2.0
2024-07-13,0x3416,4.041045375709042e-05,0.0,4.041045375709042e-05,1.0,-2.0
2024-07-14,0x3416,3.527732111560987e-05,7.000569937520851e-05,0.00010528302049081838,1.0,-4.0
2024-07-15,0x3416,0.000705517982766372,0.0,0.000705517982766372,1.0,-4.0
2024-07-16,0x3416,5.079400152644603e-05,2.750347474189674e-05,7.829747626834277e-05,1.0,-5.0
2024-07-17,0x3416,0.00012441241163428359,-9.750159202948083e-05,2.6910819604802753e-05,1.0,-2.0
2024-07-18,0x3416,1.8270372338655713e-05,-4.249879987650029e-05,-2.422842753784458e-05,1.0,-1.0
2024-07-19,0x3416,0.00010097928059733855,0.0001625229065733702,0.00026350218717070877,1.0,-6.0
2024-07-20,0x3416,4.179059446265088e-05,-2.2503399356388343e-05,1.928719510626254e-05,1.0,-5.0
2024-07-21,0x3416,6.663966188614734e-05,-6.000349871648769e-05,6.63616316965965e-06,1.0,-3.0
2024-07-22,0x3416,4.301931018296207e-05,3.250273067245679e-05,7.552204085541886e-05,1.0,-4.0
2024-07-23,0x3416,6.18879157846501e-05,0.0,6.18879157846501e-05,1.0,-4.0
2024-07-24,0x3416,2.454546011163508e-05,-0.00011249662384682502,-8.795116373518994e-05,1.0,-1.0
2024-07-25,0x3416,2.9598229399526186e-05,-0.00015747789674469548,-0.0001278796673451693,1.0,2.0
2024-07-26,0x3416,2.5213051760030226e-05,0.0001099981001786432,0.00013521115193867344,1.0,0.0
2024-07-27,0x3416,2.9971150649594258e-05,9.000199977227119e-05,0.00011997315042186545,1.0,-2.0
2024-07-28,0x3416,5.220552529803514e-06,-4.249879987650029e-05,-3.727824734669678e-05,1.0,-1.0
2024-07-29,0x3416,2.3511922687937728e-05,-4.7497118835337915e-05,-2.3985196147400187e-05,1.0,0.0
2024-07-30,0x3416,2.2549840547096563e-05,-0.0001724711297997894,-0.00014992128925269283,1.0,3.0
2024-07-31,0x3416,2.5285415053446262e-05,0.0,2.5285415053446262e-05,1.0,3.0
2024-08-01,0x3416,0.0001674852390661254,-0.00038738374789426544,-0.00021989850882814005,0.9610027855153204,8.0
2024-08-02,0x3416,0.00045232248773560734,-0.00018996840435214768,0.00026235408338345966,0.8212795549374131,11.0
2024-08-03,0x3416,0.00017397034841978054,0.00036003399846706863,0.0005340043468868491,0.674774148714385,6.0
2024-08-04,0x3416,0.0003752258583580306,0.00021749969884776732,0.0005927255572057979,1.0,3.0
2024-08-05,0x3416,0.0006348620119293635,0.0003325424835780577,0.0009674044955074212,1.0,-4.0
2024-08-06,0x3416,0.000145126151496736,0.0,0.000145126151496736,1.0,-4.0
2024-08-07,0x3416,0.00015973192496207932,-7.000079892027777e-05,8.973112604180155e-05,1.0,-2.0
2024-08-08,0x3416,7.814479655794519e-05,9.751109951694481e-05,0.00017565589607489,1.0,-5.0
2024-08-09,0x3416,6.54994583553337e-05,-2.7502718321525954e-05,3.7996740033807746e-05,1.0,-4.0
2024-08-10,0x3416,2.578873261296094e-05,-3.250167427937267e-05,-6.712941666411733e-06,1.0,-3.0
2024-08-11,0x3416,4.6205212675911464e-05,0.0,4.6205212675911464e-05,1.0,-3.0
2024-08-12,0x3416,3.762602363151233e-05,0.0,3.762602363151233e-05,1.0,-3.0
2024-08-13,0x3416,4.339757363511789e-05,3.250273067245679e-05,7.590030430757469e-05,1.0,-4.0
2024-08-14,0x3416,4.965800255392617e-05,-3.250167427937267e-05,1.71563282745535e-05,1.0,-3.0
2024-08-15,0x3416,4.763544796585141e-05,-3.750034346483577e-05,1.013510450101564e-05,1.0,-2.0
2024-08-16,0x3416,3.4200410034612815e-05,7.000569937520851e-05,0.00010420610940982132,1.0,-4.0
2024-08-17,0x3416,2.299064745710626e-05,-3.250167427937267e-05,-9.51102682226641e-06,1.0,-3.0
2024-08-18,0x3416,9.955872924486362e-06,-3.750034346483577e-05,-2.754447054034941e-05,1.0,-2.0
2024-08-19,0x3416,0.00015976616729309888,3.750174979333387e-05,0.00019726791708643275,1.0,-3.0
2024-08-20,0x3416,7.934284956667614e-05,-3.750034346483577e-05,4.1842506101840365e-05,1.0,-2.0
2024-08-21,0x3416,5.1592627272036434e-05,7.000569937520851e-05,0.00012159832664724495,1.0,-4.0
2024-08-22,0x3416,0.0001498464721088471,-7.000079892027777e-05,7.984567318856933e-05,1.0,-2.0
2024-08-23,0x3416,0.00021659772192732124,0.0001500285008526614,0.0003666262227799826,1.0,-8.0
2024-08-24,0x3416,0.00013044959796954507,-3.0006799309090226e-05,0.00010044279866045484,1.0,-6.0
2024-08-25,0x3416,3.257948232740564e-05,-2.2503399356388343e-05,1.0076082971017294e-05,1.0,-5.0
2024-08-26,0x3416,4.700906407901212e-05,-6.000349871648769e-05,-1.2994434637475572e-05,1.0,-3.0
2024-08-27,0x3416,7.063051857895028e-05,0.0,7.063051857895028e-05,1.0,-3.0
2024-08-28,0x3416,4.95040115490354e-05,-3.750034346483577e-05,1.200366808419963e-05,1.0,-2.0
2024-08-29,0x3416,2.8062591468489132e-05,0.0,2.8062591468489132e-05,1.0,-2.0
2024-08-30,0x3416,3.1496776441617846e-05,-8.999390014130526e-05,-5.8497123699687415e-05,1.0,0.0
2024-08-31,0x3416,8.583002180685719e-06,0.0,8.583002180685719e-06,1.0,0.0
2024-09-01,0x3416,1.8757963104253182e-05,0.0,1.8757963104253182e-05,1.0,0.0
2024-09-02,0x3416,1.9526003830330495e-05,0.0,1.9526003830330495e-05,1.0,0.0
2024-09-03,0x3416,2.814159044802643e-05,-5.249537543239313e-05,-2.4353784984366702e-05,1.0,1.0
2024-09-04,0x3416,4.4842982368865964e-05,5.249813134144965e-05,9.73411137103156e-05,1.0,0.0
2024-09-05,0x3416,2.30393305965028e-05,-5.249537543239313e-05,-2.945604483589033e-05,1.0,1.0
2024-09-06,0x3416,0.00024198230012700773,-0.00018746447527218102,5.4517824854826715e-05,1.0,4.0
2024-09-07,0x3416,2.828195665296846e-05,0.0001874996247910321,0.00021578158144400057,1.0,1.0
2024-09-08,0x3416,1.1197374184785099e-05,0.0,1.1197374184785099e-05,1.0,1.0
2024-09-09,0x3416,8.709697810135209e-05,0.00014250485605060703,0.0002296018341519591,1.0,-2.0
2024-09-10,0x3416,5.1945021434146706e-05,-8.999390014130526e-05,-3.8048878707158555e-05,1.0,0.0
2024-09-11,0x3416,3.318030692695202e-05,4.749937491888012e-05,8.067968184583213e-05,1.0,-1.0
2024-09-12,0x3416,2.73077035471298e-05,-4.7497118835337915e-05,-2.0189415288208115e-05,1.0,0.0
2024-09-13,0x3416,6.41821707894936e-05,0.0002275376274294416,0.0002917197982189352,1.0,-7.0
2024-09-14,0x3416,6.203500004761814e-05,-6.750826695800516e-05,-5.473266910387015e-06,1.0,-4.0
2024-09-15,0x3416,3.3900071509716264e-05,-3.250167427937267e-05,1.3983972303435916e-06,1.0,-3.0
2024-09-16,0x3416,4.0650842857095884e-05,-0.0001274908688040366,-8.684002594694071e-05,1.0,0.0
2024-09-17,0x3416,6.69759858311966e-05,9.000199977227119e-05,0.0001569779856034678,1.0,-2.0
2024-09-18,0x3416,7.154440182648965e-05,-4.249879987650029e-05,2.9045601949989356e-05,1.0,-1.0
2024-09-19,0x3416,7.147683643773425e-05,8.000394974172487e-05,0.0001514807861794591,1.0,-3.0
2024-09-20,0x3416,4.9482798476312553e-05,-7.999754962173533e-05,-3.0514751145422778e-05,1.0,-1.0
2024-09-21,0x3416,1.3438097237598218e-05,0.0,1.3438097237598218e-05,1.0,-1.0
2024-09-22,0x3416,4.668987457661044e-05,-4.7497118835337915e-05,-8.072442587274758e-07,1.0,0.0
2024-09-23,0x3416,4.6571496701526634e-05,4.749937491888012e-05,9.407087162040676e-05,1.0,-1.0
2024-09-24,0x3416,2.7071998338393293e-05,0.0,2.7071998338393293e-05,1.0,-1.0
2024-09-25,0x3416,3.3621349217444786e-05,-4.7497118835337915e-05,-1.3875769617893129e-05,1.0,0.0
2024-09-26,0x3416,4.941136835416835e-05,9.000199977227119e-05,0.00013941336812643956,1.0,-2.0
2024-09-27,0x3416,0.0001024350960897798,-4.249879987650029e-05,5.993629621327951e-05,1.0,-1.0
2024-09-28,0x3416,2.9718182907768544e-05,8.000394974172487e-05,0.00010972213264949342,1.0,-3.0
2024-09-29,0x3416,2.15400927785291e-05,-3.750034346483577e-05,-1.5960250686306674e-05,1.0,-2.0
2024-09-30,0x3416,6.055480050316889e-05,-0.0001424845513102735,-8.192975080710459e-05,1.0,1.0
2024-10-01,0x3416,0.0002471555234899515,-5.749364464546769e-05,0.00018966187884448383,1.0,2.0
2024-10-02,0x3416,9.964587119095791e-05,0.0,9.964587119095791e-05,1.0,2.0
2024-10-03,0x3416,0.00015982851188028473,5.749695035484059e-05,0.00021732546223512532,1.0,1.0
2024-10-04,0x3416,9.415896433455412e-05,5.249813134144965e-05,0.00014665709567600376,1.0,0.0
2024-10-05,0x3416,1.827552778243092e-05,4.749937491888012e-05,6.577490270131104e-05,1.0,-1.0
2024-10-06,0x3416,5.616806141908916e-05,-4.7497118835337915e-05,8.670942583751248e-06,1.0,0.0
2024-10-07,0x3416,4.5079708984439896e-05,-5.249537543239313e-05,-7.415666447953236e-06,1.0,1.0
2024-10-08,0x3416,8.00562611761393e-05,-0.00018746447527218102,-0.00010740821409604172,1.0,4.0
2024-10-09,0x3416,0.000113584494047156,-0.00014997200465116656,-3.638751060401056e-05,1.0,6.0
2024-10-10,0x3416,0.00011473519539817028,-0.0002624407609653767,-0.00014770556556720644,0.5375,9.0
2024-10-11,0x3416,0.00014243081655283634,0.0006001205053778325,0.0007425513219306688,1.0,1.0
2024-10-12,0x3416,0.00014081874526535943,0.0,0.00014081874526535943,1.0,1.0
2024-10-13,0x3416,1.6531429545737516e-05,0.0,1.6531429545737516e-05,1.0,1.0
2024-10-14,0x3416,0.00016884947128094436,-5.749364464546769e-05,0.00011135582663547667,1.0,2.0
2024-10-15,0x3416,6.490923282875508e-05,5.749695035484059e-05,0.00012240618318359566,1.0,1.0
2024-10-16,0x3416,7.973108153274562e-05,5.249813134144965e-05,0.00013222921287419525,1.0,0.0
2024-10-17,0x3416,3.794831121441417e-05,-5.249537543239313e-05,-1.4547064217978965e-05,1.0,1.0
2024-10-18,0x3416,8.327362614084677e-05,5.249813134144965e-05,0.00013577175748229642,1.0,0.0
2024-10-19,0x3416,1.0295155230687683e-05,0.0,1.0295155230687683e-05,1.0,0.0
2024-10-20,0x3416,4.505457343316358e-05,-5.249537543239313e-05,-7.4408019992295495e-06,1.0,1.0
2024-10-21,0x3416,0.0001702742712624355,-0.00011998205287022667,5.0292218392208817e-05,1.0,3.0
2024-10-22,0x3416,8.440029474801598e-05,-6.749052005305956e-05,1.690977469495643e-05,1.0,4.0
2024-10-23,0x3416,0.00015089377330702636,-0.0003199148190587975,-0.00016902104575177113,0.8720445062586927,8.0
2024-10-24,0x3416,0.00011476629367633408,0.00032001719730256895,0.00043478349097890304,0.9131944444444444,4.0
2024-10-25,0x3416,0.00026634251104338223,-0.0005098224497032122,-0.00024347993865983,0.7583333333333333,17.0
2024-10-26,0x3416,4.201346843859686e-06,0.0,4.201346843859686e-06,0.01597222222222222,11.0
2024-10-27,0x3416,0.0,0.0,0.0,0.0,11.0
2024-10-28,0x3416,0.00010814020748292506,0.000510082501213649,0.0006182227086965741,0.42887029288702927,4.0
2024-10-29,0x3416,0.00016396744894191825,0.00012999520010859023,0.0002939626490505085,1.0,2.0
2024-10-30,0x3416,6.433383720468706e-05,5.749695035484059e-05,0.00012183078755952765,1.0,1.0
2024-10-31,0x3416,0.00012518487321796473,-0.0006971913513773575,-0.0005720064781593928,0.8319386331938633,13.0
2024-11-01,0x3416,0.00012589010894893383,0.0004375562492604512,0.0005634463582093851,0.6963168867268936,5.0
2024-11-02,0x3416,3.1577223630833916e-05,0.0001399944998725644,0.00017157172350339833,1.0,3.0
2024-11-03,0x3416,9.977784809162747e-05,6.249590661200344e-05,0.0001622737547036309,1.0,2.0
2024-11-04,0x3416,0.00012852133677862388,-0.0002024581579616047,-7.393682118298083e-05,1.0,5.0
2024-11-05,0x3416,0.0001224789996321796,0.0003125195302686734,0.00043499852990085304,1.0,0.0
2024-11-06,0x3416,0.00033559484028222795,0.00025005000497291263,0.0005856448452551406,0.7994428969359332,-11.0
2024-11-07,0x3416,0.00031500916912471206,-2.5009999946590256e-06,0.00031250816913005303,0.782336578581363,-9.0
2024-11-08,0x3416,0.000278721120032788,0.0,0.000278721120032788,0.7588603196664351,-9.0
2024-11-09,0x3416,0.0003503528682972045,-3.7509093059329146e-05,0.00031284377523787535,0.9978947368421053,-6.0
2024-11-10,0x3416,0.0002443793847529635,1.7503949846009448e-05,0.00026188333459897296,0.925642807505212,-7.0
2024-11-11,0x3416,9.090527575377966e-05,2.2507256295822842e-05,0.0001134125320496025,0.5969423210562891,-14.0
2024-11-12,0x3416,0.0001670735256518915,0.0,0.0001670735256518915,0.30972222222222223,-10.0
2024-11-13,0x3416,6.731080629570947e-07,0.0,6.731080629570947e-07,0.02510460251046025,-12.0
2024-11-14,0x3416,0.00025503227320912474,-0.00016000799520055065,9.502427800857409e-05,0.8934540389972145,-2.0
2024-11-15,0x3416,0.00014819070636724763,9.751109951694481e-05,0.00024570180588419247,1.0,-5.0
2024-11-16,0x3416,5.0552464913479926e-05,2.250390577085426e-05,7.30563706843342e-05,1.0,-6.0
2024-11-17,0x3416,7.126041858096898e-05,-0.00016249649717026138,-9.12360785892924e-05,1.0,-1.0
2024-11-18,0x3416,0.0002421659277893964,0.000192535483256151,0.00043470141104554744,0.9374565670604587,-8.0
2024-11-19,0x3416,0.00016738395102463638,1.0003600178665195e-05,0.00017738755120330158,0.7069444444444445,-14.0
2024-11-20,0x3416,2.3457905035299795e-05,-2.5009999946590256e-06,2.095690504064077e-05,0.1361111111111111,-9.0
2024-11-21,0x3416,0.00030530194311222114,2.5010062496555463e-06,0.0003078029493618767,0.8888888888888888,-12.0
2024-11-22,0x3416,9.710358647310582e-05,0.0,9.710358647310582e-05,0.23280055594162613,-13.0
2024-11-23,0x3416,0.0,0.0,0.0,0.0,-11.0
2024-11-24,0x3416,0.00010761253556669872,0.0,0.00010761253556669872,0.3664812239221141,-10.0
2024-11-25,0x3416,0.0003070110542728638,-0.0002499874955983472,5.70235586745166e-05,0.547287899860918,0.0
2024-11-26,0x3416,0.00044902272201837216,-0.0001724711297997894,0.00027655159221858276,1.0,3.0
2024-11-27,0x3416,0.00028044027004715973,0.0004225940200406342,0.0007030342900877939,0.7671994440583739,-12.0
2024-11-28,0x3416,7.47059246086076e-05,-0.0001225122459870276,-4.780632137841999e-05,0.7666666666666667,-3.0
2024-11-29,0x3416,0.0002433820473340986,8.251235551726133e-05,0.00032589440285135993,0.9221681723419041,-6.0
2024-11-30,0x3416,4.794190653933359e-05,-2.2503399356388343e-05,2.543850718294525e-05,1.0,-5.0
2024-12-01,0x3416,4.4966281229164416e-05,4.000824952421489e-05,8.49745307533793e-05,1.0,-7.0
2024-12-02,0x3416,0.0002229576276873085,-6.750826695800516e-05,0.00015544936072930333,1.0,-4.0
2024-12-03,0x3416,0.00014542878377701558,6.75128246319101e-05,0.0002129416084089257,1.0,-7.0
2024-12-04,0x3416,0.00020152598719719883,2.2507256295822842e-05,0.00022403324349302167,0.7762334954829743,-14.0
2024-12-05,0x3416,0.0002155425817918909,0.0,0.0002155425817918909,0.7590277777777777,-14.0
2024-12-06,0x3416,9.158889224363856e-05,0.0,9.158889224363856e-05,0.5858234885337039,-18.0
2024-12-07,0x3416,4.98351497163649e-05,0.0,4.98351497163649e-05,0.16817864619678996,-11.0
2024-12-08,0x3416,0.00011251496842748333,0.0,0.00011251496842748333,0.9798611111111111,-10.0
2024-12-09,0x3416,0.0005213336338115662,-9.001349729698127e-05,0.0004313201365145849,1.0,-4.0
2024-12-10,0x3416,0.00013346558787358917,5.000799944809842e-05,0.0001834735873216876,1.0,-6.0
2024-12-11,0x3416,0.0002819483315424544,3.7510500044080075e-05,0.0003194588315865345,0.9534398888116747,-9.0
2024-12-12,0x3416,0.0001629124086302205,-0.00012001154614116327,4.290086248905724e-05,1.0,-3.0
2024-12-13,0x3416,7.740586706697392e-05,0.0,7.740586706697392e-05,1.0,-3.0
2024-12-14,0x3416,0.00011107802256669599,-0.0001274908688040366,-1.641284623734061e-05,1.0,0.0
2024-12-15,0x3416,0.0001221634854281167,-5.249537543239313e-05,6.966810999572357e-05,1.0,1.0
2024-12-16,0x3416,0.00018418356777041072,0.00018001195002548265,0.0003641955177958934,1.0,-3.0
2024-12-17,0x3416,6.664406738083184e-05,-7.999754962173533e-05,-1.3353482240903493e-05,1.0,-1.0
2024-12-18,0x3416,0.000262473302362945,-0.0002874357315878484,-2.4962429224903405e-05,1.0,4.0
2024-12-19,0x3416,0.0004962265096991155,-0.0003199148190587975,0.000176311690640318,0.74375,8.0
2024-12-20,0x3416,0.00026831500992510884,0.0002475047230456884,0.0005158197329707972,0.6182197496522949,5.0
2024-12-21,0x3416,7.575632158067563e-05,7.249453151780827e-05,0.0001482508530984839,1.0,4.0
2024-12-22,0x3416,0.00021577462406525524,-0.0005098224497032122,-0.00029404782563795695,0.906054279749478,10.0
2024-12-23,0x3416,3.911649993095936e-05,0.0,3.911649993095936e-05,0.3191933240611961,13.0
2024-12-24,0x3416,4.6689570308422984e-05,0.00027751649856933014,0.0003242060688777531,0.37222222222222223,7.0
2024-12-25,0x3416,6.052822010895253e-05,-8.74877200798263e-05,-2.6959499970873774e-05,0.9937194696441033,8.0
2024-12-26,0x3416,7.51332723076093e-05,-0.00018996840435214768,-0.00011483513204453838,0.45656706045865186,10.0
2024-12-27,0x3416,0.0,0.0,0.0,0.0,14.0
2024-12-28,0x3416,0.0,0.0,0.0,0.0,19.0
2024-12-29,0x3416,0.0,0.0,0.0,0.0,19.0
2024-12-30,0x3416,7.496420517496313e-05,0.0,7.496420517496313e-05,0.03822098679638638,18.0
2024-12-31,0x3416,2.191263172709675e-05,0.0,2.191263172709675e-05,0.0006949270326615705,20.0
2025-01-01,0x3416,0.0,0.0,0.0,0.0,19.0
2025-01-02,0x3416,4.943899532950908e-05,9.74987499053892e-05,0.0001469377452348983,0.4011142061281337,9.0
2025-01-03,0x3416,0.00018660133971780353,0.00041254352883002277,0.0005991448685478263,1.0,4.0
2025-01-04,0x3416,8.136238022071076e-05,0.0001874996247910321,0.0002688620050117429,1.0,1.0
2025-01-05,0x3416,2.3769903425379518e-05,-5.749364464546769e-05,-3.372374122008817e-05,1.0,2.0
2025-01-06,0x3416,0.00027308466079176933,0.000297540602712143,0.0005706252635039123,1.0,-5.0
2025-01-07,0x3416,0.0002810525877210916,-0.000297452098635298,-1.63995109142064e-05,1.0,2.0
2025-01-08,0x3416,0.00011660853571358953,-6.249200111763109e-05,5.411653459595844e-05,1.0,3.0
2025-01-09,0x3416,0.0002396339454495724,0.00011999645029070471,0.00035963039574027713,1.0,1.0
2025-01-10,0x3416,0.0001063338589463877,0.0,0.0001063338589463877,1.0,1.0
2025-01-11,0x3416,7.866789232442923e-05,-0.00018746447527218102,-0.00010879658294775179,1.0,4.0
2025-01-12,0x3416,5.860576882080095e-05,0.0,5.860576882080095e-05,1.0,4.0
2025-01-13,0x3416,0.00023706943434553384,0.0,0.00023706943434553384,0.8753481894150418,4.0
2025-01-14,0x3416,8.768244682228366e-05,0.0,8.768244682228366e-05,1.0,4.0
2025-01-15,0x3416,9.704275513809445e-05,0.00033003120044861056,0.000427073955586705,1.0,-2.0
2025-01-16,0x3416,8.232255284343888e-05,-0.0001424845513102735,-6.016199846683461e-05,1.0,1.0
2025-01-17,0x3416,0.00019746024252333298,0.00021252053157794215,0.00040998077410127516,1.0,-4.0
2025-01-18,0x3416,0.00033041807891770334,-0.0008121085186011401,-0.00048169043968343674,0.9930555555555556,9.0
2025-01-19,0x3416,7.127103809513462e-05,-9.748924482577692e-05,-2.62182067306423e-05,0.162839248434238,15.0
2025-01-20,0x3416,0.0,0.0,0.0,0.0,12.0
2025-01-21,0x3416,0.0002674121020588508,0.000840282044802354,0.0011076941468612048,0.3277661795407098,-2.0
2025-01-22,0x3416,0.00015291834442614723,-0.0002624495085915557,-0.00010953116416540846,1.0,3.0
2025-01-23,0x3416,0.0008095588196281253,0.0003000300011111179,0.0011095888207392432,1.0,-3.0
2025-01-24,0x3416,0.0002324018826989723,-0.0001274908688040366,0.0001049110138949357,1.0,0.0
2025-01-25,0x3416,3.197176747658106e-05,-5.249537543239313e-05,-2.052360795581207e-05,1.0,1.0
2025-01-26,0x3416,0.00033138379223853555,-0.00033740836550011366,-6.024573261578109e-06,1.0,6.0
2025-01-27,0x3416,0.0003751446301630336,0.00028000919830062365,0.0006551538284636573,1.0,2.0
2025-01-28,0x3416,0.00012548061856603918,-0.0002024581579616047,-7.697753939556553e-05,1.0,5.0
2025-01-29,0x3416,0.0001583760471311314,0.0003125195302686734,0.0004708955773998048,1.0,0.0
2025-01-30,0x3416,7.150912134809083e-05,9.000199977227119e-05,0.00016151112112036204,1.0,-2.0
2025-01-31,0x3416,0.00013626352500732352,-0.0002624495085915557,-0.00012618598358423217,1.0,3.0
2025-02-01,0x3416,5.989166868281038e-05,0.0,5.989166868281038e-05,1.0,3.0
2025-02-02,0x3416,0.00022351208598627353,0.0,0.00022351208598627353,1.0,3.0
2025-02-03,0x3416,0.0016124118157803309,0.0004225940200406342,0.002035005835820965,0.7074357192494788,-10.0
2025-02-04,0x3416,0.00042167912989249465,-9.001349729698127e-05,0.0003316656325955134,0.9373259052924791,-4.0
2025-02-05,0x3416,0.00010029077511848,-7.000079892027777e-05,3.0289976198202224e-05,1.0,-2.0
2025-02-06,0x3416,0.00010331029847184224,0.0,0.00010331029847184224,1.0,-2.0
2025-02-07,0x3416,0.0001040060850511045,0.0,0.0001040060850511045,1.0,-2.0
2025-02-08,0x3416,5.8862542665349844e-05,-4.249879987650029e-05,1.636374278884955e-05,1.0,-1.0
2025-02-09,0x3416,2.045687601889242e-05,4.250060610133666e-05,6.295748212022908e-05,1.0,-2.0
2025-02-10,0x3416,4.727077651104157e-05,3.750174979333387e-05,8.477252630437544e-05,1.0,-3.0
2025-02-11,0x3416,4.644751081852518e-05,-0.0001274908688040366,-8.104335798551142e-05,1.0,0.0
2025-02-12,0x3416,9.810157323703435e-05,0.00012750712479814297,0.00022560869803517732,1.0,-3.0
2025-02-13,0x3416,4.3128933085127506e-05,-7.999754962173533e-05,-3.6868616536607825e-05,1.0,-1.0
2025-02-14,0x3416,7.154177471454594e-05,8.000394974172487e-05,0.0001515457244562708,1.0,-3.0
2025-02-15,0x3416,2.264606804914347e-05,-3.750034346483577e-05,-1.4854275415692301e-05,1.0,-2.0
2025-02-16,0x3416,1.655158249604574e-05,0.0,1.655158249604574e-05,1.0,-2.0
2025-02-17,0x3416,6.306976939522233e-05,0.0,6.306976939522233e-05,1.0,-2.0
2025-02-18,0x3416,0.00011896652698899935,-0.0003299223157907649,-0.00021095578880176558,1.0,4.0
2025-02-19,0x3416,3.2030472145897144e-05,0.00024000759951237072,0.00027203807165826786,1.0,0.0
2025-02-20,0x3416,6.696054333226738e-05,0.00018752187548320975,0.00025448241881547714,1.0,-5.0
2025-02-21,0x3416,0.00014149326906995097,-0.0004998500349929769,-0.0003583567659230259,1.0,5.0
2025-02-22,0x3416,5.969625414315005e-05,0.00036003374966986357,0.0004197300038130136,1.0,-1.0
2025-02-23,0x3416,4.0255208360310864e-05,4.250060610133666e-05,8.275581446164751e-05,1.0,-2.0
2025-02-24,0x3416,0.00010590443470500156,-0.00019997000399962772,-9.406556929462616e-05,1.0,2.0
2025-02-25,0x3416,0.0001461704204100997,-0.0006397344873991795,-0.0004935640669890798,0.6555555555555556,11.0
2025-02-26,0x3416,0.00014999850162818656,0.0,0.00014999850162818656,0.3669214732453092,13.0
2025-02-27,0x3416,8.596566571211555e-05,9.74987499053892e-05,0.00018346441561750476,0.5253648366921473,9.0
2025-02-28,0x3416,0.00038989102164924724,0.00048006644881737337,0.0008699574704666206,0.9735560194850382,3.0
2025-03-01,0x3416,2.573930914599144e-05,-6.749052005305956e-05,-4.175121090706812e-05,1.0,4.0
2025-03-02,0x3416,9.081087817573781e-05,0.0002875183746422483,0.0003783292528179861,1.0,-1.0
2025-03-03,0x3416,0.00011020333387604701,-0.0005198163531643374,-0.0004096130192882904,1.0,7.0
2025-03-04,0x3416,0.0001620274815398606,0.00042004469837886305,0.0005820721799187237,1.0,1.0
2025-03-05,0x3416,4.765056876940206e-05,5.249813134144965e-05,0.00010014870011085172,1.0,0.0
2025-03-06,0x3416,2.5658109788000686e-05,0.0,2.5658109788000686e-05,1.0,0.0
2025-03-07,0x3416,7.563692883832625e-05,-0.00010998600192746455,-3.4349073089138304e-05,1.0,2.0
2025-03-08,0x3416,2.397485451075075e-05,5.749695035484059e-05,8.147180486559134e-05,1.0,1.0
2025-03-09,0x3416,2.7625286164543573e-05,5.249813134144965e-05,8.012341750599322e-05,1.0,0.0
2025-03-10,0x3416,8.081600484787633e-05,-0.00023995000968657365,-0.00015913400483869733,1.0,4.0
2025-03-11,0x3416,0.0001141392710250011,0.00012999520010859023,0.00024413447113359133,1.0,2.0
2025-03-12,0x3416,0.00022549286704578466,0.0001099981001786432,0.00033549096722442786,1.0,0.0
2025-03-13,0x3416,7.330678896072602e-05,-0.0001724711297997894,-9.916434083906338e-05,1.0,3.0
2025-03-14,0x3416,2.7800543229250172e-05,0.00022000844982450474,0.0002478089930537549,1.0,-1.0
2025-03-15,0x3416,5.874578381896984e-06,0.0,5.874578381896984e-06,1.0,-1.0
2025-03-16,0x3416,6.647659703014872e-06,0.0,6.647659703014872e-06,1.0,-1.0
2025-03-17,0x3416,1.858213869252788e-05,0.0,1.858213869252788e-05,1.0,-1.0
2025-03-18,0x3416,3.1095004309869986e-05,-9.999000088867227e-05,-6.889499657880229e-05,1.0,1.0
2025-03-19,0x3416,3.6110934808112454e-05,0.00014250485605060703,0.0001786157908587195,1.0,-2.0
2025-03-20,0x3416,5.6392348493941744e-05,-0.0003299223157907649,-0.00027352996729682316,1.0,4.0
2025-03-21,0x3416,5.3861269733537594e-05,0.0,5.3861269733537594e-05,1.0,4.0
2025-03-22,0x3416,2.0435211202421556e-05,0.00012999520010859023,0.0001504304113110118,1.0,2.0
2025-03-23,0x3416,5.589380185994285e-06,5.749695035484059e-05,6.308633054083488e-05,1.0,1.0
2025-03-24,0x3416,6.115493418181939e-05,0.00014250485605060703,0.00020365979023242642,1.0,-2.0
2025-03-25,0x3416,2.226578436379358e-05,3.750174979333387e-05,5.976753415712745e-05,1.0,-3.0
2025-03-26,0x3416,2.5335687304782905e-05,-3.750034346483577e-05,-1.2164656160052868e-05,1.0,-2.0
2025-03-27,0x3416,4.434483057908322e-05,-0.0001424845513102735,-9.813972073119027e-05,1.0,1.0
2025-03-28,0x3416,0.00012118776895743353,-0.00018746447527218102,-6.62767063147475e-05,1.0,4.0
2025-03-29,0x3416,1.963038053881075e-05,0.0,1.963038053881075e-05,1.0,4.0
2025-03-30,0x3416,2.4636632189575675e-05,0.00012999520010859023,0.0001546318322981659,1.0,2.0
2025-03-31,0x3416,2.1472324625408142e-05,5.749695035484059e-05,7.896927498024873e-05,1.0,1.0
2025-04-01,0x3416,1.2795493366472547e-05,5.249813134144965e-05,6.529362470792219e-05,1.0,0.0
2025-04-02,0x3416,1.874298511601033e-05,0.0,1.874298511601033e-05,1.0,0.0
2025-04-03,0x3416,4.055326115761614e-05,-0.0001724711297997894,-0.00013191786864217328,1.0,3.0
2025-04-04,0x3416,4.046947071937477e-05,0.0,4.046947071937477e-05,1.0,3.0
2025-04-05,0x3416,1.1434353195564954e-05,6.249590661200344e-05,7.39302598075684e-05,1.0,2.0
2025-04-06,0x3416,0.00011893802633598745,-0.0003623955257049394,-0.00024345749936895193,1.0,7.0
2025-04-07,0x3416,0.0002570412207638652,0.000300012247683501,0.0005570534684473662,0.9569444444444445,3.0
2025-04-08,0x3416,8.592402258004782e-05,-0.00038738374789426544,-0.0003014597253142176,1.0,8.0
2025-04-09,0x3416,0.0001418729625236784,0.000450053998110711,0.0005919269606343894,1.0,2.0
2025-04-10,0x3416,8.352920620597805e-05,-0.0002024581579616047,-0.00011892895175562666,1.0,5.0
2025-04-11,0x3416,8.414752988945166e-05,0.0001399944998725644,0.00022414202976201608,1.0,3.0
2025-04-12,0x3416,2.1493586569401546e-05,0.00011999645029070471,0.00014149003686010625,1.0,1.0
2025-04-13,0x3416,1.156554544726887e-05,-5.749364464546769e-05,-4.592809919819882e-05,1.0,2.0
2025-04-14,0x3416,1.9536908726430514e-05,0.0001099981001786432,0.0001295350089050737,1.0,0.0
2025-04-15,0x3416,7.83033814087136e-06,0.0,7.83033814087136e-06,1.0,0.0
2025-04-16,0x3416,6.709637678913585e-06,0.0,6.709637678913585e-06,1.0,0.0
2025-04-17,0x3416,2.003002024232716e-05,0.0,2.003002024232716e-05,1.0,0.0
2025-04-18,0x3416,1.3389052709327187e-05,0.0,1.3389052709327187e-05,1.0,0.0
2025-04-19,0x3416,1.968376891888791e-06,0.0,1.968376891888791e-06,1.0,0.0
2025-04-20,0x3416,1.5941224710246338e-06,0.0,1.5941224710246338e-06,1.0,0.0
2025-04-21,0x3416,3.2203577000856596e-05,9.000199977227119e-05,0.00012220557677312778,1.0,-2.0
2025-04-22,0x3416,9.493870300199568e-05,7.000569937520851e-05,0.00016494440237720419,1.0,-4.0
2025-04-23,0x3416,6.039917466972975e-05,0.0,6.039917466972975e-05,1.0,-4.0
2025-04-24,0x3416,4.349614540040668e-05,2.750347474189674e-05,7.099962014230342e-05,1.0,-5.0
2025-04-25,0x3416,6.098999167640054e-05,5.251228080527248e-05,0.00011350227248167302,1.0,-8.0
2025-04-26,0x3416,3.164914813778037e-05,-8.001079757735674e-05,-4.836164943957637e-05,1.0,-4.0
2025-04-27,0x3416,1.0127578738902142e-05,0.0,1.0127578738902142e-05,1.0,-4.0
2025-04-28,0x3416,3.018450850521078e-05,-3.250167427937267e-05,-2.3171657741618927e-06,1.0,-3.0
2025-04-29,0x3416,2.2147976948639658e-05,0.0,2.2147976948639658e-05,1.0,-3.0
2025-04-30,0x3416,2.5612087728113732e-05,-7.999754962173533e-05,-5.43854618936216e-05,1.0,-1.0
2025-05-01,0x3416,7.658342048711912e-05,0.00014001584989897786,0.00021659927038609697,1.0,-5.0
2025-05-02,0x3416,2.6744336095235583e-05,0.0,2.6744336095235583e-05,1.0,-5.0
2025-05-03,0x3416,9.097011102817563e-06,-2.7502718321525954e-05,-1.840570721870839e-05,1.0,-4.0
2025-05-04,0x3416,1.8902769103322668e-05,-7.000079892027777e-05,-5.10980298169551e-05,1.0,-2.0
2025-05-05,0x3416,2.2291495645335068e-05,-8.999390014130526e-05,-6.770240449597019e-05,1.0,0.0
2025-05-06,0x3416,1.6330282798102323e-05,0.0,1.6330282798102323e-05,1.0,0.0
2025-05-07,0x3416,1.663934997739751e-05,4.749937491888012e-05,6.413872489627764e-05,1.0,-1.0
2025-05-08,0x3416,4.721210441324626e-05,0.0,4.721210441324626e-05,1.0,-1.0
2025-05-09,0x3416,3.345995472475258e-05,0.0,3.345995472475258e-05,1.0,-1.0
2025-05-10,0x3416,1.4957200549964886e-05,4.250060610133666e-05,5.745780665130154e-05,1.0,-2.0
2025-05-11,0x3416,3.057092290022121e-05,3.750174979333387e-05,6.807267269355508e-05,1.0,-3.0
2025-05-12,0x3416,3.928716060558146e-05,-7.999754962173533e-05,-4.071038901615387e-05,1.0,-1.0
2025-05-13,0x3416,3.154012402468661e-05,8.000394974172487e-05,0.00011154407376641148,1.0,-3.0
2025-05-14,0x3416,5.713194176208356e-05,0.0,5.713194176208356e-05,1.0,-3.0
2025-05-15,0x3416,3.768977841310475e-05,0.0,3.768977841310475e-05,1.0,-3.0
2025-05-16,0x3416,2.7583422754964224e-05,3.250273067245679e-05,6.0086153427421017e-05,1.0,-4.0
2025-05-17,0x3416,1.9934585261261274e-05,2.750347474189674e-05,4.7438060003158016e-05,1.0,-5.0
2025-05-18,0x3416,5.972161425028714e-05,0.0,5.972161425028714e-05,1.0,-5.0
2025-05-19,0x3416,0.0001327029079351435,-2.7502718321525954e-05,0.00010520018961361754,1.0,-4.0
2025-05-20,0x3416,5.012953076545153e-05,2.750347474189674e-05,7.763300550734826e-05,1.0,-5.0
2025-05-21,0x3416,0.00011279849118929842,2.250390577085426e-05,0.0001353023969601527,1.0,-6.0
2025-05-22,0x3416,0.0001352121771762304,-5.0005498773209034e-05,8.520667840302136e-05,1.0,-4.0
2025-05-23,0x3416,0.0002314770473274186,-3.250167427937267e-05,0.00019897537304804593,1.0,-3.0
2025-05-24,0x3416,8.750201424758162e-05,3.250273067245679e-05,0.00012000474492003841,1.0,-4.0
2025-05-25,0x3416,9.564748322748689e-06,2.750347474189674e-05,3.706822306464543e-05,1.0,-5.0
2025-05-26,0x3416,9.674874413949109e-05,0.0,9.674874413949109e-05,1.0,-5.0
2025-05-27,0x3416,0.00017446214621634707,2.250390577085426e-05,0.00019696605198720133,1.0,-6.0
2025-05-28,0x3416,8.073362010272769e-05,-2.2503399356388343e-05,5.823022074633934e-05,1.0,-5.0
2025-05-29,0x3416,4.459310431502364e-05,-6.000349871648769e-05,-1.5410394401464053e-05,1.0,-3.0
2025-05-30,0x3416,4.674715340641433e-05,3.250273067245679e-05,7.924988407887113e-05,1.0,-4.0
2025-05-31,0x3416,5.107508837517977e-05,5.000799944809842e-05,0.00010108308782327819,1.0,-6.0
2025-06-01,0x3416,1.872708702102631e-05,0.0,1.872708702102631e-05,1.0,-6.0
2025-06-02,0x3416,3.611294577137656e-05,0.0,3.611294577137656e-05,1.0,-6.0
2025-06-03,0x3416,7.811156053011058e-05,3.0007699744150074e-05,0.00010811926027426065,1.0,-8.0
2025-06-04,0x3416,0.00010585605567798876,-1.25033747004899e-05,9.335268097749886e-05,1.0,-7.0
2025-06-05,0x3416,8.874191680710667e-05,-4.0006648928114785e-05,4.8735267878991884e-05,1.0,-5.0
2025-06-06,0x3416,0.0001273127067144656,6.0015249947698024e-05,0.00018732795666216362,1.0,-9.0
2025-06-07,0x3416,1.5508701377645708e-05,-2.0005799770461685e-05,-4.497098392815977e-06,1.0,-7.0
2025-06-08,0x3416,7.077679116744917e-06,-1.7503643463201435e-05,-1.0425964346456518e-05,1.0,-6.0
2025-06-09,0x3416,0.000101875605044015,0.0,0.000101875605044015,1.0,-6.0
2025-06-10,0x3416,4.266001353386967e-05,-8.250554779021257e-05,-3.98455342563429e-05,1.0,-3.0
2025-06-11,0x3416,2.8371182856020195e-05,0.0,2.8371182856020195e-05,1.0,-3.0
2025-06-12,0x3416,3.2666614061563535e-05,6.000709935238824e-05,9.267371341395177e-05,1.0,-5.0
2025-06-13,0x3416,6.174368581520455e-05,2.250390577085426e-05,8.424759158605881e-05,1.0,-6.0
2025-06-14,0x3416,9.509529243788602e-06,0.0,9.509529243788602e-06,1.0,-6.0
2025-06-15,0x3416,1.251271449987991e-05,-5.0005498773209034e-05,-3.749278427332913e-05,1.0,-4.0
2025-06-16,0x3416,2.779297346218535e-05,2.750347474189674e-05,5.529644820408209e-05,1.0,-5.0
2025-06-17,0x3416,3.184305818663318e-05,-2.7502718321525954e-05,4.340339865107224e-06,1.0,-4.0
2025-06-18,0x3416,1.0610430779565638e-05,-3.250167427937267e-05,-2.1891243499807033e-05,1.0,-3.0
2025-06-19,0x3416,8.253536645755483e-06,0.0,8.253536645755483e-06,1.0,-3.0
2025-06-20,0x3416,2.3161597896879837e-05,0.0,2.3161597896879837e-05,1.0,-3.0
2025-06-21,0x3416,1.2953705754096487e-05,0.0,1.2953705754096487e-05,1.0,-3.0
2025-06-22,0x3416,3.0985878287420536e-05,3.250273067245679e-05,6.348860895987733e-05,1.0,-4.0
2025-06-23,0x3416,3.6006283444076235e-05,6.75128246319101e-05,0.00010351910807598633,1.0,-7.0
2025-06-24,0x3416,4.939038679346314e-05,-1.7503643463201435e-05,3.18867433302617e-05,1.0,-6.0
2025-06-25,0x3416,1.2400268470745418e-05,0.0,1.2400268470745418e-05,1.0,-6.0
2025-06-26,0x3416,2.1359666277256745e-05,-2.2503399356388343e-05,-1.1437330791315976e-06,1.0,-5.0
2025-06-27,0x3416,4.7237784916856936e-05,0.0,4.7237784916856936e-05,1.0,-5.0
2025-06-28,0x3416,4.108140794922032e-06,0.0,4.108140794922032e-06,1.0,-5.0
2025-06-29,0x3416,0.00010936409692461679,-2.7502718321525954e-05,8.186137860309083e-05,1.0,-4.0
2025-06-30,0x3416,2.2272987020981768e-05,-3.250167427937267e-05,-1.0228687258390904e-05,1.0,-3.0
2025-07-01,0x3416,2.8586510488624897e-05,0.0,2.8586510488624897e-05,1.0,-3.0
2025-07-02,0x3416,3.94928767671715e-05,8.251235551726133e-05,0.00012200523228443283,1.0,-6.0
2025-07-03,0x3416,1.810094369774447e-05,-2.2503399356388343e-05,-4.402455658643873e-06,1.0,-5.0
2025-07-04,0x3416,2.5971989384794313e-05,-6.000349871648769e-05,-3.403150933169338e-05,1.0,-3.0
2025-07-05,0x3416,5.95214446398683e-06,3.250273067245679e-05,3.845487513644362e-05,1.0,-4.0
2025-07-06,0x3416,1.2109083073234937e-05,-3.250167427937267e-05,-2.0392591206137733e-05,1.0,-3.0
2025-07-07,0x3416,2.2497966948942572e-05,-7.999754962173533e-05,-5.749958267279276e-05,1.0,-1.0
2025-07-08,0x3416,1.9518684642367493e-05,4.250060610133666e-05,6.201929074370415e-05,1.0,-2.0
2025-07-09,0x3416,3.2581876037412397e-05,3.750174979333387e-05,7.008362583074628e-05,1.0,-3.0
2025-07-10,0x3416,6.458600580698831e-05,3.250273067245679e-05,9.70887364794451e-05,1.0,-4.0
2025-07-11,0x3416,5.059176077359347e-05,0.0,5.059176077359347e-05,1.0,-4.0
2025-07-12,0x3416,1.5602251023829734e-05,2.750347474189674e-05,4.3105725765726476e-05,1.0,-5.0
2025-07-13,0x3416,4.5705980028084514e-05,0.0,4.5705980028084514e-05,1.0,-5.0
2025-07-14,0x3416,3.8691334088073876e-05,-9.750159202948083e-05,-5.881025794140696e-05,1.0,-2.0
2025-07-15,0x3416,3.283726144455221e-05,-8.999390014130526e-05,-5.715663869675305e-05,1.0,0.0
2025-07-16,0x3416,3.642968781359289e-05,0.000210030001228656,0.0002464596890422489,1.0,-6.0
2025-07-17,0x3416,2.6308619595496457e-05,1.7503949846009448e-05,4.3812569441505905e-05,1.0,-7.0
2025-07-18,0x3416,0.00020853491203797476,0.0,0.00020853491203797476,0.9972222222222222,-7.0
2025-07-19,0x3416,3.469072246617873e-05,-1.7503643463201435e-05,1.7187079002977293e-05,1.0,-6.0
2025-07-20,0x3416,8.141513925662714e-05,-2.2503399356388343e-05,5.8911739900238794e-05,1.0,-5.0
2025-07-21,0x3416,7.083662189722667e-05,2.250390577085426e-05,9.334052766808093e-05,1.0,-6.0
2025-07-22,0x3416,0.00014475639830294383,0.0,0.00014475639830294383,1.0,-6.0
2025-07-23,0x3416,0.00016937927836131633,-2.2503399356388343e-05,0.000146875879004928,1.0,-5.0
2025-07-24,0x3416,5.2974091482716637e-05,2.250390577085426e-05,7.54779972535709e-05,1.0,-6.0
2025-07-25,0x3416,5.100702440268772e-05,-8.250554779021257e-05,-3.149852338752486e-05,1.0,-3.0
2025-07-26,0x3416,5.098290134034904e-05,3.250273067245679e-05,8.348563201280584e-05,1.0,-4.0
2025-07-27,0x3416,8.302524380335515e-05,0.0,8.302524380335515e-05,1.0,-4.0
2025-07-28,0x3416,6.107891674641552e-05,-7.000079892027777e-05,-8.921882173862258e-06,1.0,-2.0
2025-07-29,0x3416,4.910904029799709e-05,-8.999390014130526e-05,-4.088485984330817e-05,1.0,0.0
2025-07-30,0x3416,3.327518562453176e-05,4.749937491888012e-05,8.077456054341188e-05,1.0,-1.0
2025-07-31,0x3416,6.739133336425727e-05,-4.7497118835337915e-05,1.989421452891935e-05,1.0,0.0
2025-08-01,0x3416,0.00011278049445626761,-0.00010998600192746455,2.794492528803062e-06,1.0,2.0
2025-08-02,0x3416,5.796968536673025e-05,5.749695035484059e-05,0.00011546663572157084,1.0,1.0
2025-08-03,0x3416,2.1412845840873712e-05,9.999999988874464e-05,0.00012141284572961836,1.0,-1.0
2025-08-04,0x3416,5.7135957643757555e-05,0.0,5.7135957643757555e-05,1.0,-1.0
2025-08-05,0x3416,3.510185134255436e-05,0.0,3.510185134255436e-05,1.0,-1.0
2025-08-06,0x3416,0.0001750007669115577,4.250060610133666e-05,0.00021750137301289435,1.0,-2.0
2025-08-07,0x3416,5.034547794329643e-05,7.000569937520851e-05,0.00012035117731850495,1.0,-4.0
2025-08-08,0x3416,9.916800473916302e-05,-3.250167427937267e-05,6.666633045979035e-05,1.0,-3.0
2025-08-09,0x3416,6.0902510142996586e-05,0.0,6.0902510142996586e-05,1.0,-3.0
2025-08-10,0x3416,4.95644428163684e-05,0.0,4.95644428163684e-05,1.0,-3.0
2025-08-11,0x3416,8.850704090779843e-05,-7.999754962173533e-05,8.509491286063097e-06,1.0,-1.0
2025-08-12,0x3416,7.818965569669068e-05,0.0,7.818965569669068e-05,1.0,-1.0
2025-08-13,0x3416,0.00014249952023980594,0.00011250928076100841,0.0002550088010008143,1.0,-4.0
2025-08-14,0x3416,0.00026810358905466627,6.75128246319101e-05,0.0003356164136865764,1.0,-7.0
2025-08-15,0x3416,0.0003291784781665735,0.0,0.0003291784781665735,0.9916492693110647,-7.0
2025-08-16,0x3416,0.0001836784183708998,0.0,0.0001836784183708998,1.0,-7.0
2025-08-17,0x3416,6.097958829346503e-05,-1.7503643463201435e-05,4.3475944830263594e-05,1.0,-6.0
2025-08-18,0x3416,0.00019692377834957324,0.0,0.00019692377834957324,1.0,-6.0
2025-08-19,0x3416,8.815052166626685e-05,-0.00016249649717026138,-7.434597550399453e-05,1.0,-1.0
2025-08-20,0x3416,6.558959154510574e-05,4.250060610133666e-05,0.0001080901976464424,1.0,-2.0
2025-08-21,0x3416,4.5476837281917447e-05,-8.999390014130526e-05,-4.4517062859387814e-05,1.0,0.0
2025-08-22,0x3416,9.001627708385792e-05,0.0,9.001627708385792e-05,1.0,0.0
2025-08-23,0x3416,2.9958462389659175e-05,-0.00010998600192746455,-8.002753953780537e-05,1.0,2.0
2025-08-24,0x3416,3.025291822999666e-05,5.749695035484059e-05,8.774986858483725e-05,1.0,1.0
2025-08-25,0x3416,9.149065697993296e-05,0.00014250485605060703,0.00023399551303054,1.0,-2.0
2025-08-26,0x3416,5.656462238251736e-05,0.0,5.656462238251736e-05,1.0,-2.0
2025-08-27,0x3416,2.5431767749622795e-05,0.0,2.5431767749622795e-05,1.0,-2.0
2025-08-28,0x3416,4.605750479751784e-05,0.0,4.605750479751784e-05,1.0,-2.0
2025-08-29,0x3416,3.461983628639325e-05,0.0,3.461983628639325e-05,1.0,-2.0
2025-08-30,0x3416,1.9469346028391327e-05,0.0,1.9469346028391327e-05,1.0,-2.0
2025-08-31,0x3416,2.1874355950835245e-05,0.0,2.1874355950835245e-05,1.0,-2.0
2025-09-01,0x3416,3.1769799819764415e-05,-4.249879987650029e-05,-1.0729000056735878e-05,1.0,-1.0
2025-09-02,0x3416,3.703017685803516e-05,8.000394974172487e-05,0.00011703412659976002,1.0,-3.0
2025-09-03,0x3416,6.572348979165672e-05,6.000709935238824e-05,0.00012573058914404497,1.0,-5.0
2025-09-04,0x3416,6.46518428047749e-05,-6.000349871648769e-05,4.648344088287214e-06,1.0,-3.0
2025-09-05,0x3416,3.657285645683688e-05,-3.750034346483577e-05,-9.274870079988899e-07,1.0,-2.0
2025-09-06,0x3416,1.631873812929738e-05,3.750174979333387e-05,5.382048792263125e-05,1.0,-3.0
2025-09-07,0x3416,1.3602909108749679e-05,-3.750034346483577e-05,-2.3897434356086094e-05,1.0,-2.0
2025-09-08,0x3416,4.5014761751653095e-05,0.0,4.5014761751653095e-05,1.0,-2.0
2025-09-09,0x3416,4.829455570558964e-05,0.0,4.829455570558964e-05,1.0,-2.0
2025-09-10,0x3416,5.908386064966834e-05,3.750174979333387e-05,9.658561044300222e-05,1.0,-3.0
2025-09-11,0x3416,4.7058320739473666e-05,3.250273067245679e-05,7.956105141193045e-05,1.0,-4.0
2025-09-12,0x3416,0.00023506903371196475,8.001719981742816e-05,0.0003150862335293929,0.9916608756080612,-8.0
2025-09-13,0x3416,0.0001470876776508186,-1.25033747004899e-05,0.0001345843029503287,1.0,-7.0
2025-09-14,0x3416,0.0002096776260117945,-1.7503643463201435e-05,0.00019217398254859307,1.0,-6.0
2025-09-15,0x3416,0.0002028168186721104,-8.250554779021257e-05,0.00012031127088189784,1.0,-3.0
2025-09-16,0x3416,0.00010375769651142314,6.000709935238824e-05,0.00016376479586381138,1.0,-5.0
2025-09-17,0x3416,0.00011129193071152184,2.250390577085426e-05,0.0001337958364823761,1.0,-6.0
2025-09-18,0x3416,0.00010678877692110866,0.0,0.00010678877692110866,1.0,-6.0
2025-09-19,0x3416,0.00013208141918785455,1.7503949846009448e-05,0.000149585369033864,1.0,-7.0
2025-09-20,0x3416,3.451300319624113e-05,0.0,3.451300319624113e-05,1.0,-7.0
2025-09-21,0x3416,1.9831894644874656e-05,0.0,1.9831894644874656e-05,1.0,-7.0
2025-09-22,0x3416,0.00023926839541809958,2.0006200010413977e-05,0.00025927459542851355,1.0,-9.0
2025-09-23,0x3416,0.00027984082000968944,-6.001164833357997e-05,0.00021982917167610947,0.9944367176634215,-5.0
2025-09-24,0x3416,4.56912540323705e-05,2.250390577085426e-05,6.819515980322475e-05,1.0,-6.0
2025-09-25,0x3416,0.0002497141040308649,0.0,0.0002497141040308649,1.0,-6.0
2025-09-26,0x3416,0.0001629836437992244,3.0007699744150074e-05,0.00019299134354337446,0.9986072423398329,-8.0
2025-09-27,0x3416,6.336599559317892e-05,-1.25033747004899e-05,5.086262089268902e-05,1.0,-7.0
2025-09-28,0x3416,3.270763821106387e-05,-1.7503643463201435e-05,1.5203994747862434e-05,1.0,-6.0
2025-09-29,0x3416,7.41841371541625e-05,3.0007699744150074e-05,0.00010419183689831258,1.0,-8.0
2025-09-30,0x3416,0.00015644123784425612,-8.001079757735674e-05,7.643044026689938e-05,1.0,-4.0
2025-10-01,0x3416,9.652006977869825e-05,6.75128246319101e-05,0.00016403289441060834,1.0,-7.0
2025-10-02,0x3416,0.00011266007804740225,0.0,0.00011266007804740225,1.0,-7.0
2025-10-03,0x3416,0.0001409710822245824,1.2503531036767157e-05,0.00015347461326134957,1.0,-8.0
2025-10-04,0x3416,6.544472856002429e-05,-1.25033747004899e-05,5.294135385953439e-05,1.0,-7.0
2025-10-05,0x3416,4.437424737642851e-05,-6.750826695800516e-05,-2.3134019581576648e-05,1.0,-4.0
2025-10-06,0x3416,0.0001066898779916853,6.75128246319101e-05,0.0001742027026235954,1.0,-7.0
2025-10-07,0x3416,0.0002162049548735002,-1.7503643463201435e-05,0.00019870131141029877,0.9986091794158554,-6.0
2025-10-08,0x3416,7.88200981816208e-05,-2.2503399356388343e-05,5.631669882523246e-05,1.0,-5.0
2025-10-09,0x3416,0.00010538039073508873,4.000824952421489e-05,0.00014538864025930362,1.0,-7.0
2025-10-10,0x3416,0.0002956742068433333,2.2507256295822842e-05,0.00031818146313915616,0.940236275191105,-18.0
2025-10-11,0x3416,8.49408279044016e-05,0.0,8.49408279044016e-05,0.4527121001390821,-11.0
2025-10-12,0x3416,0.00011048056752461794,-2.5009999946590256e-06,0.00010797956752995892,0.9853963838664812,-9.0
2025-10-13,0x3416,8.117353215968243e-05,2.5010062496555463e-06,8.367453840933797e-05,0.8798611111111111,-10.0
2025-10-14,0x3416,0.00015104238157276795,-4.0009999243695304e-05,0.00011103238232907265,1.0,-6.0
2025-10-15,0x3416,0.00015392009739662447,-2.2503399356388343e-05,0.00013141669804023613,1.0,-5.0
2025-10-16,0x3416,5.755498687632656e-05,-2.7502718321525954e-05,3.0052268554800607e-05,1.0,-4.0
2025-10-17,0x3416,7.633937128704652e-05,0.0,7.633937128704652e-05,1.0,-4.0
2025-10-18,0x3416,4.487585995512116e-05,5.000799944809842e-05,9.488385940321957e-05,1.0,-6.0
2025-10-19,0x3416,3.371967045182232e-05,-2.2503399356388343e-05,1.121627109543398e-05,1.0,-5.0
2025-10-20,0x3416,6.512061038582821e-05,-2.7502718321525954e-05,3.761789206430226e-05,1.0,-4.0
2025-10-21,0x3416,7.1677760830818e-05,5.000799944809842e-05,0.00012168576027891641,1.0,-6.0
2025-10-22,0x3416,8.972794434348266e-05,-8.250554779021257e-05,7.222396553270086e-06,1.0,-3.0
2025-10-23,0x3416,3.706179217139118e-05,6.000709935238824e-05,9.706889152377941e-05,1.0,-5.0
2025-10-24,0x3416,5.474069094999269e-05,-6.000349871648769e-05,-5.262807766495e-06,1.0,-3.0
2025-10-25,0x3416,4.409530243950029e-05,3.250273067245679e-05,7.659803311195708e-05,1.0,-4.0
2025-10-26,0x3416,3.831095601906156e-05,-3.250167427937267e-05,5.809281739688889e-06,1.0,-3.0
2025-10-27,0x3416,1.731953956544095e-05,-3.750034346483577e-05,-2.0180803899394823e-05,1.0,-2.0
2025-10-28,0x3416,3.7336742928980186e-05,0.0,3.7336742928980186e-05,1.0,-2.0
2025-10-29,0x3416,5.713968172546461e-05,3.750174979333387e-05,9.464143151879848e-05,1.0,-3.0
2025-10-30,0x3416,4.8432615803105096e-05,-0.0001274908688040366,-7.90582530009315e-05,1.0,0.0
2025-10-31,0x3416,5.66910101194554e-05,-0.00010998600192746455,-5.329499180800915e-05,1.0,2.0
2025-11-01,0x3416,1.2726843392936027e-05,0.0,1.2726843392936027e-05,1.0,2.0
2025-11-02,0x3416,1.4191230540972421e-05,0.0001099981001786432,0.00012418933071961562,1.0,0.0
2025-11-03,0x3416,9.491577791906789e-05,0.0,9.491577791906789e-05,1.0,0.0
2025-11-04,0x3416,0.00014053892744512453,0.0,0.00014053892744512453,1.0,0.0
2025-11-05,0x3416,3.481697895047023e-05,4.749937491888012e-05,8.231635386935036e-05,1.0,-1.0
2025-11-06,0x3416,6.568894168219798e-05,-0.0002199600567533988,-0.00015427111507120082,1.0,3.0
2025-11-07,0x3416,8.538458166702518e-05,0.0,8.538458166702518e-05,1.0,3.0
2025-11-08,0x3416,3.0052240820229548e-05,6.249590661200344e-05,9.254814743223299e-05,1.0,2.0
2025-11-09,0x3416,2.591030248165634e-05,0.0001099981001786432,0.00013590840266029954,1.0,0.0
2025-11-10,0x3416,1.9569908885964217e-05,-5.249537543239313e-05,-3.292546654642892e-05,1.0,1.0
2025-11-11,0x3416,2.3171575433564665e-05,5.249813134144965e-05,7.566970677501431e-05,1.0,0.0
2025-11-12,0x3416,2.9105445253838292e-05,0.0,2.9105445253838292e-05,1.0,0.0
2025-11-13,0x3416,5.081249880765887e-05,-0.00023995000968657365,-0.00018913751087891478,1.0,4.0
2025-11-14,0x3416,9.958193338256013e-05,-0.00014997200465116656,-5.0390071268606424e-05,1.0,6.0
2025-11-15,0x3416,2.0067786278740775e-05,7.749435019244189e-05,9.756213647118266e-05,1.0,5.0
2025-11-16,0x3416,5.046973680705561e-05,0.0,5.046973680705561e-05,1.0,5.0
2025-11-17,0x3416,0.0007127813034853744,-0.00015996975492515997,0.0005528115485602145,0.9951388888888889,7.0
2025-11-18,0x3416,0.00011290614118057528,0.000300012247683501,0.00041291838886407627,0.9888579387186629,3.0
2025-11-19,0x3416,0.0002025728759728288,-0.00038738374789426544,-0.00018481087192143665,1.0,8.0
2025-11-20,0x3416,0.00023381294693551396,-0.00018996840435214768,4.384454258336628e-05,0.8888116747741487,10.0
2025-11-21,0x3416,0.0003048160257261949,0.000510082501213649,0.0008148985269398439,0.6655052264808362,4.0
2025-11-22,0x3416,1.0352312001537158e-05,0.0,1.0352312001537158e-05,1.0,4.0
2025-11-23,0x3416,1.2901880588795525e-05,0.0001874996247910321,0.00020040150537982762,1.0,1.0
2025-11-24,0x3416,2.075825340881013e-05,0.0,2.075825340881013e-05,1.0,1.0
2025-11-25,0x3416,2.1469146403875267e-05,-5.749364464546769e-05,-3.6024498241592426e-05,1.0,2.0
2025-11-26,0x3416,1.926102914028928e-05,0.0001099981001786432,0.00012925912931893247,1.0,0.0
2025-11-27,0x3416,2.173525536589998e-05,4.749937491888012e-05,6.92346302847801e-05,1.0,-1.0
2025-11-28,0x3416,3.6701719415347213e-05,0.00011250928076100841,0.00014921100017635563,1.0,-4.0
2025-11-29,0x3416,3.270446313929141e-05,0.0,3.270446313929141e-05,1.0,-4.0
2025-11-30,0x3416,1.7594455588579837e-05,-7.000079892027777e-05,-5.240634333169794e-05,1.0,-2.0
2025-12-01,0x3416,2.8108545055127388e-05,0.0,2.8108545055127388e-05,1.0,-2.0
2025-12-02,0x3416,2.1177227601679044e-05,7.000569937520851e-05,9.118292697688755e-05,1.0,-4.0
2025-12-03,0x3416,1.9135783843621838e-05,0.0,1.9135783843621838e-05,1.0,-4.0
2025-12-04,0x3416,1.0589885297881234e-05,0.0,1.0589885297881234e-05,1.0,-4.0
2025-12-05,0x3416,9.329375676927178e-05,0.0,9.329375676927178e-05,1.0,-4.0
2025-12-06,0x3416,7.828526284846397e-06,0.0,7.828526284846397e-06,1.0,-4.0
2025-12-07,0x3416,9.000636866671523e-06,-3.250167427937267e-05,-2.350103741270115e-05,1.0,-3.0
2025-12-08,0x3416,7.813898601293554e-06,0.0,7.813898601293554e-06,1.0,-3.0
2025-12-09,0x3416,3.716515767204296e-05,-3.750034346483577e-05,-3.351857927928151e-07,1.0,-2.0
2025-12-10,0x3416,2.9606158198314394e-05,7.000569937520851e-05,9.96118575735229e-05,1.0,-4.0
2025-12-11,0x3416,1.3864684144549248e-05,-3.250167427937267e-05,-1.8636990134823424e-05,1.0,-3.0
2025-12-12,0x3416,6.6016567016422214e-06,0.0,6.6016567016422214e-06,1.0,-3.0
2025-12-13,0x3416,4.690626059047938e-05,0.0,4.690626059047938e-05,1.0,-3.0
2025-12-14,0x3416,1.015734693269453e-05,3.250273067245679e-05,4.2660077605151324e-05,1.0,-4.0
2025-12-15,0x3416,3.727421471872919e-05,-0.00011249662384682502,-7.522240912809583e-05,1.0,-1.0
2025-12-16,0x3416,1.0041452286708836e-05,0.0,1.0041452286708836e-05,1.0,-1.0
2025-12-17,0x3416,1.4998270919815581e-05,-9.999000088867227e-05,-8.499172996885668e-05,1.0,1.0
2025-12-18,0x3416,1.6613804347488346e-05,-5.749364464546769e-05,-4.0879840297979344e-05,1.0,2.0
2025-12-19,0x3416,4.164068609246864e-05,-6.249200111763109e-05,-2.085131502516245e-05,1.0,3.0
2025-12-20,0x3416,1.656250481063669e-05,0.0,1.656250481063669e-05,1.0,3.0
2025-12-21,0x3416,6.978388985534622e-06,6.249590661200344e-05,6.947429559753806e-05,1.0,2.0
2025-12-22,0x3416,1.4037901117861163e-05,0.0,1.4037901117861163e-05,1.0,2.0
2025-12-23,0x3416,1.6513520488932586e-05,-6.249200111763109e-05,-4.59784806286985e-05,1.0,3.0
2025-12-24,0x3416,1.5564017480998344e-05,0.0,1.5564017480998344e-05,1.0,3.0
2025-12-25,0x3416,8.079419360721869e-06,-6.749052005305956e-05,-5.9411100692337685e-05,1.0,4.0
2025-12-26,0x3416,5.7947526555270034e-05,-7.248927644176728e-05,-1.4541749886497246e-05,1.0,5.0
2025-12-27,0x3416,1.0487111173764615e-05,0.0001399944998725644,0.000150481611046329,1.0,3.0
2025-12-28,0x3416,2.604897364292099e-05,0.0,2.604897364292099e-05,1.0,3.0
2025-12-29,0x3416,0.00012408941338739912,-0.00029992226732988847,-0.00017583285394248935,1.0,7.0
2025-12-30,0x3416,4.954702834617391e-05,0.0,4.954702834617391e-05,1.0,7.0
2025-12-31,0x3416,3.553935366222159e-05,-0.0002774395045294087,-0.0002419001508671871,0.7479166666666667,12.0
2026-01-01,0x3416,0.0,0.0,0.0,0.0,10.0
2026-01-02,0x3416,5.162603031685328e-05,0.0005776120046012689,0.0006292380349181222,0.5694444444444444,3.0
2026-01-03,0x3416,2.7635704338687088e-05,0.0,2.7635704338687088e-05,1.0,3.0
2026-01-04,0x3416,4.867436700953621e-06,6.249590661200344e-05,6.736334331295705e-05,1.0,2.0
2026-01-05,0x3416,2.657660858184701e-05,0.0001575026999385276,0.00018407930852037464,1.0,-1.0
2026-01-06,0x3416,2.6510733895063294e-05,-0.00015747789674469548,-0.00013096716284963217,1.0,2.0
2026-01-07,0x3416,8.513341607466828e-05,-0.0003623955257049394,-0.00027726210963027113,1.0,7.0
2026-01-08,0x3416,4.651013395451579e-05,0.0,4.651013395451579e-05,0.6722222222222223,7.0
2026-01-09,0x3416,5.3146063431218925e-05,-0.00017996780462892215,-0.00012682174119770323,0.9375,9.0
2026-01-10,0x3416,3.808825111768161e-05,0.0,3.808825111768161e-05,1.0,9.0
2026-01-11,0x3416,3.3697691751943466e-06,-9.748924482577692e-05,-9.411947565058257e-05,0.4166666666666667,11.0
2026-01-12,0x3416,3.9466505648747365e-05,0.0001900044992038108,0.00022947100485255816,0.4673611111111111,8.0
2026-01-13,0x3416,8.015594694887268e-05,0.0005075768251978641,0.0005877327721467367,1.0,1.0
2026-01-14,0x3416,4.593554724958321e-05,0.00014250485605060703,0.00018844040330019023,1.0,-2.0
2026-01-15,0x3416,2.4023291123631726e-05,-8.999390014130526e-05,-6.597060901767354e-05,1.0,0.0
2026-01-16,0x3416,1.7591491485742338e-05,-5.249537543239313e-05,-3.4903883946650795e-05,1.0,1.0
2026-01-17,0x3416,1.2294819425292885e-05,-5.749364464546769e-05,-4.5198825220174803e-05,1.0,2.0
2026-01-18,0x3416,1.115173364725714e-05,5.749695035484059e-05,6.864868400209773e-05,1.0,1.0
2026-01-19,0x3416,2.682221666945077e-05,-0.00011998205287022667,-9.31598362007759e-05,1.0,3.0
2026-01-20,0x3416,0.000223180882068056,-0.000479836095606867,-0.00025665521353881104,0.9979166666666667,9.0
2026-01-21,0x3416,3.9894778896501965e-05,0.0002625096541988281,0.00030240443309533004,1.0,6.0
2026-01-22,0x3416,3.51911820702435e-05,0.0,3.51911820702435e-05,1.0,6.0
2026-01-23,0x3416,4.8293427950776256e-05,-0.0002624407609653767,-0.00021414733301460047,1.0,9.0
2026-01-24,0x3416,6.964533988352882e-06,-9.748924482577692e-05,-9.052471083742404e-05,0.10694444444444444,12.0
2026-01-25,0x3416,1.3754950502867346e-05,9.74987499053892e-05,0.00011125370040825655,0.17083333333333334,9.0
2026-01-26,0x3416,4.447449726849681e-05,0.0002625096541988281,0.0003069841514673249,0.8979166666666667,6.0
2026-01-27,0x3416,9.334301431019347e-05,-0.00016996830489501846,-7.6625290584825e-05,0.7583333333333333,8.0
2026-01-28,0x3416,1.2882409227491296e-05,-0.00018996840435214768,-0.00017708599512465637,0.18958333333333333,10.0
2026-01-29,0x3416,0.0,0.0,0.0,0.0,13.0
2026-01-30,0x3416,0.0,0.0,0.0,0.0,12.0
2026-01-31,0x3416,7.175718151757611e-05,0.0,7.175718151757611e-05,0.005555555555555556,10.0
2026-02-01,0x3416,7.92288668406304e-05,0.00027751649856933014,0.00035674536540996054,0.9951388888888889,7.0
2026-02-02,0x3416,7.157628874836751e-05,0.00015999534934207915,0.00023157163809044666,1.0,5.0
2026-02-03,0x3416,9.325347577657341e-05,-0.00043736487752499276,-0.00034411140174841933,0.9972222222222222,10.0
2026-02-04,0x3416,7.176440108436012e-06,0.0,7.176440108436012e-06,0.05138888888888889,19.0
2026-02-05,0x3416,0.0,0.0,0.0,0.0,16.0
2026-02-06,0x3416,0.00010609695895929099,0.00036003399846706863,0.0004661309574263596,0.61875,6.0
2026-02-07,0x3416,0.0002088323743233952,7.749435019244189e-05,0.0002863267245158371,1.0,5.0
2026-02-08,0x3416,3.580608917861379e-05,0.0,3.580608917861379e-05,1.0,5.0
2026-02-09,0x3416,4.192499068879991e-05,7.249453151780827e-05,0.00011441952220660819,1.0,4.0
2026-02-10,0x3416,5.5792628875435034e-05,0.0,5.5792628875435034e-05,1.0,4.0
2026-02-11,0x3416,4.947003302017561e-05,-7.248927644176728e-05,-2.301924342159167e-05,1.0,5.0
2026-02-12,0x3416,4.264201997993207e-05,-7.748834528353843e-05,-3.4846325303606357e-05,1.0,6.0
2026-02-13,0x3416,0.0001209351115591647,0.00014999449962704858,0.0002709296111862133,1.0,4.0
2026-02-14,0x3416,1.0764087038973208e-05,6.749507533077015e-05,7.825916236974335e-05,1.0,3.0
2026-02-15,0x3416,1.3774773851464802e-05,-6.749052005305956e-05,-5.3715746201594753e-05,1.0,4.0
2026-02-16,0x3416,3.552464466918489e-05,-7.248927644176728e-05,-3.696463177258239e-05,1.0,5.0
2026-02-17,0x3416,9.71280643711489e-06,0.0001399944998725644,0.0001497073063096793,1.0,3.0
2026-02-18,0x3416,1.166758107731634e-05,-6.749052005305956e-05,-5.5822938975743216e-05,1.0,4.0
2026-02-19,0x3416,2.4434568635649215e-05,6.749507533077015e-05,9.192964396641937e-05,1.0,3.0
2026-02-20,0x3416,1.4370272839276658e-05,6.249590661200344e-05,7.68661794512801e-05,1.0,2.0
2026-02-21,0x3416,1.1094776155659116e-05,0.0,1.1094776155659116e-05,1.0,2.0
2026-02-22,0x3416,4.587527720360982e-06,0.0,4.587527720360982e-06,1.0,2.0
2026-02-23,0x3416,4.077962466588832e-05,0.0001099981001786432,0.0001507777248445315,1.0,0.0
2026-02-24,0x3416,8.135599966680417e-05,0.0,8.135599966680417e-05,1.0,0.0
2026-02-25,0x3416,9.358966513070797e-05,0.00012750712479814297,0.00022109678992885095,1.0,-3.0
2026-02-26,0x3416,3.0921917180921514e-05,-7.999754962173533e-05,-4.907563244081382e-05,1.0,-1.0
2026-02-27,0x3416,2.1139436249448172e-05,0.0,2.1139436249448172e-05,1.0,-1.0
2026-02-28,0x3416,1.4619114777177507e-05,0.0,1.4619114777177507e-05,1.0,-1.0
2026-03-01,0x3416,1.5759405811895063e-05,0.0,1.5759405811895063e-05,1.0,-1.0
2026-03-02,0x3416,4.04917875018073e-05,0.0,4.04917875018073e-05,1.0,-1.0
2026-03-03,0x3416,3.269201519165051e-05,-4.7497118835337915e-05,-1.4805103643687408e-05,1.0,0.0
2026-03-04,0x3416,8.29700087199318e-05,0.000160013999800368,0.00024298400852029983,1.0,-4.0
2026-03-05,0x3416,2.3429330630826298e-05,-7.000079892027777e-05,-4.657146828945147e-05,1.0,-2.0
2026-03-06,0x3416,6.342398096773351e-05,-8.999390014130526e-05,-2.6569919173571752e-05,1.0,0.0
2026-03-07,0x3416,6.565713839585213e-06,0.0,6.565713839585213e-06,1.0,0.0
2026-03-08,0x3416,7.873579076196246e-06,0.0,7.873579076196246e-06,1.0,0.0
2026-03-09,0x3416,8.075405913820512e-05,4.749937491888012e-05,0.00012825343405708524,1.0,-1.0
2026-03-10,0x3416,8.277138858402047e-05,4.250060610133666e-05,0.00012527199468535713,1.0,-2.0
2026-03-11,0x3416,9.053424011726529e-06,0.0,9.053424011726529e-06,1.0,-2.0
2026-03-12,0x3416,7.77348685639357e-05,-4.249879987650029e-05,3.5236068687435405e-05,1.0,-1.0
2026-03-13,0x3416,3.428140942672054e-05,8.000394974172487e-05,0.00011428535916844541,1.0,-3.0
2026-03-14,0x3416,3.564251283153613e-06,0.0,3.564251283153613e-06,1.0,-3.0
2026-03-15,0x3416,2.5771011578527926e-05,0.0,2.5771011578527926e-05,1.0,-3.0
2026-03-16,0x3416,1.8377999625859885e-05,-3.750034346483577e-05,-1.9122343838975888e-05,1.0,-2.0
2026-03-17,0x3416,1.784894142029238e-05,0.0,1.784894142029238e-05,1.0,-2.0
2026-03-18,0x3416,2.7509979966888084e-05,-4.249879987650029e-05,-1.4988819909612209e-05,1.0,-1.0
2026-03-19,0x3416,1.387636541514616e-05,0.0,1.387636541514616e-05,1.0,-1.0
2026-03-20,0x3416,1.1341390216611884e-05,-4.7497118835337915e-05,-3.615572861872603e-05,1.0,0.0
2026-03-21,0x3416,3.0156187661560803e-06,0.0,3.0156187661560803e-06,1.0,0.0
2026-03-22,0x3416,8.951570994001738e-06,-5.249537543239313e-05,-4.3543804438391394e-05,1.0,1.0
2026-03-23,0x3416,1.0300948584192506e-05,0.0,1.0300948584192506e-05,1.0,1.0
2026-03-24,0x3416,1.2158733035719738e-05,-5.749364464546769e-05,-4.533491160974795e-05,1.0,2.0
2026-03-25,0x3416,2.0413931929816854e-05,5.749695035484059e-05,7.791088228465745e-05,1.0,1.0
2026-03-26,0x3416,1.7311503605157766e-05,-0.00011998205287022667,-0.00010267054926506891,1.0,3.0
2026-03-27,0x3416,6.080980926034047e-05,-6.749052005305956e-05,-6.6807107927190865e-06,1.0,4.0
2026-03-28,0x3416,6.715963935971477e-06,0.0,6.715963935971477e-06,1.0,4.0
2026-03-29,0x3416,1.4579836813146351e-05,-7.248927644176728e-05,-5.790943962862093e-05,1.0,5.0
2026-03-30,0x3416,1.0423438989990001e-05,7.249453151780827e-05,8.291797050779826e-05,1.0,4.0
2026-03-31,0x3416,2.1493066185273312e-05,-7.248927644176728e-05,-5.099621025649397e-05,1.0,5.0
2026-04-01,0x3416,2.85452592818496e-05,0.00026000774900625245,0.00028855300828810207,1.0,1.0
2026-04-02,0x3416,3.2774849331702094e-06,0.0,3.2774849331702094e-06,1.0,1.0
2026-04-03,0x3416,4.206300723174586e-06,5.249813134144965e-05,5.6704432064624236e-05,1.0,0.0
2026-04-04,0x3416,2.2013828157650357e-06,0.0,2.2013828157650357e-06,1.0,0.0
2026-04-05,0x3416,6.377273947860394e-06,-5.249537543239313e-05,-4.611810148453274e-05,1.0,1.0
2026-04-06,0x3416,9.705045464349238e-06,9.999999988874464e-05,0.00010970504535309387,1.0,-1.0
2026-04-07,0x3416,3.743341346063987e-05,0.0,3.743341346063987e-05,1.0,-1.0
2026-04-08,0x3416,6.065516824863422e-06,0.0,6.065516824863422e-06,1.0,-1.0
2026-04-09,0x3416,6.1442341119197e-06,4.250060610133666e-05,4.8644840213256355e-05,1.0,-2.0
2026-04-10,0x3416,2.5550181095956544e-05,9.751109951694481e-05,0.00012306128061290134,1.0,-5.0
2026-04-11,0x3416,3.924104178433722e-06,0.0,3.924104178433722e-06,1.0,-5.0
2026-04-12,0x3416,3.4393221876192096e-05,-2.7502718321525954e-05,6.890503554666142e-06,1.0,-4.0
2026-04-13,0x3416,3.007768373026324e-05,5.000799944809842e-05,8.008568317836165e-05,1.0,-6.0
2026-04-14,0x3416,7.712498426819347e-05,3.0007699744150074e-05,0.00010713268401234354,1.0,-8.0
2026-04-15,0x3416,3.0567379822864553e-05,-8.001079757735674e-05,-4.944341775449219e-05,1.0,-4.0
2026-04-16,0x3416,2.2295718316279382e-05,-3.250167427937267e-05,-1.020595596309329e-05,1.0,-3.0
2026-04-17,0x3416,2.9211339882151278e-05,8.251235551726133e-05,0.0001117236953994126,1.0,-6.0
2026-04-18,0x3416,1.6991475759760486e-05,0.0,1.6991475759760486e-05,1.0,-6.0
2026-04-19,0x3416,2.9595774377716793e-05,0.0,2.9595774377716793e-05,1.0,-6.0
2026-04-20,0x3416,2.9836702744860415e-05,0.0,2.9836702744860415e-05,1.0,-6.0
2026-04-21,0x3416,8.134283559507268e-05,-2.2503399356388343e-05,5.883943623868433e-05,1.0,-5.0
2026-04-22,0x3416,4.35551713764033e-05,2.250390577085426e-05,6.605907714725756e-05,1.0,-6.0
2026-04-23,0x3416,2.597430302879834e-05,0.0,2.597430302879834e-05,1.0,-6.0
2026-04-24,0x3416,2.1078052389474232e-05,-2.2503399356388343e-05,-1.4253469669141104e-06,1.0,-5.0
2026-04-25,0x3416,2.0949683705880254e-05,-2.7502718321525954e-05,-6.5530346156457005e-06,1.0,-4.0
2026-04-26,0x3416,7.902858645411283e-06,0.0,7.902858645411283e-06,1.0,-4.0
2026-04-27,0x3416,8.032314277462799e-05,-7.000079892027777e-05,1.0322343854350213e-05,1.0,-2.0
2026-04-28,0x3416,2.9184261639375957e-05,-4.249879987650029e-05,-1.3314538237124336e-05,1.0,-1.0
2026-04-29,0x3416,2.790947206248615e-05,-4.7497118835337915e-05,-1.9587646772851765e-05,1.0,0.0
2026-04-30,0x3416,5.2629559193700236e-05,-5.249537543239313e-05,1.3418376130710385e-07,1.0,1.0
2026-05-01,0x3416,9.531805724901667e-06,5.249813134144965e-05,6.202993706635131e-05,1.0,0.0
2026-05-02,0x3416,1.7383031189018133e-06,0.0,1.7383031189018133e-06,1.0,0.0
2026-05-03,0x3416,1.6397153428738215e-06,0.0,1.6397153428738215e-06,1.0,0.0
2026-05-04,0x3416,4.0887623306107125e-06,0.0,4.0887623306107125e-06,1.0,0.0
2026-05-05,0x3416,2.6365149466632877e-06,4.749937491888012e-05,5.013588986554341e-05,1.0,-1.0
2026-05-06,0x3416,5.401343711864105e-06,0.0,5.401343711864105e-06,1.0,-1.0
2026-05-07,0x3416,6.642316207800414e-06,0.0,6.642316207800414e-06,1.0,-1.0
2026-05-08,0x3416,6.7867314753497066e-06,0.0,6.7867314753497066e-06,1.0,-1.0
2026-05-09,0x3416,7.00719938906e-06,0.0,7.00719938906e-06,1.0,-1.0
2026-05-10,0x3416,3.8979666742529094e-06,0.0,3.8979666742529094e-06,1.0,-1.0
2026-05-11,0x3416,9.920876691744018e-06,-4.7497118835337915e-05,-3.757624214359389e-05,1.0,0.0
2026-05-12,0x3416,1.4117893162296373e-05,-5.249537543239313e-05,-3.837748227009676e-05,1.0,1.0
2026-05-13,0x3416,5.807782822487699e-06,0.0,5.807782822487699e-06,1.0,1.0
2026-05-14,0x3416,1.1560181860340187e-05,9.999999988874464e-05,0.00011156018174908483,1.0,-1.0
2026-05-15,0x3416,1.8325564719393902e-05,-0.00015747789674469548,-0.00013915233202530157,1.0,2.0
2026-05-16,0x3416,2.5995891527170495e-06,0.0,2.5995891527170495e-06,1.0,2.0
2026-05-17,0x3416,6.987944777201316e-06,0.0,6.987944777201316e-06,1.0,2.0
2026-05-18,0x3416,2.223402794698611e-05,-6.249200111763109e-05,-4.0257973170644985e-05,1.0,3.0
2026-05-19,0x3416,2.9058510836085176e-05,-0.00013997490415584846,-0.00011091639331976328,1.0,5.0
2026-05-20,0x3416,5.346186907811055e-05,0.0,5.346186907811055e-05,1.0,5.0
2026-05-21,0x3416,2.0766942312485353e-05,-7.748834528353843e-05,-5.672140297105308e-05,1.0,6.0
2026-05-22,0x3416,6.893192993943097e-05,-0.00016996830489501846,-0.00010103637495558749,1.0,8.0
2026-05-23,0x3416,0.00019274930211605953,0.0,0.00019274930211605953,1.0,8.0
2026-05-24,0x3416,7.865225500690335e-05,-9.248817612883542e-05,-1.3835921121932071e-05,0.9715277777777778,9.0
2026-05-25,0x3416,2.8244567264366457e-05,0.0002625096541988281,0.00029075422146319457,1.0,6.0
2026-05-26,0x3416,8.82874783859583e-05,-0.0003599044206396007,-0.00027161694225364243,0.7618055555555555,10.0
2026-05-27,0x3416,0.0,0.0,0.0,0.0,11.0
2026-05-28,0x3416,1.0890757110281077e-05,9.74987499053892e-05,0.00010838950701567027,0.10277777777777777,9.0
2026-05-29,0x3416,2.930069985681778e-05,9.249673098277178e-05,0.00012179743083958956,0.8006944444444445,8.0
2026-05-30,0x3416,2.9828052227883198e-05,-9.248817612883542e-05,-6.266012390095221e-05,1.0,9.0
2026-05-31,0x3416,1.0759691602818402e-05,0.0,1.0759691602818402e-05,0.6354166666666666,9.0
2026-06-01,0x3416,5.023896700009892e-05,9.249673098277178e-05,0.0001427356979828707,0.6652777777777777,8.0
2026-06-02,0x3416,0.00010158785895769009,-0.00018996840435214768,-8.838054539445759e-05,0.20625,10.0
2026-06-03,0x3416,0.00016013736154912208,0.0,0.00016013736154912208,0.41875,10.0
2026-06-04,0x3416,0.00021222064644162907,0.00027751649856933014,0.0004897371450109593,0.8520833333333333,7.0
2026-06-05,0x3416,0.0001842465945652049,0.00042004469837886305,0.000604291292944068,1.0,1.0
2026-06-06,0x3416,2.0656651071478665e-05,0.0,2.0656651071478665e-05,1.0,1.0
2026-06-07,0x3416,6.129886839539988e-06,0.0,6.129886839539988e-06,1.0,1.0
2026-06-08,0x3416,4.055928973842286e-05,0.0,4.055928973842286e-05,1.0,1.0
2026-06-09,0x3416,3.492435214888591e-05,-0.00018746447527218102,-0.00015254012312329511,1.0,4.0
2026-06-10,0x3416,3.2445671344832555e-05,-0.00023244743527517375,-0.00020000176393034118,1.0,7.0
2026-06-11,0x3416,6.773657721938266e-05,0.0,6.773657721938266e-05,0.9993055555555556,7.0
2026-06-12,0x3416,5.075983387500195e-05,0.00036252690383276054,0.0004132867377077625,0.7305555555555555,2.0
2026-06-13,0x3416,3.517590168284585e-06,-6.249200111763109e-05,-5.897441094934651e-05,1.0,3.0
2026-06-14,0x3416,7.264687451144485e-06,6.249590661200344e-05,6.976059406314793e-05,1.0,2.0
2026-06-15,0x3416,3.537821124721781e-05,0.0,3.537821124721781e-05,1.0,2.0
2026-06-16,0x3416,3.3624884700743723e-05,-0.0002799308150974733,-0.0002463059303967296,1.0,6.0
2026-06-17,0x3416,4.634884917706223e-05,7.749435019244189e-05,0.00012384319936950411,1.0,5.0
2026-06-18,0x3416,9.408138817008701e-05,-0.00024744347961580537,-0.00015336209144571836,0.9840277777777777,8.0
2026-06-19,0x3416,1.9035120615423238e-05,0.00016999719903076915,0.00018903231964619238,1.0,6.0
2026-06-20,0x3416,2.9665154099382348e-05,-0.0002624407609653767,-0.00023277560686599437,1.0,9.0
2026-06-21,0x3416,1.9265945619026858e-05,-9.748924482577692e-05,-7.822329920675006e-05,0.8875,10.0
2026-06-22,0x3416,2.6057817431167122e-05,0.0001900044992038108,0.00021606231663497791,0.9958333333333333,8.0
2026-06-23,0x3416,6.780910709629452e-05,-9.248817612883542e-05,-2.46790690325409e-05,1.0,9.0
2026-06-24,0x3416,1.0157063030523883e-05,-9.748924482577692e-05,-8.733218179525304e-05,0.5527777777777778,11.0
2026-06-25,0x3416,0.0,0.0,0.0,0.0,10.0
2026-06-26,0x3416,2.176438156546802e-06,9.74987499053892e-05,9.9675188061936e-05,0.0020833333333333333,9.0
2026-06-27,0x3416,6.924921548016449e-08,-9.748924482577692e-05,-9.741999561029676e-05,0.018055555555555554,11.0
2026-06-28,0x3416,0.0,0.0,0.0,0.0,11.0
2026-06-29,0x3416,1.9276268737718354e-05,0.0,1.9276268737718354e-05,0.011805555555555555,11.0
2026-06-30,0x3416,0.0,0.0,0.0,0.0,11.0
2026-07-01,0x3416,4.76397550231893e-05,0.00027751649856933014,0.00032515625359251944,0.6395833333333333,7.0
2026-07-02,0x3416,0.00014648237328847828,-8.74877200798263e-05,5.8994653208651975e-05,1.0,8.0
2026-07-03,0x3416,3.335543377263765e-05,8.749537485064351e-05,0.00012085080862328116,1.0,7.0
2026-07-04,0x3416,1.335904176651525e-05,8.249460628362293e-05,9.585364805013818e-05,1.0,6.0
2026-07-05,0x3416,5.78845344591982e-06,0.0,5.78845344591982e-06,1.0,6.0
2026-07-06,0x3416,2.7961041736322967e-05,0.00014999449962704858,0.00017795554136337154,1.0,4.0
2026-07-07,0x3416,5.263653452137086e-05,0.0,5.263653452137086e-05,1.0,4.0
2026-07-08,0x3416,2.554736120843158e-05,-0.00014997200465116656,-0.00012442464344273498,1.0,6.0
2026-07-09,0x3416,1.731966385120197e-05,7.749435019244189e-05,9.481401404364386e-05,1.0,5.0
2026-07-10,0x3416,1.4733429530246966e-05,7.249453151780827e-05,8.722796104805523e-05,1.0,4.0
2026-07-11,0x3416,2.157307404580242e-05,-0.00014997200465116656,-0.00012839893060536414,1.0,6.0
2026-07-12,0x3416,9.816764189259416e-06,0.00014999449962704858,0.000159811263816308,1.0,4.0
2026-07-13,0x3416,3.106764418180997e-05,-0.0005098224497032122,-0.00047875480552140226,0.9534722222222223,10.0
2026-07-14,0x3416,3.7849287537786166e-05,0.000510082501213649,0.0005479317887514351,0.6138888888888889,4.0
2026-07-15,0x3416,2.5760632351314717e-05,-7.248927644176728e-05,-4.672864409045257e-05,1.0,5.0
2026-07-16,0x3416,1.5293476547716162e-05,-7.748834528353843e-05,-6.219486873582227e-05,1.0,6.0
2026-07-17,0x3416,2.0030369112030457e-05,7.749435019244189e-05,9.752471930447235e-05,1.0,5.0
2026-07-18,0x3416,2.9380297746369365e-06,0.0,2.9380297746369365e-06,1.0,5.0
2026-07-19,0x3416,4.817429651131579e-06,-7.748834528353843e-05,-7.267091563240686e-05,1.0,6.0
2026-07-20,0x3416,4.543035243625684e-05,0.0,4.543035243625684e-05,1.0,6.0
2026-07-21,0x3416,4.711786310327326e-05,7.749435019244189e-05,0.00012461221329571515,1.0,5.0
2026-07-22,0x3416,1.6617528563578082e-05,7.249453151780827e-05,8.911206008138636e-05,1.0,4.0
2026-07-23,0x3416,2.1292120268668487e-05,-0.00014997200465116656,-0.00012867988438249807,1.0,6.0
2026-07-24,0x3416,3.0540860911791044e-05,-8.248780148489843e-05,-5.194694057310738e-05,1.0,7.0
2026-07-25,0x3416,1.3501143620537324e-05,-8.74877200798263e-05,-7.398657645928897e-05,1.0,8.0
2026-07-26,0x3416,6.915362628988064e-06,8.749537485064351e-05,9.441073747963157e-05,1.0,7.0
2026-07-27,0x3416,7.972359609311903e-05,-8.74877200798263e-05,-7.76412398670727e-06,0.9166666666666666,8.0
2026-07-28,0x3416,0.00019803210296351963,-9.248817612883542e-05,0.00010554392683468421,1.0,9.0
2026-07-29,0x3416,4.545705825327548e-05,9.249673098277178e-05,0.00013795378923604727,0.4076388888888889,8.0
2026-07-30,0x3416,5.517060605028823e-05,0.00016999719903076915,0.0002251678050810574,0.6625,6.0
2026-07-31,0x3416,4.444795327635444e-05,-8.248780148489843e-05,-3.803984820854398e-05,0.9138888888888889,7.0
2026-08-01,0x3416,2.2058753266379578e-05,0.0,2.2058753266379578e-05,1.0,7.0
2026-08-02,0x3416,1.3699759049326698e-05,-8.74877200798263e-05,-7.378796103049961e-05,1.0,8.0
2026-08-03,0x3416,3.604747179798785e-05,8.749537485064351e-05,0.00012354284664863136,0.7527777777777778,7.0
2026-08-04,0x3416,7.894468188931987e-05,8.249460628362293e-05,0.0001614392881729428,1.0,6.0
2026-08-05,0x3416,0.00012170609798953713,-8.248780148489843e-05,3.92182965046387e-05,1.0,7.0
2026-08-06,0x3416,5.22042299029682e-05,8.249460628362293e-05,0.00013469883618659112,1.0,6.0
2026-08-07,0x3416,2.2266122456668473e-05,7.749435019244189e-05,9.976047264911035e-05,1.0,5.0
2026-08-08,0x3416,1.2271746172528491e-05,0.0,1.2271746172528491e-05,1.0,5.0
2026-08-09,0x3416,7.527965712932299e-06,0.0,7.527965712932299e-06,1.0,5.0
2026-08-10,0x3416,4.672297568338119e-05,-0.00015996975492515997,-0.00011324677924177878,1.0,7.0
2026-08-11,0x3416,3.482637246540791e-05,0.0,3.482637246540791e-05,1.0,7.0
2026-08-12,0x3416,5.784055219135179e-05,-8.74877200798263e-05,-2.9647167888474515e-05,1.0,8.0
2026-08-13,0x3416,3.490800028740609e-05,0.0,3.490800028740609e-05,1.0,8.0
2026-08-14,0x3416,6.81744680919565e-05,0.0,6.81744680919565e-05,0.9993055555555556,8.0
2026-08-15,0x3416,1.5811786051149882e-05,-9.248817612883542e-05,-7.667639007768553e-05,1.0,9.0
2026-08-16,0x3416,3.567938361497665e-05,0.0,3.567938361497665e-05,0.6854166666666667,9.0
2026-08-17,0x3416,4.210664753384724e-05,9.249673098277178e-05,0.00013460337851661902,1.0,8.0
2026-08-18,0x3416,2.9323634933551476e-05,0.00016999719903076915,0.00019932083396432062,1.0,6.0
2026-08-19,0x3416,5.219264123258253e-05,0.00014999449962704858,0.0002021871408596311,1.0,4.0
2026-08-20,0x3416,5.612740937836611e-05,0.00012999520010859023,0.00018612260948695634,1.0,2.0
2026-08-21,0x3416,4.455784002151681e-05,5.749695035484059e-05,0.0001020547903763574,1.0,1.0
2026-08-22,0x3416,2.2065863610756377e-05,5.249813134144965e-05,7.456399495220603e-05,1.0,0.0
2026-08-23,0x3416,2.7008658901914092e-05,0.0,2.7008658901914092e-05,1.0,0.0
2026-08-24,0x3416,5.2066264616460504e-05,-5.249537543239313e-05,-4.2911081593262796e-07,1.0,1.0
2026-08-25,0x3416,3.4265481003617726e-05,5.249813134144965e-05,8.676361234506738e-05,1.0,0.0
2026-08-26,0x3416,1.974549053509318e-05,0.0,1.974549053509318e-05,1.0,0.0
2026-08-27,0x3416,3.4866114342868515e-05,4.749937491888012e-05,8.236548926174864e-05,1.0,-1.0
2026-08-28,0x3416,3.503072787636438e-05,-4.7497118835337915e-05,-1.2466390958973534e-05,1.0,0.0
2026-08-29,0x3416,4.71047752364757e-05,4.749937491888012e-05,9.460415015535582e-05,1.0,-1.0
2026-08-30,0x3416,1.758040481889786e-05,-4.7497118835337915e-05,-2.9916714016440055e-05,1.0,0.0
2026-08-31,0x3416,2.178729368407515e-05,-5.249537543239313e-05,-3.0708081748317986e-05,1.0,1.0
2026-09-01,0x3416,5.733392579995262e-05,-5.749364464546769e-05,-1.5971884551507141e-07,1.0,2.0
2026-09-02,0x3416,1.887388016699258e-05,0.0,1.887388016699258e-05,1.0,2.0
2026-09-03,0x3416,0.00017910420756671897,0.00020001000000013924,0.0003791142075668582,1.0,-2.0
2026-09-04,0x3416,3.729926335186904e-05,3.750174979333387e-05,7.480101314520291e-05,1.0,-3.0
2026-09-05,0x3416,3.3109430752280136e-05,-3.750034346483577e-05,-4.390912712555637e-06,1.0,-2.0
2026-09-06,0x3416,2.041684884349256e-05,-4.249879987650029e-05,-2.208195103300773e-05,1.0,-1.0
2026-09-07,0x3416,2.9011285645389314e-05,-4.7497118835337915e-05,-1.84858331899486e-05,1.0,0.0
2026-09-08,0x3416,2.718349612509903e-05,0.0,2.718349612509903e-05,1.0,0.0
2026-09-09,0x3416,2.7676704931943233e-05,0.0,2.7676704931943233e-05,1.0,0.0
2026-09-10,0x3416,2.7821265777117684e-05,-0.00010998600192746455,-8.216473615034687e-05,1.0,2.0
2026-09-11,0x3416,1.7745118631202515e-05,5.749695035484059e-05,7.524206898604311e-05,1.0,1.0
2026-09-12,0x3416,8.068923199841626e-06,5.249813134144965e-05,6.0567054541291274e-05,1.0,0.0
2026-09-13,0x3416,1.4480321286868453e-05,-0.00010998600192746455,-9.550568064059609e-05,1.0,2.0
2026-09-14,0x3416,2.082556986949177e-05,0.0001099981001786432,0.00013082367004813497,1.0,0.0
2026-09-15,0x3416,7.392346212635448e-05,-0.0003124218923257205,-0.000238498430199366,1.0,5.0
2026-09-16,0x3416,6.96867327403796e-05,-7.748834528353843e-05,-7.80161254315883e-06,1.0,6.0
2026-09-17,0x3416,4.3750195905395746e-05,-8.248780148489843e-05,-3.873760557950268e-05,1.0,7.0
