l1,net_value,tokens,tokens,U2EthPool,U2EthPool,U2EthPool,U2EthPool,U2EthPool,U2EthPool,U2EthPool,price,price
l2,,USDC,ETH,net_value,liquidity_value,base_uncollected,quote_uncollected,base_in_position,quote_in_position,position_count,ETH,USDC
2023-08-15 00:00:00,28436.944187885034008879729301464533,10000,10,0E-31,0E-31,0,0,0,0,0,1843.6944187885034008879729301464533,1
2023-08-15 00:01:00,28436.944187885034008879729301464533,10000,10,0E-31,0E-31,0,0,0,0,0,1843.6944187885034008879729301464533,1
2023-08-15 00:02:00,28436.944187885034008879729301464533,10000,10,0E-31,0E-31,0,0,0,0,0,1843.6944187885034008879729301464533,1
2023-08-15 00:03:00,28436.944187885034008879729301464533,10000,10,0E-31,0E-31,0,0,0,0,0,1843.6944187885034008879729301464533,1
2023-08-15 00:04:00,28436.944187885034008879729301464533,10000,10,0E-31,0E-31,0,0,0,0,0,1843.6944187885034008879729301464533,1
2023-08-15 00:05:00,28436.944187885034008879729301464533,10000,10,0E-31,0E-31,0,0,0,0,0,1843.6944187885034008879729301464533,1
2023-08-15 00:06:00,28436.944187885034008879729301464533,10000,10,0E-31,0E-31,0,0,0,0,0,1843.6944187885034008879729301464533,1
2023-08-15 00:07:00,28436.944187885034008879729301464533,10000,10,0E-31,0E-31,0,0,0,0,0,1843.6944187885034008879729301464533,1
2023-08-15 00:08:00,28436.944187885034008879729301464533,10000,10,0E-31,0E-31,0,0,0,0,0,1843.6944187885034008879729301464533,1
2023-08-15 00:09:00,28436.944187885034008879729301464533,10000,10,0E-31,0E-31,0,0,0,0,0,1843.6944187885034008879729301464533,1
2023-08-15 00:10:00,28436.944187885034008879729301464533,10000,10,0E-31,0E-31,0,0,0,0,0,1843.6944187885034008879729301464533,1
2023-08-15 00:11:00,28436.944187885034008879729301464533,10000,10,0E-31,0E-31,0,0,0,0,0,1843.6944187885034008879729301464533,1
2023-08-15 00:12:00,28436.944187885034008879729301464533,10000,10,0E-31,0E-31,0,0,0,0,0,1843.6944187885034008879729301464533,1
2023-08-15 00:13:00,28436.944187885034008879729301464533,10000,10,0E-31,0E-31,0,0,0,0,0,1843.6944187885034008879729301464533,1
2023-08-15 00:14:00,28436.944187885034008879729301464533,10000,10,0E-31,0E-31,0,0,0,0,0,1843.6944187885034008879729301464533,1
2023-08-15 00:15:00,28436.944187885034008879729301464533,10000,10,0E-31,0E-31,0,0,0,0,0,1843.6944187885034008879729301464533,1
2023-08-15 00:16:00,28436.944187885034008879729301464533,10000,10,0E-31,0E-31,0,0,0,0,0,1843.6944187885034008879729301464533,1
2023-08-15 00:17:00,28435.100677817252283651364165048033,10000,10,0E-31,0E-31,0,0,0,0,0,1843.5100677817252283651364165048033,1
2023-08-15 00:18:00,28435.100677817252283651364165048033,10000,10,0E-31,0E-31,0,0,0,0,0,1843.5100677817252283651364165048033,1
2023-08-15 00:19:00,28435.100677817252283651364165048033,10000,10,0E-31,0E-31,0,0,0,0,0,1843.5100677817252283651364165048033,1
2023-08-15 00:20:00,28435.100677817252283651364165048033,10000,10,0E-31,0E-31,0,0,0,0,0,1843.5100677817252283651364165048033,1
2023-08-15 00:21:00,28435.100677817252283651364165048033,10000,10,0E-31,0E-31,0,0,0,0,0,1843.5100677817252283651364165048033,1
2023-08-15 00:22:00,28435.100677817252283651364165048033,10000,10,0E-31,0E-31,0,0,0,0,0,1843.5100677817252283651364165048033,1
2023-08-15 00:23:00,28435.100677817252283651364165048033,10000,10,0E-31,0E-31,0,0,0,0,0,1843.5100677817252283651364165048033,1
2023-08-15 00:24:00,28435.100677817252283651364165048033,10000,10,0E-31,0E-31,0,0,0,0,0,1843.5100677817252283651364165048033,1
2023-08-15 00:25:00,28435.100677817252283651364165048033,10000,10,0E-31,0E-31,0,0,0,0,0,1843.5100677817252283651364165048033,1
2023-08-15 00:26:00,28435.100677817252283651364165048033,10000,10,0E-31,0E-31,0,0,0,0,0,1843.5100677817252283651364165048033,1
2023-08-15 00:27:00,28435.100677817252283651364165048033,10000,10,0E-31,0E-31,0,0,0,0,0,1843.5100677817252283651364165048033,1
2023-08-15 00:28:00,28435.100677817252283651364165048033,10000,10,0E-31,0E-31,0,0,0,0,0,1843.5100677817252283651364165048033,1
2023-08-15 00:29:00,28435.100677817252283651364165048033,10000,10,0E-31,0E-31,0,0,0,0,0,1843.5100677817252283651364165048033,1
2023-08-15 00:30:00,28435.100677817252283651364165048033,10000,10,0E-31,0E-31,0,0,0,0,0,1843.5100677817252283651364165048033,1
2023-08-15 00:31:00,28435.100677817252283651364165048033,10000,10,0E-31,0E-31,0,0,0,0,0,1843.5100677817252283651364165048033,1
2023-08-15 00:32:00,28435.100677817252283651364165048033,10000,10,0E-31,0E-31,0,0,0,0,0,1843.5100677817252283651364165048033,1
2023-08-15 00:33:00,28435.100677817252283651364165048033,10000,10,0E-31,0E-31,0,0,0,0,0,1843.5100677817252283651364165048033,1
2023-08-15 00:34:00,28435.100677817252283651364165048033,10000,10,0E-31,0E-31,0,0,0,0,0,1843.5100677817252283651364165048033,1
2023-08-15 00:35:00,28435.100677817252283651364165048033,10000,10,0E-31,0E-31,0,0,0,0,0,1843.5100677817252283651364165048033,1
2023-08-15 00:36:00,28435.100677817252283651364165048033,10000,10,0E-31,0E-31,0,0,0,0,0,1843.5100677817252283651364165048033,1
2023-08-15 00:37:00,28435.100677817252283651364165048033,10000,10,0E-31,0E-31,0,0,0,0,0,1843.5100677817252283651364165048033,1
2023-08-15 00:38:00,28435.100677817252283651364165048033,10000,10,0E-31,0E-31,0,0,0,0,0,1843.5100677817252283651364165048033,1
2023-08-15 00:39:00,28435.100677817252283651364165048033,10000,10,0E-31,0E-31,0,0,0,0,0,1843.5100677817252283651364165048033,1
2023-08-15 00:40:00,28435.100677817252283651364165048033,10000,10,0E-31,0E-31,0,0,0,0,0,1843.5100677817252283651364165048033,1
2023-08-15 00:41:00,28435.100677817252283651364165048033,10000,10,0E-31,0E-31,0,0,0,0,0,1843.5100677817252283651364165048033,1
2023-08-15 00:42:00,28435.100677817252283651364165048033,10000,10,0E-31,0E-31,0,0,0,0,0,1843.5100677817252283651364165048033,1
2023-08-15 00:43:00,28435.100677817252283651364165048033,10000,10,0E-31,0E-31,0,0,0,0,0,1843.5100677817252283651364165048033,1
2023-08-15 00:44:00,28435.100677817252283651364165048033,10000,10,0E-31,0E-31,0,0,0,0,0,1843.5100677817252283651364165048033,1
2023-08-15 00:45:00,28435.100677817252283651364165048033,10000,10,0E-31,0E-31,0,0,0,0,0,1843.5100677817252283651364165048033,1
2023-08-15 00:46:00,28435.100677817252283651364165048033,10000,10,0E-31,0E-31,0,0,0,0,0,1843.5100677817252283651364165048033,1
2023-08-15 00:47:00,28435.100677817252283651364165048033,10000,10,0E-31,0E-31,0,0,0,0,0,1843.5100677817252283651364165048033,1
2023-08-15 00:48:00,28435.100677817252283651364165048033,10000,10,0E-31,0E-31,0,0,0,0,0,1843.5100677817252283651364165048033,1
2023-08-15 00:49:00,28435.100677817252283651364165048033,10000,10,0E-31,0E-31,0,0,0,0,0,1843.5100677817252283651364165048033,1
2023-08-15 00:50:00,28435.100677817252283651364165048033,10000,10,0E-31,0E-31,0,0,0,0,0,1843.5100677817252283651364165048033,1
2023-08-15 00:51:00,28435.100677817252283651364165048033,10000,10,0E-31,0E-31,0,0,0,0,0,1843.5100677817252283651364165048033,1
2023-08-15 00:52:00,28435.100677817252283651364165048033,10000,10,0E-31,0E-31,0,0,0,0,0,1843.5100677817252283651364165048033,1
2023-08-15 00:53:00,28436.944187885034008879729301464533,10000,10,0E-31,0E-31,0,0,0,0,0,1843.6944187885034008879729301464533,1
2023-08-15 00:54:00,28436.944187885034008879729301464533,10000,10,0E-31,0E-31,0,0,0,0,0,1843.6944187885034008879729301464533,1
2023-08-15 00:55:00,28436.944187885034008879729301464533,10000,10,0E-31,0E-31,0,0,0,0,0,1843.6944187885034008879729301464533,1
2023-08-15 00:56:00,28436.944187885034008879729301464533,10000,10,0E-31,0E-31,0,0,0,0,0,1843.6944187885034008879729301464533,1
2023-08-15 00:57:00,28438.787882303822512280617274394677,10000,10,0E-31,0E-31,0,0,0,0,0,1843.8787882303822512280617274394677,1
2023-08-15 00:58:00,28440.631761092052894531845336122118,10000,10,0E-31,0E-31,0,0,0,0,0,1844.0631761092052894531845336122118,1
2023-08-15 00:59:00,28440.631761092052894531845336122118,10000,10,0E-31,0E-31,0,0,0,0,0,1844.0631761092052894531845336122118,1
2023-08-15 01:00:00,28440.631761092052894531845336122118,10000,10,0E-31,0E-31,0,0,0,0,0,1844.0631761092052894531845336122118,1
2023-08-15 01:01:00,28442.475824268162099821298520655738,10000,10,0E-31,0E-31,0,0,0,0,0,1844.2475824268162099821298520655738,1
2023-08-15 01:02:00,28442.475824268162099821298520655738,10000,10,0E-31,0E-31,0,0,0,0,0,1844.2475824268162099821298520655738,1
2023-08-15 01:03:00,28442.475824268162099821298520655738,10000,10,0E-31,0E-31,0,0,0,0,0,1844.2475824268162099821298520655738,1
2023-08-15 01:04:00,28442.475824268162099821298520655738,10000,10,0E-31,0E-31,0,0,0,0,0,1844.2475824268162099821298520655738,1
2023-08-15 01:05:00,28444.320071850588916031280650507791,10000,10,0E-31,0E-31,0,0,0,0,0,1844.4320071850588916031280650507791,1
2023-08-15 01:06:00,28444.320071850588916031280650507791,10000,10,0E-31,0E-31,0,0,0,0,0,1844.4320071850588916031280650507791,1
2023-08-15 01:07:00,28444.320071850588916031280650507791,10000,10,0E-31,0E-31,0,0,0,0,0,1844.4320071850588916031280650507791,1
2023-08-15 01:08:00,28444.320071850588916031280650507791,10000,10,0E-31,0E-31,0,0,0,0,0,1844.4320071850588916031280650507791,1
2023-08-15 01:09:00,28446.164503857773974922883778572855,10000,10,0E-31,0E-31,0,0,0,0,0,1844.6164503857773974922883778572855,1
2023-08-15 01:10:00,28446.164503857773974922883778572855,10000,10,0E-31,0E-31,0,0,0,0,0,1844.6164503857773974922883778572855,1
2023-08-15 01:11:00,28446.164503857773974922883778572855,10000,10,0E-31,0E-31,0,0,0,0,0,1844.6164503857773974922883778572855,1
2023-08-15 01:12:00,28446.164503857773974922883778572855,10000,10,0E-31,0E-31,0,0,0,0,0,1844.6164503857773974922883778572855,1
2023-08-15 01:13:00,28444.320071850588916031280650507791,10000,10,0E-31,0E-31,0,0,0,0,0,1844.4320071850588916031280650507791,1
2023-08-15 01:14:00,28444.320071850588916031280650507791,10000,10,0E-31,0E-31,0,0,0,0,0,1844.4320071850588916031280650507791,1
2023-08-15 01:15:00,28444.320071850588916031280650507791,10000,10,0E-31,0E-31,0,0,0,0,0,1844.4320071850588916031280650507791,1
2023-08-15 01:16:00,28444.320071850588916031280650507791,10000,10,0E-31,0E-31,0,0,0,0,0,1844.4320071850588916031280650507791,1
2023-08-15 01:17:00,28444.320071850588916031280650507791,10000,10,0E-31,0E-31,0,0,0,0,0,1844.4320071850588916031280650507791,1
2023-08-15 01:18:00,28446.164503857773974922883778572855,10000,10,0E-31,0E-31,0,0,0,0,0,1844.6164503857773974922883778572855,1
2023-08-15 01:19:00,28446.164503857773974922883778572855,10000,10,0E-31,0E-31,0,0,0,0,0,1844.6164503857773974922883778572855,1
2023-08-15 01:20:00,28446.164503857773974922883778572855,10000,10,0E-31,0E-31,0,0,0,0,0,1844.6164503857773974922883778572855,1
2023-08-15 01:21:00,28446.164503857773974922883778572855,10000,10,0E-31,0E-31,0,0,0,0,0,1844.6164503857773974922883778572855,1
2023-08-15 01:22:00,28446.164503857773974922883778572855,10000,10,0E-31,0E-31,0,0,0,0,0,1844.6164503857773974922883778572855,1
2023-08-15 01:23:00,28446.164503857773974922883778572855,10000,10,0E-31,0E-31,0,0,0,0,0,1844.6164503857773974922883778572855,1
2023-08-15 01:24:00,28446.164503857773974922883778572855,10000,10,0E-31,0E-31,0,0,0,0,0,1844.6164503857773974922883778572855,1
2023-08-15 01:25:00,28446.164503857773974922883778572855,10000,10,0E-31,0E-31,0,0,0,0,0,1844.6164503857773974922883778572855,1
2023-08-15 01:26:00,28446.164503857773974922883778572855,10000,10,0E-31,0E-31,0,0,0,0,0,1844.6164503857773974922883778572855,1
2023-08-15 01:27:00,28446.164503857773974922883778572855,10000,10,0E-31,0E-31,0,0,0,0,0,1844.6164503857773974922883778572855,1
2023-08-15 01:28:00,28446.164503857773974922883778572855,10000,10,0E-31,0E-31,0,0,0,0,0,1844.6164503857773974922883778572855,1
2023-08-15 01:29:00,28446.164503857773974922883778572855,10000,10,0E-31,0E-31,0,0,0,0,0,1844.6164503857773974922883778572855,1
2023-08-15 01:30:00,28446.164503857773974922883778572855,10000,10,0E-31,0E-31,0,0,0,0,0,1844.6164503857773974922883778572855,1
2023-08-15 01:31:00,28444.320071850588916031280650507791,10000,10,0E-31,0E-31,0,0,0,0,0,1844.4320071850588916031280650507791,1
2023-08-15 01:32:00,28444.320071850588916031280650507791,10000,10,0E-31,0E-31,0,0,0,0,0,1844.4320071850588916031280650507791,1
2023-08-15 01:33:00,28444.320071850588916031280650507791,10000,10,0E-31,0E-31,0,0,0,0,0,1844.4320071850588916031280650507791,1
2023-08-15 01:34:00,28444.320071850588916031280650507791,10000,10,0E-31,0E-31,0,0,0,0,0,1844.4320071850588916031280650507791,1
2023-08-15 01:35:00,28444.320071850588916031280650507791,10000,10,0E-31,0E-31,0,0,0,0,0,1844.4320071850588916031280650507791,1
2023-08-15 01:36:00,28444.320071850588916031280650507791,10000,10,0E-31,0E-31,0,0,0,0,0,1844.4320071850588916031280650507791,1
2023-08-15 01:37:00,28444.320071850588916031280650507791,10000,10,0E-31,0E-31,0,0,0,0,0,1844.4320071850588916031280650507791,1
2023-08-15 01:38:00,28440.631761092052894531845336122118,10000,10,0E-31,0E-31,0,0,0,0,0,1844.0631761092052894531845336122118,1
2023-08-15 01:39:00,28436.944187885034008879729301464533,10000,10,0E-31,0E-31,0,0,0,0,0,1843.6944187885034008879729301464533,1
2023-08-15 01:40:00,28436.944187885034008879729301464533,10000,10,0E-31,0E-31,0,0,0,0,0,1843.6944187885034008879729301464533,1
2023-08-15 01:41:00,28436.944187885034008879729301464533,10000,10,0E-31,0E-31,0,0,0,0,0,1843.6944187885034008879729301464533,1
2023-08-15 01:42:00,28436.944187885034008879729301464533,10000,10,0E-31,0E-31,0,0,0,0,0,1843.6944187885034008879729301464533,1
2023-08-15 01:43:00,28436.944187885034008879729301464533,10000,10,0E-31,0E-31,0,0,0,0,0,1843.6944187885034008879729301464533,1
2023-08-15 01:44:00,28436.944187885034008879729301464533,10000,10,0E-31,0E-31,0,0,0,0,0,1843.6944187885034008879729301464533,1
2023-08-15 01:45:00,28436.944187885034008879729301464533,10000,10,0E-31,0E-31,0,0,0,0,0,1843.6944187885034008879729301464533,1
2023-08-15 01:46:00,28436.944187885034008879729301464533,10000,10,0E-31,0E-31,0,0,0,0,0,1843.6944187885034008879729301464533,1
2023-08-15 01:47:00,28436.944187885034008879729301464533,10000,10,0E-31,0E-31,0,0,0,0,0,1843.6944187885034008879729301464533,1
2023-08-15 01:48:00,28436.944187885034008879729301464533,10000,10,0E-31,0E-31,0,0,0,0,0,1843.6944187885034008879729301464533,1
2023-08-15 01:49:00,28436.944187885034008879729301464533,10000,10,0E-31,0E-31,0,0,0,0,0,1843.6944187885034008879729301464533,1
2023-08-15 01:50:00,28436.944187885034008879729301464533,10000,10,0E-31,0E-31,0,0,0,0,0,1843.6944187885034008879729301464533,1
2023-08-15 01:51:00,28436.944187885034008879729301464533,10000,10,0E-31,0E-31,0,0,0,0,0,1843.6944187885034008879729301464533,1
2023-08-15 01:52:00,28436.944187885034008879729301464533,10000,10,0E-31,0E-31,0,0,0,0,0,1843.6944187885034008879729301464533,1
2023-08-15 01:53:00,28436.944187885034008879729301464533,10000,10,0E-31,0E-31,0,0,0,0,0,1843.6944187885034008879729301464533,1
2023-08-15 01:54:00,28436.944187885034008879729301464533,10000,10,0E-31,0E-31,0,0,0,0,0,1843.6944187885034008879729301464533,1
2023-08-15 01:55:00,28436.944187885034008879729301464533,10000,10,0E-31,0E-31,0,0,0,0,0,1843.6944187885034008879729301464533,1
2023-08-15 01:56:00,28436.944187885034008879729301464533,10000,10,0E-31,0E-31,0,0,0,0,0,1843.6944187885034008879729301464533,1
2023-08-15 01:57:00,28436.944187885034008879729301464533,10000,10,0E-31,0E-31,0,0,0,0,0,1843.6944187885034008879729301464533,1
2023-08-15 01:58:00,28436.944187885034008879729301464533,10000,10,0E-31,0E-31,0,0,0,0,0,1843.6944187885034008879729301464533,1
2023-08-15 01:59:00,28436.944187885034008879729301464533,10000,10,0E-31,0E-31,0,0,0,0,0,1843.6944187885034008879729301464533,1
2023-08-15 02:00:00,28436.944187885034008879729301464533,10000,10,0E-31,0E-31,0,0,0,0,0,1843.6944187885034008879729301464533,1
2023-08-15 02:01:00,28436.944187885034008879729301464533,10000,10,0E-31,0E-31,0,0,0,0,0,1843.6944187885034008879729301464533,1
2023-08-15 02:02:00,28436.944187885034008879729301464533,10000,10,0E-31,0E-31,0,0,0,0,0,1843.6944187885034008879729301464533,1
2023-08-15 02:03:00,28436.944187885034008879729301464533,10000,10,0E-31,0E-31,0,0,0,0,0,1843.6944187885034008879729301464533,1
2023-08-15 02:04:00,28436.944187885034008879729301464533,10000,10,0E-31,0E-31,0,0,0,0,0,1843.6944187885034008879729301464533,1
2023-08-15 02:05:00,28436.944187885034008879729301464533,10000,10,0E-31,0E-31,0,0,0,0,0,1843.6944187885034008879729301464533,1
2023-08-15 02:06:00,28436.944187885034008879729301464533,10000,10,0E-31,0E-31,0,0,0,0,0,1843.6944187885034008879729301464533,1
2023-08-15 02:07:00,28436.944187885034008879729301464533,10000,10,0E-31,0E-31,0,0,0,0,0,1843.6944187885034008879729301464533,1
2023-08-15 02:08:00,28436.944187885034008879729301464533,10000,10,0E-31,0E-31,0,0,0,0,0,1843.6944187885034008879729301464533,1
2023-08-15 02:09:00,28436.944187885034008879729301464533,10000,10,0E-31,0E-31,0,0,0,0,0,1843.6944187885034008879729301464533,1
2023-08-15 02:10:00,28436.944187885034008879729301464533,10000,10,0E-31,0E-31,0,0,0,0,0,1843.6944187885034008879729301464533,1
2023-08-15 02:11:00,28436.944187885034008879729301464533,10000,10,0E-31,0E-31,0,0,0,0,0,1843.6944187885034008879729301464533,1
2023-08-15 02:12:00,28436.944187885034008879729301464533,10000,10,0E-31,0E-31,0,0,0,0,0,1843.6944187885034008879729301464533,1
2023-08-15 02:13:00,28436.944187885034008879729301464533,10000,10,0E-31,0E-31,0,0,0,0,0,1843.6944187885034008879729301464533,1
2023-08-15 02:14:00,28436.944187885034008879729301464533,10000,10,0E-31,0E-31,0,0,0,0,0,1843.6944187885034008879729301464533,1
2023-08-15 02:15:00,28436.944187885034008879729301464533,10000,10,0E-31,0E-31,0,0,0,0,0,1843.6944187885034008879729301464533,1
2023-08-15 02:16:00,28436.944187885034008879729301464533,10000,10,0E-31,0E-31,0,0,0,0,0,1843.6944187885034008879729301464533,1
2023-08-15 02:17:00,28436.944187885034008879729301464533,10000,10,0E-31,0E-31,0,0,0,0,0,1843.6944187885034008879729301464533,1
2023-08-15 02:18:00,28436.944187885034008879729301464533,10000,10,0E-31,0E-31,0,0,0,0,0,1843.6944187885034008879729301464533,1
2023-08-15 02:19:00,28436.944187885034008879729301464533,10000,10,0E-31,0E-31,0,0,0,0,0,1843.6944187885034008879729301464533,1
2023-08-15 02:20:00,28436.944187885034008879729301464533,10000,10,0E-31,0E-31,0,0,0,0,0,1843.6944187885034008879729301464533,1
2023-08-15 02:21:00,28436.944187885034008879729301464533,10000,10,0E-31,0E-31,0,0,0,0,0,1843.6944187885034008879729301464533,1
2023-08-15 02:22:00,28436.944187885034008879729301464533,10000,10,0E-31,0E-31,0,0,0,0,0,1843.6944187885034008879729301464533,1
2023-08-15 02:23:00,28436.944187885034008879729301464533,10000,10,0E-31,0E-31,0,0,0,0,0,1843.6944187885034008879729301464533,1
2023-08-15 02:24:00,28436.944187885034008879729301464533,10000,10,0E-31,0E-31,0,0,0,0,0,1843.6944187885034008879729301464533,1
2023-08-15 02:25:00,28436.944187885034008879729301464533,10000,10,0E-31,0E-31,0,0,0,0,0,1843.6944187885034008879729301464533,1
2023-08-15 02:26:00,28438.787882303822512280617274394677,10000,10,0E-31,0E-31,0,0,0,0,0,1843.8787882303822512280617274394677,1
2023-08-15 02:27:00,28435.100677817252283651364165048033,10000,10,0E-31,0E-31,0,0,0,0,0,1843.5100677817252283651364165048033,1
2023-08-15 02:28:00,28435.100677817252283651364165048033,10000,10,0E-31,0E-31,0,0,0,0,0,1843.5100677817252283651364165048033,1
2023-08-15 02:29:00,28435.100677817252283651364165048033,10000,10,0E-31,0E-31,0,0,0,0,0,1843.5100677817252283651364165048033,1
2023-08-15 02:30:00,28436.944187885034008879729301464533,10000,10,0E-31,0E-31,0,0,0,0,0,1843.6944187885034008879729301464533,1
2023-08-15 02:31:00,28436.944187885034008879729301464533,10000,10,0E-31,0E-31,0,0,0,0,0,1843.6944187885034008879729301464533,1
2023-08-15 02:32:00,28436.944187885034008879729301464533,10000,10,0E-31,0E-31,0,0,0,0,0,1843.6944187885034008879729301464533,1
2023-08-15 02:33:00,28436.944187885034008879729301464533,10000,10,0E-31,0E-31,0,0,0,0,0,1843.6944187885034008879729301464533,1
2023-08-15 02:34:00,28436.944187885034008879729301464533,10000,10,0E-31,0E-31,0,0,0,0,0,1843.6944187885034008879729301464533,1
2023-08-15 02:35:00,28436.944187885034008879729301464533,10000,10,0E-31,0E-31,0,0,0,0,0,1843.6944187885034008879729301464533,1
2023-08-15 02:36:00,28436.944187885034008879729301464533,10000,10,0E-31,0E-31,0,0,0,0,0,1843.6944187885034008879729301464533,1
2023-08-15 02:37:00,28436.944187885034008879729301464533,10000,10,0E-31,0E-31,0,0,0,0,0,1843.6944187885034008879729301464533,1
2023-08-15 02:38:00,28436.944187885034008879729301464533,10000,10,0E-31,0E-31,0,0,0,0,0,1843.6944187885034008879729301464533,1
2023-08-15 02:39:00,28436.944187885034008879729301464533,10000,10,0E-31,0E-31,0,0,0,0,0,1843.6944187885034008879729301464533,1
2023-08-15 02:40:00,28436.944187885034008879729301464533,10000,10,0E-31,0E-31,0,0,0,0,0,1843.6944187885034008879729301464533,1
2023-08-15 02:41:00,28436.944187885034008879729301464533,10000,10,0E-31,0E-31,0,0,0,0,0,1843.6944187885034008879729301464533,1
2023-08-15 02:42:00,28436.944187885034008879729301464533,10000,10,0E-31,0E-31,0,0,0,0,0,1843.6944187885034008879729301464533,1
2023-08-15 02:43:00,28436.944187885034008879729301464533,10000,10,0E-31,0E-31,0,0,0,0,0,1843.6944187885034008879729301464533,1
2023-08-15 02:44:00,28436.944187885034008879729301464533,10000,10,0E-31,0E-31,0,0,0,0,0,1843.6944187885034008879729301464533,1
2023-08-15 02:45:00,28436.944187885034008879729301464533,10000,10,0E-31,0E-31,0,0,0,0,0,1843.6944187885034008879729301464533,1
2023-08-15 02:46:00,28436.944187885034008879729301464533,10000,10,0E-31,0E-31,0,0,0,0,0,1843.6944187885034008879729301464533,1
2023-08-15 02:47:00,28436.944187885034008879729301464533,10000,10,0E-31,0E-31,0,0,0,0,0,1843.6944187885034008879729301464533,1
2023-08-15 02:48:00,28436.944187885034008879729301464533,10000,10,0E-31,0E-31,0,0,0,0,0,1843.6944187885034008879729301464533,1
2023-08-15 02:49:00,28436.944187885034008879729301464533,10000,10,0E-31,0E-31,0,0,0,0,0,1843.6944187885034008879729301464533,1
2023-08-15 02:50:00,28436.944187885034008879729301464533,10000,10,0E-31,0E-31,0,0,0,0,0,1843.6944187885034008879729301464533,1
2023-08-15 02:51:00,28436.944187885034008879729301464533,10000,10,0E-31,0E-31,0,0,0,0,0,1843.6944187885034008879729301464533,1
2023-08-15 02:52:00,28431.414210660977981445295291536761,10000,10,0E-31,0E-31,0,0,0,0,0,1843.1414210660977981445295291536761,1
2023-08-15 02:53:00,28431.414210660977981445295291536761,10000,10,0E-31,0E-31,0,0,0,0,0,1843.1414210660977981445295291536761,1
2023-08-15 02:54:00,28431.414210660977981445295291536761,10000,10,0E-31,0E-31,0,0,0,0,0,1843.1414210660977981445295291536761,1
2023-08-15 02:55:00,28431.414210660977981445295291536761,10000,10,0E-31,0E-31,0,0,0,0,0,1843.1414210660977981445295291536761,1
2023-08-15 02:56:00,28429.571253535624419003394952041562,10000,10,0E-31,0E-31,0,0,0,0,0,1842.9571253535624419003394952041562,1
2023-08-15 02:57:00,28425.885892098345828854165830333848,10000,10,0E-31,0E-31,0,0,0,0,0,1842.5885892098345828854165830333848,1
2023-08-15 02:58:00,28425.885892098345828854165830333848,10000,10,0E-31,0E-31,0,0,0,0,0,1842.5885892098345828854165830333848,1
2023-08-15 02:59:00,28425.885892098345828854165830333848,10000,10,0E-31,0E-31,0,0,0,0,0,1842.5885892098345828854165830333848,1
2023-08-15 03:00:00,28425.885892098345828854165830333848,10000,10,0E-31,0E-31,0,0,0,0,0,1842.5885892098345828854165830333848,1
2023-08-15 03:01:00,28425.885892098345828854165830333848,10000,10,0E-31,0E-31,0,0,0,0,0,1842.5885892098345828854165830333848,1
2023-08-15 03:02:00,28425.885892098345828854165830333848,10000,10,0E-31,0E-31,0,0,0,0,0,1842.5885892098345828854165830333848,1
2023-08-15 03:03:00,28425.885892098345828854165830333848,10000,10,0E-31,0E-31,0,0,0,0,0,1842.5885892098345828854165830333848,1
2023-08-15 03:04:00,28425.885892098345828854165830333848,10000,10,0E-31,0E-31,0,0,0,0,0,1842.5885892098345828854165830333848,1
2023-08-15 03:05:00,28425.885892098345828854165830333848,10000,10,0E-31,0E-31,0,0,0,0,0,1842.5885892098345828854165830333848,1
2023-08-15 03:06:00,28425.885892098345828854165830333848,10000,10,0E-31,0E-31,0,0,0,0,0,1842.5885892098345828854165830333848,1
2023-08-15 03:07:00,28425.885892098345828854165830333848,10000,10,0E-31,0E-31,0,0,0,0,0,1842.5885892098345828854165830333848,1
2023-08-15 03:08:00,28425.885892098345828854165830333848,10000,10,0E-31,0E-31,0,0,0,0,0,1842.5885892098345828854165830333848,1
2023-08-15 03:09:00,28425.885892098345828854165830333848,10000,10,0E-31,0E-31,0,0,0,0,0,1842.5885892098345828854165830333848,1
2023-08-15 03:10:00,28425.885892098345828854165830333848,10000,10,0E-31,0E-31,0,0,0,0,0,1842.5885892098345828854165830333848,1
2023-08-15 03:11:00,28425.885892098345828854165830333848,10000,10,0E-31,0E-31,0,0,0,0,0,1842.5885892098345828854165830333848,1
2023-08-15 03:12:00,28425.885892098345828854165830333848,10000,10,0E-31,0E-31,0,0,0,0,0,1842.5885892098345828854165830333848,1
2023-08-15 03:13:00,28425.885892098345828854165830333848,10000,10,0E-31,0E-31,0,0,0,0,0,1842.5885892098345828854165830333848,1
2023-08-15 03:14:00,28425.885892098345828854165830333848,10000,10,0E-31,0E-31,0,0,0,0,0,1842.5885892098345828854165830333848,1
2023-08-15 03:15:00,28425.885892098345828854165830333848,10000,10,0E-31,0E-31,0,0,0,0,0,1842.5885892098345828854165830333848,1
2023-08-15 03:16:00,28425.885892098345828854165830333848,10000,10,0E-31,0E-31,0,0,0,0,0,1842.5885892098345828854165830333848,1
2023-08-15 03:17:00,28425.885892098345828854165830333848,10000,10,0E-31,0E-31,0,0,0,0,0,1842.5885892098345828854165830333848,1
2023-08-15 03:18:00,28425.885892098345828854165830333848,10000,10,0E-31,0E-31,0,0,0,0,0,1842.5885892098345828854165830333848,1
2023-08-15 03:19:00,28425.885892098345828854165830333848,10000,10,0E-31,0E-31,0,0,0,0,0,1842.5885892098345828854165830333848,1
2023-08-15 03:20:00,28425.885892098345828854165830333848,10000,10,0E-31,0E-31,0,0,0,0,0,1842.5885892098345828854165830333848,1
2023-08-15 03:21:00,28425.885892098345828854165830333848,10000,10,0E-31,0E-31,0,0,0,0,0,1842.5885892098345828854165830333848,1
2023-08-15 03:22:00,28425.885892098345828854165830333848,10000,10,0E-31,0E-31,0,0,0,0,0,1842.5885892098345828854165830333848,1
2023-08-15 03:23:00,28425.885892098345828854165830333848,10000,10,0E-31,0E-31,0,0,0,0,0,1842.5885892098345828854165830333848,1
2023-08-15 03:24:00,28425.885892098345828854165830333848,10000,10,0E-31,0E-31,0,0,0,0,0,1842.5885892098345828854165830333848,1
2023-08-15 03:25:00,28425.885892098345828854165830333848,10000,10,0E-31,0E-31,0,0,0,0,0,1842.5885892098345828854165830333848,1
2023-08-15 03:26:00,28425.885892098345828854165830333848,10000,10,0E-31,0E-31,0,0,0,0,0,1842.5885892098345828854165830333848,1
2023-08-15 03:27:00,28425.885892098345828854165830333848,10000,10,0E-31,0E-31,0,0,0,0,0,1842.5885892098345828854165830333848,1
2023-08-15 03:28:00,28425.885892098345828854165830333848,10000,10,0E-31,0E-31,0,0,0,0,0,1842.5885892098345828854165830333848,1
2023-08-15 03:29:00,28424.043487749570871766989131420694,10000,10,0E-31,0E-31,0,0,0,0,0,1842.4043487749570871766989131420694,1
2023-08-15 03:30:00,28424.043487749570871766989131420694,10000,10,0E-31,0E-31,0,0,0,0,0,1842.4043487749570871766989131420694,1
2023-08-15 03:31:00,28424.043487749570871766989131420694,10000,10,0E-31,0E-31,0,0,0,0,0,1842.4043487749570871766989131420694,1
2023-08-15 03:32:00,28424.043487749570871766989131420694,10000,10,0E-31,0E-31,0,0,0,0,0,1842.4043487749570871766989131420694,1
2023-08-15 03:33:00,28424.043487749570871766989131420694,10000,10,0E-31,0E-31,0,0,0,0,0,1842.4043487749570871766989131420694,1
2023-08-15 03:34:00,28424.043487749570871766989131420694,10000,10,0E-31,0E-31,0,0,0,0,0,1842.4043487749570871766989131420694,1
2023-08-15 03:35:00,28424.043487749570871766989131420694,10000,10,0E-31,0E-31,0,0,0,0,0,1842.4043487749570871766989131420694,1
2023-08-15 03:36:00,28424.043487749570871766989131420694,10000,10,0E-31,0E-31,0,0,0,0,0,1842.4043487749570871766989131420694,1
2023-08-15 03:37:00,28424.043487749570871766989131420694,10000,10,0E-31,0E-31,0,0,0,0,0,1842.4043487749570871766989131420694,1
2023-08-15 03:38:00,28424.043487749570871766989131420694,10000,10,0E-31,0E-31,0,0,0,0,0,1842.4043487749570871766989131420694,1
2023-08-15 03:39:00,28424.043487749570871766989131420694,10000,10,0E-31,0E-31,0,0,0,0,0,1842.4043487749570871766989131420694,1
2023-08-15 03:40:00,28424.043487749570871766989131420694,10000,10,0E-31,0E-31,0,0,0,0,0,1842.4043487749570871766989131420694,1
2023-08-15 03:41:00,28424.043487749570871766989131420694,10000,10,0E-31,0E-31,0,0,0,0,0,1842.4043487749570871766989131420694,1
2023-08-15 03:42:00,28424.043487749570871766989131420694,10000,10,0E-31,0E-31,0,0,0,0,0,1842.4043487749570871766989131420694,1
2023-08-15 03:43:00,28424.043487749570871766989131420694,10000,10,0E-31,0E-31,0,0,0,0,0,1842.4043487749570871766989131420694,1
2023-08-15 03:44:00,28424.043487749570871766989131420694,10000,10,0E-31,0E-31,0,0,0,0,0,1842.4043487749570871766989131420694,1
2023-08-15 03:45:00,28424.043487749570871766989131420694,10000,10,0E-31,0E-31,0,0,0,0,0,1842.4043487749570871766989131420694,1
2023-08-15 03:46:00,28424.043487749570871766989131420694,10000,10,0E-31,0E-31,0,0,0,0,0,1842.4043487749570871766989131420694,1
2023-08-15 03:47:00,28424.043487749570871766989131420694,10000,10,0E-31,0E-31,0,0,0,0,0,1842.4043487749570871766989131420694,1
2023-08-15 03:48:00,28424.043487749570871766989131420694,10000,10,0E-31,0E-31,0,0,0,0,0,1842.4043487749570871766989131420694,1
2023-08-15 03:49:00,28424.043487749570871766989131420694,10000,10,0E-31,0E-31,0,0,0,0,0,1842.4043487749570871766989131420694,1
2023-08-15 03:50:00,28424.043487749570871766989131420694,10000,10,0E-31,0E-31,0,0,0,0,0,1842.4043487749570871766989131420694,1
2023-08-15 03:51:00,28424.043487749570871766989131420694,10000,10,0E-31,0E-31,0,0,0,0,0,1842.4043487749570871766989131420694,1
2023-08-15 03:52:00,28424.043487749570871766989131420694,10000,10,0E-31,0E-31,0,0,0,0,0,1842.4043487749570871766989131420694,1
2023-08-15 03:53:00,28422.201267622808590907898341586529,10000,10,0E-31,0E-31,0,0,0,0,0,1842.2201267622808590907898341586529,1
2023-08-15 03:54:00,28422.201267622808590907898341586529,10000,10,0E-31,0E-31,0,0,0,0,0,1842.2201267622808590907898341586529,1
2023-08-15 03:55:00,28422.201267622808590907898341586529,10000,10,0E-31,0E-31,0,0,0,0,0,1842.2201267622808590907898341586529,1
2023-08-15 03:56:00,28422.201267622808590907898341586529,10000,10,0E-31,0E-31,0,0,0,0,0,1842.2201267622808590907898341586529,1
2023-08-15 03:57:00,28422.201267622808590907898341586529,10000,10,0E-31,0E-31,0,0,0,0,0,1842.2201267622808590907898341586529,1
2023-08-15 03:58:00,28422.201267622808590907898341586529,10000,10,0E-31,0E-31,0,0,0,0,0,1842.2201267622808590907898341586529,1
2023-08-15 03:59:00,28422.201267622808590907898341586529,10000,10,0E-31,0E-31,0,0,0,0,0,1842.2201267622808590907898341586529,1
2023-08-15 04:00:00,28422.201267622808590907898341586529,10000,10,0E-31,0E-31,0,0,0,0,0,1842.2201267622808590907898341586529,1
2023-08-15 04:01:00,28422.201267622808590907898341586529,10000,10,0E-31,0E-31,0,0,0,0,0,1842.2201267622808590907898341586529,1
2023-08-15 04:02:00,28422.201267622808590907898341586529,10000,10,0E-31,0E-31,0,0,0,0,0,1842.2201267622808590907898341586529,1
2023-08-15 04:03:00,28422.201267622808590907898341586529,10000,10,0E-31,0E-31,0,0,0,0,0,1842.2201267622808590907898341586529,1
2023-08-15 04:04:00,28422.201267622808590907898341586529,10000,10,0E-31,0E-31,0,0,0,0,0,1842.2201267622808590907898341586529,1
2023-08-15 04:05:00,28422.201267622808590907898341586529,10000,10,0E-31,0E-31,0,0,0,0,0,1842.2201267622808590907898341586529,1
2023-08-15 04:06:00,28422.201267622808590907898341586529,10000,10,0E-31,0E-31,0,0,0,0,0,1842.2201267622808590907898341586529,1
2023-08-15 04:07:00,28422.201267622808590907898341586529,10000,10,0E-31,0E-31,0,0,0,0,0,1842.2201267622808590907898341586529,1
2023-08-15 04:08:00,28422.201267622808590907898341586529,10000,10,0E-31,0E-31,0,0,0,0,0,1842.2201267622808590907898341586529,1
2023-08-15 04:09:00,28422.201267622808590907898341586529,10000,10,0E-31,0E-31,0,0,0,0,0,1842.2201267622808590907898341586529,1
2023-08-15 04:10:00,28422.201267622808590907898341586529,10000,10,0E-31,0E-31,0,0,0,0,0,1842.2201267622808590907898341586529,1
2023-08-15 04:11:00,28422.201267622808590907898341586529,10000,10,0E-31,0E-31,0,0,0,0,0,1842.2201267622808590907898341586529,1
2023-08-15 04:12:00,28422.201267622808590907898341586529,10000,10,0E-31,0E-31,0,0,0,0,0,1842.2201267622808590907898341586529,1
2023-08-15 04:13:00,28422.201267622808590907898341586529,10000,10,0E-31,0E-31,0,0,0,0,0,1842.2201267622808590907898341586529,1
2023-08-15 04:14:00,28422.201267622808590907898341586529,10000,10,0E-31,0E-31,0,0,0,0,0,1842.2201267622808590907898341586529,1
2023-08-15 04:15:00,28422.201267622808590907898341586529,10000,10,0E-31,0E-31,0,0,0,0,0,1842.2201267622808590907898341586529,1
2023-08-15 04:16:00,28422.201267622808590907898341586529,10000,10,0E-31,0E-31,0,0,0,0,0,1842.2201267622808590907898341586529,1
2023-08-15 04:17:00,28422.201267622808590907898341586529,10000,10,0E-31,0E-31,0,0,0,0,0,1842.2201267622808590907898341586529,1
2023-08-15 04:18:00,28422.201267622808590907898341586529,10000,10,0E-31,0E-31,0,0,0,0,0,1842.2201267622808590907898341586529,1
2023-08-15 04:19:00,28422.201267622808590907898341586529,10000,10,0E-31,0E-31,0,0,0,0,0,1842.2201267622808590907898341586529,1
2023-08-15 04:20:00,28422.201267622808590907898341586529,10000,10,0E-31,0E-31,0,0,0,0,0,1842.2201267622808590907898341586529,1
2023-08-15 04:21:00,28422.201267622808590907898341586529,10000,10,0E-31,0E-31,0,0,0,0,0,1842.2201267622808590907898341586529,1
2023-08-15 04:22:00,28422.201267622808590907898341586529,10000,10,0E-31,0E-31,0,0,0,0,0,1842.2201267622808590907898341586529,1
2023-08-15 04:23:00,28422.201267622808590907898341586529,10000,10,0E-31,0E-31,0,0,0,0,0,1842.2201267622808590907898341586529,1
2023-08-15 04:24:00,28422.201267622808590907898341586529,10000,10,0E-31,0E-31,0,0,0,0,0,1842.2201267622808590907898341586529,1
2023-08-15 04:25:00,28422.201267622808590907898341586529,10000,10,0E-31,0E-31,0,0,0,0,0,1842.2201267622808590907898341586529,1
2023-08-15 04:26:00,28422.201267622808590907898341586529,10000,10,0E-31,0E-31,0,0,0,0,0,1842.2201267622808590907898341586529,1
2023-08-15 04:27:00,28422.201267622808590907898341586529,10000,10,0E-31,0E-31,0,0,0,0,0,1842.2201267622808590907898341586529,1
2023-08-15 04:28:00,28422.201267622808590907898341586529,10000,10,0E-31,0E-31,0,0,0,0,0,1842.2201267622808590907898341586529,1
2023-08-15 04:29:00,28422.201267622808590907898341586529,10000,10,0E-31,0E-31,0,0,0,0,0,1842.2201267622808590907898341586529,1
2023-08-15 04:30:00,28422.201267622808590907898341586529,10000,10,0E-31,0E-31,0,0,0,0,0,1842.2201267622808590907898341586529,1
2023-08-15 04:31:00,28422.201267622808590907898341586529,10000,10,0E-31,0E-31,0,0,0,0,0,1842.2201267622808590907898341586529,1
2023-08-15 04:32:00,28422.201267622808590907898341586529,10000,10,0E-31,0E-31,0,0,0,0,0,1842.2201267622808590907898341586529,1
2023-08-15 04:33:00,28422.201267622808590907898341586529,10000,10,0E-31,0E-31,0,0,0,0,0,1842.2201267622808590907898341586529,1
2023-08-15 04:34:00,28422.201267622808590907898341586529,10000,10,0E-31,0E-31,0,0,0,0,0,1842.2201267622808590907898341586529,1
2023-08-15 04:35:00,28422.201267622808590907898341586529,10000,10,0E-31,0E-31,0,0,0,0,0,1842.2201267622808590907898341586529,1
2023-08-15 04:36:00,28422.201267622808590907898341586529,10000,10,0E-31,0E-31,0,0,0,0,0,1842.2201267622808590907898341586529,1
2023-08-15 04:37:00,28422.201267622808590907898341586529,10000,10,0E-31,0E-31,0,0,0,0,0,1842.2201267622808590907898341586529,1
2023-08-15 04:38:00,28422.201267622808590907898341586529,10000,10,0E-31,0E-31,0,0,0,0,0,1842.2201267622808590907898341586529,1
2023-08-15 04:39:00,28422.201267622808590907898341586529,10000,10,0E-31,0E-31,0,0,0,0,0,1842.2201267622808590907898341586529,1
2023-08-15 04:40:00,28422.201267622808590907898341586529,10000,10,0E-31,0E-31,0,0,0,0,0,1842.2201267622808590907898341586529,1
2023-08-15 04:41:00,28422.201267622808590907898341586529,10000,10,0E-31,0E-31,0,0,0,0,0,1842.2201267622808590907898341586529,1
2023-08-15 04:42:00,28422.201267622808590907898341586529,10000,10,0E-31,0E-31,0,0,0,0,0,1842.2201267622808590907898341586529,1
2023-08-15 04:43:00,28422.201267622808590907898341586529,10000,10,0E-31,0E-31,0,0,0,0,0,1842.2201267622808590907898341586529,1
2023-08-15 04:44:00,28422.201267622808590907898341586529,10000,10,0E-31,0E-31,0,0,0,0,0,1842.2201267622808590907898341586529,1
2023-08-15 04:45:00,28420.359231699638627045193822204313,10000,10,0E-31,0E-31,0,0,0,0,0,1842.0359231699638627045193822204313,1
2023-08-15 04:46:00,28420.359231699638627045193822204313,10000,10,0E-31,0E-31,0,0,0,0,0,1842.0359231699638627045193822204313,1
2023-08-15 04:47:00,28420.359231699638627045193822204313,10000,10,0E-31,0E-31,0,0,0,0,0,1842.0359231699638627045193822204313,1
2023-08-15 04:48:00,28420.359231699638627045193822204313,10000,10,0E-31,0E-31,0,0,0,0,0,1842.0359231699638627045193822204313,1
2023-08-15 04:49:00,28420.359231699638627045193822204313,10000,10,0E-31,0E-31,0,0,0,0,0,1842.0359231699638627045193822204313,1
2023-08-15 04:50:00,28420.359231699638627045193822204313,10000,10,0E-31,0E-31,0,0,0,0,0,1842.0359231699638627045193822204313,1
2023-08-15 04:51:00,28420.359231699638627045193822204313,10000,10,0E-31,0E-31,0,0,0,0,0,1842.0359231699638627045193822204313,1
2023-08-15 04:52:00,28420.359231699638627045193822204313,10000,10,0E-31,0E-31,0,0,0,0,0,1842.0359231699638627045193822204313,1
2023-08-15 04:53:00,28420.359231699638627045193822204313,10000,10,0E-31,0E-31,0,0,0,0,0,1842.0359231699638627045193822204313,1
2023-08-15 04:54:00,28420.359231699638627045193822204313,10000,10,0E-31,0E-31,0,0,0,0,0,1842.0359231699638627045193822204313,1
2023-08-15 04:55:00,28420.359231699638627045193822204313,10000,10,0E-31,0E-31,0,0,0,0,0,1842.0359231699638627045193822204313,1
2023-08-15 04:56:00,28418.517379961642462798913930811229,10000,10,0E-31,0E-31,0,0,0,0,0,1841.8517379961642462798913930811229,1
2023-08-15 04:57:00,28418.517379961642462798913930811229,10000,10,0E-31,0E-31,0,0,0,0,0,1841.8517379961642462798913930811229,1
2023-08-15 04:58:00,28418.517379961642462798913930811229,10000,10,0E-31,0E-31,0,0,0,0,0,1841.8517379961642462798913930811229,1
2023-08-15 04:59:00,28418.517379961642462798913930811229,10000,10,0E-31,0E-31,0,0,0,0,0,1841.8517379961642462798913930811229,1
2023-08-15 05:00:00,28418.517379961642462798913930811229,10000,10,0E-31,0E-31,0,0,0,0,0,1841.8517379961642462798913930811229,1
2023-08-15 05:01:00,28418.517379961642462798913930811229,10000,10,0E-31,0E-31,0,0,0,0,0,1841.8517379961642462798913930811229,1
2023-08-15 05:02:00,28418.517379961642462798913930811229,10000,10,0E-31,0E-31,0,0,0,0,0,1841.8517379961642462798913930811229,1
2023-08-15 05:03:00,28416.675712390403422456668263984838,10000,10,0E-31,0E-31,0,0,0,0,0,1841.6675712390403422456668263984838,1
2023-08-15 05:04:00,28414.834228967506671789489315053340,10000,10,0E-31,0E-31,0,0,0,0,0,1841.4834228967506671789489315053340,1
2023-08-15 05:05:00,28414.834228967506671789489315053340,10000,10,0E-31,0E-31,0,0,0,0,0,1841.4834228967506671789489315053340,1
2023-08-15 05:06:00,28414.834228967506671789489315053340,10000,10,0E-31,0E-31,0,0,0,0,0,1841.4834228967506671789489315053340,1
2023-08-15 05:07:00,28414.834228967506671789489315053340,10000,10,0E-31,0E-31,0,0,0,0,0,1841.4834228967506671789489315053340,1
2023-08-15 05:08:00,28414.834228967506671789489315053340,10000,10,0E-31,0E-31,0,0,0,0,0,1841.4834228967506671789489315053340,1
2023-08-15 05:09:00,28412.992929674539217867702544798845,10000,10,0E-31,0E-31,0,0,0,0,0,1841.2992929674539217867702544798845,1
2023-08-15 05:10:00,28412.992929674539217867702544798845,10000,10,0E-31,0E-31,0,0,0,0,0,1841.2992929674539217867702544798845,1
2023-08-15 05:11:00,28412.992929674539217867702544798845,10000,10,0E-31,0E-31,0,0,0,0,0,1841.2992929674539217867702544798845,1
2023-08-15 05:12:00,28412.992929674539217867702544798845,10000,10,0E-31,0E-31,0,0,0,0,0,1841.2992929674539217867702544798845,1
2023-08-15 05:13:00,28411.151814493089908876814863312522,10000,10,0E-31,0E-31,0,0,0,0,0,1841.1151814493089908876814863312522,1
2023-08-15 05:14:00,28411.151814493089908876814863312522,10000,10,0E-31,0E-31,0,0,0,0,0,1841.1151814493089908876814863312522,1
2023-08-15 05:15:00,28405.629573433766946206510756943910,10000,10,0E-31,0E-31,0,0,0,0,0,1840.5629573433766946206510756943910,1
2023-08-15 05:16:00,28405.629573433766946206510756943910,10000,10,0E-31,0E-31,0,0,0,0,0,1840.5629573433766946206510756943910,1
2023-08-15 05:17:00,28405.629573433766946206510756943910,10000,10,0E-31,0E-31,0,0,0,0,0,1840.5629573433766946206510756943910,1
2023-08-15 05:18:00,28405.629573433766946206510756943910,10000,10,0E-31,0E-31,0,0,0,0,0,1840.5629573433766946206510756943910,1
2023-08-15 05:19:00,28405.629573433766946206510756943910,10000,10,0E-31,0E-31,0,0,0,0,0,1840.5629573433766946206510756943910,1
2023-08-15 05:20:00,28405.629573433766946206510756943910,10000,10,0E-31,0E-31,0,0,0,0,0,1840.5629573433766946206510756943910,1
2023-08-15 05:21:00,28405.629573433766946206510756943910,10000,10,0E-31,0E-31,0,0,0,0,0,1840.5629573433766946206510756943910,1
2023-08-15 05:22:00,28405.629573433766946206510756943910,10000,10,0E-31,0E-31,0,0,0,0,0,1840.5629573433766946206510756943910,1
2023-08-15 05:23:00,28405.629573433766946206510756943910,10000,10,0E-31,0E-31,0,0,0,0,0,1840.5629573433766946206510756943910,1
2023-08-15 05:24:00,28405.629573433766946206510756943910,10000,10,0E-31,0E-31,0,0,0,0,0,1840.5629573433766946206510756943910,1
2023-08-15 05:25:00,28405.629573433766946206510756943910,10000,10,0E-31,0E-31,0,0,0,0,0,1840.5629573433766946206510756943910,1
2023-08-15 05:26:00,28405.629573433766946206510756943910,10000,10,0E-31,0E-31,0,0,0,0,0,1840.5629573433766946206510756943910,1
2023-08-15 05:27:00,28405.629573433766946206510756943910,10000,10,0E-31,0E-31,0,0,0,0,0,1840.5629573433766946206510756943910,1
2023-08-15 05:28:00,28405.629573433766946206510756943910,10000,10,0E-31,0E-31,0,0,0,0,0,1840.5629573433766946206510756943910,1
2023-08-15 05:29:00,28405.629573433766946206510756943910,10000,10,0E-31,0E-31,0,0,0,0,0,1840.5629573433766946206510756943910,1
2023-08-15 05:30:00,28405.629573433766946206510756943910,10000,10,0E-31,0E-31,0,0,0,0,0,1840.5629573433766946206510756943910,1
2023-08-15 05:31:00,28405.629573433766946206510756943910,10000,10,0E-31,0E-31,0,0,0,0,0,1840.5629573433766946206510756943910,1
2023-08-15 05:32:00,28405.629573433766946206510756943910,10000,10,0E-31,0E-31,0,0,0,0,0,1840.5629573433766946206510756943910,1
2023-08-15 05:33:00,28405.629573433766946206510756943910,10000,10,0E-31,0E-31,0,0,0,0,0,1840.5629573433766946206510756943910,1
2023-08-15 05:34:00,28405.629573433766946206510756943910,10000,10,0E-31,0E-31,0,0,0,0,0,1840.5629573433766946206510756943910,1
2023-08-15 05:35:00,28407.470136391110322901131408019596,10000,10,0E-31,0E-31,0,0,0,0,0,1840.7470136391110322901131408019596,1
2023-08-15 05:36:00,28407.470136391110322901131408019596,10000,10,0E-31,0E-31,0,0,0,0,0,1840.7470136391110322901131408019596,1
2023-08-15 05:37:00,28407.470136391110322901131408019596,10000,10,0E-31,0E-31,0,0,0,0,0,1840.7470136391110322901131408019596,1
2023-08-15 05:38:00,28405.629573433766946206510756943910,10000,10,0E-31,0E-31,0,0,0,0,0,1840.5629573433766946206510756943910,1
2023-08-15 05:39:00,28407.470136391110322901131408019596,10000,10,0E-31,0E-31,0,0,0,0,0,1840.7470136391110322901131408019596,1
2023-08-15 05:40:00,28407.470136391110322901131408019596,10000,10,0E-31,0E-31,0,0,0,0,0,1840.7470136391110322901131408019596,1
2023-08-15 05:41:00,28405.629573433766946206510756943910,10000,10,0E-31,0E-31,0,0,0,0,0,1840.5629573433766946206510756943910,1
2023-08-15 05:42:00,28405.629573433766946206510756943910,10000,10,0E-31,0E-31,0,0,0,0,0,1840.5629573433766946206510756943910,1
2023-08-15 05:43:00,28405.629573433766946206510756943910,10000,10,0E-31,0E-31,0,0,0,0,0,1840.5629573433766946206510756943910,1
2023-08-15 05:44:00,28405.629573433766946206510756943910,10000,10,0E-31,0E-31,0,0,0,0,0,1840.5629573433766946206510756943910,1
2023-08-15 05:45:00,28405.629573433766946206510756943910,10000,10,0E-31,0E-31,0,0,0,0,0,1840.5629573433766946206510756943910,1
2023-08-15 05:46:00,28405.629573433766946206510756943910,10000,10,0E-31,0E-31,0,0,0,0,0,1840.5629573433766946206510756943910,1
2023-08-15 05:47:00,28405.629573433766946206510756943910,10000,10,0E-31,0E-31,0,0,0,0,0,1840.5629573433766946206510756943910,1
2023-08-15 05:48:00,28405.629573433766946206510756943910,10000,10,0E-31,0E-31,0,0,0,0,0,1840.5629573433766946206510756943910,1
2023-08-15 05:49:00,28405.629573433766946206510756943910,10000,10,0E-31,0E-31,0,0,0,0,0,1840.5629573433766946206510756943910,1
2023-08-15 05:50:00,28403.789194514315514655045252418674,10000,10,0E-31,0E-31,0,0,0,0,0,1840.3789194514315514655045252418674,1
2023-08-15 05:51:00,28403.789194514315514655045252418674,10000,10,0E-31,0E-31,0,0,0,0,0,1840.3789194514315514655045252418674,1
2023-08-15 05:52:00,28403.789194514315514655045252418674,10000,10,0E-31,0E-31,0,0,0,0,0,1840.3789194514315514655045252418674,1
2023-08-15 05:53:00,28403.789194514315514655045252418674,10000,10,0E-31,0E-31,0,0,0,0,0,1840.3789194514315514655045252418674,1
2023-08-15 05:54:00,28403.789194514315514655045252418674,10000,10,0E-31,0E-31,0,0,0,0,0,1840.3789194514315514655045252418674,1
2023-08-15 05:55:00,28403.789194514315514655045252418674,10000,10,0E-31,0E-31,0,0,0,0,0,1840.3789194514315514655045252418674,1
2023-08-15 05:56:00,28403.789194514315514655045252418674,10000,10,0E-31,0E-31,0,0,0,0,0,1840.3789194514315514655045252418674,1
2023-08-15 05:57:00,28403.789194514315514655045252418674,10000,10,0E-31,0E-31,0,0,0,0,0,1840.3789194514315514655045252418674,1
2023-08-15 05:58:00,28403.789194514315514655045252418674,10000,10,0E-31,0E-31,0,0,0,0,0,1840.3789194514315514655045252418674,1
2023-08-15 05:59:00,28403.789194514315514655045252418674,10000,10,0E-31,0E-31,0,0,0,0,0,1840.3789194514315514655045252418674,1
2023-08-15 06:00:00,28403.789194514315514655045252418674,10000,10,0E-31,0E-31,0,0,0,0,0,1840.3789194514315514655045252418674,1
2023-08-15 06:01:00,28403.789194514315514655045252418674,10000,10,0E-31,0E-31,0,0,0,0,0,1840.3789194514315514655045252418674,1
2023-08-15 06:02:00,28403.789194514315514655045252418674,10000,10,0E-31,0E-31,0,0,0,0,0,1840.3789194514315514655045252418674,1
2023-08-15 06:03:00,28403.789194514315514655045252418674,10000,10,0E-31,0E-31,0,0,0,0,0,1840.3789194514315514655045252418674,1
2023-08-15 06:04:00,28403.789194514315514655045252418674,10000,10,0E-31,0E-31,0,0,0,0,0,1840.3789194514315514655045252418674,1
2023-08-15 06:05:00,28403.789194514315514655045252418674,10000,10,0E-31,0E-31,0,0,0,0,0,1840.3789194514315514655045252418674,1
2023-08-15 06:06:00,28403.789194514315514655045252418674,10000,10,0E-31,0E-31,0,0,0,0,0,1840.3789194514315514655045252418674,1
2023-08-15 06:07:00,28403.789194514315514655045252418674,10000,10,0E-31,0E-31,0,0,0,0,0,1840.3789194514315514655045252418674,1
2023-08-15 06:08:00,28403.789194514315514655045252418674,10000,10,0E-31,0E-31,0,0,0,0,0,1840.3789194514315514655045252418674,1
2023-08-15 06:09:00,28403.789194514315514655045252418674,10000,10,0E-31,0E-31,0,0,0,0,0,1840.3789194514315514655045252418674,1
2023-08-15 06:10:00,28403.789194514315514655045252418674,10000,10,0E-31,0E-31,0,0,0,0,0,1840.3789194514315514655045252418674,1
2023-08-15 06:11:00,28403.789194514315514655045252418674,10000,10,0E-31,0E-31,0,0,0,0,0,1840.3789194514315514655045252418674,1
2023-08-15 06:12:00,28403.789194514315514655045252418674,10000,10,0E-31,0E-31,0,0,0,0,0,1840.3789194514315514655045252418674,1
2023-08-15 06:13:00,28405.629573433766946206510756943910,10000,10,0E-31,0E-31,0,0,0,0,0,1840.5629573433766946206510756943910,1
2023-08-15 06:14:00,28405.629573433766946206510756943910,10000,10,0E-31,0E-31,0,0,0,0,0,1840.5629573433766946206510756943910,1
2023-08-15 06:15:00,28405.629573433766946206510756943910,10000,10,0E-31,0E-31,0,0,0,0,0,1840.5629573433766946206510756943910,1
2023-08-15 06:16:00,28405.629573433766946206510756943910,10000,10,0E-31,0E-31,0,0,0,0,0,1840.5629573433766946206510756943910,1
2023-08-15 06:17:00,28405.629573433766946206510756943910,10000,10,0E-31,0E-31,0,0,0,0,0,1840.5629573433766946206510756943910,1
2023-08-15 06:18:00,28405.629573433766946206510756943910,10000,10,0E-31,0E-31,0,0,0,0,0,1840.5629573433766946206510756943910,1
2023-08-15 06:19:00,28405.629573433766946206510756943910,10000,10,0E-31,0E-31,0,0,0,0,0,1840.5629573433766946206510756943910,1
2023-08-15 06:20:00,28405.629573433766946206510756943910,10000,10,0E-31,0E-31,0,0,0,0,0,1840.5629573433766946206510756943910,1
2023-08-15 06:21:00,28405.629573433766946206510756943910,10000,10,0E-31,0E-31,0,0,0,0,0,1840.5629573433766946206510756943910,1
2023-08-15 06:22:00,28405.629573433766946206510756943910,10000,10,0E-31,0E-31,0,0,0,0,0,1840.5629573433766946206510756943910,1
2023-08-15 06:23:00,28405.629573433766946206510756943910,10000,10,0E-31,0E-31,0,0,0,0,0,1840.5629573433766946206510756943910,1
2023-08-15 06:24:00,28405.629573433766946206510756943910,10000,10,0E-31,0E-31,0,0,0,0,0,1840.5629573433766946206510756943910,1
2023-08-15 06:25:00,28405.629573433766946206510756943910,10000,10,0E-31,0E-31,0,0,0,0,0,1840.5629573433766946206510756943910,1
2023-08-15 06:26:00,28405.629573433766946206510756943910,10000,10,0E-31,0E-31,0,0,0,0,0,1840.5629573433766946206510756943910,1
2023-08-15 06:27:00,28405.629573433766946206510756943910,10000,10,0E-31,0E-31,0,0,0,0,0,1840.5629573433766946206510756943910,1
2023-08-15 06:28:00,28405.629573433766946206510756943910,10000,10,0E-31,0E-31,0,0,0,0,0,1840.5629573433766946206510756943910,1
2023-08-15 06:29:00,28407.470136391110322901131408019596,10000,10,0E-31,0E-31,0,0,0,0,0,1840.7470136391110322901131408019596,1
2023-08-15 06:30:00,28407.470136391110322901131408019596,10000,10,0E-31,0E-31,0,0,0,0,0,1840.7470136391110322901131408019596,1
2023-08-15 06:31:00,28407.470136391110322901131408019596,10000,10,0E-31,0E-31,0,0,0,0,0,1840.7470136391110322901131408019596,1
2023-08-15 06:32:00,28407.470136391110322901131408019596,10000,10,0E-31,0E-31,0,0,0,0,0,1840.7470136391110322901131408019596,1
2023-08-15 06:33:00,28407.470136391110322901131408019596,10000,10,0E-31,0E-31,0,0,0,0,0,1840.7470136391110322901131408019596,1
2023-08-15 06:34:00,28407.470136391110322901131408019596,10000,10,0E-31,0E-31,0,0,0,0,0,1840.7470136391110322901131408019596,1
2023-08-15 06:35:00,28407.470136391110322901131408019596,10000,10,0E-31,0E-31,0,0,0,0,0,1840.7470136391110322901131408019596,1
2023-08-15 06:36:00,28407.470136391110322901131408019596,10000,10,0E-31,0E-31,0,0,0,0,0,1840.7470136391110322901131408019596,1
2023-08-15 06:37:00,28407.470136391110322901131408019596,10000,10,0E-31,0E-31,0,0,0,0,0,1840.7470136391110322901131408019596,1
2023-08-15 06:38:00,28403.789194514315514655045252418674,10000,10,0E-31,0E-31,0,0,0,0,0,1840.3789194514315514655045252418674,1
2023-08-15 06:39:00,28403.789194514315514655045252418674,10000,10,0E-31,0E-31,0,0,0,0,0,1840.3789194514315514655045252418674,1
2023-08-15 06:40:00,28403.789194514315514655045252418674,10000,10,0E-31,0E-31,0,0,0,0,0,1840.3789194514315514655045252418674,1
2023-08-15 06:41:00,28403.789194514315514655045252418674,10000,10,0E-31,0E-31,0,0,0,0,0,1840.3789194514315514655045252418674,1
2023-08-15 06:42:00,28403.789194514315514655045252418674,10000,10,0E-31,0E-31,0,0,0,0,0,1840.3789194514315514655045252418674,1
2023-08-15 06:43:00,28403.789194514315514655045252418674,10000,10,0E-31,0E-31,0,0,0,0,0,1840.3789194514315514655045252418674,1
2023-08-15 06:44:00,28403.789194514315514655045252418674,10000,10,0E-31,0E-31,0,0,0,0,0,1840.3789194514315514655045252418674,1
2023-08-15 06:45:00,28403.789194514315514655045252418674,10000,10,0E-31,0E-31,0,0,0,0,0,1840.3789194514315514655045252418674,1
2023-08-15 06:46:00,28405.629573433766946206510756943910,10000,10,0E-31,0E-31,0,0,0,0,0,1840.5629573433766946206510756943910,1
2023-08-15 06:47:00,28405.629573433766946206510756943910,10000,10,0E-31,0E-31,0,0,0,0,0,1840.5629573433766946206510756943910,1
2023-08-15 06:48:00,28405.629573433766946206510756943910,10000,10,0E-31,0E-31,0,0,0,0,0,1840.5629573433766946206510756943910,1
2023-08-15 06:49:00,28405.629573433766946206510756943910,10000,10,0E-31,0E-31,0,0,0,0,0,1840.5629573433766946206510756943910,1
2023-08-15 06:50:00,28405.629573433766946206510756943910,10000,10,0E-31,0E-31,0,0,0,0,0,1840.5629573433766946206510756943910,1
2023-08-15 06:51:00,28405.629573433766946206510756943910,10000,10,0E-31,0E-31,0,0,0,0,0,1840.5629573433766946206510756943910,1
2023-08-15 06:52:00,28405.629573433766946206510756943910,10000,10,0E-31,0E-31,0,0,0,0,0,1840.5629573433766946206510756943910,1
2023-08-15 06:53:00,28405.629573433766946206510756943910,10000,10,0E-31,0E-31,0,0,0,0,0,1840.5629573433766946206510756943910,1
2023-08-15 06:54:00,28405.629573433766946206510756943910,10000,10,0E-31,0E-31,0,0,0,0,0,1840.5629573433766946206510756943910,1
2023-08-15 06:55:00,28403.789194514315514655045252418674,10000,10,0E-31,0E-31,0,0,0,0,0,1840.3789194514315514655045252418674,1
2023-08-15 06:56:00,28403.789194514315514655045252418674,10000,10,0E-31,0E-31,0,0,0,0,0,1840.3789194514315514655045252418674,1
2023-08-15 06:57:00,28403.789194514315514655045252418674,10000,10,0E-31,0E-31,0,0,0,0,0,1840.3789194514315514655045252418674,1
2023-08-15 06:58:00,28403.789194514315514655045252418674,10000,10,0E-31,0E-31,0,0,0,0,0,1840.3789194514315514655045252418674,1
2023-08-15 06:59:00,28403.789194514315514655045252418674,10000,10,0E-31,0E-31,0,0,0,0,0,1840.3789194514315514655045252418674,1
2023-08-15 07:00:00,28405.629573433766946206510756943910,10000,10,0E-31,0E-31,0,0,0,0,0,1840.5629573433766946206510756943910,1
2023-08-15 07:01:00,28405.629573433766946206510756943910,10000,10,0E-31,0E-31,0,0,0,0,0,1840.5629573433766946206510756943910,1
2023-08-15 07:02:00,28405.629573433766946206510756943910,10000,10,0E-31,0E-31,0,0,0,0,0,1840.5629573433766946206510756943910,1
2023-08-15 07:03:00,28405.629573433766946206510756943910,10000,10,0E-31,0E-31,0,0,0,0,0,1840.5629573433766946206510756943910,1
2023-08-15 07:04:00,28405.629573433766946206510756943910,10000,10,0E-31,0E-31,0,0,0,0,0,1840.5629573433766946206510756943910,1
2023-08-15 07:05:00,28405.629573433766946206510756943910,10000,10,0E-31,0E-31,0,0,0,0,0,1840.5629573433766946206510756943910,1
2023-08-15 07:06:00,28405.629573433766946206510756943910,10000,10,0E-31,0E-31,0,0,0,0,0,1840.5629573433766946206510756943910,1
2023-08-15 07:07:00,28403.789194514315514655045252418674,10000,10,0E-31,0E-31,0,0,0,0,0,1840.3789194514315514655045252418674,1
2023-08-15 07:08:00,28403.789194514315514655045252418674,10000,10,0E-31,0E-31,0,0,0,0,0,1840.3789194514315514655045252418674,1
2023-08-15 07:09:00,28403.789194514315514655045252418674,10000,10,0E-31,0E-31,0,0,0,0,0,1840.3789194514315514655045252418674,1
2023-08-15 07:10:00,28403.789194514315514655045252418674,10000,10,0E-31,0E-31,0,0,0,0,0,1840.3789194514315514655045252418674,1
2023-08-15 07:11:00,28403.789194514315514655045252418674,10000,10,0E-31,0E-31,0,0,0,0,0,1840.3789194514315514655045252418674,1
2023-08-15 07:12:00,28403.789194514315514655045252418674,10000,10,0E-31,0E-31,0,0,0,0,0,1840.3789194514315514655045252418674,1
2023-08-15 07:13:00,28403.789194514315514655045252418674,10000,10,0E-31,0E-31,0,0,0,0,0,1840.3789194514315514655045252418674,1
2023-08-15 07:14:00,28403.789194514315514655045252418674,10000,10,0E-31,0E-31,0,0,0,0,0,1840.3789194514315514655045252418674,1
2023-08-15 07:15:00,28403.789194514315514655045252418674,10000,10,0E-31,0E-31,0,0,0,0,0,1840.3789194514315514655045252418674,1
2023-08-15 07:16:00,28403.789194514315514655045252418674,10000,10,0E-31,0E-31,0,0,0,0,0,1840.3789194514315514655045252418674,1
2023-08-15 07:17:00,28403.789194514315514655045252418674,10000,10,0E-31,0E-31,0,0,0,0,0,1840.3789194514315514655045252418674,1
2023-08-15 07:18:00,28403.789194514315514655045252418674,10000,10,0E-31,0E-31,0,0,0,0,0,1840.3789194514315514655045252418674,1
2023-08-15 07:19:00,28403.789194514315514655045252418674,10000,10,0E-31,0E-31,0,0,0,0,0,1840.3789194514315514655045252418674,1
2023-08-15 07:20:00,28403.789194514315514655045252418674,10000,10,0E-31,0E-31,0,0,0,0,0,1840.3789194514315514655045252418674,1
2023-08-15 07:21:00,28403.789194514315514655045252418674,10000,10,0E-31,0E-31,0,0,0,0,0,1840.3789194514315514655045252418674,1
2023-08-15 07:22:00,28400.108988715482530994021138250798,10000,10,0E-31,0E-31,0,0,0,0,0,1840.0108988715482530994021138250798,1
2023-08-15 07:23:00,28400.108988715482530994021138250798,10000,10,0E-31,0E-31,0,0,0,0,0,1840.0108988715482530994021138250798,1
2023-08-15 07:24:00,28400.108988715482530994021138250798,10000,10,0E-31,0E-31,0,0,0,0,0,1840.0108988715482530994021138250798,1
2023-08-15 07:25:00,28400.108988715482530994021138250798,10000,10,0E-31,0E-31,0,0,0,0,0,1840.0108988715482530994021138250798,1
2023-08-15 07:26:00,28400.108988715482530994021138250798,10000,10,0E-31,0E-31,0,0,0,0,0,1840.0108988715482530994021138250798,1
2023-08-15 07:27:00,28400.108988715482530994021138250798,10000,10,0E-31,0E-31,0,0,0,0,0,1840.0108988715482530994021138250798,1
2023-08-15 07:28:00,28400.108988715482530994021138250798,10000,10,0E-31,0E-31,0,0,0,0,0,1840.0108988715482530994021138250798,1
2023-08-15 07:29:00,28400.108988715482530994021138250798,10000,10,0E-31,0E-31,0,0,0,0,0,1840.0108988715482530994021138250798,1
2023-08-15 07:30:00,28398.269161799302600733947743476447,10000,10,0E-31,0E-31,0,0,0,0,0,1839.8269161799302600733947743476447,1
2023-08-15 07:31:00,28392.750784762957419834511837470031,10000,10,0E-31,0E-31,0,0,0,0,0,1839.2750784762957419834511837470031,1
2023-08-15 07:32:00,28392.750784762957419834511837470031,10000,10,0E-31,0E-31,0,0,0,0,0,1839.2750784762957419834511837470031,1
2023-08-15 07:33:00,28392.750784762957419834511837470031,10000,10,0E-31,0E-31,0,0,0,0,0,1839.2750784762957419834511837470031,1
2023-08-15 07:34:00,28392.750784762957419834511837470031,10000,10,0E-31,0E-31,0,0,0,0,0,1839.2750784762957419834511837470031,1
2023-08-15 07:35:00,28392.750784762957419834511837470031,10000,10,0E-31,0E-31,0,0,0,0,0,1839.2750784762957419834511837470031,1
2023-08-15 07:36:00,28392.750784762957419834511837470031,10000,10,0E-31,0E-31,0,0,0,0,0,1839.2750784762957419834511837470031,1
2023-08-15 07:37:00,28392.750784762957419834511837470031,10000,10,0E-31,0E-31,0,0,0,0,0,1839.2750784762957419834511837470031,1
2023-08-15 07:38:00,28392.750784762957419834511837470031,10000,10,0E-31,0E-31,0,0,0,0,0,1839.2750784762957419834511837470031,1
2023-08-15 07:39:00,28392.750784762957419834511837470031,10000,10,0E-31,0E-31,0,0,0,0,0,1839.2750784762957419834511837470031,1
2023-08-15 07:40:00,28392.750784762957419834511837470031,10000,10,0E-31,0E-31,0,0,0,0,0,1839.2750784762957419834511837470031,1
2023-08-15 07:41:00,28392.750784762957419834511837470031,10000,10,0E-31,0E-31,0,0,0,0,0,1839.2750784762957419834511837470031,1
2023-08-15 07:42:00,28392.750784762957419834511837470031,10000,10,0E-31,0E-31,0,0,0,0,0,1839.2750784762957419834511837470031,1
2023-08-15 07:43:00,28396.429518847417858948052938182648,10000,10,0E-31,0E-31,0,0,0,0,0,1839.6429518847417858948052938182648,1
2023-08-15 07:44:00,28396.429518847417858948052938182648,10000,10,0E-31,0E-31,0,0,0,0,0,1839.6429518847417858948052938182648,1
2023-08-15 07:45:00,28398.269161799302600733947743476447,10000,10,0E-31,0E-31,0,0,0,0,0,1839.8269161799302600733947743476447,1
2023-08-15 07:46:00,28398.269161799302600733947743476447,10000,10,0E-31,0E-31,0,0,0,0,0,1839.8269161799302600733947743476447,1
2023-08-15 07:47:00,28400.108988715482530994021138250798,10000,10,0E-31,0E-31,0,0,0,0,0,1840.0108988715482530994021138250798,1
2023-08-15 07:48:00,28401.948999614354079247120540364630,10000,10,0E-31,0E-31,0,0,0,0,0,1840.1948999614354079247120540364630,1
2023-08-15 07:49:00,28403.789194514315514655045252418674,10000,10,0E-31,0E-31,0,0,0,0,0,1840.3789194514315514655045252418674,1
2023-08-15 07:50:00,28405.629573433766946206510756943910,10000,10,0E-31,0E-31,0,0,0,0,0,1840.5629573433766946206510756943910,1
2023-08-15 07:51:00,28405.629573433766946206510756943910,10000,10,0E-31,0E-31,0,0,0,0,0,1840.5629573433766946206510756943910,1
2023-08-15 07:52:00,28405.629573433766946206510756943910,10000,10,0E-31,0E-31,0,0,0,0,0,1840.5629573433766946206510756943910,1
2023-08-15 07:53:00,28405.629573433766946206510756943910,10000,10,0E-31,0E-31,0,0,0,0,0,1840.5629573433766946206510756943910,1
2023-08-15 07:54:00,28405.629573433766946206510756943910,10000,10,0E-31,0E-31,0,0,0,0,0,1840.5629573433766946206510756943910,1
2023-08-15 07:55:00,28405.629573433766946206510756943910,10000,10,0E-31,0E-31,0,0,0,0,0,1840.5629573433766946206510756943910,1
2023-08-15 07:56:00,28405.629573433766946206510756943910,10000,10,0E-31,0E-31,0,0,0,0,0,1840.5629573433766946206510756943910,1
2023-08-15 07:57:00,28407.470136391110322901131408019596,10000,10,0E-31,0E-31,0,0,0,0,0,1840.7470136391110322901131408019596,1
2023-08-15 07:58:00,28407.470136391110322901131408019596,10000,10,0E-31,0E-31,0,0,0,0,0,1840.7470136391110322901131408019596,1
2023-08-15 07:59:00,28407.470136391110322901131408019596,10000,10,0E-31,0E-31,0,0,0,0,0,1840.7470136391110322901131408019596,1
2023-08-15 08:00:00,28407.470136391110322901131408019596,10000,10,0E-31,0E-31,0,0,0,0,0,1840.7470136391110322901131408019596,1
2023-08-15 08:01:00,28407.470136391110322901131408019596,10000,10,0E-31,0E-31,0,0,0,0,0,1840.7470136391110322901131408019596,1
2023-08-15 08:02:00,28407.470136391110322901131408019596,10000,10,0E-31,0E-31,0,0,0,0,0,1840.7470136391110322901131408019596,1
2023-08-15 08:03:00,28409.310883404749433933421521160401,10000,10,0E-31,0E-31,0,0,0,0,0,1840.9310883404749433933421521160401,1
2023-08-15 08:04:00,28409.310883404749433933421521160401,10000,10,0E-31,0E-31,0,0,0,0,0,1840.9310883404749433933421521160401,1
2023-08-15 08:05:00,28409.310883404749433933421521160401,10000,10,0E-31,0E-31,0,0,0,0,0,1840.9310883404749433933421521160401,1
2023-08-15 08:06:00,28409.310883404749433933421521160401,10000,10,0E-31,0E-31,0,0,0,0,0,1840.9310883404749433933421521160401,1
2023-08-15 08:07:00,28409.310883404749433933421521160401,10000,10,0E-31,0E-31,0,0,0,0,0,1840.9310883404749433933421521160401,1
2023-08-15 08:08:00,28409.310883404749433933421521160401,10000,10,0E-31,0E-31,0,0,0,0,0,1840.9310883404749433933421521160401,1
2023-08-15 08:09:00,28409.310883404749433933421521160401,10000,10,0E-31,0E-31,0,0,0,0,0,1840.9310883404749433933421521160401,1
2023-08-15 08:10:00,28409.310883404749433933421521160401,10000,10,0E-31,0E-31,0,0,0,0,0,1840.9310883404749433933421521160401,1
2023-08-15 08:11:00,28409.310883404749433933421521160401,10000,10,0E-31,0E-31,0,0,0,0,0,1840.9310883404749433933421521160401,1
2023-08-15 08:12:00,28409.310883404749433933421521160401,10000,10,0E-31,0E-31,0,0,0,0,0,1840.9310883404749433933421521160401,1
2023-08-15 08:13:00,28409.310883404749433933421521160401,10000,10,0E-31,0E-31,0,0,0,0,0,1840.9310883404749433933421521160401,1
2023-08-15 08:14:00,28409.310883404749433933421521160401,10000,10,0E-31,0E-31,0,0,0,0,0,1840.9310883404749433933421521160401,1
2023-08-15 08:15:00,28409.310883404749433933421521160401,10000,10,0E-31,0E-31,0,0,0,0,0,1840.9310883404749433933421521160401,1
2023-08-15 08:16:00,28411.151814493089908876814863312522,10000,10,0E-31,0E-31,0,0,0,0,0,1841.1151814493089908876814863312522,1
2023-08-15 08:17:00,28411.151814493089908876814863312522,10000,10,0E-31,0E-31,0,0,0,0,0,1841.1151814493089908876814863312522,1
2023-08-15 08:18:00,28411.151814493089908876814863312522,10000,10,0E-31,0E-31,0,0,0,0,0,1841.1151814493089908876814863312522,1
2023-08-15 08:19:00,28411.151814493089908876814863312522,10000,10,0E-31,0E-31,0,0,0,0,0,1841.1151814493089908876814863312522,1
2023-08-15 08:20:00,28411.151814493089908876814863312522,10000,10,0E-31,0E-31,0,0,0,0,0,1841.1151814493089908876814863312522,1
2023-08-15 08:21:00,28411.151814493089908876814863312522,10000,10,0E-31,0E-31,0,0,0,0,0,1841.1151814493089908876814863312522,1
2023-08-15 08:22:00,28411.151814493089908876814863312522,10000,10,0E-31,0E-31,0,0,0,0,0,1841.1151814493089908876814863312522,1
2023-08-15 08:23:00,28411.151814493089908876814863312522,10000,10,0E-31,0E-31,0,0,0,0,0,1841.1151814493089908876814863312522,1
2023-08-15 08:24:00,28411.151814493089908876814863312522,10000,10,0E-31,0E-31,0,0,0,0,0,1841.1151814493089908876814863312522,1
2023-08-15 08:25:00,28411.151814493089908876814863312522,10000,10,0E-31,0E-31,0,0,0,0,0,1841.1151814493089908876814863312522,1
2023-08-15 08:26:00,28411.151814493089908876814863312522,10000,10,0E-31,0E-31,0,0,0,0,0,1841.1151814493089908876814863312522,1
2023-08-15 08:27:00,28411.151814493089908876814863312522,10000,10,0E-31,0E-31,0,0,0,0,0,1841.1151814493089908876814863312522,1
2023-08-15 08:28:00,28411.151814493089908876814863312522,10000,10,0E-31,0E-31,0,0,0,0,0,1841.1151814493089908876814863312522,1
2023-08-15 08:29:00,28411.151814493089908876814863312522,10000,10,0E-31,0E-31,0,0,0,0,0,1841.1151814493089908876814863312522,1
2023-08-15 08:30:00,28411.151814493089908876814863312522,10000,10,0E-31,0E-31,0,0,0,0,0,1841.1151814493089908876814863312522,1
2023-08-15 08:31:00,28411.151814493089908876814863312522,10000,10,0E-31,0E-31,0,0,0,0,0,1841.1151814493089908876814863312522,1
2023-08-15 08:32:00,28411.151814493089908876814863312522,10000,10,0E-31,0E-31,0,0,0,0,0,1841.1151814493089908876814863312522,1
2023-08-15 08:33:00,28411.151814493089908876814863312522,10000,10,0E-31,0E-31,0,0,0,0,0,1841.1151814493089908876814863312522,1
2023-08-15 08:34:00,28411.151814493089908876814863312522,10000,10,0E-31,0E-31,0,0,0,0,0,1841.1151814493089908876814863312522,1
2023-08-15 08:35:00,28411.151814493089908876814863312522,10000,10,0E-31,0E-31,0,0,0,0,0,1841.1151814493089908876814863312522,1
2023-08-15 08:36:00,28411.151814493089908876814863312522,10000,10,0E-31,0E-31,0,0,0,0,0,1841.1151814493089908876814863312522,1
2023-08-15 08:37:00,28414.834228967506671789489315053340,10000,10,0E-31,0E-31,0,0,0,0,0,1841.4834228967506671789489315053340,1
2023-08-15 08:38:00,28416.675712390403422456668263984838,10000,10,0E-31,0E-31,0,0,0,0,0,1841.6675712390403422456668263984838,1
2023-08-15 08:39:00,28416.675712390403422456668263984838,10000,10,0E-31,0E-31,0,0,0,0,0,1841.6675712390403422456668263984838,1
2023-08-15 08:40:00,28416.675712390403422456668263984838,10000,10,0E-31,0E-31,0,0,0,0,0,1841.6675712390403422456668263984838,1
2023-08-15 08:41:00,28416.675712390403422456668263984838,10000,10,0E-31,0E-31,0,0,0,0,0,1841.6675712390403422456668263984838,1
2023-08-15 08:42:00,28416.675712390403422456668263984838,10000,10,0E-31,0E-31,0,0,0,0,0,1841.6675712390403422456668263984838,1
2023-08-15 08:43:00,28416.675712390403422456668263984838,10000,10,0E-31,0E-31,0,0,0,0,0,1841.6675712390403422456668263984838,1
2023-08-15 08:44:00,28416.675712390403422456668263984838,10000,10,0E-31,0E-31,0,0,0,0,0,1841.6675712390403422456668263984838,1
2023-08-15 08:45:00,28416.675712390403422456668263984838,10000,10,0E-31,0E-31,0,0,0,0,0,1841.6675712390403422456668263984838,1
2023-08-15 08:46:00,28416.675712390403422456668263984838,10000,10,0E-31,0E-31,0,0,0,0,0,1841.6675712390403422456668263984838,1
2023-08-15 08:47:00,28416.675712390403422456668263984838,10000,10,0E-31,0E-31,0,0,0,0,0,1841.6675712390403422456668263984838,1
2023-08-15 08:48:00,28416.675712390403422456668263984838,10000,10,0E-31,0E-31,0,0,0,0,0,1841.6675712390403422456668263984838,1
2023-08-15 08:49:00,28416.675712390403422456668263984838,10000,10,0E-31,0E-31,0,0,0,0,0,1841.6675712390403422456668263984838,1
2023-08-15 08:50:00,28416.675712390403422456668263984838,10000,10,0E-31,0E-31,0,0,0,0,0,1841.6675712390403422456668263984838,1
2023-08-15 08:51:00,28416.675712390403422456668263984838,10000,10,0E-31,0E-31,0,0,0,0,0,1841.6675712390403422456668263984838,1
2023-08-15 08:52:00,28416.675712390403422456668263984838,10000,10,0E-31,0E-31,0,0,0,0,0,1841.6675712390403422456668263984838,1
2023-08-15 08:53:00,28416.675712390403422456668263984838,10000,10,0E-31,0E-31,0,0,0,0,0,1841.6675712390403422456668263984838,1
2023-08-15 08:54:00,28414.834228967506671789489315053340,10000,10,0E-31,0E-31,0,0,0,0,0,1841.4834228967506671789489315053340,1
2023-08-15 08:55:00,28412.992929674539217867702544798845,10000,10,0E-31,0E-31,0,0,0,0,0,1841.2992929674539217867702544798845,1
2023-08-15 08:56:00,28412.992929674539217867702544798845,10000,10,0E-31,0E-31,0,0,0,0,0,1841.2992929674539217867702544798845,1
2023-08-15 08:57:00,28412.992929674539217867702544798845,10000,10,0E-31,0E-31,0,0,0,0,0,1841.2992929674539217867702544798845,1
2023-08-15 08:58:00,28412.992929674539217867702544798845,10000,10,0E-31,0E-31,0,0,0,0,0,1841.2992929674539217867702544798845,1
2023-08-15 08:59:00,28412.992929674539217867702544798845,10000,10,0E-31,0E-31,0,0,0,0,0,1841.2992929674539217867702544798845,1
2023-08-15 09:00:00,28412.992929674539217867702544798845,10000,10,0E-31,0E-31,0,0,0,0,0,1841.2992929674539217867702544798845,1
2023-08-15 09:01:00,28412.992929674539217867702544798845,10000,10,0E-31,0E-31,0,0,0,0,0,1841.2992929674539217867702544798845,1
2023-08-15 09:02:00,28412.992929674539217867702544798845,10000,10,0E-31,0E-31,0,0,0,0,0,1841.2992929674539217867702544798845,1
2023-08-15 09:03:00,28412.992929674539217867702544798845,10000,10,0E-31,0E-31,0,0,0,0,0,1841.2992929674539217867702544798845,1
2023-08-15 09:04:00,28412.992929674539217867702544798845,10000,10,0E-31,0E-31,0,0,0,0,0,1841.2992929674539217867702544798845,1
2023-08-15 09:05:00,28412.992929674539217867702544798845,10000,10,0E-31,0E-31,0,0,0,0,0,1841.2992929674539217867702544798845,1
2023-08-15 09:06:00,28412.992929674539217867702544798845,10000,10,0E-31,0E-31,0,0,0,0,0,1841.2992929674539217867702544798845,1
2023-08-15 09:07:00,28412.992929674539217867702544798845,10000,10,0E-31,0E-31,0,0,0,0,0,1841.2992929674539217867702544798845,1
2023-08-15 09:08:00,28412.992929674539217867702544798845,10000,10,0E-31,0E-31,0,0,0,0,0,1841.2992929674539217867702544798845,1
2023-08-15 09:09:00,28412.992929674539217867702544798845,10000,10,0E-31,0E-31,0,0,0,0,0,1841.2992929674539217867702544798845,1
2023-08-15 09:10:00,28412.992929674539217867702544798845,10000,10,0E-31,0E-31,0,0,0,0,0,1841.2992929674539217867702544798845,1
2023-08-15 09:11:00,28412.992929674539217867702544798845,10000,10,0E-31,0E-31,0,0,0,0,0,1841.2992929674539217867702544798845,1
2023-08-15 09:12:00,28412.992929674539217867702544798845,10000,10,0E-31,0E-31,0,0,0,0,0,1841.2992929674539217867702544798845,1
2023-08-15 09:13:00,28414.834228967506671789489315053340,10000,10,0E-31,0E-31,0,0,0,0,0,1841.4834228967506671789489315053340,1
2023-08-15 09:14:00,28414.834228967506671789489315053340,10000,10,0E-31,0E-31,0,0,0,0,0,1841.4834228967506671789489315053340,1
2023-08-15 09:15:00,28414.834228967506671789489315053340,10000,10,0E-31,0E-31,0,0,0,0,0,1841.4834228967506671789489315053340,1
2023-08-15 09:16:00,28414.834228967506671789489315053340,10000,10,0E-31,0E-31,0,0,0,0,0,1841.4834228967506671789489315053340,1
2023-08-15 09:17:00,28416.675712390403422456668263984838,10000,10,0E-31,0E-31,0,0,0,0,0,1841.6675712390403422456668263984838,1
2023-08-15 09:18:00,28414.834228967506671789489315053340,10000,10,0E-31,0E-31,0,0,0,0,0,1841.4834228967506671789489315053340,1
2023-08-15 09:19:00,28414.834228967506671789489315053340,10000,10,0E-31,0E-31,0,0,0,0,0,1841.4834228967506671789489315053340,1
2023-08-15 09:20:00,28414.834228967506671789489315053340,10000,10,0E-31,0E-31,0,0,0,0,0,1841.4834228967506671789489315053340,1
2023-08-15 09:21:00,28414.834228967506671789489315053340,10000,10,0E-31,0E-31,0,0,0,0,0,1841.4834228967506671789489315053340,1
2023-08-15 09:22:00,28414.834228967506671789489315053340,10000,10,0E-31,0E-31,0,0,0,0,0,1841.4834228967506671789489315053340,1
2023-08-15 09:23:00,28414.834228967506671789489315053340,10000,10,0E-31,0E-31,0,0,0,0,0,1841.4834228967506671789489315053340,1
2023-08-15 09:24:00,28414.834228967506671789489315053340,10000,10,0E-31,0E-31,0,0,0,0,0,1841.4834228967506671789489315053340,1
2023-08-15 09:25:00,28414.834228967506671789489315053340,10000,10,0E-31,0E-31,0,0,0,0,0,1841.4834228967506671789489315053340,1
2023-08-15 09:26:00,28414.834228967506671789489315053340,10000,10,0E-31,0E-31,0,0,0,0,0,1841.4834228967506671789489315053340,1
2023-08-15 09:27:00,28416.675712390403422456668263984838,10000,10,0E-31,0E-31,0,0,0,0,0,1841.6675712390403422456668263984838,1
2023-08-15 09:28:00,28416.675712390403422456668263984838,10000,10,0E-31,0E-31,0,0,0,0,0,1841.6675712390403422456668263984838,1
2023-08-15 09:29:00,28416.675712390403422456668263984838,10000,10,0E-31,0E-31,0,0,0,0,0,1841.6675712390403422456668263984838,1
2023-08-15 09:30:00,28416.675712390403422456668263984838,10000,10,0E-31,0E-31,0,0,0,0,0,1841.6675712390403422456668263984838,1
2023-08-15 09:31:00,28416.675712390403422456668263984838,10000,10,0E-31,0E-31,0,0,0,0,0,1841.6675712390403422456668263984838,1
2023-08-15 09:32:00,28416.675712390403422456668263984838,10000,10,0E-31,0E-31,0,0,0,0,0,1841.6675712390403422456668263984838,1
2023-08-15 09:33:00,28412.992929674539217867702544798845,10000,10,0E-31,0E-31,0,0,0,0,0,1841.2992929674539217867702544798845,1
2023-08-15 09:34:00,28412.992929674539217867702544798845,10000,10,0E-31,0E-31,0,0,0,0,0,1841.2992929674539217867702544798845,1
2023-08-15 09:35:00,28412.992929674539217867702544798845,10000,10,0E-31,0E-31,0,0,0,0,0,1841.2992929674539217867702544798845,1
2023-08-15 09:36:00,28412.992929674539217867702544798845,10000,10,0E-31,0E-31,0,0,0,0,0,1841.2992929674539217867702544798845,1
2023-08-15 09:37:00,28412.992929674539217867702544798845,10000,10,0E-31,0E-31,0,0,0,0,0,1841.2992929674539217867702544798845,1
2023-08-15 09:38:00,28412.992929674539217867702544798845,10000,10,0E-31,0E-31,0,0,0,0,0,1841.2992929674539217867702544798845,1
2023-08-15 09:39:00,28412.992929674539217867702544798845,10000,10,0E-31,0E-31,0,0,0,0,0,1841.2992929674539217867702544798845,1
2023-08-15 09:40:00,28412.992929674539217867702544798845,10000,10,0E-31,0E-31,0,0,0,0,0,1841.2992929674539217867702544798845,1
2023-08-15 09:41:00,28412.992929674539217867702544798845,10000,10,0E-31,0E-31,0,0,0,0,0,1841.2992929674539217867702544798845,1
2023-08-15 09:42:00,28412.992929674539217867702544798845,10000,10,0E-31,0E-31,0,0,0,0,0,1841.2992929674539217867702544798845,1
2023-08-15 09:43:00,28412.992929674539217867702544798845,10000,10,0E-31,0E-31,0,0,0,0,0,1841.2992929674539217867702544798845,1
2023-08-15 09:44:00,28412.992929674539217867702544798845,10000,10,0E-31,0E-31,0,0,0,0,0,1841.2992929674539217867702544798845,1
2023-08-15 09:45:00,28412.992929674539217867702544798845,10000,10,0E-31,0E-31,0,0,0,0,0,1841.2992929674539217867702544798845,1
2023-08-15 09:46:00,28412.992929674539217867702544798845,10000,10,0E-31,0E-31,0,0,0,0,0,1841.2992929674539217867702544798845,1
2023-08-15 09:47:00,28412.992929674539217867702544798845,10000,10,0E-31,0E-31,0,0,0,0,0,1841.2992929674539217867702544798845,1
2023-08-15 09:48:00,28412.992929674539217867702544798845,10000,10,0E-31,0E-31,0,0,0,0,0,1841.2992929674539217867702544798845,1
2023-08-15 09:49:00,28412.992929674539217867702544798845,10000,10,0E-31,0E-31,0,0,0,0,0,1841.2992929674539217867702544798845,1
2023-08-15 09:50:00,28412.992929674539217867702544798845,10000,10,0E-31,0E-31,0,0,0,0,0,1841.2992929674539217867702544798845,1
2023-08-15 09:51:00,28412.992929674539217867702544798845,10000,10,0E-31,0E-31,0,0,0,0,0,1841.2992929674539217867702544798845,1
2023-08-15 09:52:00,28412.992929674539217867702544798845,10000,10,0E-31,0E-31,0,0,0,0,0,1841.2992929674539217867702544798845,1
2023-08-15 09:53:00,28412.992929674539217867702544798845,10000,10,0E-31,0E-31,0,0,0,0,0,1841.2992929674539217867702544798845,1
2023-08-15 09:54:00,28412.992929674539217867702544798845,10000,10,0E-31,0E-31,0,0,0,0,0,1841.2992929674539217867702544798845,1
2023-08-15 09:55:00,28412.992929674539217867702544798845,10000,10,0E-31,0E-31,0,0,0,0,0,1841.2992929674539217867702544798845,1
2023-08-15 09:56:00,28412.992929674539217867702544798845,10000,10,0E-31,0E-31,0,0,0,0,0,1841.2992929674539217867702544798845,1
2023-08-15 09:57:00,28412.992929674539217867702544798845,10000,10,0E-31,0E-31,0,0,0,0,0,1841.2992929674539217867702544798845,1
2023-08-15 09:58:00,28412.992929674539217867702544798845,10000,10,0E-31,0E-31,0,0,0,0,0,1841.2992929674539217867702544798845,1
2023-08-15 09:59:00,28412.992929674539217867702544798845,10000,10,0E-31,0E-31,0,0,0,0,0,1841.2992929674539217867702544798845,1
2023-08-15 10:00:00,28412.992929674539217867702544798845,10000,10,0E-31,0E-31,0,0,0,0,0,1841.2992929674539217867702544798845,1
2023-08-15 10:01:00,28412.992929674539217867702544798845,10000,10,0E-31,0E-31,0,0,0,0,0,1841.2992929674539217867702544798845,1
2023-08-15 10:02:00,28412.992929674539217867702544798845,10000,10,0E-31,0E-31,0,0,0,0,0,1841.2992929674539217867702544798845,1
2023-08-15 10:03:00,28412.992929674539217867702544798845,10000,10,0E-31,0E-31,0,0,0,0,0,1841.2992929674539217867702544798845,1
2023-08-15 10:04:00,28412.992929674539217867702544798845,10000,10,0E-31,0E-31,0,0,0,0,0,1841.2992929674539217867702544798845,1
2023-08-15 10:05:00,28412.992929674539217867702544798845,10000,10,0E-31,0E-31,0,0,0,0,0,1841.2992929674539217867702544798845,1
2023-08-15 10:06:00,28412.992929674539217867702544798845,10000,10,0E-31,0E-31,0,0,0,0,0,1841.2992929674539217867702544798845,1
2023-08-15 10:07:00,28412.992929674539217867702544798845,10000,10,0E-31,0E-31,0,0,0,0,0,1841.2992929674539217867702544798845,1
2023-08-15 10:08:00,28412.992929674539217867702544798845,10000,10,0E-31,0E-31,0,0,0,0,0,1841.2992929674539217867702544798845,1
2023-08-15 10:09:00,28412.992929674539217867702544798845,10000,10,0E-31,0E-31,0,0,0,0,0,1841.2992929674539217867702544798845,1
2023-08-15 10:10:00,28412.992929674539217867702544798845,10000,10,0E-31,0E-31,0,0,0,0,0,1841.2992929674539217867702544798845,1
2023-08-15 10:11:00,28412.992929674539217867702544798845,10000,10,0E-31,0E-31,0,0,0,0,0,1841.2992929674539217867702544798845,1
2023-08-15 10:12:00,28412.992929674539217867702544798845,10000,10,0E-31,0E-31,0,0,0,0,0,1841.2992929674539217867702544798845,1
2023-08-15 10:13:00,28412.992929674539217867702544798845,10000,10,0E-31,0E-31,0,0,0,0,0,1841.2992929674539217867702544798845,1
2023-08-15 10:14:00,28412.992929674539217867702544798845,10000,10,0E-31,0E-31,0,0,0,0,0,1841.2992929674539217867702544798845,1
2023-08-15 10:15:00,28412.992929674539217867702544798845,10000,10,0E-31,0E-31,0,0,0,0,0,1841.2992929674539217867702544798845,1
2023-08-15 10:16:00,28411.151814493089908876814863312522,10000,10,0E-31,0E-31,0,0,0,0,0,1841.1151814493089908876814863312522,1
2023-08-15 10:17:00,28411.151814493089908876814863312522,10000,10,0E-31,0E-31,0,0,0,0,0,1841.1151814493089908876814863312522,1
2023-08-15 10:18:00,28411.151814493089908876814863312522,10000,10,0E-31,0E-31,0,0,0,0,0,1841.1151814493089908876814863312522,1
2023-08-15 10:19:00,28411.151814493089908876814863312522,10000,10,0E-31,0E-31,0,0,0,0,0,1841.1151814493089908876814863312522,1
2023-08-15 10:20:00,28411.151814493089908876814863312522,10000,10,0E-31,0E-31,0,0,0,0,0,1841.1151814493089908876814863312522,1
2023-08-15 10:21:00,28411.151814493089908876814863312522,10000,10,0E-31,0E-31,0,0,0,0,0,1841.1151814493089908876814863312522,1
2023-08-15 10:22:00,28411.151814493089908876814863312522,10000,10,0E-31,0E-31,0,0,0,0,0,1841.1151814493089908876814863312522,1
2023-08-15 10:23:00,28411.151814493089908876814863312522,10000,10,0E-31,0E-31,0,0,0,0,0,1841.1151814493089908876814863312522,1
2023-08-15 10:24:00,28411.151814493089908876814863312522,10000,10,0E-31,0E-31,0,0,0,0,0,1841.1151814493089908876814863312522,1
2023-08-15 10:25:00,28411.151814493089908876814863312522,10000,10,0E-31,0E-31,0,0,0,0,0,1841.1151814493089908876814863312522,1
2023-08-15 10:26:00,28411.151814493089908876814863312522,10000,10,0E-31,0E-31,0,0,0,0,0,1841.1151814493089908876814863312522,1
2023-08-15 10:27:00,28411.151814493089908876814863312522,10000,10,0E-31,0E-31,0,0,0,0,0,1841.1151814493089908876814863312522,1
2023-08-15 10:28:00,28411.151814493089908876814863312522,10000,10,0E-31,0E-31,0,0,0,0,0,1841.1151814493089908876814863312522,1
2023-08-15 10:29:00,28411.151814493089908876814863312522,10000,10,0E-31,0E-31,0,0,0,0,0,1841.1151814493089908876814863312522,1
2023-08-15 10:30:00,28411.151814493089908876814863312522,10000,10,0E-31,0E-31,0,0,0,0,0,1841.1151814493089908876814863312522,1
2023-08-15 10:31:00,28412.992929674539217867702544798845,10000,10,0E-31,0E-31,0,0,0,0,0,1841.2992929674539217867702544798845,1
2023-08-15 10:32:00,28412.992929674539217867702544798845,10000,10,0E-31,0E-31,0,0,0,0,0,1841.2992929674539217867702544798845,1
2023-08-15 10:33:00,28412.992929674539217867702544798845,10000,10,0E-31,0E-31,0,0,0,0,0,1841.2992929674539217867702544798845,1
2023-08-15 10:34:00,28412.992929674539217867702544798845,10000,10,0E-31,0E-31,0,0,0,0,0,1841.2992929674539217867702544798845,1
2023-08-15 10:35:00,28411.151814493089908876814863312522,10000,10,0E-31,0E-31,0,0,0,0,0,1841.1151814493089908876814863312522,1
2023-08-15 10:36:00,28411.151814493089908876814863312522,10000,10,0E-31,0E-31,0,0,0,0,0,1841.1151814493089908876814863312522,1
2023-08-15 10:37:00,28411.151814493089908876814863312522,10000,10,0E-31,0E-31,0,0,0,0,0,1841.1151814493089908876814863312522,1
2023-08-15 10:38:00,28411.151814493089908876814863312522,10000,10,0E-31,0E-31,0,0,0,0,0,1841.1151814493089908876814863312522,1
2023-08-15 10:39:00,28411.151814493089908876814863312522,10000,10,0E-31,0E-31,0,0,0,0,0,1841.1151814493089908876814863312522,1
2023-08-15 10:40:00,28411.151814493089908876814863312522,10000,10,0E-31,0E-31,0,0,0,0,0,1841.1151814493089908876814863312522,1
2023-08-15 10:41:00,28411.151814493089908876814863312522,10000,10,0E-31,0E-31,0,0,0,0,0,1841.1151814493089908876814863312522,1
2023-08-15 10:42:00,28411.151814493089908876814863312522,10000,10,0E-31,0E-31,0,0,0,0,0,1841.1151814493089908876814863312522,1
2023-08-15 10:43:00,28411.151814493089908876814863312522,10000,10,0E-31,0E-31,0,0,0,0,0,1841.1151814493089908876814863312522,1
2023-08-15 10:44:00,28411.151814493089908876814863312522,10000,10,0E-31,0E-31,0,0,0,0,0,1841.1151814493089908876814863312522,1
2023-08-15 10:45:00,28411.151814493089908876814863312522,10000,10,0E-31,0E-31,0,0,0,0,0,1841.1151814493089908876814863312522,1
2023-08-15 10:46:00,28411.151814493089908876814863312522,10000,10,0E-31,0E-31,0,0,0,0,0,1841.1151814493089908876814863312522,1
2023-08-15 10:47:00,28411.151814493089908876814863312522,10000,10,0E-31,0E-31,0,0,0,0,0,1841.1151814493089908876814863312522,1
2023-08-15 10:48:00,28411.151814493089908876814863312522,10000,10,0E-31,0E-31,0,0,0,0,0,1841.1151814493089908876814863312522,1
2023-08-15 10:49:00,28411.151814493089908876814863312522,10000,10,0E-31,0E-31,0,0,0,0,0,1841.1151814493089908876814863312522,1
2023-08-15 10:50:00,28411.151814493089908876814863312522,10000,10,0E-31,0E-31,0,0,0,0,0,1841.1151814493089908876814863312522,1
2023-08-15 10:51:00,28411.151814493089908876814863312522,10000,10,0E-31,0E-31,0,0,0,0,0,1841.1151814493089908876814863312522,1
2023-08-15 10:52:00,28411.151814493089908876814863312522,10000,10,0E-31,0E-31,0,0,0,0,0,1841.1151814493089908876814863312522,1
2023-08-15 10:53:00,28411.151814493089908876814863312522,10000,10,0E-31,0E-31,0,0,0,0,0,1841.1151814493089908876814863312522,1
2023-08-15 10:54:00,28411.151814493089908876814863312522,10000,10,0E-31,0E-31,0,0,0,0,0,1841.1151814493089908876814863312522,1
2023-08-15 10:55:00,28411.151814493089908876814863312522,10000,10,0E-31,0E-31,0,0,0,0,0,1841.1151814493089908876814863312522,1
2023-08-15 10:56:00,28411.151814493089908876814863312522,10000,10,0E-31,0E-31,0,0,0,0,0,1841.1151814493089908876814863312522,1
2023-08-15 10:57:00,28411.151814493089908876814863312522,10000,10,0E-31,0E-31,0,0,0,0,0,1841.1151814493089908876814863312522,1
2023-08-15 10:58:00,28411.151814493089908876814863312522,10000,10,0E-31,0E-31,0,0,0,0,0,1841.1151814493089908876814863312522,1
2023-08-15 10:59:00,28411.151814493089908876814863312522,10000,10,0E-31,0E-31,0,0,0,0,0,1841.1151814493089908876814863312522,1
2023-08-15 11:00:00,28409.310883404749433933421521160401,10000,10,0E-31,0E-31,0,0,0,0,0,1840.9310883404749433933421521160401,1
2023-08-15 11:01:00,28409.310883404749433933421521160401,10000,10,0E-31,0E-31,0,0,0,0,0,1840.9310883404749433933421521160401,1
2023-08-15 11:02:00,28409.310883404749433933421521160401,10000,10,0E-31,0E-31,0,0,0,0,0,1840.9310883404749433933421521160401,1
2023-08-15 11:03:00,28409.310883404749433933421521160401,10000,10,0E-31,0E-31,0,0,0,0,0,1840.9310883404749433933421521160401,1
2023-08-15 11:04:00,28409.310883404749433933421521160401,10000,10,0E-31,0E-31,0,0,0,0,0,1840.9310883404749433933421521160401,1
2023-08-15 11:05:00,28409.310883404749433933421521160401,10000,10,0E-31,0E-31,0,0,0,0,0,1840.9310883404749433933421521160401,1
2023-08-15 11:06:00,28409.310883404749433933421521160401,10000,10,0E-31,0E-31,0,0,0,0,0,1840.9310883404749433933421521160401,1
2023-08-15 11:07:00,28409.310883404749433933421521160401,10000,10,0E-31,0E-31,0,0,0,0,0,1840.9310883404749433933421521160401,1
2023-08-15 11:08:00,28409.310883404749433933421521160401,10000,10,0E-31,0E-31,0,0,0,0,0,1840.9310883404749433933421521160401,1
2023-08-15 11:09:00,28409.310883404749433933421521160401,10000,10,0E-31,0E-31,0,0,0,0,0,1840.9310883404749433933421521160401,1
2023-08-15 11:10:00,28409.310883404749433933421521160401,10000,10,0E-31,0E-31,0,0,0,0,0,1840.9310883404749433933421521160401,1
2023-08-15 11:11:00,28409.310883404749433933421521160401,10000,10,0E-31,0E-31,0,0,0,0,0,1840.9310883404749433933421521160401,1
2023-08-15 11:12:00,28409.310883404749433933421521160401,10000,10,0E-31,0E-31,0,0,0,0,0,1840.9310883404749433933421521160401,1
2023-08-15 11:13:00,28409.310883404749433933421521160401,10000,10,0E-31,0E-31,0,0,0,0,0,1840.9310883404749433933421521160401,1
2023-08-15 11:14:00,28409.310883404749433933421521160401,10000,10,0E-31,0E-31,0,0,0,0,0,1840.9310883404749433933421521160401,1
2023-08-15 11:15:00,28409.310883404749433933421521160401,10000,10,0E-31,0E-31,0,0,0,0,0,1840.9310883404749433933421521160401,1
2023-08-15 11:16:00,28409.310883404749433933421521160401,10000,10,0E-31,0E-31,0,0,0,0,0,1840.9310883404749433933421521160401,1
2023-08-15 11:17:00,28409.310883404749433933421521160401,10000,10,0E-31,0E-31,0,0,0,0,0,1840.9310883404749433933421521160401,1
2023-08-15 11:18:00,28409.310883404749433933421521160401,10000,10,0E-31,0E-31,0,0,0,0,0,1840.9310883404749433933421521160401,1
2023-08-15 11:19:00,28409.310883404749433933421521160401,10000,10,0E-31,0E-31,0,0,0,0,0,1840.9310883404749433933421521160401,1
2023-08-15 11:20:00,28409.310883404749433933421521160401,10000,10,0E-31,0E-31,0,0,0,0,0,1840.9310883404749433933421521160401,1
2023-08-15 11:21:00,28409.310883404749433933421521160401,10000,10,0E-31,0E-31,0,0,0,0,0,1840.9310883404749433933421521160401,1
2023-08-15 11:22:00,28409.310883404749433933421521160401,10000,10,0E-31,0E-31,0,0,0,0,0,1840.9310883404749433933421521160401,1
2023-08-15 11:23:00,28409.310883404749433933421521160401,10000,10,0E-31,0E-31,0,0,0,0,0,1840.9310883404749433933421521160401,1
2023-08-15 11:24:00,28409.310883404749433933421521160401,10000,10,0E-31,0E-31,0,0,0,0,0,1840.9310883404749433933421521160401,1
2023-08-15 11:25:00,28409.310883404749433933421521160401,10000,10,0E-31,0E-31,0,0,0,0,0,1840.9310883404749433933421521160401,1
2023-08-15 11:26:00,28409.310883404749433933421521160401,10000,10,0E-31,0E-31,0,0,0,0,0,1840.9310883404749433933421521160401,1
2023-08-15 11:27:00,28409.310883404749433933421521160401,10000,10,0E-31,0E-31,0,0,0,0,0,1840.9310883404749433933421521160401,1
2023-08-15 11:28:00,28409.310883404749433933421521160401,10000,10,0E-31,0E-31,0,0,0,0,0,1840.9310883404749433933421521160401,1
2023-08-15 11:29:00,28409.310883404749433933421521160401,10000,10,0E-31,0E-31,0,0,0,0,0,1840.9310883404749433933421521160401,1
2023-08-15 11:30:00,28409.310883404749433933421521160401,10000,10,0E-31,0E-31,0,0,0,0,0,1840.9310883404749433933421521160401,1
2023-08-15 11:31:00,28409.310883404749433933421521160401,10000,10,0E-31,0E-31,0,0,0,0,0,1840.9310883404749433933421521160401,1
2023-08-15 11:32:00,28409.310883404749433933421521160401,10000,10,0E-31,0E-31,0,0,0,0,0,1840.9310883404749433933421521160401,1
2023-08-15 11:33:00,28409.310883404749433933421521160401,10000,10,0E-31,0E-31,0,0,0,0,0,1840.9310883404749433933421521160401,1
2023-08-15 11:34:00,28409.310883404749433933421521160401,10000,10,0E-31,0E-31,0,0,0,0,0,1840.9310883404749433933421521160401,1
2023-08-15 11:35:00,28390.911693593598060028508986571361,10000,10,0E-31,0E-31,0,0,0,0,0,1839.0911693593598060028508986571361,1
2023-08-15 11:36:00,28390.911693593598060028508986571361,10000,10,0E-31,0E-31,0,0,0,0,0,1839.0911693593598060028508986571361,1
2023-08-15 11:37:00,28390.911693593598060028508986571361,10000,10,0E-31,0E-31,0,0,0,0,0,1839.0911693593598060028508986571361,1
2023-08-15 11:38:00,28390.911693593598060028508986571361,10000,10,0E-31,0E-31,0,0,0,0,0,1839.0911693593598060028508986571361,1
2023-08-15 11:39:00,28381.718995740002103975595710158509,10000,10,0E-31,0E-31,0,0,0,0,0,1838.1718995740002103975595710158509,1
2023-08-15 11:40:00,28379.881007639238180157579952163288,10000,10,0E-31,0E-31,0,0,0,0,0,1837.9881007639238180157579952163288,1
2023-08-15 11:41:00,28379.881007639238180157579952163288,10000,10,0E-31,0E-31,0,0,0,0,0,1837.9881007639238180157579952163288,1
2023-08-15 11:42:00,28379.881007639238180157579952163288,10000,10,0E-31,0E-31,0,0,0,0,0,1837.9881007639238180157579952163288,1
2023-08-15 11:43:00,28379.881007639238180157579952163288,10000,10,0E-31,0E-31,0,0,0,0,0,1837.9881007639238180157579952163288,1
2023-08-15 11:44:00,28379.881007639238180157579952163288,10000,10,0E-31,0E-31,0,0,0,0,0,1837.9881007639238180157579952163288,1
2023-08-15 11:45:00,28379.881007639238180157579952163288,10000,10,0E-31,0E-31,0,0,0,0,0,1837.9881007639238180157579952163288,1
2023-08-15 11:46:00,28379.881007639238180157579952163288,10000,10,0E-31,0E-31,0,0,0,0,0,1837.9881007639238180157579952163288,1
2023-08-15 11:47:00,28379.881007639238180157579952163288,10000,10,0E-31,0E-31,0,0,0,0,0,1837.9881007639238180157579952163288,1
2023-08-15 11:48:00,28379.881007639238180157579952163288,10000,10,0E-31,0E-31,0,0,0,0,0,1837.9881007639238180157579952163288,1
2023-08-15 11:49:00,28379.881007639238180157579952163288,10000,10,0E-31,0E-31,0,0,0,0,0,1837.9881007639238180157579952163288,1
2023-08-15 11:50:00,28379.881007639238180157579952163288,10000,10,0E-31,0E-31,0,0,0,0,0,1837.9881007639238180157579952163288,1
2023-08-15 11:51:00,28379.881007639238180157579952163288,10000,10,0E-31,0E-31,0,0,0,0,0,1837.9881007639238180157579952163288,1
2023-08-15 11:52:00,28379.881007639238180157579952163288,10000,10,0E-31,0E-31,0,0,0,0,0,1837.9881007639238180157579952163288,1
2023-08-15 11:53:00,28379.881007639238180157579952163288,10000,10,0E-31,0E-31,0,0,0,0,0,1837.9881007639238180157579952163288,1
2023-08-15 11:54:00,28378.043203318906289528627089454355,10000,10,0E-31,0E-31,0,0,0,0,0,1837.8043203318906289528627089454355,1
2023-08-15 11:55:00,28378.043203318906289528627089454355,10000,10,0E-31,0E-31,0,0,0,0,0,1837.8043203318906289528627089454355,1
2023-08-15 11:56:00,28379.881007639238180157579952163288,10000,10,0E-31,0E-31,0,0,0,0,0,1837.9881007639238180157579952163288,1
2023-08-15 11:57:00,28379.881007639238180157579952163288,10000,10,0E-31,0E-31,0,0,0,0,0,1837.9881007639238180157579952163288,1
2023-08-15 11:58:00,28379.881007639238180157579952163288,10000,10,0E-31,0E-31,0,0,0,0,0,1837.9881007639238180157579952163288,1
2023-08-15 11:59:00,28379.881007639238180157579952163288,10000,10,0E-31,0E-31,0,0,0,0,0,1837.9881007639238180157579952163288,1
2023-08-15 12:00:00,28379.881007639238180157579952163288,10000,10,0E-31,0E-31,0,0,0,0,0,1837.9881007639238180157579952163288,1
2023-08-15 12:01:00,28379.881007639238180157579952163288,10000,10,0E-31,0E-31,0,0,0,0,0,1837.9881007639238180157579952163288,1
2023-08-15 12:02:00,28379.881007639238180157579952163288,10000,10,0E-31,0E-31,0,0,0,0,0,1837.9881007639238180157579952163288,1
2023-08-15 12:03:00,28379.881007639238180157579952163288,10000,10,0E-31,0E-31,0,0,0,0,0,1837.9881007639238180157579952163288,1
2023-08-15 12:04:00,28379.881007639238180157579952163288,10000,10,0E-31,0E-31,0,0,0,0,0,1837.9881007639238180157579952163288,1
2023-08-15 12:05:00,28379.881007639238180157579952163288,10000,10,0E-31,0E-31,0,0,0,0,0,1837.9881007639238180157579952163288,1
2023-08-15 12:06:00,28379.881007639238180157579952163288,10000,10,0E-31,0E-31,0,0,0,0,0,1837.9881007639238180157579952163288,1
2023-08-15 12:07:00,28379.881007639238180157579952163288,10000,10,0E-31,0E-31,0,0,0,0,0,1837.9881007639238180157579952163288,1
2023-08-15 12:08:00,28379.881007639238180157579952163288,10000,10,0E-31,0E-31,0,0,0,0,0,1837.9881007639238180157579952163288,1
2023-08-15 12:09:00,28379.881007639238180157579952163288,10000,10,0E-31,0E-31,0,0,0,0,0,1837.9881007639238180157579952163288,1
2023-08-15 12:10:00,28379.881007639238180157579952163288,10000,10,0E-31,0E-31,0,0,0,0,0,1837.9881007639238180157579952163288,1
2023-08-15 12:11:00,28379.881007639238180157579952163288,10000,10,0E-31,0E-31,0,0,0,0,0,1837.9881007639238180157579952163288,1
2023-08-15 12:12:00,28379.881007639238180157579952163288,10000,10,0E-31,0E-31,0,0,0,0,0,1837.9881007639238180157579952163288,1
2023-08-15 12:13:00,28379.881007639238180157579952163288,10000,10,0E-31,0E-31,0,0,0,0,0,1837.9881007639238180157579952163288,1
2023-08-15 12:14:00,28379.881007639238180157579952163288,10000,10,0E-31,0E-31,0,0,0,0,0,1837.9881007639238180157579952163288,1
2023-08-15 12:15:00,28379.881007639238180157579952163288,10000,10,0E-31,0E-31,0,0,0,0,0,1837.9881007639238180157579952163288,1
2023-08-15 12:16:00,28379.881007639238180157579952163288,10000,10,0E-31,0E-31,0,0,0,0,0,1837.9881007639238180157579952163288,1
2023-08-15 12:17:00,28379.881007639238180157579952163288,10000,10,0E-31,0E-31,0,0,0,0,0,1837.9881007639238180157579952163288,1
2023-08-15 12:18:00,28379.881007639238180157579952163288,10000,10,0E-31,0E-31,0,0,0,0,0,1837.9881007639238180157579952163288,1
2023-08-15 12:19:00,28379.881007639238180157579952163288,10000,10,0E-31,0E-31,0,0,0,0,0,1837.9881007639238180157579952163288,1
2023-08-15 12:20:00,28379.881007639238180157579952163288,10000,10,0E-31,0E-31,0,0,0,0,0,1837.9881007639238180157579952163288,1
2023-08-15 12:21:00,28383.557167639576104185993269729525,10000,10,0E-31,0E-31,0,0,0,0,0,1838.3557167639576104185993269729525,1
2023-08-15 12:22:00,28383.557167639576104185993269729525,10000,10,0E-31,0E-31,0,0,0,0,0,1838.3557167639576104185993269729525,1
2023-08-15 12:23:00,28383.557167639576104185993269729525,10000,10,0E-31,0E-31,0,0,0,0,0,1838.3557167639576104185993269729525,1
2023-08-15 12:24:00,28383.557167639576104185993269729525,10000,10,0E-31,0E-31,0,0,0,0,0,1838.3557167639576104185993269729525,1
2023-08-15 12:25:00,28385.395523356340061796411869056503,10000,10,0E-31,0E-31,0,0,0,0,0,1838.5395523356340061796411869056503,1
2023-08-15 12:26:00,28385.395523356340061796411869056503,10000,10,0E-31,0E-31,0,0,0,0,0,1838.5395523356340061796411869056503,1
2023-08-15 12:27:00,28385.395523356340061796411869056503,10000,10,0E-31,0E-31,0,0,0,0,0,1838.5395523356340061796411869056503,1
2023-08-15 12:28:00,28383.557167639576104185993269729525,10000,10,0E-31,0E-31,0,0,0,0,0,1838.3557167639576104185993269729525,1
2023-08-15 12:29:00,28383.557167639576104185993269729525,10000,10,0E-31,0E-31,0,0,0,0,0,1838.3557167639576104185993269729525,1
2023-08-15 12:30:00,28383.557167639576104185993269729525,10000,10,0E-31,0E-31,0,0,0,0,0,1838.3557167639576104185993269729525,1
2023-08-15 12:31:00,28383.557167639576104185993269729525,10000,10,0E-31,0E-31,0,0,0,0,0,1838.3557167639576104185993269729525,1
2023-08-15 12:32:00,28383.557167639576104185993269729525,10000,10,0E-31,0E-31,0,0,0,0,0,1838.3557167639576104185993269729525,1
2023-08-15 12:33:00,28383.557167639576104185993269729525,10000,10,0E-31,0E-31,0,0,0,0,0,1838.3557167639576104185993269729525,1
2023-08-15 12:34:00,28383.557167639576104185993269729525,10000,10,0E-31,0E-31,0,0,0,0,0,1838.3557167639576104185993269729525,1
2023-08-15 12:35:00,28385.395523356340061796411869056503,10000,10,0E-31,0E-31,0,0,0,0,0,1838.5395523356340061796411869056503,1
2023-08-15 12:36:00,28390.911693593598060028508986571361,10000,10,0E-31,0E-31,0,0,0,0,0,1839.0911693593598060028508986571361,1
2023-08-15 12:37:00,28390.911693593598060028508986571361,10000,10,0E-31,0E-31,0,0,0,0,0,1839.0911693593598060028508986571361,1
2023-08-15 12:38:00,28390.911693593598060028508986571361,10000,10,0E-31,0E-31,0,0,0,0,0,1839.0911693593598060028508986571361,1
2023-08-15 12:39:00,28390.911693593598060028508986571361,10000,10,0E-31,0E-31,0,0,0,0,0,1839.0911693593598060028508986571361,1
2023-08-15 12:40:00,28390.911693593598060028508986571361,10000,10,0E-31,0E-31,0,0,0,0,0,1839.0911693593598060028508986571361,1
2023-08-15 12:41:00,28390.911693593598060028508986571361,10000,10,0E-31,0E-31,0,0,0,0,0,1839.0911693593598060028508986571361,1
2023-08-15 12:42:00,28390.911693593598060028508986571361,10000,10,0E-31,0E-31,0,0,0,0,0,1839.0911693593598060028508986571361,1
2023-08-15 12:43:00,28390.911693593598060028508986571361,10000,10,0E-31,0E-31,0,0,0,0,0,1839.0911693593598060028508986571361,1
2023-08-15 12:44:00,28390.911693593598060028508986571361,10000,10,0E-31,0E-31,0,0,0,0,0,1839.0911693593598060028508986571361,1
2023-08-15 12:45:00,28390.911693593598060028508986571361,10000,10,0E-31,0E-31,0,0,0,0,0,1839.0911693593598060028508986571361,1
2023-08-15 12:46:00,28390.911693593598060028508986571361,10000,10,0E-31,0E-31,0,0,0,0,0,1839.0911693593598060028508986571361,1
2023-08-15 12:47:00,28392.750784762957419834511837470031,10000,10,0E-31,0E-31,0,0,0,0,0,1839.2750784762957419834511837470031,1
2023-08-15 12:48:00,28401.948999614354079247120540364630,10000,10,0E-31,0E-31,0,0,0,0,0,1840.1948999614354079247120540364630,1
2023-08-15 12:49:00,28405.629573433766946206510756943910,10000,10,0E-31,0E-31,0,0,0,0,0,1840.5629573433766946206510756943910,1
2023-08-15 12:50:00,28405.629573433766946206510756943910,10000,10,0E-31,0E-31,0,0,0,0,0,1840.5629573433766946206510756943910,1
2023-08-15 12:51:00,28405.629573433766946206510756943910,10000,10,0E-31,0E-31,0,0,0,0,0,1840.5629573433766946206510756943910,1
2023-08-15 12:52:00,28405.629573433766946206510756943910,10000,10,0E-31,0E-31,0,0,0,0,0,1840.5629573433766946206510756943910,1
2023-08-15 12:53:00,28405.629573433766946206510756943910,10000,10,0E-31,0E-31,0,0,0,0,0,1840.5629573433766946206510756943910,1
2023-08-15 12:54:00,28405.629573433766946206510756943910,10000,10,0E-31,0E-31,0,0,0,0,0,1840.5629573433766946206510756943910,1
2023-08-15 12:55:00,28405.629573433766946206510756943910,10000,10,0E-31,0E-31,0,0,0,0,0,1840.5629573433766946206510756943910,1
2023-08-15 12:56:00,28405.629573433766946206510756943910,10000,10,0E-31,0E-31,0,0,0,0,0,1840.5629573433766946206510756943910,1
2023-08-15 12:57:00,28405.629573433766946206510756943910,10000,10,0E-31,0E-31,0,0,0,0,0,1840.5629573433766946206510756943910,1
2023-08-15 12:58:00,28405.629573433766946206510756943910,10000,10,0E-31,0E-31,0,0,0,0,0,1840.5629573433766946206510756943910,1
2023-08-15 12:59:00,28405.629573433766946206510756943910,10000,10,0E-31,0E-31,0,0,0,0,0,1840.5629573433766946206510756943910,1
2023-08-15 13:00:00,28405.629573433766946206510756943910,10000,10,0E-31,0E-31,0,0,0,0,0,1840.5629573433766946206510756943910,1
2023-08-15 13:01:00,28405.629573433766946206510756943910,10000,10,0E-31,0E-31,0,0,0,0,0,1840.5629573433766946206510756943910,1
2023-08-15 13:02:00,28405.629573433766946206510756943910,10000,10,0E-31,0E-31,0,0,0,0,0,1840.5629573433766946206510756943910,1
2023-08-15 13:03:00,28405.629573433766946206510756943910,10000,10,0E-31,0E-31,0,0,0,0,0,1840.5629573433766946206510756943910,1
2023-08-15 13:04:00,28405.629573433766946206510756943910,10000,10,0E-31,0E-31,0,0,0,0,0,1840.5629573433766946206510756943910,1
2023-08-15 13:05:00,28405.629573433766946206510756943910,10000,10,0E-31,0E-31,0,0,0,0,0,1840.5629573433766946206510756943910,1
2023-08-15 13:06:00,28405.629573433766946206510756943910,10000,10,0E-31,0E-31,0,0,0,0,0,1840.5629573433766946206510756943910,1
2023-08-15 13:07:00,28405.629573433766946206510756943910,10000,10,0E-31,0E-31,0,0,0,0,0,1840.5629573433766946206510756943910,1
2023-08-15 13:08:00,28403.789194514315514655045252418674,10000,10,0E-31,0E-31,0,0,0,0,0,1840.3789194514315514655045252418674,1
2023-08-15 13:09:00,28403.789194514315514655045252418674,10000,10,0E-31,0E-31,0,0,0,0,0,1840.3789194514315514655045252418674,1
2023-08-15 13:10:00,28403.789194514315514655045252418674,10000,10,0E-31,0E-31,0,0,0,0,0,1840.3789194514315514655045252418674,1
2023-08-15 13:11:00,28403.789194514315514655045252418674,10000,10,0E-31,0E-31,0,0,0,0,0,1840.3789194514315514655045252418674,1
2023-08-15 13:12:00,28403.789194514315514655045252418674,10000,10,0E-31,0E-31,0,0,0,0,0,1840.3789194514315514655045252418674,1
2023-08-15 13:13:00,28403.789194514315514655045252418674,10000,10,0E-31,0E-31,0,0,0,0,0,1840.3789194514315514655045252418674,1
2023-08-15 13:14:00,28403.789194514315514655045252418674,10000,10,0E-31,0E-31,0,0,0,0,0,1840.3789194514315514655045252418674,1
2023-08-15 13:15:00,28403.789194514315514655045252418674,10000,10,0E-31,0E-31,0,0,0,0,0,1840.3789194514315514655045252418674,1
2023-08-15 13:16:00,28403.789194514315514655045252418674,10000,10,0E-31,0E-31,0,0,0,0,0,1840.3789194514315514655045252418674,1
2023-08-15 13:17:00,28403.789194514315514655045252418674,10000,10,0E-31,0E-31,0,0,0,0,0,1840.3789194514315514655045252418674,1
2023-08-15 13:18:00,28403.789194514315514655045252418674,10000,10,0E-31,0E-31,0,0,0,0,0,1840.3789194514315514655045252418674,1
2023-08-15 13:19:00,28409.310883404749433933421521160401,10000,10,0E-31,0E-31,0,0,0,0,0,1840.9310883404749433933421521160401,1
2023-08-15 13:20:00,28409.310883404749433933421521160401,10000,10,0E-31,0E-31,0,0,0,0,0,1840.9310883404749433933421521160401,1
2023-08-15 13:21:00,28409.310883404749433933421521160401,10000,10,0E-31,0E-31,0,0,0,0,0,1840.9310883404749433933421521160401,1
2023-08-15 13:22:00,28409.310883404749433933421521160401,10000,10,0E-31,0E-31,0,0,0,0,0,1840.9310883404749433933421521160401,1
2023-08-15 13:23:00,28409.310883404749433933421521160401,10000,10,0E-31,0E-31,0,0,0,0,0,1840.9310883404749433933421521160401,1
2023-08-15 13:24:00,28409.310883404749433933421521160401,10000,10,0E-31,0E-31,0,0,0,0,0,1840.9310883404749433933421521160401,1
2023-08-15 13:25:00,28409.310883404749433933421521160401,10000,10,0E-31,0E-31,0,0,0,0,0,1840.9310883404749433933421521160401,1
2023-08-15 13:26:00,28409.310883404749433933421521160401,10000,10,0E-31,0E-31,0,0,0,0,0,1840.9310883404749433933421521160401,1
2023-08-15 13:27:00,28409.310883404749433933421521160401,10000,10,0E-31,0E-31,0,0,0,0,0,1840.9310883404749433933421521160401,1
2023-08-15 13:28:00,28409.310883404749433933421521160401,10000,10,0E-31,0E-31,0,0,0,0,0,1840.9310883404749433933421521160401,1
2023-08-15 13:29:00,28411.151814493089908876814863312522,10000,10,0E-31,0E-31,0,0,0,0,0,1841.1151814493089908876814863312522,1
2023-08-15 13:30:00,28411.151814493089908876814863312522,10000,10,0E-31,0E-31,0,0,0,0,0,1841.1151814493089908876814863312522,1
2023-08-15 13:31:00,28411.151814493089908876814863312522,10000,10,0E-31,0E-31,0,0,0,0,0,1841.1151814493089908876814863312522,1
2023-08-15 13:32:00,28411.151814493089908876814863312522,10000,10,0E-31,0E-31,0,0,0,0,0,1841.1151814493089908876814863312522,1
2023-08-15 13:33:00,28411.151814493089908876814863312522,10000,10,0E-31,0E-31,0,0,0,0,0,1841.1151814493089908876814863312522,1
2023-08-15 13:34:00,28411.151814493089908876814863312522,10000,10,0E-31,0E-31,0,0,0,0,0,1841.1151814493089908876814863312522,1
2023-08-15 13:35:00,28411.151814493089908876814863312522,10000,10,0E-31,0E-31,0,0,0,0,0,1841.1151814493089908876814863312522,1
2023-08-15 13:36:00,28411.151814493089908876814863312522,10000,10,0E-31,0E-31,0,0,0,0,0,1841.1151814493089908876814863312522,1
2023-08-15 13:37:00,28411.151814493089908876814863312522,10000,10,0E-31,0E-31,0,0,0,0,0,1841.1151814493089908876814863312522,1
2023-08-15 13:38:00,28411.151814493089908876814863312522,10000,10,0E-31,0E-31,0,0,0,0,0,1841.1151814493089908876814863312522,1
2023-08-15 13:39:00,28411.151814493089908876814863312522,10000,10,0E-31,0E-31,0,0,0,0,0,1841.1151814493089908876814863312522,1
2023-08-15 13:40:00,28411.151814493089908876814863312522,10000,10,0E-31,0E-31,0,0,0,0,0,1841.1151814493089908876814863312522,1
2023-08-15 13:41:00,28411.151814493089908876814863312522,10000,10,0E-31,0E-31,0,0,0,0,0,1841.1151814493089908876814863312522,1
2023-08-15 13:42:00,28411.151814493089908876814863312522,10000,10,0E-31,0E-31,0,0,0,0,0,1841.1151814493089908876814863312522,1
2023-08-15 13:43:00,28411.151814493089908876814863312522,10000,10,0E-31,0E-31,0,0,0,0,0,1841.1151814493089908876814863312522,1
2023-08-15 13:44:00,28411.151814493089908876814863312522,10000,10,0E-31,0E-31,0,0,0,0,0,1841.1151814493089908876814863312522,1
2023-08-15 13:45:00,28411.151814493089908876814863312522,10000,10,0E-31,0E-31,0,0,0,0,0,1841.1151814493089908876814863312522,1
2023-08-15 13:46:00,28411.151814493089908876814863312522,10000,10,0E-31,0E-31,0,0,0,0,0,1841.1151814493089908876814863312522,1
2023-08-15 13:47:00,28411.151814493089908876814863312522,10000,10,0E-31,0E-31,0,0,0,0,0,1841.1151814493089908876814863312522,1
2023-08-15 13:48:00,28411.151814493089908876814863312522,10000,10,0E-31,0E-31,0,0,0,0,0,1841.1151814493089908876814863312522,1
2023-08-15 13:49:00,28409.310883404749433933421521160401,10000,10,0E-31,0E-31,0,0,0,0,0,1840.9310883404749433933421521160401,1
2023-08-15 13:50:00,28403.789194514315514655045252418674,10000,10,0E-31,0E-31,0,0,0,0,0,1840.3789194514315514655045252418674,1
2023-08-15 13:51:00,28403.789194514315514655045252418674,10000,10,0E-31,0E-31,0,0,0,0,0,1840.3789194514315514655045252418674,1
2023-08-15 13:52:00,28403.789194514315514655045252418674,10000,10,0E-31,0E-31,0,0,0,0,0,1840.3789194514315514655045252418674,1
2023-08-15 13:53:00,28403.789194514315514655045252418674,10000,10,0E-31,0E-31,0,0,0,0,0,1840.3789194514315514655045252418674,1
2023-08-15 13:54:00,28403.789194514315514655045252418674,10000,10,0E-31,0E-31,0,0,0,0,0,1840.3789194514315514655045252418674,1
2023-08-15 13:55:00,28403.789194514315514655045252418674,10000,10,0E-31,0E-31,0,0,0,0,0,1840.3789194514315514655045252418674,1
2023-08-15 13:56:00,28401.948999614354079247120540364630,10000,10,0E-31,0E-31,0,0,0,0,0,1840.1948999614354079247120540364630,1
2023-08-15 13:57:00,28401.948999614354079247120540364630,10000,10,0E-31,0E-31,0,0,0,0,0,1840.1948999614354079247120540364630,1
2023-08-15 13:58:00,28401.948999614354079247120540364630,10000,10,0E-31,0E-31,0,0,0,0,0,1840.1948999614354079247120540364630,1
2023-08-15 13:59:00,28400.108988715482530994021138250798,10000,10,0E-31,0E-31,0,0,0,0,0,1840.0108988715482530994021138250798,1
2023-08-15 14:00:00,28396.429518847417858948052938182648,10000,10,0E-31,0E-31,0,0,0,0,0,1839.6429518847417858948052938182648,1
2023-08-15 14:01:00,28396.429518847417858948052938182648,10000,10,0E-31,0E-31,0,0,0,0,0,1839.6429518847417858948052938182648,1
2023-08-15 14:02:00,28396.429518847417858948052938182648,10000,10,0E-31,0E-31,0,0,0,0,0,1839.6429518847417858948052938182648,1
2023-08-15 14:03:00,28396.429518847417858948052938182648,10000,10,0E-31,0E-31,0,0,0,0,0,1839.6429518847417858948052938182648,1
2023-08-15 14:04:00,28396.429518847417858948052938182648,10000,10,0E-31,0E-31,0,0,0,0,0,1839.6429518847417858948052938182648,1
2023-08-15 14:05:00,28396.429518847417858948052938182648,10000,10,0E-31,0E-31,0,0,0,0,0,1839.6429518847417858948052938182648,1
2023-08-15 14:06:00,28376.205582760630226505976491805164,10000,10,0E-31,0E-31,0,0,0,0,0,1837.6205582760630226505976491805164,1
2023-08-15 14:07:00,28367.020235757048740379554108509758,10000,10,0E-31,0E-31,0,0,0,0,0,1836.7020235757048740379554108509758,1
2023-08-15 14:08:00,28379.881007639238180157579952163288,10000,10,0E-31,0E-31,0,0,0,0,0,1837.9881007639238180157579952163288,1
2023-08-15 14:09:00,28389.072786314966563372171769394423,10000,10,0E-31,0E-31,0,0,0,0,0,1838.9072786314966563372171769394423,1
2023-08-15 14:10:00,28389.072786314966563372171769394423,10000,10,0E-31,0E-31,0,0,0,0,0,1838.9072786314966563372171769394423,1
2023-08-15 14:11:00,28401.948999614354079247120540364630,10000,10,0E-31,0E-31,0,0,0,0,0,1840.1948999614354079247120540364630,1
2023-08-15 14:12:00,28403.789194514315514655045252418674,10000,10,0E-31,0E-31,0,0,0,0,0,1840.3789194514315514655045252418674,1
2023-08-15 14:13:00,28403.789194514315514655045252418674,10000,10,0E-31,0E-31,0,0,0,0,0,1840.3789194514315514655045252418674,1
2023-08-15 14:14:00,28403.789194514315514655045252418674,10000,10,0E-31,0E-31,0,0,0,0,0,1840.3789194514315514655045252418674,1
2023-08-15 14:15:00,28403.789194514315514655045252418674,10000,10,0E-31,0E-31,0,0,0,0,0,1840.3789194514315514655045252418674,1
2023-08-15 14:16:00,28403.789194514315514655045252418674,10000,10,0E-31,0E-31,0,0,0,0,0,1840.3789194514315514655045252418674,1
2023-08-15 14:17:00,28403.789194514315514655045252418674,10000,10,0E-31,0E-31,0,0,0,0,0,1840.3789194514315514655045252418674,1
2023-08-15 14:18:00,28403.789194514315514655045252418674,10000,10,0E-31,0E-31,0,0,0,0,0,1840.3789194514315514655045252418674,1
2023-08-15 14:19:00,28403.789194514315514655045252418674,10000,10,0E-31,0E-31,0,0,0,0,0,1840.3789194514315514655045252418674,1
2023-08-15 14:20:00,28403.789194514315514655045252418674,10000,10,0E-31,0E-31,0,0,0,0,0,1840.3789194514315514655045252418674,1
2023-08-15 14:21:00,28403.789194514315514655045252418674,10000,10,0E-31,0E-31,0,0,0,0,0,1840.3789194514315514655045252418674,1
2023-08-15 14:22:00,28405.629573433766946206510756943910,10000,10,0E-31,0E-31,0,0,0,0,0,1840.5629573433766946206510756943910,1
2023-08-15 14:23:00,28407.470136391110322901131408019596,10000,10,0E-31,0E-31,0,0,0,0,0,1840.7470136391110322901131408019596,1
2023-08-15 14:24:00,28407.470136391110322901131408019596,10000,10,0E-31,0E-31,0,0,0,0,0,1840.7470136391110322901131408019596,1
2023-08-15 14:25:00,28407.470136391110322901131408019596,10000,10,0E-31,0E-31,0,0,0,0,0,1840.7470136391110322901131408019596,1
2023-08-15 14:26:00,28409.310883404749433933421521160401,10000,10,0E-31,0E-31,0,0,0,0,0,1840.9310883404749433933421521160401,1
2023-08-15 14:27:00,28409.310883404749433933421521160401,10000,10,0E-31,0E-31,0,0,0,0,0,1840.9310883404749433933421521160401,1
2023-08-15 14:28:00,28409.310883404749433933421521160401,10000,10,0E-31,0E-31,0,0,0,0,0,1840.9310883404749433933421521160401,1
2023-08-15 14:29:00,28409.310883404749433933421521160401,10000,10,0E-31,0E-31,0,0,0,0,0,1840.9310883404749433933421521160401,1
2023-08-15 14:30:00,28409.310883404749433933421521160401,10000,10,0E-31,0E-31,0,0,0,0,0,1840.9310883404749433933421521160401,1
2023-08-15 14:31:00,28409.310883404749433933421521160401,10000,10,0E-31,0E-31,0,0,0,0,0,1840.9310883404749433933421521160401,1
2023-08-15 14:32:00,28409.310883404749433933421521160401,10000,10,0E-31,0E-31,0,0,0,0,0,1840.9310883404749433933421521160401,1
2023-08-15 14:33:00,28409.310883404749433933421521160401,10000,10,0E-31,0E-31,0,0,0,0,0,1840.9310883404749433933421521160401,1
2023-08-15 14:34:00,28409.310883404749433933421521160401,10000,10,0E-31,0E-31,0,0,0,0,0,1840.9310883404749433933421521160401,1
2023-08-15 14:35:00,28412.992929674539217867702544798845,10000,10,0E-31,0E-31,0,0,0,0,0,1841.2992929674539217867702544798845,1
2023-08-15 14:36:00,28412.992929674539217867702544798845,10000,10,0E-31,0E-31,0,0,0,0,0,1841.2992929674539217867702544798845,1
2023-08-15 14:37:00,28412.992929674539217867702544798845,10000,10,0E-31,0E-31,0,0,0,0,0,1841.2992929674539217867702544798845,1
2023-08-15 14:38:00,28416.675712390403422456668263984838,10000,10,0E-31,0E-31,0,0,0,0,0,1841.6675712390403422456668263984838,1
2023-08-15 14:39:00,28416.675712390403422456668263984838,10000,10,0E-31,0E-31,0,0,0,0,0,1841.6675712390403422456668263984838,1
2023-08-15 14:40:00,28424.043487749570871766989131420694,10000,10,0E-31,0E-31,0,0,0,0,0,1842.4043487749570871766989131420694,1
2023-08-15 14:41:00,28424.043487749570871766989131420694,10000,10,0E-31,0E-31,0,0,0,0,0,1842.4043487749570871766989131420694,1
2023-08-15 14:42:00,28424.043487749570871766989131420694,10000,10,0E-31,0E-31,0,0,0,0,0,1842.4043487749570871766989131420694,1
2023-08-15 14:43:00,28424.043487749570871766989131420694,10000,10,0E-31,0E-31,0,0,0,0,0,1842.4043487749570871766989131420694,1
2023-08-15 14:44:00,28418.517379961642462798913930811229,10000,10,0E-31,0E-31,0,0,0,0,0,1841.8517379961642462798913930811229,1
2023-08-15 14:45:00,28418.517379961642462798913930811229,10000,10,0E-31,0E-31,0,0,0,0,0,1841.8517379961642462798913930811229,1
2023-08-15 14:46:00,28418.517379961642462798913930811229,10000,10,0E-31,0E-31,0,0,0,0,0,1841.8517379961642462798913930811229,1
2023-08-15 14:47:00,28418.517379961642462798913930811229,10000,10,0E-31,0E-31,0,0,0,0,0,1841.8517379961642462798913930811229,1
2023-08-15 14:48:00,28418.517379961642462798913930811229,10000,10,0E-31,0E-31,0,0,0,0,0,1841.8517379961642462798913930811229,1
2023-08-15 14:49:00,28418.517379961642462798913930811229,10000,10,0E-31,0E-31,0,0,0,0,0,1841.8517379961642462798913930811229,1
2023-08-15 14:50:00,28418.517379961642462798913930811229,10000,10,0E-31,0E-31,0,0,0,0,0,1841.8517379961642462798913930811229,1
2023-08-15 14:51:00,28418.517379961642462798913930811229,10000,10,0E-31,0E-31,0,0,0,0,0,1841.8517379961642462798913930811229,1
2023-08-15 14:52:00,28418.517379961642462798913930811229,10000,10,0E-31,0E-31,0,0,0,0,0,1841.8517379961642462798913930811229,1
2023-08-15 14:53:00,28418.517379961642462798913930811229,10000,10,0E-31,0E-31,0,0,0,0,0,1841.8517379961642462798913930811229,1
2023-08-15 14:54:00,28418.517379961642462798913930811229,10000,10,0E-31,0E-31,0,0,0,0,0,1841.8517379961642462798913930811229,1
2023-08-15 14:55:00,28416.675712390403422456668263984838,10000,10,0E-31,0E-31,0,0,0,0,0,1841.6675712390403422456668263984838,1
2023-08-15 14:56:00,28416.675712390403422456668263984838,10000,10,0E-31,0E-31,0,0,0,0,0,1841.6675712390403422456668263984838,1
2023-08-15 14:57:00,28416.675712390403422456668263984838,10000,10,0E-31,0E-31,0,0,0,0,0,1841.6675712390403422456668263984838,1
2023-08-15 14:58:00,28416.675712390403422456668263984838,10000,10,0E-31,0E-31,0,0,0,0,0,1841.6675712390403422456668263984838,1
2023-08-15 14:59:00,28416.675712390403422456668263984838,10000,10,0E-31,0E-31,0,0,0,0,0,1841.6675712390403422456668263984838,1
2023-08-15 15:00:00,28416.675712390403422456668263984838,10000,10,0E-31,0E-31,0,0,0,0,0,1841.6675712390403422456668263984838,1
2023-08-15 15:01:00,28416.675712390403422456668263984838,10000,10,0E-31,0E-31,0,0,0,0,0,1841.6675712390403422456668263984838,1
2023-08-15 15:02:00,28416.675712390403422456668263984838,10000,10,0E-31,0E-31,0,0,0,0,0,1841.6675712390403422456668263984838,1
2023-08-15 15:03:00,28416.675712390403422456668263984838,10000,10,0E-31,0E-31,0,0,0,0,0,1841.6675712390403422456668263984838,1
2023-08-15 15:04:00,28420.359231699638627045193822204313,10000,10,0E-31,0E-31,0,0,0,0,0,1842.0359231699638627045193822204313,1
2023-08-15 15:05:00,28420.359231699638627045193822204313,10000,10,0E-31,0E-31,0,0,0,0,0,1842.0359231699638627045193822204313,1
2023-08-15 15:06:00,28420.359231699638627045193822204313,10000,10,0E-31,0E-31,0,0,0,0,0,1842.0359231699638627045193822204313,1
2023-08-15 15:07:00,28420.359231699638627045193822204313,10000,10,0E-31,0E-31,0,0,0,0,0,1842.0359231699638627045193822204313,1
2023-08-15 15:08:00,28420.359231699638627045193822204313,10000,10,0E-31,0E-31,0,0,0,0,0,1842.0359231699638627045193822204313,1
2023-08-15 15:09:00,28420.359231699638627045193822204313,10000,10,0E-31,0E-31,0,0,0,0,0,1842.0359231699638627045193822204313,1
2023-08-15 15:10:00,28420.359231699638627045193822204313,10000,10,0E-31,0E-31,0,0,0,0,0,1842.0359231699638627045193822204313,1
2023-08-15 15:11:00,28420.359231699638627045193822204313,10000,10,0E-31,0E-31,0,0,0,0,0,1842.0359231699638627045193822204313,1
2023-08-15 15:12:00,28420.359231699638627045193822204313,10000,10,0E-31,0E-31,0,0,0,0,0,1842.0359231699638627045193822204313,1
2023-08-15 15:13:00,28416.675712390403422456668263984838,10000,10,0E-31,0E-31,0,0,0,0,0,1841.6675712390403422456668263984838,1
2023-08-15 15:14:00,28416.675712390403422456668263984838,10000,10,0E-31,0E-31,0,0,0,0,0,1841.6675712390403422456668263984838,1
2023-08-15 15:15:00,28416.675712390403422456668263984838,10000,10,0E-31,0E-31,0,0,0,0,0,1841.6675712390403422456668263984838,1
2023-08-15 15:16:00,28405.629573433766946206510756943910,10000,10,0E-31,0E-31,0,0,0,0,0,1840.5629573433766946206510756943910,1
2023-08-15 15:17:00,28403.789194514315514655045252418674,10000,10,0E-31,0E-31,0,0,0,0,0,1840.3789194514315514655045252418674,1
2023-08-15 15:18:00,28403.789194514315514655045252418674,10000,10,0E-31,0E-31,0,0,0,0,0,1840.3789194514315514655045252418674,1
2023-08-15 15:19:00,28398.269161799302600733947743476447,10000,10,0E-31,0E-31,0,0,0,0,0,1839.8269161799302600733947743476447,1
2023-08-15 15:20:00,28389.072786314966563372171769394423,10000,10,0E-31,0E-31,0,0,0,0,0,1838.9072786314966563372171769394423,1
2023-08-15 15:21:00,28385.395523356340061796411869056503,10000,10,0E-31,0E-31,0,0,0,0,0,1838.5395523356340061796411869056503,1
2023-08-15 15:22:00,28385.395523356340061796411869056503,10000,10,0E-31,0E-31,0,0,0,0,0,1838.5395523356340061796411869056503,1
2023-08-15 15:23:00,28385.395523356340061796411869056503,10000,10,0E-31,0E-31,0,0,0,0,0,1838.5395523356340061796411869056503,1
2023-08-15 15:24:00,28385.395523356340061796411869056503,10000,10,0E-31,0E-31,0,0,0,0,0,1838.5395523356340061796411869056503,1
2023-08-15 15:25:00,28385.395523356340061796411869056503,10000,10,0E-31,0E-31,0,0,0,0,0,1838.5395523356340061796411869056503,1
2023-08-15 15:26:00,28385.395523356340061796411869056503,10000,10,0E-31,0E-31,0,0,0,0,0,1838.5395523356340061796411869056503,1
2023-08-15 15:27:00,28385.395523356340061796411869056503,10000,10,0E-31,0E-31,0,0,0,0,0,1838.5395523356340061796411869056503,1
2023-08-15 15:28:00,28385.395523356340061796411869056503,10000,10,0E-31,0E-31,0,0,0,0,0,1838.5395523356340061796411869056503,1
2023-08-15 15:29:00,28385.395523356340061796411869056503,10000,10,0E-31,0E-31,0,0,0,0,0,1838.5395523356340061796411869056503,1
2023-08-15 15:30:00,28385.395523356340061796411869056503,10000,10,0E-31,0E-31,0,0,0,0,0,1838.5395523356340061796411869056503,1
2023-08-15 15:31:00,28385.395523356340061796411869056503,10000,10,0E-31,0E-31,0,0,0,0,0,1838.5395523356340061796411869056503,1
2023-08-15 15:32:00,28385.395523356340061796411869056503,10000,10,0E-31,0E-31,0,0,0,0,0,1838.5395523356340061796411869056503,1
2023-08-15 15:33:00,28383.557167639576104185993269729525,10000,10,0E-31,0E-31,0,0,0,0,0,1838.3557167639576104185993269729525,1
2023-08-15 15:34:00,28383.557167639576104185993269729525,10000,10,0E-31,0E-31,0,0,0,0,0,1838.3557167639576104185993269729525,1
2023-08-15 15:35:00,28383.557167639576104185993269729525,10000,10,0E-31,0E-31,0,0,0,0,0,1838.3557167639576104185993269729525,1
2023-08-15 15:36:00,28383.557167639576104185993269729525,10000,10,0E-31,0E-31,0,0,0,0,0,1838.3557167639576104185993269729525,1
2023-08-15 15:37:00,28383.557167639576104185993269729525,10000,10,0E-31,0E-31,0,0,0,0,0,1838.3557167639576104185993269729525,1
2023-08-15 15:38:00,28383.557167639576104185993269729525,10000,10,0E-31,0E-31,0,0,0,0,0,1838.3557167639576104185993269729525,1
2023-08-15 15:39:00,28379.881007639238180157579952163288,10000,10,0E-31,0E-31,0,0,0,0,0,1837.9881007639238180157579952163288,1
2023-08-15 15:40:00,28379.881007639238180157579952163288,10000,10,0E-31,0E-31,0,0,0,0,0,1837.9881007639238180157579952163288,1
2023-08-15 15:41:00,28379.881007639238180157579952163288,10000,10,0E-31,0E-31,0,0,0,0,0,1837.9881007639238180157579952163288,1
2023-08-15 15:42:00,28379.881007639238180157579952163288,10000,10,0E-31,0E-31,0,0,0,0,0,1837.9881007639238180157579952163288,1
2023-08-15 15:43:00,28379.881007639238180157579952163288,10000,10,0E-31,0E-31,0,0,0,0,0,1837.9881007639238180157579952163288,1
2023-08-15 15:44:00,28378.043203318906289528627089454355,10000,10,0E-31,0E-31,0,0,0,0,0,1837.8043203318906289528627089454355,1
2023-08-15 15:45:00,28378.043203318906289528627089454355,10000,10,0E-31,0E-31,0,0,0,0,0,1837.8043203318906289528627089454355,1
2023-08-15 15:46:00,28378.043203318906289528627089454355,10000,10,0E-31,0E-31,0,0,0,0,0,1837.8043203318906289528627089454355,1
2023-08-15 15:47:00,28378.043203318906289528627089454355,10000,10,0E-31,0E-31,0,0,0,0,0,1837.8043203318906289528627089454355,1
2023-08-15 15:48:00,28378.043203318906289528627089454355,10000,10,0E-31,0E-31,0,0,0,0,0,1837.8043203318906289528627089454355,1
2023-08-15 15:49:00,28378.043203318906289528627089454355,10000,10,0E-31,0E-31,0,0,0,0,0,1837.8043203318906289528627089454355,1
2023-08-15 15:50:00,28378.043203318906289528627089454355,10000,10,0E-31,0E-31,0,0,0,0,0,1837.8043203318906289528627089454355,1
2023-08-15 15:51:00,28378.043203318906289528627089454355,10000,10,0E-31,0E-31,0,0,0,0,0,1837.8043203318906289528627089454355,1
2023-08-15 15:52:00,28378.043203318906289528627089454355,10000,10,0E-31,0E-31,0,0,0,0,0,1837.8043203318906289528627089454355,1
2023-08-15 15:53:00,28378.043203318906289528627089454355,10000,10,0E-31,0E-31,0,0,0,0,0,1837.8043203318906289528627089454355,1
2023-08-15 15:54:00,28379.881007639238180157579952163288,10000,10,0E-31,0E-31,0,0,0,0,0,1837.9881007639238180157579952163288,1
2023-08-15 15:55:00,28372.530892856749947948887234869328,10000,10,0E-31,0E-31,0,0,0,0,0,1837.2530892856749947948887234869328,1
2023-08-15 15:56:00,28372.530892856749947948887234869328,10000,10,0E-31,0E-31,0,0,0,0,0,1837.2530892856749947948887234869328,1
2023-08-15 15:57:00,28372.530892856749947948887234869328,10000,10,0E-31,0E-31,0,0,0,0,0,1837.2530892856749947948887234869328,1
2023-08-15 15:58:00,28372.530892856749947948887234869328,10000,10,0E-31,0E-31,0,0,0,0,0,1837.2530892856749947948887234869328,1
2023-08-15 15:59:00,28372.530892856749947948887234869328,10000,10,0E-31,0E-31,0,0,0,0,0,1837.2530892856749947948887234869328,1
2023-08-15 16:00:00,28372.530892856749947948887234869328,10000,10,0E-31,0E-31,0,0,0,0,0,1837.2530892856749947948887234869328,1
2023-08-15 16:01:00,28370.693823474402507698117423127004,10000,10,0E-31,0E-31,0,0,0,0,0,1837.0693823474402507698117423127004,1
2023-08-15 16:02:00,28374.368145946035622943682123592800,10000,10,0E-31,0E-31,0,0,0,0,0,1837.4368145946035622943682123592800,1
2023-08-15 16:03:00,28376.205582760630226505976491805164,10000,10,0E-31,0E-31,0,0,0,0,0,1837.6205582760630226505976491805164,1
2023-08-15 16:04:00,28376.205582760630226505976491805164,10000,10,0E-31,0E-31,0,0,0,0,0,1837.6205582760630226505976491805164,1
2023-08-15 16:05:00,28376.205582760630226505976491805164,10000,10,0E-31,0E-31,0,0,0,0,0,1837.6205582760630226505976491805164,1
2023-08-15 16:06:00,28378.043203318906289528627089454355,10000,10,0E-31,0E-31,0,0,0,0,0,1837.8043203318906289528627089454355,1
2023-08-15 16:07:00,28378.043203318906289528627089454355,10000,10,0E-31,0E-31,0,0,0,0,0,1837.8043203318906289528627089454355,1
2023-08-15 16:08:00,28378.043203318906289528627089454355,10000,10,0E-31,0E-31,0,0,0,0,0,1837.8043203318906289528627089454355,1
2023-08-15 16:09:00,28378.043203318906289528627089454355,10000,10,0E-31,0E-31,0,0,0,0,0,1837.8043203318906289528627089454355,1
2023-08-15 16:10:00,28378.043203318906289528627089454355,10000,10,0E-31,0E-31,0,0,0,0,0,1837.8043203318906289528627089454355,1
2023-08-15 16:11:00,28378.043203318906289528627089454355,10000,10,0E-31,0E-31,0,0,0,0,0,1837.8043203318906289528627089454355,1
2023-08-15 16:12:00,28378.043203318906289528627089454355,10000,10,0E-31,0E-31,0,0,0,0,0,1837.8043203318906289528627089454355,1
2023-08-15 16:13:00,28378.043203318906289528627089454355,10000,10,0E-31,0E-31,0,0,0,0,0,1837.8043203318906289528627089454355,1
2023-08-15 16:14:00,28378.043203318906289528627089454355,10000,10,0E-31,0E-31,0,0,0,0,0,1837.8043203318906289528627089454355,1
2023-08-15 16:15:00,28378.043203318906289528627089454355,10000,10,0E-31,0E-31,0,0,0,0,0,1837.8043203318906289528627089454355,1
2023-08-15 16:16:00,28378.043203318906289528627089454355,10000,10,0E-31,0E-31,0,0,0,0,0,1837.8043203318906289528627089454355,1
2023-08-15 16:17:00,28378.043203318906289528627089454355,10000,10,0E-31,0E-31,0,0,0,0,0,1837.8043203318906289528627089454355,1
2023-08-15 16:18:00,28378.043203318906289528627089454355,10000,10,0E-31,0E-31,0,0,0,0,0,1837.8043203318906289528627089454355,1
2023-08-15 16:19:00,28378.043203318906289528627089454355,10000,10,0E-31,0E-31,0,0,0,0,0,1837.8043203318906289528627089454355,1
2023-08-15 16:20:00,28378.043203318906289528627089454355,10000,10,0E-31,0E-31,0,0,0,0,0,1837.8043203318906289528627089454355,1
2023-08-15 16:21:00,28378.043203318906289528627089454355,10000,10,0E-31,0E-31,0,0,0,0,0,1837.8043203318906289528627089454355,1
2023-08-15 16:22:00,28378.043203318906289528627089454355,10000,10,0E-31,0E-31,0,0,0,0,0,1837.8043203318906289528627089454355,1
2023-08-15 16:23:00,28381.718995740002103975595710158509,10000,10,0E-31,0E-31,0,0,0,0,0,1838.1718995740002103975595710158509,1
2023-08-15 16:24:00,28381.718995740002103975595710158509,10000,10,0E-31,0E-31,0,0,0,0,0,1838.1718995740002103975595710158509,1
2023-08-15 16:25:00,28381.718995740002103975595710158509,10000,10,0E-31,0E-31,0,0,0,0,0,1838.1718995740002103975595710158509,1
2023-08-15 16:26:00,28381.718995740002103975595710158509,10000,10,0E-31,0E-31,0,0,0,0,0,1838.1718995740002103975595710158509,1
2023-08-15 16:27:00,28381.718995740002103975595710158509,10000,10,0E-31,0E-31,0,0,0,0,0,1838.1718995740002103975595710158509,1
2023-08-15 16:28:00,28385.395523356340061796411869056503,10000,10,0E-31,0E-31,0,0,0,0,0,1838.5395523356340061796411869056503,1
2023-08-15 16:29:00,28385.395523356340061796411869056503,10000,10,0E-31,0E-31,0,0,0,0,0,1838.5395523356340061796411869056503,1
2023-08-15 16:30:00,28385.395523356340061796411869056503,10000,10,0E-31,0E-31,0,0,0,0,0,1838.5395523356340061796411869056503,1
2023-08-15 16:31:00,28385.395523356340061796411869056503,10000,10,0E-31,0E-31,0,0,0,0,0,1838.5395523356340061796411869056503,1
2023-08-15 16:32:00,28385.395523356340061796411869056503,10000,10,0E-31,0E-31,0,0,0,0,0,1838.5395523356340061796411869056503,1
2023-08-15 16:33:00,28385.395523356340061796411869056503,10000,10,0E-31,0E-31,0,0,0,0,0,1838.5395523356340061796411869056503,1
2023-08-15 16:34:00,28385.395523356340061796411869056503,10000,10,0E-31,0E-31,0,0,0,0,0,1838.5395523356340061796411869056503,1
2023-08-15 16:35:00,28385.395523356340061796411869056503,10000,10,0E-31,0E-31,0,0,0,0,0,1838.5395523356340061796411869056503,1
2023-08-15 16:36:00,28385.395523356340061796411869056503,10000,10,0E-31,0E-31,0,0,0,0,0,1838.5395523356340061796411869056503,1
2023-08-15 16:37:00,28385.395523356340061796411869056503,10000,10,0E-31,0E-31,0,0,0,0,0,1838.5395523356340061796411869056503,1
2023-08-15 16:38:00,28383.557167639576104185993269729525,10000,10,0E-31,0E-31,0,0,0,0,0,1838.3557167639576104185993269729525,1
2023-08-15 16:39:00,28383.557167639576104185993269729525,10000,10,0E-31,0E-31,0,0,0,0,0,1838.3557167639576104185993269729525,1
2023-08-15 16:40:00,28383.557167639576104185993269729525,10000,10,0E-31,0E-31,0,0,0,0,0,1838.3557167639576104185993269729525,1
2023-08-15 16:41:00,28381.718995740002103975595710158509,10000,10,0E-31,0E-31,0,0,0,0,0,1838.1718995740002103975595710158509,1
2023-08-15 16:42:00,28379.881007639238180157579952163288,10000,10,0E-31,0E-31,0,0,0,0,0,1837.9881007639238180157579952163288,1
2023-08-15 16:43:00,28378.043203318906289528627089454355,10000,10,0E-31,0E-31,0,0,0,0,0,1837.8043203318906289528627089454355,1
2023-08-15 16:44:00,28378.043203318906289528627089454355,10000,10,0E-31,0E-31,0,0,0,0,0,1837.8043203318906289528627089454355,1
2023-08-15 16:45:00,28378.043203318906289528627089454355,10000,10,0E-31,0E-31,0,0,0,0,0,1837.8043203318906289528627089454355,1
2023-08-15 16:46:00,28378.043203318906289528627089454355,10000,10,0E-31,0E-31,0,0,0,0,0,1837.8043203318906289528627089454355,1
2023-08-15 16:47:00,28376.205582760630226505976491805164,10000,10,0E-31,0E-31,0,0,0,0,0,1837.6205582760630226505976491805164,1
2023-08-15 16:48:00,28374.368145946035622943682123592800,10000,10,0E-31,0E-31,0,0,0,0,0,1837.4368145946035622943682123592800,1
2023-08-15 16:49:00,28374.368145946035622943682123592800,10000,10,0E-31,0E-31,0,0,0,0,0,1837.4368145946035622943682123592800,1
2023-08-15 16:50:00,28374.368145946035622943682123592800,10000,10,0E-31,0E-31,0,0,0,0,0,1837.4368145946035622943682123592800,1
2023-08-15 16:51:00,28372.530892856749947948887234869328,10000,10,0E-31,0E-31,0,0,0,0,0,1837.2530892856749947948887234869328,1
2023-08-15 16:52:00,28372.530892856749947948887234869328,10000,10,0E-31,0E-31,0,0,0,0,0,1837.2530892856749947948887234869328,1
2023-08-15 16:53:00,28370.693823474402507698117423127004,10000,10,0E-31,0E-31,0,0,0,0,0,1837.0693823474402507698117423127004,1
2023-08-15 16:54:00,28363.347382647045504808137432941803,10000,10,0E-31,0E-31,0,0,0,0,0,1836.3347382647045504808137432941803,1
2023-08-15 16:55:00,28363.347382647045504808137432941803,10000,10,0E-31,0E-31,0,0,0,0,0,1836.3347382647045504808137432941803,1
2023-08-15 16:56:00,28363.347382647045504808137432941803,10000,10,0E-31,0E-31,0,0,0,0,0,1836.3347382647045504808137432941803,1
2023-08-15 16:57:00,28363.347382647045504808137432941803,10000,10,0E-31,0E-31,0,0,0,0,0,1836.3347382647045504808137432941803,1
2023-08-15 16:58:00,28363.347382647045504808137432941803,10000,10,0E-31,0E-31,0,0,0,0,0,1836.3347382647045504808137432941803,1
2023-08-15 16:59:00,28363.347382647045504808137432941803,10000,10,0E-31,0E-31,0,0,0,0,0,1836.3347382647045504808137432941803,1
2023-08-15 17:00:00,28363.347382647045504808137432941803,10000,10,0E-31,0E-31,0,0,0,0,0,1836.3347382647045504808137432941803,1
2023-08-15 17:01:00,28363.347382647045504808137432941803,10000,10,0E-31,0E-31,0,0,0,0,0,1836.3347382647045504808137432941803,1
2023-08-15 17:02:00,28363.347382647045504808137432941803,10000,10,0E-31,0E-31,0,0,0,0,0,1836.3347382647045504808137432941803,1
2023-08-15 17:03:00,28363.347382647045504808137432941803,10000,10,0E-31,0E-31,0,0,0,0,0,1836.3347382647045504808137432941803,1
2023-08-15 17:04:00,28363.347382647045504808137432941803,10000,10,0E-31,0E-31,0,0,0,0,0,1836.3347382647045504808137432941803,1
2023-08-15 17:05:00,28363.347382647045504808137432941803,10000,10,0E-31,0E-31,0,0,0,0,0,1836.3347382647045504808137432941803,1
2023-08-15 17:06:00,28363.347382647045504808137432941803,10000,10,0E-31,0E-31,0,0,0,0,0,1836.3347382647045504808137432941803,1
2023-08-15 17:07:00,28363.347382647045504808137432941803,10000,10,0E-31,0E-31,0,0,0,0,0,1836.3347382647045504808137432941803,1
2023-08-15 17:08:00,28363.347382647045504808137432941803,10000,10,0E-31,0E-31,0,0,0,0,0,1836.3347382647045504808137432941803,1
2023-08-15 17:09:00,28363.347382647045504808137432941803,10000,10,0E-31,0E-31,0,0,0,0,0,1836.3347382647045504808137432941803,1
2023-08-15 17:10:00,28363.347382647045504808137432941803,10000,10,0E-31,0E-31,0,0,0,0,0,1836.3347382647045504808137432941803,1
2023-08-15 17:11:00,28365.183717385310209358618246685100,10000,10,0E-31,0E-31,0,0,0,0,0,1836.5183717385310209358618246685100,1
2023-08-15 17:12:00,28363.347382647045504808137432941803,10000,10,0E-31,0E-31,0,0,0,0,0,1836.3347382647045504808137432941803,1
2023-08-15 17:13:00,28363.347382647045504808137432941803,10000,10,0E-31,0E-31,0,0,0,0,0,1836.3347382647045504808137432941803,1
2023-08-15 17:14:00,28363.347382647045504808137432941803,10000,10,0E-31,0E-31,0,0,0,0,0,1836.3347382647045504808137432941803,1
2023-08-15 17:15:00,28363.347382647045504808137432941803,10000,10,0E-31,0E-31,0,0,0,0,0,1836.3347382647045504808137432941803,1
2023-08-15 17:16:00,28363.347382647045504808137432941803,10000,10,0E-31,0E-31,0,0,0,0,0,1836.3347382647045504808137432941803,1
2023-08-15 17:17:00,28363.347382647045504808137432941803,10000,10,0E-31,0E-31,0,0,0,0,0,1836.3347382647045504808137432941803,1
2023-08-15 17:18:00,28363.347382647045504808137432941803,10000,10,0E-31,0E-31,0,0,0,0,0,1836.3347382647045504808137432941803,1
2023-08-15 17:19:00,28363.347382647045504808137432941803,10000,10,0E-31,0E-31,0,0,0,0,0,1836.3347382647045504808137432941803,1
2023-08-15 17:20:00,28365.183717385310209358618246685100,10000,10,0E-31,0E-31,0,0,0,0,0,1836.5183717385310209358618246685100,1
2023-08-15 17:21:00,28365.183717385310209358618246685100,10000,10,0E-31,0E-31,0,0,0,0,0,1836.5183717385310209358618246685100,1
2023-08-15 17:22:00,28367.020235757048740379554108509758,10000,10,0E-31,0E-31,0,0,0,0,0,1836.7020235757048740379554108509758,1
2023-08-15 17:23:00,28370.693823474402507698117423127004,10000,10,0E-31,0E-31,0,0,0,0,0,1837.0693823474402507698117423127004,1
2023-08-15 17:24:00,28370.693823474402507698117423127004,10000,10,0E-31,0E-31,0,0,0,0,0,1837.0693823474402507698117423127004,1
2023-08-15 17:25:00,28376.205582760630226505976491805164,10000,10,0E-31,0E-31,0,0,0,0,0,1837.6205582760630226505976491805164,1
2023-08-15 17:26:00,28376.205582760630226505976491805164,10000,10,0E-31,0E-31,0,0,0,0,0,1837.6205582760630226505976491805164,1
2023-08-15 17:27:00,28376.205582760630226505976491805164,10000,10,0E-31,0E-31,0,0,0,0,0,1837.6205582760630226505976491805164,1
2023-08-15 17:28:00,28376.205582760630226505976491805164,10000,10,0E-31,0E-31,0,0,0,0,0,1837.6205582760630226505976491805164,1
2023-08-15 17:29:00,28376.205582760630226505976491805164,10000,10,0E-31,0E-31,0,0,0,0,0,1837.6205582760630226505976491805164,1
2023-08-15 17:30:00,28376.205582760630226505976491805164,10000,10,0E-31,0E-31,0,0,0,0,0,1837.6205582760630226505976491805164,1
2023-08-15 17:31:00,28376.205582760630226505976491805164,10000,10,0E-31,0E-31,0,0,0,0,0,1837.6205582760630226505976491805164,1
2023-08-15 17:32:00,28376.205582760630226505976491805164,10000,10,0E-31,0E-31,0,0,0,0,0,1837.6205582760630226505976491805164,1
2023-08-15 17:33:00,28376.205582760630226505976491805164,10000,10,0E-31,0E-31,0,0,0,0,0,1837.6205582760630226505976491805164,1
2023-08-15 17:34:00,28376.205582760630226505976491805164,10000,10,0E-31,0E-31,0,0,0,0,0,1837.6205582760630226505976491805164,1
2023-08-15 17:35:00,28376.205582760630226505976491805164,10000,10,0E-31,0E-31,0,0,0,0,0,1837.6205582760630226505976491805164,1
2023-08-15 17:36:00,28376.205582760630226505976491805164,10000,10,0E-31,0E-31,0,0,0,0,0,1837.6205582760630226505976491805164,1
2023-08-15 17:37:00,28379.881007639238180157579952163288,10000,10,0E-31,0E-31,0,0,0,0,0,1837.9881007639238180157579952163288,1
2023-08-15 17:38:00,28379.881007639238180157579952163288,10000,10,0E-31,0E-31,0,0,0,0,0,1837.9881007639238180157579952163288,1
2023-08-15 17:39:00,28379.881007639238180157579952163288,10000,10,0E-31,0E-31,0,0,0,0,0,1837.9881007639238180157579952163288,1
2023-08-15 17:40:00,28379.881007639238180157579952163288,10000,10,0E-31,0E-31,0,0,0,0,0,1837.9881007639238180157579952163288,1
2023-08-15 17:41:00,28379.881007639238180157579952163288,10000,10,0E-31,0E-31,0,0,0,0,0,1837.9881007639238180157579952163288,1
2023-08-15 17:42:00,28379.881007639238180157579952163288,10000,10,0E-31,0E-31,0,0,0,0,0,1837.9881007639238180157579952163288,1
2023-08-15 17:43:00,28379.881007639238180157579952163288,10000,10,0E-31,0E-31,0,0,0,0,0,1837.9881007639238180157579952163288,1
2023-08-15 17:44:00,28379.881007639238180157579952163288,10000,10,0E-31,0E-31,0,0,0,0,0,1837.9881007639238180157579952163288,1
2023-08-15 17:45:00,28379.881007639238180157579952163288,10000,10,0E-31,0E-31,0,0,0,0,0,1837.9881007639238180157579952163288,1
2023-08-15 17:46:00,28379.881007639238180157579952163288,10000,10,0E-31,0E-31,0,0,0,0,0,1837.9881007639238180157579952163288,1
2023-08-15 17:47:00,28379.881007639238180157579952163288,10000,10,0E-31,0E-31,0,0,0,0,0,1837.9881007639238180157579952163288,1
2023-08-15 17:48:00,28379.881007639238180157579952163288,10000,10,0E-31,0E-31,0,0,0,0,0,1837.9881007639238180157579952163288,1
2023-08-15 17:49:00,28379.881007639238180157579952163288,10000,10,0E-31,0E-31,0,0,0,0,0,1837.9881007639238180157579952163288,1
2023-08-15 17:50:00,28379.881007639238180157579952163288,10000,10,0E-31,0E-31,0,0,0,0,0,1837.9881007639238180157579952163288,1
2023-08-15 17:51:00,28379.881007639238180157579952163288,10000,10,0E-31,0E-31,0,0,0,0,0,1837.9881007639238180157579952163288,1
2023-08-15 17:52:00,28379.881007639238180157579952163288,10000,10,0E-31,0E-31,0,0,0,0,0,1837.9881007639238180157579952163288,1
2023-08-15 17:53:00,28379.881007639238180157579952163288,10000,10,0E-31,0E-31,0,0,0,0,0,1837.9881007639238180157579952163288,1
2023-08-15 17:54:00,28379.881007639238180157579952163288,10000,10,0E-31,0E-31,0,0,0,0,0,1837.9881007639238180157579952163288,1
2023-08-15 17:55:00,28379.881007639238180157579952163288,10000,10,0E-31,0E-31,0,0,0,0,0,1837.9881007639238180157579952163288,1
2023-08-15 17:56:00,28379.881007639238180157579952163288,10000,10,0E-31,0E-31,0,0,0,0,0,1837.9881007639238180157579952163288,1
2023-08-15 17:57:00,28379.881007639238180157579952163288,10000,10,0E-31,0E-31,0,0,0,0,0,1837.9881007639238180157579952163288,1
2023-08-15 17:58:00,28379.881007639238180157579952163288,10000,10,0E-31,0E-31,0,0,0,0,0,1837.9881007639238180157579952163288,1
2023-08-15 17:59:00,28378.043203318906289528627089454355,10000,10,0E-31,0E-31,0,0,0,0,0,1837.8043203318906289528627089454355,1
2023-08-15 18:00:00,28378.043203318906289528627089454355,10000,10,0E-31,0E-31,0,0,0,0,0,1837.8043203318906289528627089454355,1
2023-08-15 18:01:00,28390.911693593598060028508986571361,10000,10,0E-31,0E-31,0,0,0,0,0,1839.0911693593598060028508986571361,1
2023-08-15 18:02:00,28390.911693593598060028508986571361,10000,10,0E-31,0E-31,0,0,0,0,0,1839.0911693593598060028508986571361,1
2023-08-15 18:03:00,28390.911693593598060028508986571361,10000,10,0E-31,0E-31,0,0,0,0,0,1839.0911693593598060028508986571361,1
2023-08-15 18:04:00,28389.072786314966563372171769394423,10000,10,0E-31,0E-31,0,0,0,0,0,1838.9072786314966563372171769394423,1
2023-08-15 18:05:00,28389.072786314966563372171769394423,10000,10,0E-31,0E-31,0,0,0,0,0,1838.9072786314966563372171769394423,1
2023-08-15 18:06:00,28389.072786314966563372171769394423,10000,10,0E-31,0E-31,0,0,0,0,0,1838.9072786314966563372171769394423,1
2023-08-15 18:07:00,28389.072786314966563372171769394423,10000,10,0E-31,0E-31,0,0,0,0,0,1838.9072786314966563372171769394423,1
2023-08-15 18:08:00,28385.395523356340061796411869056503,10000,10,0E-31,0E-31,0,0,0,0,0,1838.5395523356340061796411869056503,1
2023-08-15 18:09:00,28379.881007639238180157579952163288,10000,10,0E-31,0E-31,0,0,0,0,0,1837.9881007639238180157579952163288,1
2023-08-15 18:10:00,28379.881007639238180157579952163288,10000,10,0E-31,0E-31,0,0,0,0,0,1837.9881007639238180157579952163288,1
2023-08-15 18:11:00,28376.205582760630226505976491805164,10000,10,0E-31,0E-31,0,0,0,0,0,1837.6205582760630226505976491805164,1
2023-08-15 18:12:00,28376.205582760630226505976491805164,10000,10,0E-31,0E-31,0,0,0,0,0,1837.6205582760630226505976491805164,1
2023-08-15 18:13:00,28376.205582760630226505976491805164,10000,10,0E-31,0E-31,0,0,0,0,0,1837.6205582760630226505976491805164,1
2023-08-15 18:14:00,28374.368145946035622943682123592800,10000,10,0E-31,0E-31,0,0,0,0,0,1837.4368145946035622943682123592800,1
2023-08-15 18:15:00,28372.530892856749947948887234869328,10000,10,0E-31,0E-31,0,0,0,0,0,1837.2530892856749947948887234869328,1
2023-08-15 18:16:00,28372.530892856749947948887234869328,10000,10,0E-31,0E-31,0,0,0,0,0,1837.2530892856749947948887234869328,1
2023-08-15 18:17:00,28372.530892856749947948887234869328,10000,10,0E-31,0E-31,0,0,0,0,0,1837.2530892856749947948887234869328,1
2023-08-15 18:18:00,28372.530892856749947948887234869328,10000,10,0E-31,0E-31,0,0,0,0,0,1837.2530892856749947948887234869328,1
2023-08-15 18:19:00,28372.530892856749947948887234869328,10000,10,0E-31,0E-31,0,0,0,0,0,1837.2530892856749947948887234869328,1
2023-08-15 18:20:00,28372.530892856749947948887234869328,10000,10,0E-31,0E-31,0,0,0,0,0,1837.2530892856749947948887234869328,1
2023-08-15 18:21:00,28370.693823474402507698117423127004,10000,10,0E-31,0E-31,0,0,0,0,0,1837.0693823474402507698117423127004,1
2023-08-15 18:22:00,28370.693823474402507698117423127004,10000,10,0E-31,0E-31,0,0,0,0,0,1837.0693823474402507698117423127004,1
2023-08-15 18:23:00,28370.693823474402507698117423127004,10000,10,0E-31,0E-31,0,0,0,0,0,1837.0693823474402507698117423127004,1
2023-08-15 18:24:00,28370.693823474402507698117423127004,10000,10,0E-31,0E-31,0,0,0,0,0,1837.0693823474402507698117423127004,1
2023-08-15 18:25:00,28370.693823474402507698117423127004,10000,10,0E-31,0E-31,0,0,0,0,0,1837.0693823474402507698117423127004,1
2023-08-15 18:26:00,28370.693823474402507698117423127004,10000,10,0E-31,0E-31,0,0,0,0,0,1837.0693823474402507698117423127004,1
2023-08-15 18:27:00,28370.693823474402507698117423127004,10000,10,0E-31,0E-31,0,0,0,0,0,1837.0693823474402507698117423127004,1
2023-08-15 18:28:00,28372.530892856749947948887234869328,10000,10,0E-31,0E-31,0,0,0,0,0,1837.2530892856749947948887234869328,1
2023-08-15 18:29:00,28374.368145946035622943682123592800,10000,10,0E-31,0E-31,0,0,0,0,0,1837.4368145946035622943682123592800,1
2023-08-15 18:30:00,28374.368145946035622943682123592800,10000,10,0E-31,0E-31,0,0,0,0,0,1837.4368145946035622943682123592800,1
2023-08-15 18:31:00,28379.881007639238180157579952163288,10000,10,0E-31,0E-31,0,0,0,0,0,1837.9881007639238180157579952163288,1
2023-08-15 18:32:00,28379.881007639238180157579952163288,10000,10,0E-31,0E-31,0,0,0,0,0,1837.9881007639238180157579952163288,1
2023-08-15 18:33:00,28379.881007639238180157579952163288,10000,10,0E-31,0E-31,0,0,0,0,0,1837.9881007639238180157579952163288,1
2023-08-15 18:34:00,28381.718995740002103975595710158509,10000,10,0E-31,0E-31,0,0,0,0,0,1838.1718995740002103975595710158509,1
2023-08-15 18:35:00,28385.395523356340061796411869056503,10000,10,0E-31,0E-31,0,0,0,0,0,1838.5395523356340061796411869056503,1
2023-08-15 18:36:00,28389.072786314966563372171769394423,10000,10,0E-31,0E-31,0,0,0,0,0,1838.9072786314966563372171769394423,1
2023-08-15 18:37:00,28392.750784762957419834511837470031,10000,10,0E-31,0E-31,0,0,0,0,0,1839.2750784762957419834511837470031,1
2023-08-15 18:38:00,28392.750784762957419834511837470031,10000,10,0E-31,0E-31,0,0,0,0,0,1839.2750784762957419834511837470031,1
2023-08-15 18:39:00,28392.750784762957419834511837470031,10000,10,0E-31,0E-31,0,0,0,0,0,1839.2750784762957419834511837470031,1
2023-08-15 18:40:00,28392.750784762957419834511837470031,10000,10,0E-31,0E-31,0,0,0,0,0,1839.2750784762957419834511837470031,1
2023-08-15 18:41:00,28392.750784762957419834511837470031,10000,10,0E-31,0E-31,0,0,0,0,0,1839.2750784762957419834511837470031,1
2023-08-15 18:42:00,28392.750784762957419834511837470031,10000,10,0E-31,0E-31,0,0,0,0,0,1839.2750784762957419834511837470031,1
2023-08-15 18:43:00,28392.750784762957419834511837470031,10000,10,0E-31,0E-31,0,0,0,0,0,1839.2750784762957419834511837470031,1
2023-08-15 18:44:00,28392.750784762957419834511837470031,10000,10,0E-31,0E-31,0,0,0,0,0,1839.2750784762957419834511837470031,1
2023-08-15 18:45:00,28392.750784762957419834511837470031,10000,10,0E-31,0E-31,0,0,0,0,0,1839.2750784762957419834511837470031,1
2023-08-15 18:46:00,28392.750784762957419834511837470031,10000,10,0E-31,0E-31,0,0,0,0,0,1839.2750784762957419834511837470031,1
2023-08-15 18:47:00,28392.750784762957419834511837470031,10000,10,0E-31,0E-31,0,0,0,0,0,1839.2750784762957419834511837470031,1
2023-08-15 18:48:00,28392.750784762957419834511837470031,10000,10,0E-31,0E-31,0,0,0,0,0,1839.2750784762957419834511837470031,1
2023-08-15 18:49:00,28392.750784762957419834511837470031,10000,10,0E-31,0E-31,0,0,0,0,0,1839.2750784762957419834511837470031,1
2023-08-15 18:50:00,28392.750784762957419834511837470031,10000,10,0E-31,0E-31,0,0,0,0,0,1839.2750784762957419834511837470031,1
2023-08-15 18:51:00,28387.234062908675695802591510243415,10000,10,0E-31,0E-31,0,0,0,0,0,1838.7234062908675695802591510243415,1
2023-08-15 18:52:00,28387.234062908675695802591510243415,10000,10,0E-31,0E-31,0,0,0,0,0,1838.7234062908675695802591510243415,1
2023-08-15 18:53:00,28387.234062908675695802591510243415,10000,10,0E-31,0E-31,0,0,0,0,0,1838.7234062908675695802591510243415,1
2023-08-15 18:54:00,28387.234062908675695802591510243415,10000,10,0E-31,0E-31,0,0,0,0,0,1838.7234062908675695802591510243415,1
2023-08-15 18:55:00,28387.234062908675695802591510243415,10000,10,0E-31,0E-31,0,0,0,0,0,1838.7234062908675695802591510243415,1
2023-08-15 18:56:00,28387.234062908675695802591510243415,10000,10,0E-31,0E-31,0,0,0,0,0,1838.7234062908675695802591510243415,1
2023-08-15 18:57:00,28387.234062908675695802591510243415,10000,10,0E-31,0E-31,0,0,0,0,0,1838.7234062908675695802591510243415,1
2023-08-15 18:58:00,28387.234062908675695802591510243415,10000,10,0E-31,0E-31,0,0,0,0,0,1838.7234062908675695802591510243415,1
2023-08-15 18:59:00,28387.234062908675695802591510243415,10000,10,0E-31,0E-31,0,0,0,0,0,1838.7234062908675695802591510243415,1
2023-08-15 19:00:00,28385.395523356340061796411869056503,10000,10,0E-31,0E-31,0,0,0,0,0,1838.5395523356340061796411869056503,1
2023-08-15 19:01:00,28385.395523356340061796411869056503,10000,10,0E-31,0E-31,0,0,0,0,0,1838.5395523356340061796411869056503,1
2023-08-15 19:02:00,28385.395523356340061796411869056503,10000,10,0E-31,0E-31,0,0,0,0,0,1838.5395523356340061796411869056503,1
2023-08-15 19:03:00,28389.072786314966563372171769394423,10000,10,0E-31,0E-31,0,0,0,0,0,1838.9072786314966563372171769394423,1
2023-08-15 19:04:00,28389.072786314966563372171769394423,10000,10,0E-31,0E-31,0,0,0,0,0,1838.9072786314966563372171769394423,1
2023-08-15 19:05:00,28385.395523356340061796411869056503,10000,10,0E-31,0E-31,0,0,0,0,0,1838.5395523356340061796411869056503,1
2023-08-15 19:06:00,28381.718995740002103975595710158509,10000,10,0E-31,0E-31,0,0,0,0,0,1838.1718995740002103975595710158509,1
2023-08-15 19:07:00,28379.881007639238180157579952163288,10000,10,0E-31,0E-31,0,0,0,0,0,1837.9881007639238180157579952163288,1
2023-08-15 19:08:00,28308.342639057322409291192216058425,10000,10,0E-31,0E-31,0,0,0,0,0,1830.8342639057322409291192216058425,1
2023-08-15 19:09:00,28207.928168092895382620693080406878,10000,10,0E-31,0E-31,0,0,0,0,0,1820.7928168092895382620693080406878,1
2023-08-15 19:10:00,28207.928168092895382620693080406878,10000,10,0E-31,0E-31,0,0,0,0,0,1820.7928168092895382620693080406878,1
2023-08-15 19:11:00,28164.283716965300503175647418232131,10000,10,0E-31,0E-31,0,0,0,0,0,1816.4283716965300503175647418232131,1
2023-08-15 19:12:00,28173.367675433806769450439884357651,10000,10,0E-31,0E-31,0,0,0,0,0,1817.3367675433806769450439884357651,1
2023-08-15 19:13:00,28175.185012201350150127384928346086,10000,10,0E-31,0E-31,0,0,0,0,0,1817.5185012201350150127384928346086,1
2023-08-15 19:14:00,28193.368378228210917039781354676454,10000,10,0E-31,0E-31,0,0,0,0,0,1819.3368378228210917039781354676454,1
2023-08-15 19:15:00,28187.911459134938749907511665201642,10000,10,0E-31,0E-31,0,0,0,0,0,1818.7911459134938749907511665201642,1
2023-08-15 19:16:00,28204.287128624299236530394636175704,10000,10,0E-31,0E-31,0,0,0,0,0,1820.4287128624299236530394636175704,1
2023-08-15 19:17:00,28200.646817254380187949002956094458,10000,10,0E-31,0E-31,0,0,0,0,0,1820.0646817254380187949002956094458,1
2023-08-15 19:18:00,28202.466881936105625967797856390059,10000,10,0E-31,0E-31,0,0,0,0,0,1820.2466881936105625967797856390059,1
2023-08-15 19:19:00,28218.855656547162210131176834368329,10000,10,0E-31,0E-31,0,0,0,0,0,1821.8855656547162210131176834368329,1
2023-08-15 19:20:00,28226.144292013997712356716216529424,10000,10,0E-31,0E-31,0,0,0,0,0,1822.6144292013997712356716216529424,1
2023-08-15 19:21:00,28227.966906443199112127951888151088,10000,10,0E-31,0E-31,0,0,0,0,0,1822.7966906443199112127951888151088,1
2023-08-15 19:22:00,28229.789703133843432039164683339890,10000,10,0E-31,0E-31,0,0,0,0,0,1822.9789703133843432039164683339890,1
2023-08-15 19:23:00,28227.966906443199112127951888151088,10000,10,0E-31,0E-31,0,0,0,0,0,1822.7966906443199112127951888151088,1
2023-08-15 19:24:00,28226.144292013997712356716216529424,10000,10,0E-31,0E-31,0,0,0,0,0,1822.6144292013997712356716216529424,1
2023-08-15 19:25:00,28226.144292013997712356716216529424,10000,10,0E-31,0E-31,0,0,0,0,0,1822.6144292013997712356716216529424,1
2023-08-15 19:26:00,28224.321859828014910865629653564077,10000,10,0E-31,0E-31,0,0,0,0,0,1822.4321859828014910865629653564077,1
2023-08-15 19:27:00,28220.677542112816926352189952051770,10000,10,0E-31,0E-31,0,0,0,0,0,1822.0677542112816926352189952051770,1
2023-08-15 19:28:00,28220.677542112816926352189952051770,10000,10,0E-31,0E-31,0,0,0,0,0,1822.0677542112816926352189952051770,1
2023-08-15 19:29:00,28220.677542112816926352189952051770,10000,10,0E-31,0E-31,0,0,0,0,0,1822.0677542112816926352189952051770,1
2023-08-15 19:30:00,28220.677542112816926352189952051770,10000,10,0E-31,0E-31,0,0,0,0,0,1822.0677542112816926352189952051770,1
2023-08-15 19:31:00,28215.212431908656159812652705700660,10000,10,0E-31,0E-31,0,0,0,0,0,1821.5212431908656159812652705700660,1
2023-08-15 19:32:00,28215.212431908656159812652705700660,10000,10,0E-31,0E-31,0,0,0,0,0,1821.5212431908656159812652705700660,1
2023-08-15 19:33:00,28222.499609867028208044825171046964,10000,10,0E-31,0E-31,0,0,0,0,0,1822.2499609867028208044825171046964,1
2023-08-15 19:34:00,28220.677542112816926352189952051770,10000,10,0E-31,0E-31,0,0,0,0,0,1822.0677542112816926352189952051770,1
2023-08-15 19:35:00,28220.677542112816926352189952051770,10000,10,0E-31,0E-31,0,0,0,0,0,1822.0677542112816926352189952051770,1
2023-08-15 19:36:00,28218.855656547162210131176834368329,10000,10,0E-31,0E-31,0,0,0,0,0,1821.8855656547162210131176834368329,1
2023-08-15 19:37:00,28218.855656547162210131176834368329,10000,10,0E-31,0E-31,0,0,0,0,0,1821.8855656547162210131176834368329,1
2023-08-15 19:38:00,28226.144292013997712356716216529424,10000,10,0E-31,0E-31,0,0,0,0,0,1822.6144292013997712356716216529424,1
2023-08-15 19:39:00,28233.435843372367232064006836668214,10000,10,0E-31,0E-31,0,0,0,0,0,1823.3435843372367232064006836668214,1
2023-08-15 19:40:00,28233.435843372367232064006836668214,10000,10,0E-31,0E-31,0,0,0,0,0,1823.3435843372367232064006836668214,1
2023-08-15 19:41:00,28233.435843372367232064006836668214,10000,10,0E-31,0E-31,0,0,0,0,0,1823.3435843372367232064006836668214,1
2023-08-15 19:42:00,28233.435843372367232064006836668214,10000,10,0E-31,0E-31,0,0,0,0,0,1823.3435843372367232064006836668214,1
2023-08-15 19:43:00,28233.435843372367232064006836668214,10000,10,0E-31,0E-31,0,0,0,0,0,1823.3435843372367232064006836668214,1
2023-08-15 19:44:00,28233.435843372367232064006836668214,10000,10,0E-31,0E-31,0,0,0,0,0,1823.3435843372367232064006836668214,1
2023-08-15 19:45:00,28229.789703133843432039164683339890,10000,10,0E-31,0E-31,0,0,0,0,0,1822.9789703133843432039164683339890,1
2023-08-15 19:46:00,28229.789703133843432039164683339890,10000,10,0E-31,0E-31,0,0,0,0,0,1822.9789703133843432039164683339890,1
2023-08-15 19:47:00,28229.789703133843432039164683339890,10000,10,0E-31,0E-31,0,0,0,0,0,1822.9789703133843432039164683339890,1
2023-08-15 19:48:00,28244.378640258463226373566837601540,10000,10,0E-31,0E-31,0,0,0,0,0,1824.4378640258463226373566837601540,1
2023-08-15 19:49:00,28244.378640258463226373566837601540,10000,10,0E-31,0E-31,0,0,0,0,0,1824.4378640258463226373566837601540,1
2023-08-15 19:50:00,28248.027698430301321603473814704730,10000,10,0E-31,0E-31,0,0,0,0,0,1824.8027698430301321603473814704730,1
2023-08-15 19:51:00,28248.027698430301321603473814704730,10000,10,0E-31,0E-31,0,0,0,0,0,1824.8027698430301321603473814704730,1
2023-08-15 19:52:00,28248.027698430301321603473814704730,10000,10,0E-31,0E-31,0,0,0,0,0,1824.8027698430301321603473814704730,1
2023-08-15 19:53:00,28260.805150543764044266092390104334,10000,10,0E-31,0E-31,0,0,0,0,0,1826.0805150543764044266092390104334,1
2023-08-15 19:54:00,28268.110568325335629192331593579387,10000,10,0E-31,0E-31,0,0,0,0,0,1826.8110568325335629192331593579387,1
2023-08-15 19:55:00,28273.591549557418390209483504456608,10000,10,0E-31,0E-31,0,0,0,0,0,1827.3591549557418390209483504456608,1
2023-08-15 19:56:00,28273.591549557418390209483504456608,10000,10,0E-31,0E-31,0,0,0,0,0,1827.3591549557418390209483504456608,1
2023-08-15 19:57:00,28273.591549557418390209483504456608,10000,10,0E-31,0E-31,0,0,0,0,0,1827.3591549557418390209483504456608,1
2023-08-15 19:58:00,28273.591549557418390209483504456608,10000,10,0E-31,0E-31,0,0,0,0,0,1827.3591549557418390209483504456608,1
2023-08-15 19:59:00,28273.591549557418390209483504456608,10000,10,0E-31,0E-31,0,0,0,0,0,1827.3591549557418390209483504456608,1
2023-08-15 20:00:00,28271.764373120106379571526351821428,10000,10,0E-31,0E-31,0,0,0,0,0,1827.1764373120106379571526351821428,1
2023-08-15 20:01:00,28260.805150543764044266092390104334,10000,10,0E-31,0E-31,0,0,0,0,0,1826.0805150543764044266092390104334,1
2023-08-15 20:02:00,28253.502654198909392607424806274958,10000,10,0E-31,0E-31,0,0,0,0,0,1825.3502654198909392607424806274958,1
2023-08-15 20:03:00,28242.554384819981228250741763425207,10000,10,0E-31,0E-31,0,0,0,0,0,1824.2554384819981228250741763425207,1
2023-08-15 20:04:00,28242.554384819981228250741763425207,10000,10,0E-31,0E-31,0,0,0,0,0,1824.2554384819981228250741763425207,1
2023-08-15 20:05:00,28242.554384819981228250741763425207,10000,10,0E-31,0E-31,0,0,0,0,0,1824.2554384819981228250741763425207,1
2023-08-15 20:06:00,28248.027698430301321603473814704730,10000,10,0E-31,0E-31,0,0,0,0,0,1824.8027698430301321603473814704730,1
2023-08-15 20:07:00,28249.852501200144351735634162086207,10000,10,0E-31,0E-31,0,0,0,0,0,1824.9852501200144351735634162086207,1
2023-08-15 20:08:00,28249.852501200144351735634162086207,10000,10,0E-31,0E-31,0,0,0,0,0,1824.9852501200144351735634162086207,1
2023-08-15 20:09:00,28253.502654198909392607424806274958,10000,10,0E-31,0E-31,0,0,0,0,0,1825.3502654198909392607424806274958,1
2023-08-15 20:10:00,28253.502654198909392607424806274958,10000,10,0E-31,0E-31,0,0,0,0,0,1825.3502654198909392607424806274958,1
2023-08-15 20:11:00,28253.502654198909392607424806274958,10000,10,0E-31,0E-31,0,0,0,0,0,1825.3502654198909392607424806274958,1
2023-08-15 20:12:00,28253.502654198909392607424806274958,10000,10,0E-31,0E-31,0,0,0,0,0,1825.3502654198909392607424806274958,1
2023-08-15 20:13:00,28257.153537264775716475040217310465,10000,10,0E-31,0E-31,0,0,0,0,0,1825.7153537264775716475040217310465,1
2023-08-15 20:14:00,28255.328004464329283546685548755587,10000,10,0E-31,0E-31,0,0,0,0,0,1825.5328004464329283546685548755587,1
2023-08-15 20:15:00,28255.328004464329283546685548755587,10000,10,0E-31,0E-31,0,0,0,0,0,1825.5328004464329283546685548755587,1
2023-08-15 20:16:00,28255.328004464329283546685548755587,10000,10,0E-31,0E-31,0,0,0,0,0,1825.5328004464329283546685548755587,1
2023-08-15 20:17:00,28255.328004464329283546685548755587,10000,10,0E-31,0E-31,0,0,0,0,0,1825.5328004464329283546685548755587,1
2023-08-15 20:18:00,28262.631231058818420670518999343339,10000,10,0E-31,0E-31,0,0,0,0,0,1826.2631231058818420670518999343339,1
2023-08-15 20:19:00,28262.631231058818420670518999343339,10000,10,0E-31,0E-31,0,0,0,0,0,1826.2631231058818420670518999343339,1
2023-08-15 20:20:00,28273.591549557418390209483504456608,10000,10,0E-31,0E-31,0,0,0,0,0,1827.3591549557418390209483504456608,1
2023-08-15 20:21:00,28273.591549557418390209483504456608,10000,10,0E-31,0E-31,0,0,0,0,0,1827.3591549557418390209483504456608,1
2023-08-15 20:22:00,28273.591549557418390209483504456608,10000,10,0E-31,0E-31,0,0,0,0,0,1827.3591549557418390209483504456608,1
2023-08-15 20:23:00,28273.591549557418390209483504456608,10000,10,0E-31,0E-31,0,0,0,0,0,1827.3591549557418390209483504456608,1
2023-08-15 20:24:00,28273.591549557418390209483504456608,10000,10,0E-31,0E-31,0,0,0,0,0,1827.3591549557418390209483504456608,1
2023-08-15 20:25:00,28273.591549557418390209483504456608,10000,10,0E-31,0E-31,0,0,0,0,0,1827.3591549557418390209483504456608,1
2023-08-15 20:26:00,28271.764373120106379571526351821428,10000,10,0E-31,0E-31,0,0,0,0,0,1827.1764373120106379571526351821428,1
2023-08-15 20:27:00,28273.591549557418390209483504456608,10000,10,0E-31,0E-31,0,0,0,0,0,1827.3591549557418390209483504456608,1
2023-08-15 20:28:00,28282.730172874097107620512145264054,10000,10,0E-31,0E-31,0,0,0,0,0,1828.2730172874097107620512145264054,1
2023-08-15 20:29:00,28286.386901735973655783007323898219,10000,10,0E-31,0E-31,0,0,0,0,0,1828.6386901735973655783007323898219,1
2023-08-15 20:30:00,28286.386901735973655783007323898219,10000,10,0E-31,0E-31,0,0,0,0,0,1828.6386901735973655783007323898219,1
2023-08-15 20:31:00,28286.386901735973655783007323898219,10000,10,0E-31,0E-31,0,0,0,0,0,1828.6386901735973655783007323898219,1
2023-08-15 20:32:00,28286.386901735973655783007323898219,10000,10,0E-31,0E-31,0,0,0,0,0,1828.6386901735973655783007323898219,1
2023-08-15 20:33:00,28286.386901735973655783007323898219,10000,10,0E-31,0E-31,0,0,0,0,0,1828.6386901735973655783007323898219,1
2023-08-15 20:34:00,28286.386901735973655783007323898219,10000,10,0E-31,0E-31,0,0,0,0,0,1828.6386901735973655783007323898219,1
2023-08-15 20:35:00,28288.215540426147253148585624630616,10000,10,0E-31,0E-31,0,0,0,0,0,1828.8215540426147253148585624630616,1
2023-08-15 20:36:00,28288.215540426147253148585624630616,10000,10,0E-31,0E-31,0,0,0,0,0,1828.8215540426147253148585624630616,1
2023-08-15 20:37:00,28288.215540426147253148585624630616,10000,10,0E-31,0E-31,0,0,0,0,0,1828.8215540426147253148585624630616,1
2023-08-15 20:38:00,28288.215540426147253148585624630616,10000,10,0E-31,0E-31,0,0,0,0,0,1828.8215540426147253148585624630616,1
2023-08-15 20:39:00,28288.215540426147253148585624630616,10000,10,0E-31,0E-31,0,0,0,0,0,1828.8215540426147253148585624630616,1
2023-08-15 20:40:00,28288.215540426147253148585624630616,10000,10,0E-31,0E-31,0,0,0,0,0,1828.8215540426147253148585624630616,1
2023-08-15 20:41:00,28288.215540426147253148585624630616,10000,10,0E-31,0E-31,0,0,0,0,0,1828.8215540426147253148585624630616,1
2023-08-15 20:42:00,28288.215540426147253148585624630616,10000,10,0E-31,0E-31,0,0,0,0,0,1828.8215540426147253148585624630616,1
2023-08-15 20:43:00,28288.215540426147253148585624630616,10000,10,0E-31,0E-31,0,0,0,0,0,1828.8215540426147253148585624630616,1
2023-08-15 20:44:00,28288.215540426147253148585624630616,10000,10,0E-31,0E-31,0,0,0,0,0,1828.8215540426147253148585624630616,1
2023-08-15 20:45:00,28288.215540426147253148585624630616,10000,10,0E-31,0E-31,0,0,0,0,0,1828.8215540426147253148585624630616,1
2023-08-15 20:46:00,28288.215540426147253148585624630616,10000,10,0E-31,0E-31,0,0,0,0,0,1828.8215540426147253148585624630616,1
2023-08-15 20:47:00,28288.215540426147253148585624630616,10000,10,0E-31,0E-31,0,0,0,0,0,1828.8215540426147253148585624630616,1
2023-08-15 20:48:00,28288.215540426147253148585624630616,10000,10,0E-31,0E-31,0,0,0,0,0,1828.8215540426147253148585624630616,1
2023-08-15 20:49:00,28288.215540426147253148585624630616,10000,10,0E-31,0E-31,0,0,0,0,0,1828.8215540426147253148585624630616,1
2023-08-15 20:50:00,28286.386901735973655783007323898219,10000,10,0E-31,0E-31,0,0,0,0,0,1828.6386901735973655783007323898219,1
2023-08-15 20:51:00,28286.386901735973655783007323898219,10000,10,0E-31,0E-31,0,0,0,0,0,1828.6386901735973655783007323898219,1
2023-08-15 20:52:00,28286.386901735973655783007323898219,10000,10,0E-31,0E-31,0,0,0,0,0,1828.6386901735973655783007323898219,1
2023-08-15 20:53:00,28290.044361980189867873900483193078,10000,10,0E-31,0E-31,0,0,0,0,0,1829.0044361980189867873900483193078,1
2023-08-15 20:54:00,28286.386901735973655783007323898219,10000,10,0E-31,0E-31,0,0,0,0,0,1828.6386901735973655783007323898219,1
2023-08-15 20:55:00,28280.902082665830524568055339730065,10000,10,0E-31,0E-31,0,0,0,0,0,1828.0902082665830524568055339730065,1
2023-08-15 20:56:00,28280.902082665830524568055339730065,10000,10,0E-31,0E-31,0,0,0,0,0,1828.0902082665830524568055339730065,1
2023-08-15 20:57:00,28280.902082665830524568055339730065,10000,10,0E-31,0E-31,0,0,0,0,0,1828.0902082665830524568055339730065,1
2023-08-15 20:58:00,28280.902082665830524568055339730065,10000,10,0E-31,0E-31,0,0,0,0,0,1828.0902082665830524568055339730065,1
2023-08-15 20:59:00,28280.902082665830524568055339730065,10000,10,0E-31,0E-31,0,0,0,0,0,1828.0902082665830524568055339730065,1
2023-08-15 21:00:00,28280.902082665830524568055339730065,10000,10,0E-31,0E-31,0,0,0,0,0,1828.0902082665830524568055339730065,1
2023-08-15 21:01:00,28280.902082665830524568055339730065,10000,10,0E-31,0E-31,0,0,0,0,0,1828.0902082665830524568055339730065,1
2023-08-15 21:02:00,28280.902082665830524568055339730065,10000,10,0E-31,0E-31,0,0,0,0,0,1828.0902082665830524568055339730065,1
2023-08-15 21:03:00,28280.902082665830524568055339730065,10000,10,0E-31,0E-31,0,0,0,0,0,1828.0902082665830524568055339730065,1
2023-08-15 21:04:00,28279.074175248305693998655474182659,10000,10,0E-31,0E-31,0,0,0,0,0,1827.9074175248305693998655474182659,1
2023-08-15 21:05:00,28279.074175248305693998655474182659,10000,10,0E-31,0E-31,0,0,0,0,0,1827.9074175248305693998655474182659,1
2023-08-15 21:06:00,28275.418908712374132048504452807043,10000,10,0E-31,0E-31,0,0,0,0,0,1827.5418908712374132048504452807043,1
2023-08-15 21:07:00,28275.418908712374132048504452807043,10000,10,0E-31,0E-31,0,0,0,0,0,1827.5418908712374132048504452807043,1
2023-08-15 21:08:00,28275.418908712374132048504452807043,10000,10,0E-31,0E-31,0,0,0,0,0,1827.5418908712374132048504452807043,1
2023-08-15 21:09:00,28275.418908712374132048504452807043,10000,10,0E-31,0E-31,0,0,0,0,0,1827.5418908712374132048504452807043,1
2023-08-15 21:10:00,28271.764373120106379571526351821428,10000,10,0E-31,0E-31,0,0,0,0,0,1827.1764373120106379571526351821428,1
2023-08-15 21:11:00,28271.764373120106379571526351821428,10000,10,0E-31,0E-31,0,0,0,0,0,1827.1764373120106379571526351821428,1
2023-08-15 21:12:00,28271.764373120106379571526351821428,10000,10,0E-31,0E-31,0,0,0,0,0,1827.1764373120106379571526351821428,1
2023-08-15 21:13:00,28271.764373120106379571526351821428,10000,10,0E-31,0E-31,0,0,0,0,0,1827.1764373120106379571526351821428,1
2023-08-15 21:14:00,28271.764373120106379571526351821428,10000,10,0E-31,0E-31,0,0,0,0,0,1827.1764373120106379571526351821428,1
2023-08-15 21:15:00,28273.591549557418390209483504456608,10000,10,0E-31,0E-31,0,0,0,0,0,1827.3591549557418390209483504456608,1
2023-08-15 21:16:00,28273.591549557418390209483504456608,10000,10,0E-31,0E-31,0,0,0,0,0,1827.3591549557418390209483504456608,1
2023-08-15 21:17:00,28273.591549557418390209483504456608,10000,10,0E-31,0E-31,0,0,0,0,0,1827.3591549557418390209483504456608,1
2023-08-15 21:18:00,28273.591549557418390209483504456608,10000,10,0E-31,0E-31,0,0,0,0,0,1827.3591549557418390209483504456608,1
2023-08-15 21:19:00,28271.764373120106379571526351821428,10000,10,0E-31,0E-31,0,0,0,0,0,1827.1764373120106379571526351821428,1
2023-08-15 21:20:00,28271.764373120106379571526351821428,10000,10,0E-31,0E-31,0,0,0,0,0,1827.1764373120106379571526351821428,1
2023-08-15 21:21:00,28271.764373120106379571526351821428,10000,10,0E-31,0E-31,0,0,0,0,0,1827.1764373120106379571526351821428,1
2023-08-15 21:22:00,28271.764373120106379571526351821428,10000,10,0E-31,0E-31,0,0,0,0,0,1827.1764373120106379571526351821428,1
2023-08-15 21:23:00,28271.764373120106379571526351821428,10000,10,0E-31,0E-31,0,0,0,0,0,1827.1764373120106379571526351821428,1
2023-08-15 21:24:00,28277.246450603245369461709303252322,10000,10,0E-31,0E-31,0,0,0,0,0,1827.7246450603245369461709303252322,1
2023-08-15 21:25:00,28279.074175248305693998655474182659,10000,10,0E-31,0E-31,0,0,0,0,0,1827.9074175248305693998655474182659,1
2023-08-15 21:26:00,28279.074175248305693998655474182659,10000,10,0E-31,0E-31,0,0,0,0,0,1827.9074175248305693998655474182659,1
2023-08-15 21:27:00,28279.074175248305693998655474182659,10000,10,0E-31,0E-31,0,0,0,0,0,1827.9074175248305693998655474182659,1
2023-08-15 21:28:00,28286.386901735973655783007323898219,10000,10,0E-31,0E-31,0,0,0,0,0,1828.6386901735973655783007323898219,1
2023-08-15 21:29:00,28290.044361980189867873900483193078,10000,10,0E-31,0E-31,0,0,0,0,0,1829.0044361980189867873900483193078,1
2023-08-15 21:30:00,28290.044361980189867873900483193078,10000,10,0E-31,0E-31,0,0,0,0,0,1829.0044361980189867873900483193078,1
2023-08-15 21:31:00,28290.044361980189867873900483193078,10000,10,0E-31,0E-31,0,0,0,0,0,1829.0044361980189867873900483193078,1
2023-08-15 21:32:00,28291.873366416387886860687873241396,10000,10,0E-31,0E-31,0,0,0,0,0,1829.1873366416387886860687873241396,1
2023-08-15 21:33:00,28291.873366416387886860687873241396,10000,10,0E-31,0E-31,0,0,0,0,0,1829.1873366416387886860687873241396,1
2023-08-15 21:34:00,28290.044361980189867873900483193078,10000,10,0E-31,0E-31,0,0,0,0,0,1829.0044361980189867873900483193078,1
2023-08-15 21:35:00,28290.044361980189867873900483193078,10000,10,0E-31,0E-31,0,0,0,0,0,1829.0044361980189867873900483193078,1
2023-08-15 21:36:00,28288.215540426147253148585624630616,10000,10,0E-31,0E-31,0,0,0,0,0,1828.8215540426147253148585624630616,1
2023-08-15 21:37:00,28284.558445891384517331274196478573,10000,10,0E-31,0E-31,0,0,0,0,0,1828.4558445891384517331274196478573,1
2023-08-15 21:38:00,28284.558445891384517331274196478573,10000,10,0E-31,0E-31,0,0,0,0,0,1828.4558445891384517331274196478573,1
2023-08-15 21:39:00,28284.558445891384517331274196478573,10000,10,0E-31,0E-31,0,0,0,0,0,1828.4558445891384517331274196478573,1
2023-08-15 21:40:00,28284.558445891384517331274196478573,10000,10,0E-31,0E-31,0,0,0,0,0,1828.4558445891384517331274196478573,1
2023-08-15 21:41:00,28284.558445891384517331274196478573,10000,10,0E-31,0E-31,0,0,0,0,0,1828.4558445891384517331274196478573,1
2023-08-15 21:42:00,28284.558445891384517331274196478573,10000,10,0E-31,0E-31,0,0,0,0,0,1828.4558445891384517331274196478573,1
2023-08-15 21:43:00,28284.558445891384517331274196478573,10000,10,0E-31,0E-31,0,0,0,0,0,1828.4558445891384517331274196478573,1
2023-08-15 21:44:00,28284.558445891384517331274196478573,10000,10,0E-31,0E-31,0,0,0,0,0,1828.4558445891384517331274196478573,1
2023-08-15 21:45:00,28284.558445891384517331274196478573,10000,10,0E-31,0E-31,0,0,0,0,0,1828.4558445891384517331274196478573,1
2023-08-15 21:46:00,28280.902082665830524568055339730065,10000,10,0E-31,0E-31,0,0,0,0,0,1828.0902082665830524568055339730065,1
2023-08-15 21:47:00,28280.902082665830524568055339730065,10000,10,0E-31,0E-31,0,0,0,0,0,1828.0902082665830524568055339730065,1
2023-08-15 21:48:00,28280.902082665830524568055339730065,10000,10,0E-31,0E-31,0,0,0,0,0,1828.0902082665830524568055339730065,1
2023-08-15 21:49:00,28280.902082665830524568055339730065,10000,10,0E-31,0E-31,0,0,0,0,0,1828.0902082665830524568055339730065,1
2023-08-15 21:50:00,28280.902082665830524568055339730065,10000,10,0E-31,0E-31,0,0,0,0,0,1828.0902082665830524568055339730065,1
2023-08-15 21:51:00,28284.558445891384517331274196478573,10000,10,0E-31,0E-31,0,0,0,0,0,1828.4558445891384517331274196478573,1
2023-08-15 21:52:00,28284.558445891384517331274196478573,10000,10,0E-31,0E-31,0,0,0,0,0,1828.4558445891384517331274196478573,1
2023-08-15 21:53:00,28284.558445891384517331274196478573,10000,10,0E-31,0E-31,0,0,0,0,0,1828.4558445891384517331274196478573,1
2023-08-15 21:54:00,28284.558445891384517331274196478573,10000,10,0E-31,0E-31,0,0,0,0,0,1828.4558445891384517331274196478573,1
2023-08-15 21:55:00,28284.558445891384517331274196478573,10000,10,0E-31,0E-31,0,0,0,0,0,1828.4558445891384517331274196478573,1
2023-08-15 21:56:00,28284.558445891384517331274196478573,10000,10,0E-31,0E-31,0,0,0,0,0,1828.4558445891384517331274196478573,1
2023-08-15 21:57:00,28280.902082665830524568055339730065,10000,10,0E-31,0E-31,0,0,0,0,0,1828.0902082665830524568055339730065,1
2023-08-15 21:58:00,28282.730172874097107620512145264054,10000,10,0E-31,0E-31,0,0,0,0,0,1828.2730172874097107620512145264054,1
2023-08-15 21:59:00,28282.730172874097107620512145264054,10000,10,0E-31,0E-31,0,0,0,0,0,1828.2730172874097107620512145264054,1
2023-08-15 22:00:00,28282.730172874097107620512145264054,10000,10,0E-31,0E-31,0,0,0,0,0,1828.2730172874097107620512145264054,1
2023-08-15 22:01:00,28286.386901735973655783007323898219,10000,10,0E-31,0E-31,0,0,0,0,0,1828.6386901735973655783007323898219,1
2023-08-15 22:02:00,28282.730172874097107620512145264054,10000,10,0E-31,0E-31,0,0,0,0,0,1828.2730172874097107620512145264054,1
2023-08-15 22:03:00,28279.074175248305693998655474182659,10000,10,0E-31,0E-31,0,0,0,0,0,1827.9074175248305693998655474182659,1
2023-08-15 22:04:00,28279.074175248305693998655474182659,10000,10,0E-31,0E-31,0,0,0,0,0,1827.9074175248305693998655474182659,1
2023-08-15 22:05:00,28279.074175248305693998655474182659,10000,10,0E-31,0E-31,0,0,0,0,0,1827.9074175248305693998655474182659,1
2023-08-15 22:06:00,28279.074175248305693998655474182659,10000,10,0E-31,0E-31,0,0,0,0,0,1827.9074175248305693998655474182659,1
2023-08-15 22:07:00,28277.246450603245369461709303252322,10000,10,0E-31,0E-31,0,0,0,0,0,1827.7246450603245369461709303252322,1
2023-08-15 22:08:00,28273.591549557418390209483504456608,10000,10,0E-31,0E-31,0,0,0,0,0,1827.3591549557418390209483504456608,1
2023-08-15 22:09:00,28273.591549557418390209483504456608,10000,10,0E-31,0E-31,0,0,0,0,0,1827.3591549557418390209483504456608,1
2023-08-15 22:10:00,28273.591549557418390209483504456608,10000,10,0E-31,0E-31,0,0,0,0,0,1827.3591549557418390209483504456608,1
2023-08-15 22:11:00,28273.591549557418390209483504456608,10000,10,0E-31,0E-31,0,0,0,0,0,1827.3591549557418390209483504456608,1
2023-08-15 22:12:00,28273.591549557418390209483504456608,10000,10,0E-31,0E-31,0,0,0,0,0,1827.3591549557418390209483504456608,1
2023-08-15 22:13:00,28273.591549557418390209483504456608,10000,10,0E-31,0E-31,0,0,0,0,0,1827.3591549557418390209483504456608,1
2023-08-15 22:14:00,28275.418908712374132048504452807043,10000,10,0E-31,0E-31,0,0,0,0,0,1827.5418908712374132048504452807043,1
2023-08-15 22:15:00,28275.418908712374132048504452807043,10000,10,0E-31,0E-31,0,0,0,0,0,1827.5418908712374132048504452807043,1
2023-08-15 22:16:00,28275.418908712374132048504452807043,10000,10,0E-31,0E-31,0,0,0,0,0,1827.5418908712374132048504452807043,1
2023-08-15 22:17:00,28275.418908712374132048504452807043,10000,10,0E-31,0E-31,0,0,0,0,0,1827.5418908712374132048504452807043,1
2023-08-15 22:18:00,28275.418908712374132048504452807043,10000,10,0E-31,0E-31,0,0,0,0,0,1827.5418908712374132048504452807043,1
2023-08-15 22:19:00,28275.418908712374132048504452807043,10000,10,0E-31,0E-31,0,0,0,0,0,1827.5418908712374132048504452807043,1
2023-08-15 22:20:00,28275.418908712374132048504452807043,10000,10,0E-31,0E-31,0,0,0,0,0,1827.5418908712374132048504452807043,1
2023-08-15 22:21:00,28275.418908712374132048504452807043,10000,10,0E-31,0E-31,0,0,0,0,0,1827.5418908712374132048504452807043,1
2023-08-15 22:22:00,28275.418908712374132048504452807043,10000,10,0E-31,0E-31,0,0,0,0,0,1827.5418908712374132048504452807043,1
2023-08-15 22:23:00,28275.418908712374132048504452807043,10000,10,0E-31,0E-31,0,0,0,0,0,1827.5418908712374132048504452807043,1
2023-08-15 22:24:00,28275.418908712374132048504452807043,10000,10,0E-31,0E-31,0,0,0,0,0,1827.5418908712374132048504452807043,1
2023-08-15 22:25:00,28275.418908712374132048504452807043,10000,10,0E-31,0E-31,0,0,0,0,0,1827.5418908712374132048504452807043,1
2023-08-15 22:26:00,28275.418908712374132048504452807043,10000,10,0E-31,0E-31,0,0,0,0,0,1827.5418908712374132048504452807043,1
2023-08-15 22:27:00,28275.418908712374132048504452807043,10000,10,0E-31,0E-31,0,0,0,0,0,1827.5418908712374132048504452807043,1
2023-08-15 22:28:00,28275.418908712374132048504452807043,10000,10,0E-31,0E-31,0,0,0,0,0,1827.5418908712374132048504452807043,1
2023-08-15 22:29:00,28275.418908712374132048504452807043,10000,10,0E-31,0E-31,0,0,0,0,0,1827.5418908712374132048504452807043,1
2023-08-15 22:30:00,28275.418908712374132048504452807043,10000,10,0E-31,0E-31,0,0,0,0,0,1827.5418908712374132048504452807043,1
2023-08-15 22:31:00,28275.418908712374132048504452807043,10000,10,0E-31,0E-31,0,0,0,0,0,1827.5418908712374132048504452807043,1
2023-08-15 22:32:00,28275.418908712374132048504452807043,10000,10,0E-31,0E-31,0,0,0,0,0,1827.5418908712374132048504452807043,1
2023-08-15 22:33:00,28275.418908712374132048504452807043,10000,10,0E-31,0E-31,0,0,0,0,0,1827.5418908712374132048504452807043,1
2023-08-15 22:34:00,28275.418908712374132048504452807043,10000,10,0E-31,0E-31,0,0,0,0,0,1827.5418908712374132048504452807043,1
2023-08-15 22:35:00,28277.246450603245369461709303252322,10000,10,0E-31,0E-31,0,0,0,0,0,1827.7246450603245369461709303252322,1
2023-08-15 22:36:00,28277.246450603245369461709303252322,10000,10,0E-31,0E-31,0,0,0,0,0,1827.7246450603245369461709303252322,1
2023-08-15 22:37:00,28277.246450603245369461709303252322,10000,10,0E-31,0E-31,0,0,0,0,0,1827.7246450603245369461709303252322,1
2023-08-15 22:38:00,28277.246450603245369461709303252322,10000,10,0E-31,0E-31,0,0,0,0,0,1827.7246450603245369461709303252322,1
2023-08-15 22:39:00,28277.246450603245369461709303252322,10000,10,0E-31,0E-31,0,0,0,0,0,1827.7246450603245369461709303252322,1
2023-08-15 22:40:00,28277.246450603245369461709303252322,10000,10,0E-31,0E-31,0,0,0,0,0,1827.7246450603245369461709303252322,1
2023-08-15 22:41:00,28277.246450603245369461709303252322,10000,10,0E-31,0E-31,0,0,0,0,0,1827.7246450603245369461709303252322,1
2023-08-15 22:42:00,28275.418908712374132048504452807043,10000,10,0E-31,0E-31,0,0,0,0,0,1827.5418908712374132048504452807043,1
2023-08-15 22:43:00,28275.418908712374132048504452807043,10000,10,0E-31,0E-31,0,0,0,0,0,1827.5418908712374132048504452807043,1
2023-08-15 22:44:00,28275.418908712374132048504452807043,10000,10,0E-31,0E-31,0,0,0,0,0,1827.5418908712374132048504452807043,1
2023-08-15 22:45:00,28275.418908712374132048504452807043,10000,10,0E-31,0E-31,0,0,0,0,0,1827.5418908712374132048504452807043,1
2023-08-15 22:46:00,28275.418908712374132048504452807043,10000,10,0E-31,0E-31,0,0,0,0,0,1827.5418908712374132048504452807043,1
2023-08-15 22:47:00,28275.418908712374132048504452807043,10000,10,0E-31,0E-31,0,0,0,0,0,1827.5418908712374132048504452807043,1
2023-08-15 22:48:00,28275.418908712374132048504452807043,10000,10,0E-31,0E-31,0,0,0,0,0,1827.5418908712374132048504452807043,1
2023-08-15 22:49:00,28273.591549557418390209483504456608,10000,10,0E-31,0E-31,0,0,0,0,0,1827.3591549557418390209483504456608,1
2023-08-15 22:50:00,28273.591549557418390209483504456608,10000,10,0E-31,0E-31,0,0,0,0,0,1827.3591549557418390209483504456608,1
2023-08-15 22:51:00,28273.591549557418390209483504456608,10000,10,0E-31,0E-31,0,0,0,0,0,1827.3591549557418390209483504456608,1
2023-08-15 22:52:00,28273.591549557418390209483504456608,10000,10,0E-31,0E-31,0,0,0,0,0,1827.3591549557418390209483504456608,1
2023-08-15 22:53:00,28273.591549557418390209483504456608,10000,10,0E-31,0E-31,0,0,0,0,0,1827.3591549557418390209483504456608,1
2023-08-15 22:54:00,28273.591549557418390209483504456608,10000,10,0E-31,0E-31,0,0,0,0,0,1827.3591549557418390209483504456608,1
2023-08-15 22:55:00,28273.591549557418390209483504456608,10000,10,0E-31,0E-31,0,0,0,0,0,1827.3591549557418390209483504456608,1
2023-08-15 22:56:00,28273.591549557418390209483504456608,10000,10,0E-31,0E-31,0,0,0,0,0,1827.3591549557418390209483504456608,1
2023-08-15 22:57:00,28271.764373120106379571526351821428,10000,10,0E-31,0E-31,0,0,0,0,0,1827.1764373120106379571526351821428,1
2023-08-15 22:58:00,28271.764373120106379571526351821428,10000,10,0E-31,0E-31,0,0,0,0,0,1827.1764373120106379571526351821428,1
2023-08-15 22:59:00,28271.764373120106379571526351821428,10000,10,0E-31,0E-31,0,0,0,0,0,1827.1764373120106379571526351821428,1
2023-08-15 23:00:00,28271.764373120106379571526351821428,10000,10,0E-31,0E-31,0,0,0,0,0,1827.1764373120106379571526351821428,1
2023-08-15 23:01:00,28271.764373120106379571526351821428,10000,10,0E-31,0E-31,0,0,0,0,0,1827.1764373120106379571526351821428,1
2023-08-15 23:02:00,28271.764373120106379571526351821428,10000,10,0E-31,0E-31,0,0,0,0,0,1827.1764373120106379571526351821428,1
2023-08-15 23:03:00,28271.764373120106379571526351821428,10000,10,0E-31,0E-31,0,0,0,0,0,1827.1764373120106379571526351821428,1
2023-08-15 23:04:00,28271.764373120106379571526351821428,10000,10,0E-31,0E-31,0,0,0,0,0,1827.1764373120106379571526351821428,1
2023-08-15 23:05:00,28271.764373120106379571526351821428,10000,10,0E-31,0E-31,0,0,0,0,0,1827.1764373120106379571526351821428,1
2023-08-15 23:06:00,28271.764373120106379571526351821428,10000,10,0E-31,0E-31,0,0,0,0,0,1827.1764373120106379571526351821428,1
2023-08-15 23:07:00,28271.764373120106379571526351821428,10000,10,0E-31,0E-31,0,0,0,0,0,1827.1764373120106379571526351821428,1
2023-08-15 23:08:00,28277.246450603245369461709303252322,10000,10,0E-31,0E-31,0,0,0,0,0,1827.7246450603245369461709303252322,1
2023-08-15 23:09:00,28277.246450603245369461709303252322,10000,10,0E-31,0E-31,0,0,0,0,0,1827.7246450603245369461709303252322,1
2023-08-15 23:10:00,28277.246450603245369461709303252322,10000,10,0E-31,0E-31,0,0,0,0,0,1827.7246450603245369461709303252322,1
2023-08-15 23:11:00,28277.246450603245369461709303252322,10000,10,0E-31,0E-31,0,0,0,0,0,1827.7246450603245369461709303252322,1
2023-08-15 23:12:00,28277.246450603245369461709303252322,10000,10,0E-31,0E-31,0,0,0,0,0,1827.7246450603245369461709303252322,1
2023-08-15 23:13:00,28277.246450603245369461709303252322,10000,10,0E-31,0E-31,0,0,0,0,0,1827.7246450603245369461709303252322,1
2023-08-15 23:14:00,28277.246450603245369461709303252322,10000,10,0E-31,0E-31,0,0,0,0,0,1827.7246450603245369461709303252322,1
2023-08-15 23:15:00,28277.246450603245369461709303252322,10000,10,0E-31,0E-31,0,0,0,0,0,1827.7246450603245369461709303252322,1
2023-08-15 23:16:00,28277.246450603245369461709303252322,10000,10,0E-31,0E-31,0,0,0,0,0,1827.7246450603245369461709303252322,1
2023-08-15 23:17:00,28277.246450603245369461709303252322,10000,10,0E-31,0E-31,0,0,0,0,0,1827.7246450603245369461709303252322,1
2023-08-15 23:18:00,28277.246450603245369461709303252322,10000,10,0E-31,0E-31,0,0,0,0,0,1827.7246450603245369461709303252322,1
2023-08-15 23:19:00,28277.246450603245369461709303252322,10000,10,0E-31,0E-31,0,0,0,0,0,1827.7246450603245369461709303252322,1
2023-08-15 23:20:00,28277.246450603245369461709303252322,10000,10,0E-31,0E-31,0,0,0,0,0,1827.7246450603245369461709303252322,1
2023-08-15 23:21:00,28277.246450603245369461709303252322,10000,10,0E-31,0E-31,0,0,0,0,0,1827.7246450603245369461709303252322,1
2023-08-15 23:22:00,28279.074175248305693998655474182659,10000,10,0E-31,0E-31,0,0,0,0,0,1827.9074175248305693998655474182659,1
2023-08-15 23:23:00,28279.074175248305693998655474182659,10000,10,0E-31,0E-31,0,0,0,0,0,1827.9074175248305693998655474182659,1
2023-08-15 23:24:00,28279.074175248305693998655474182659,10000,10,0E-31,0E-31,0,0,0,0,0,1827.9074175248305693998655474182659,1
2023-08-15 23:25:00,28277.246450603245369461709303252322,10000,10,0E-31,0E-31,0,0,0,0,0,1827.7246450603245369461709303252322,1
2023-08-15 23:26:00,28277.246450603245369461709303252322,10000,10,0E-31,0E-31,0,0,0,0,0,1827.7246450603245369461709303252322,1
2023-08-15 23:27:00,28277.246450603245369461709303252322,10000,10,0E-31,0E-31,0,0,0,0,0,1827.7246450603245369461709303252322,1
2023-08-15 23:28:00,28277.246450603245369461709303252322,10000,10,0E-31,0E-31,0,0,0,0,0,1827.7246450603245369461709303252322,1
2023-08-15 23:29:00,28277.246450603245369461709303252322,10000,10,0E-31,0E-31,0,0,0,0,0,1827.7246450603245369461709303252322,1
2023-08-15 23:30:00,28277.246450603245369461709303252322,10000,10,0E-31,0E-31,0,0,0,0,0,1827.7246450603245369461709303252322,1
2023-08-15 23:31:00,28277.246450603245369461709303252322,10000,10,0E-31,0E-31,0,0,0,0,0,1827.7246450603245369461709303252322,1
2023-08-15 23:32:00,28277.246450603245369461709303252322,10000,10,0E-31,0E-31,0,0,0,0,0,1827.7246450603245369461709303252322,1
2023-08-15 23:33:00,28277.246450603245369461709303252322,10000,10,0E-31,0E-31,0,0,0,0,0,1827.7246450603245369461709303252322,1
2023-08-15 23:34:00,28277.246450603245369461709303252322,10000,10,0E-31,0E-31,0,0,0,0,0,1827.7246450603245369461709303252322,1
2023-08-15 23:35:00,28277.246450603245369461709303252322,10000,10,0E-31,0E-31,0,0,0,0,0,1827.7246450603245369461709303252322,1
2023-08-15 23:36:00,28277.246450603245369461709303252322,10000,10,0E-31,0E-31,0,0,0,0,0,1827.7246450603245369461709303252322,1
2023-08-15 23:37:00,28277.246450603245369461709303252322,10000,10,0E-31,0E-31,0,0,0,0,0,1827.7246450603245369461709303252322,1
2023-08-15 23:38:00,28277.246450603245369461709303252322,10000,10,0E-31,0E-31,0,0,0,0,0,1827.7246450603245369461709303252322,1
2023-08-15 23:39:00,28277.246450603245369461709303252322,10000,10,0E-31,0E-31,0,0,0,0,0,1827.7246450603245369461709303252322,1
2023-08-15 23:40:00,28277.246450603245369461709303252322,10000,10,0E-31,0E-31,0,0,0,0,0,1827.7246450603245369461709303252322,1
2023-08-15 23:41:00,28277.246450603245369461709303252322,10000,10,0E-31,0E-31,0,0,0,0,0,1827.7246450603245369461709303252322,1
2023-08-15 23:42:00,28277.246450603245369461709303252322,10000,10,0E-31,0E-31,0,0,0,0,0,1827.7246450603245369461709303252322,1
2023-08-15 23:43:00,28277.246450603245369461709303252322,10000,10,0E-31,0E-31,0,0,0,0,0,1827.7246450603245369461709303252322,1
2023-08-15 23:44:00,28277.246450603245369461709303252322,10000,10,0E-31,0E-31,0,0,0,0,0,1827.7246450603245369461709303252322,1
2023-08-15 23:45:00,28277.246450603245369461709303252322,10000,10,0E-31,0E-31,0,0,0,0,0,1827.7246450603245369461709303252322,1
2023-08-15 23:46:00,28277.246450603245369461709303252322,10000,10,0E-31,0E-31,0,0,0,0,0,1827.7246450603245369461709303252322,1
2023-08-15 23:47:00,28273.591549557418390209483504456608,10000,10,0E-31,0E-31,0,0,0,0,0,1827.3591549557418390209483504456608,1
2023-08-15 23:48:00,28273.591549557418390209483504456608,10000,10,0E-31,0E-31,0,0,0,0,0,1827.3591549557418390209483504456608,1
2023-08-15 23:49:00,28273.591549557418390209483504456608,10000,10,0E-31,0E-31,0,0,0,0,0,1827.3591549557418390209483504456608,1
2023-08-15 23:50:00,28273.591549557418390209483504456608,10000,10,0E-31,0E-31,0,0,0,0,0,1827.3591549557418390209483504456608,1
2023-08-15 23:51:00,28273.591549557418390209483504456608,10000,10,0E-31,0E-31,0,0,0,0,0,1827.3591549557418390209483504456608,1
2023-08-15 23:52:00,28273.591549557418390209483504456608,10000,10,0E-31,0E-31,0,0,0,0,0,1827.3591549557418390209483504456608,1
2023-08-15 23:53:00,28273.591549557418390209483504456608,10000,10,0E-31,0E-31,0,0,0,0,0,1827.3591549557418390209483504456608,1
2023-08-15 23:54:00,28273.591549557418390209483504456608,10000,10,0E-31,0E-31,0,0,0,0,0,1827.3591549557418390209483504456608,1
2023-08-15 23:55:00,28273.591549557418390209483504456608,10000,10,0E-31,0E-31,0,0,0,0,0,1827.3591549557418390209483504456608,1
2023-08-15 23:56:00,28273.591549557418390209483504456608,10000,10,0E-31,0E-31,0,0,0,0,0,1827.3591549557418390209483504456608,1
2023-08-15 23:57:00,28273.591549557418390209483504456608,10000,10,0E-31,0E-31,0,0,0,0,0,1827.3591549557418390209483504456608,1
2023-08-15 23:58:00,28273.591549557418390209483504456608,10000,10,0E-31,0E-31,0,0,0,0,0,1827.3591549557418390209483504456608,1
2023-08-15 23:59:00,28269.937379382168162755250826738748,10000,10,0E-31,0E-31,0,0,0,0,0,1826.9937379382168162755250826738748,1
