,netAmount0,netAmount1,closeTick,openTick,lowestTick,highestTick,inAmount0,inAmount1,currentLiquidity,close,price,volume0,volume1
2022-01-01 00:00:00,423323986615,-114931255708636794872,194197.0,194200.0,194197.0,194200.0,423323986615,0,5754427782302291970,3685.9811939701893892765284711671489,3684.8756207340156869292450740806437,423323.986615,0
2022-01-01 00:01:00,140016594475,-37936375834109978197,194189.0,194200.0,194189.0,194200.0,199630200000,16184123581607570259,6018485820844341429,3688.9310112065406032359197675428224,3685.9811939701893892765284711671489,199630.2,16.184123581607570259
2022-01-01 00:02:00,17371966336,-4700481201407450189,194188.0,194189.0,194187.0,194189.0,40347818825,6231140678500091464,6018485820844341429,3689.2999043076612572962433595195779,3688.9310112065406032359197675428224,40347.818825,6.231140678500091464
2022-01-01 00:03:00,-49322709878,13396311272627927929,194190.0,194188.0,194188.0,194194.0,67856664035,31788874704310760634,5754427782302291970,3688.5621549910414990860111664261833,3689.2999043076612572962433595195779,67856.664035,31.788874704310760634
2022-01-01 00:04:00,51374101060,-13900179852929600139,194188.0,194193.0,194188.0,194193.0,125583113634,20133943228641452239,6018485820844341429,3689.2999043076612572962433595195779,3688.5621549910414990860111664261833,125583.113634,20.133943228641452239
2022-01-01 00:05:00,424484301784,-114830990550334836757,194166.0,194196.0,194166.0,194196.0,572719800000,40216460766269879389,9631875945346162358,3697.4248920641386100891683044136270,3689.2999043076612572962433595195779,572719.8,40.216460766269879389
2022-01-01 00:06:00,456685564024,-123093175111011120882,194151.0,194221.0,194151.0,194221.0,1471824787283,275414691706328619854,9943569649853443180,3702.9749133812046207889699728095494,3697.4248920641386100891683044136270,1471824.787283,275.414691706328619854
2022-01-01 00:07:00,-404645917257,109410099679651491891,194165.0,194151.0,194151.0,194165.0,0,109410099679651491891,9631875945346162358,3697.7946345533450239501772212440728,3702.9749133812046207889699728095494,0,109.410099679651491891
2022-01-01 00:08:00,-1474026059,398827132453595150,194165.0,194165.0,194165.0,194165.0,0,398827132453595150,9631875945346162358,3697.7946345533450239501772212440728,3697.7946345533450239501772212440728,0,0.39882713245359515
2022-01-01 00:09:00,-41636669529,11267812781062755158,194166.0,194165.0,194165.0,194166.0,5000000000,12619346481338151389,9631875945346162358,3697.4248920641386100891683044136270,3697.7946345533450239501772212440728,5000,12.619346481338151389
2022-01-01 00:10:00,-3695344060,1000000000000000000,194166.0,194166.0,194166.0,194166.0,0,1000000000000000000,9631875945346162358,3697.4248920641386100891683044136270,3697.4248920641386100891683044136270,0,1
2022-01-01 00:11:00,-149352912812,40475091112915730562,194172.0,194166.0,194163.0,194176.0,174608892002,87691636412129960749,6045166825009656224,3695.2072133811182446744683576478506,3697.4248920641386100891683044136270,174608.892002,87.691636412129960749
2022-01-01 00:12:00,-334876439326,90771164919420922928,194191.0,194171.0,194171.0,194192.0,39192319137,101384666430840382083,5754427782302291970,3688.1933356574757515108600804181408,3695.2072133811182446744683576478506,39192.319137,101.384666430840382083
2022-01-01 00:13:00,265734512716,-71960987032958259684,194176.0,194191.0,194176.0,194191.0,272490111128,1829934085339922619,6045166825009656224,3693.7294999425959223770418203481003,3688.1933356574757515108600804181408,272490.111128,1.829934085339922619
2022-01-01 00:14:00,37475129300,-10139871968055615037,194174.0,194176.0,194174.0,194176.0,38475129300,270878715874070237,6045166825009656224,3694.4682827798794409874764524825889,3693.7294999425959223770418203481003,38475.1293,0.270878715874070237
2022-01-01 00:15:00,-182496354073,49695188949717803656,194184.0,194174.0,194174.0,194235.0,905700724906,295575575487501049537,6018485820844341429,3690.7758456421361488060583704332987,3694.4682827798794409874764524825889,905700.724906,295.575575487501049537
2022-01-01 00:16:00,76446795023,-20662023140605292261,194180.0,194185.0,194180.0,194192.0,214515356056,37444148508851462318,6018485820844341429,3692.2523774417072142539028309538114,3690.7758456421361488060583704332987,214515.356056,37.444148508851462318
2022-01-01 00:17:00,58526063613,-15832721193714105343,194177.0,194180.0,194177.0,194181.0,89935956668,8511355069097858408,6045166825009656224,3693.3601639262033020468371366344404,3692.2523774417072142539028309538114,89935.956668,8.511355069097858408
2022-01-01 00:18:00,0,0,194177.0,194177.0,194177.0,194177.0,0,0,6045166825009656224,3693.3601639262033020468371366344404,3693.3601639262033020468371366344404,0,0
2022-01-01 00:19:00,-99551856267,27022541767037935144,194182.0,194191.0,194182.0,194192.0,172981264484,73883534448498475950,6018485820844341429,3691.5140377190230324571810701679694,3693.3601639262033020468371366344404,172981.264484,73.88353444849847595
2022-01-01 00:20:00,-40865104525,11078123413593983790,194184.0,194183.0,194182.0,194184.0,2267589352,11692148061051879702,6018485820844341429,3690.7758456421361488060583704332987,3691.5140377190230324571810701679694,2267.589352,11.692148061051879702
2022-01-01 00:21:00,335357632076,-90744406982025631860,194167.0,194167.0,194167.0,194167.0,335357632076,0,9631875945346162358,3697.0551865454840616830000044131888,3690.7758456421361488060583704332987,335357.632076,0
2022-01-01 00:22:00,-107129942048,29000000000000000000,194172.0,194172.0,194172.0,194172.0,0,29000000000000000000,6045166825009656224,3695.2072133811182446744683576478506,3697.0551865454840616830000044131888,0,29
2022-01-01 00:23:00,-41918726994,11356844988047916284,194174.0,194171.0,194171.0,194175.0,19525832921,16639117743297905826,6045166825009656224,3694.4682827798794409874764524825889,3695.2072133811182446744683576478506,19525.832921,16.639117743297905826
2022-01-01 00:24:00,0,0,194174.0,194174.0,194174.0,194174.0,0,0,6045166825009656224,3694.4682827798794409874764524825889,3694.4682827798794409874764524825889,0,0
2022-01-01 00:25:00,-49906561811,13518307354815336251,194177.0,194174.0,194174.0,194177.0,1000000000,13788865982488061911,6045166825009656224,3693.3601639262033020468371366344404,3694.4682827798794409874764524825889,1000,13.788865982488061911
2022-01-01 00:26:00,-46807232448,12681868930126725665,194179.0,194177.0,194177.0,194179.0,0,12681868930126725665,6045166825009656224,3692.6216026794513849753282212369078,3693.3601639262033020468371366344404,0,12.681868930126725665
2022-01-01 00:27:00,107990500001,-29224641162397764519,194174.0,194174.0,194174.0,194174.0,107990500001,0,6045166825009656224,3694.4682827798794409874764524825889,3692.6216026794513849753282212369078,107990.500001,0
2022-01-01 00:28:00,160983475318,-43379887757936703666,194167.0,194167.0,194147.0,194167.0,737724179176,155928024619106958058,9631875945346162358,3697.0551865454840616830000044131888,3694.4682827798794409874764524825889,737724.179176,155.928024619106958058
2022-01-01 00:29:00,340901722939,-92110222194815114862,194155.0,194167.0,194155.0,194167.0,341799183971,242873904018535506,9943569649853443180,3701.4940936392969371323342594874748,3697.0551865454840616830000044131888,341799.183971,0.242873904018535506
2022-01-01 00:30:00,0,0,194155.0,194155.0,194155.0,194155.0,0,0,9943569649853443180,3701.4940936392969371323342594874748,3701.4940936392969371323342594874748,0,0
2022-01-01 00:31:00,269471403453,-72729165969059678624,194146.0,194145.0,194145.0,194146.0,296082355311,7186562500000000000,9940688203009607927,3704.8267711724181618781250226369588,3701.4940936392969371323342594874748,296082.355311,7.1865625
2022-01-01 00:32:00,-294522696477,79668980503044746560,194156.0,194156.0,194156.0,194166.0,325000000000,167485981280112770935,9946365068713508690,3701.1239812411728198503492245650157,3704.8267711724181618781250226369588,325000,167.485981280112770935
2022-01-01 00:33:00,-25999791048,7028968405593994514,194157.0,194157.0,194157.0,194157.0,0,7028968405593994514,9946365068713508690,3700.7539058505877610742418003849795,3701.1239812411728198503492245650157,0,7.028968405593994514
2022-01-01 00:34:00,-97573215817,26384029010144234337,194160.0,194159.0,194159.0,194160.0,0,26384029010144234337,9634671364206227868,3699.6439016870649470764833781299606,3700.7539058505877610742418003849795,0,26.384029010144234337
2022-01-01 00:35:00,310953032111,-83955855812415747462,194150.0,194161.0,194150.0,194162.0,358766212939,12931958380944500181,9946365068713508690,3703.3452108725427412510488698068301,3699.6439016870649470764833781299606,358766.212939,12.931958380944500181
2022-01-01 00:36:00,0,0,194150.0,194150.0,194150.0,194150.0,0,0,9946365068713508690,3703.3452108725427412510488698068301,3703.3452108725427412510488698068301,0,0
2022-01-01 00:37:00,0,0,194150.0,194150.0,194150.0,194150.0,0,0,9946365068713508690,3703.3452108725427412510488698068301,3703.3452108725427412510488698068301,0,0
2022-01-01 00:38:00,-5732530659,1549129010937357271,194150.0,194150.0,194150.0,194150.0,1356010617,1915121590310492445,9946365068713508690,3703.3452108725427412510488698068301,3703.3452108725427412510488698068301,1356.010617,1.915121590310492445
2022-01-01 00:39:00,532181215125,-143437927942879446990,194132.0,194149.0,194126.0,194149.0,804405942547,73404573839525421481,9943483621869673437,3710.0169013933491862535951020175207,3703.3452108725427412510488698068301,804405.942547,73.404573839525421481
2022-01-01 00:40:00,133911396218,-36071707820552633979,194128.0,194128.0,194128.0,194128.0,133911396218,0,9874668776232347890,3711.5011307697610481363112513539626,3710.0169013933491862535951020175207,133911.396218,0
2022-01-01 00:41:00,-27325360211,7366697548942272718,194129.0,194129.0,194129.0,194129.0,0,7366697548942272718,9874668776232347890,3711.1300177679842497113401173422291,3711.5011307697610481363112513539626,0,7.366697548942272718
2022-01-01 00:42:00,2529182060,-681193563519329890,194129.0,194129.0,194129.0,194129.0,2529182060,0,9874668776232347890,3711.1300177679842497113401173422291,3711.1300177679842497113401173422291,2529.18206,0
2022-01-01 00:43:00,457171124640,-123028090062640375376,194114.0,194119.0,194112.0,194119.0,492508859798,9512133110000001024,9916617406276375046,3716.7006111702257212650385155566045,3711.1300177679842497113401173422291,492508.859798,9.512133110000001024
2022-01-01 00:44:00,-446524298294,120295584341425290256,194131.0,194115.0,194115.0,194131.0,0,120295584341425290256,6485204957453662499,3710.3879030834885211722204615277225,3716.7006111702257212650385155566045,0,120.295584341425290256
2022-01-01 00:45:00,371902885997,-99795286593326477597,194112.0,194132.0,194061.0,194132.0,1482468467117,298203125629331119857,6527153587497689655,3717.4439884594658781115487359101000,3710.3879030834885211722204615277225,1482468.467117,298.203125629331119857
2022-01-01 00:46:00,-31592427531,8506028321366661542,194114.0,194113.0,194112.0,194114.0,7500000000,10522706041979137790,6527153587497689655,3716.7006111702257212650385155566045,3717.4439884594658781115487359101000,7500,10.52270604197913779
2022-01-01 00:47:00,-12234579671,3293651592802550567,194114.0,194114.0,194114.0,194114.0,0,3293651592802550567,6527153587497689655,3716.7006111702257212650385155566045,3716.7006111702257212650385155566045,0,3.293651592802550567
2022-01-01 00:48:00,576604288685,-154827779059727954596,194086.0,194100.0,194086.0,194100.0,679266373370,27589291843707526805,6747309404785864998,3727.1214341933373776068681393882150,3716.7006111702257212650385155566045,679266.37337,27.589291843707526805
2022-01-01 00:49:00,0,0,194086.0,194086.0,194086.0,194086.0,0,0,6747309404785864998,3727.1214341933373776068681393882150,3727.1214341933373776068681393882150,0,0
2022-01-01 00:50:00,-297835810348,80013292294098255872,194101.0,194092.0,194092.0,194101.0,0,80013292294098255872,6670260984068344999,3721.5352220544658942074442416209789,3727.1214341933373776068681393882150,0,80.013292294098255872
2022-01-01 00:51:00,-12687647659,3433465557289956220,194101.0,194097.0,194097.0,194101.0,83130533451,25755834375529152925,6670260984068344999,3721.5352220544658942074442416209789,3721.5352220544658942074442416209789,83130.533451,25.755834375529152925
2022-01-01 00:52:00,162733930958,-43691494152741297573,194093.0,194101.0,194093.0,194101.0,163933930958,322635747918988180,6670260984068344999,3724.5134924704036674390289767495211,3721.5352220544658942074442416209789,163933.930958,0.32263574791898818
2022-01-01 00:53:00,56741492852,-15225493379417543724,194091.0,194093.0,194090.0,194093.0,59000192284,606621574181758705,6670260984068344999,3725.2584324140326728765534569351581,3724.5134924704036674390289767495211,59000.192284,0.606621574181758705
2022-01-01 00:54:00,-359150619345,96546212174139614938,194108.0,194097.0,194097.0,194109.0,11165730238,99546212174139614938,6670260984068344999,3718.9311891163591197289827515564250,3725.2584324140326728765534569351581,11165.730238,99.546212174139614938
2022-01-01 00:55:00,481743281724,-129329068241301616028,194085.0,194108.0,194085.0,194108.0,481743281724,0,6747309404785864998,3727.4941463367567113446288262021548,3718.9311891163591197289827515564250,481743.281724,0
2022-01-01 00:56:00,-126959197870,34389399743967570685,194091.0,194058.0,194032.0,194092.0,1124308395755,335091119366082648608,6670260984068344999,3725.2584324140326728765534569351581,3727.4941463367567113446288262021548,1124308.395755,335.091119366082648608
2022-01-01 00:57:00,0,0,194091.0,194091.0,194091.0,194091.0,0,0,6670260984068344999,3725.2584324140326728765534569351581,3725.2584324140326728765534569351581,0,0
2022-01-01 00:58:00,-67690232806,18251763581590045233,194094.0,194079.0,194079.0,194094.0,255260000000,86700008708754923959,6670260984068344999,3724.1410783625674106979591808314390,3725.2584324140326728765534569351581,255260,86.700008708754923959
2022-01-01 00:59:00,61000000000,-16369972463463483508,194091.0,194091.0,194091.0,194091.0,61000000000,0,6670260984068344999,3725.2584324140326728765534569351581,3724.1410783625674106979591808314390,61000,0
2022-01-01 01:00:00,-616347154111,166105999072765769261,194122.0,194091.0,194091.0,194181.0,1150572681287,476673956167774599636,6485204957453662499,3713.7285882476281103191354135030821,3725.2584324140326728765534569351581,1150572.681287,476.673956167774599636
2022-01-01 01:01:00,188324521192,-50655013656772035604,194112.0,194112.0,194112.0,194114.0,214648234401,7085844263591353690,6527153587497689655,3717.4439884594658781115487359101000,3713.7285882476281103191354135030821,214648.234401,7.08584426359135369
2022-01-01 01:02:00,-9163222655,2466932979989507413,194113.0,194112.0,194112.0,194113.0,1982500000,3000000000000000000,6527153587497689655,3717.0722812313427438371650194081602,3717.4439884594658781115487359101000,1982.5,3
2022-01-01 01:03:00,76566026912,-20582647954444746716,194109.0,194109.0,194109.0,194109.0,83999284175,2000000000000000000,6670260984068344999,3718.5593331830408156474180097554461,3717.0722812313427438371650194081602,83999.284175,2
2022-01-01 01:04:00,-139338646165,37841176325633937914,194116.0,194162.0,194116.0,194180.0,1249226382228,374929305774258089308,6527153587497689655,3715.9573825341450669102058052934875,3718.5593331830408156474180097554461,1249226.382228,374.929305774258089308
2022-01-01 01:05:00,275598814295,-74011527189524029285,194102.0,194095.0,194095.0,194107.0,534728424439,69668554520821690460,6670260984068344999,3721.1631057438915050569385477661984,3715.9573825341450669102058052934875,534728.424439,69.66855452082169046
2022-01-01 01:06:00,-99708865921,26817533118851802859,194107.0,194103.0,194103.0,194107.0,2036115648,27364491325094911039,6670260984068344999,3719.3030822352707556409556498315775,3721.1631057438915050569385477661984,2036.115648,27.364491325094911039
2022-01-01 01:07:00,-2973748167,800000000000000000,194107.0,194107.0,194107.0,194107.0,0,800000000000000000,6670260984068344999,3719.3030822352707556409556498315775,3719.3030822352707556409556498315775,0,0.8
2022-01-01 01:08:00,335494235,-90165267209176576,194107.0,194107.0,194107.0,194107.0,335494235,0,6670260984068344999,3719.3030822352707556409556498315775,3719.3030822352707556409556498315775,335.494235,0
2022-01-01 01:09:00,-29004742376,7829174177594442608,194109.0,194107.0,194103.0,194109.0,95540605292,33501444600470562768,6670260984068344999,3718.5593331830408156474180097554461,3719.3030822352707556409556498315775,95540.605292,33.501444600470562768
2022-01-01 01:10:00,294395100713,-79072483241821151224,194094.0,194097.0,194094.0,194097.0,299161932301,1280698502100774168,6670260984068344999,3724.1410783625674106979591808314390,3718.5593331830408156474180097554461,299161.932301,1.280698502100774168
2022-01-01 01:11:00,83038268724,-22263208434920963086,194090.0,194094.0,194090.0,194098.0,157467630299,20000000000000000000,6670260984068344999,3725.6309582572740761438411122808522,3724.1410783625674106979591808314390,157467.630299,20
2022-01-01 01:12:00,0,0,194090.0,194090.0,194090.0,194090.0,0,0,6670260984068344999,3725.6309582572740761438411122808522,3725.6309582572740761438411122808522,0,0
2022-01-01 01:13:00,-87528596820,23512943526168227087,194094.0,194094.0,194094.0,194094.0,3725887968,24512943526168227087,6670260984068344999,3724.1410783625674106979591808314390,3725.6309582572740761438411122808522,3725.887968,24.512943526168227087
2022-01-01 01:14:00,336976845358,-90356436475096640640,194078.0,194096.0,194078.0,194098.0,400000000000,16935550546353137746,6747309404785864998,3730.1041751434385138955779758605945,3724.1410783625674106979591808314390,400000,16.935550546353137746
2022-01-01 01:15:00,-17372311251,4660099999999999000,194079.0,194079.0,194079.0,194079.0,0,4660099999999999000,6747309404785864998,3729.7312020232361902765503208285125,3730.1041751434385138955779758605945,0,4.660099999999999
2022-01-01 01:16:00,258276199246,-69168590104825766081,194066.0,194066.0,194066.0,194066.0,273151384667,3985278939712969079,6748467260353472012,3734.5827628431738230157698926131382,3729.7312020232361902765503208285125,273151.384667,3.985278939712969079
2022-01-01 01:17:00,191887463742,-51276968352105355982,194057.0,194046.0,194046.0,194057.0,412673828370,59067707811605879743,6782540290963216627,3737.9452320932793155265867958964543,3734.5827628431738230157698926131382,412673.82837,59.067707811605879743
2022-01-01 01:18:00,107617869248,-28714714589378858420,194052.0,194059.0,194051.0,194067.0,315797782253,55748905386400216306,6782540290963216627,3739.8145785412304858432099340689411,3737.9452320932793155265867958964543,315797.782253,55.748905386400216306
2022-01-01 01:19:00,95852214803,-25602061155674885723,194047.0,194053.0,194047.0,194054.0,134775562064,10413780720000000000,6833089981253246068,3741.6848598493589709392798446160565,3739.8145785412304858432099340689411,134775.562064,10.41378072
2022-01-01 01:20:00,145866119851,-38914057907785836475,194040.0,194052.0,194038.0,194052.0,295488749645,40009639280351546935,6833089981253246068,3744.3048251360461573618382872318793,3741.6848598493589709392798446160565,295488.749645,40.009639280351546935
2022-01-01 01:21:00,-916369976,250064735143844958,194040.0,194040.0,194040.0,194041.0,19407616310,5431003417635422712,6833089981253246068,3744.3048251360461573618382872318793,3744.3048251360461573618382872318793,19407.61631,5.431003417635422712
2022-01-01 01:22:00,-273673087278,73182731592887320152,194053.0,194040.0,194040.0,194053.0,5563182171,74667867656499530990,6782540290963216627,3739.4406344777827075724526888000629,3744.3048251360461573618382872318793,5563.182171,74.66786765649953099
2022-01-01 01:23:00,-200791570722,53756297296422498101,194063.0,194055.0,194055.0,194064.0,9361881626,56261328752351059611,6748467260353472012,3735.7032497132442432207324878770323,3739.4406344777827075724526888000629,9361.881626,56.261328752351059611
2022-01-01 01:24:00,60615744450,-16207946388739457214,194060.0,194062.0,194060.0,194064.0,93222079108,8732898194433785035,6748467260353472012,3736.8240727629914111407392484885923,3735.7032497132442432207324878770323,93222.079108,8.732898194433785035
2022-01-01 01:25:00,-77558231966,20770961762611738431,194064.0,194062.0,194062.0,194064.0,0,20770961762611738431,6748467260353472012,3735.3297167415700862121112767493561,3736.8240727629914111407392484885923,0,20.770961762611738431
2022-01-01 01:26:00,159107605270,-42559804512097625267,194056.0,194061.0,194056.0,194061.0,159107605270,0,6782540290963216627,3738.3190266164886434581394545760475,3735.3297167415700862121112767493561,159107.60527,0
2022-01-01 01:27:00,-12464885700,3416645938263570975,194057.0,194042.0,194042.0,194057.0,300000000000,83575186088840868211,6782540290963216627,3737.9452320932793155265867958964543,3738.3190266164886434581394545760475,300000,83.575186088840868211
2022-01-01 01:28:00,-644522950,177970811882970527,194057.0,194056.0,194056.0,194057.0,20366000000,5623657607501601869,6782540290963216627,3737.9452320932793155265867958964543,3737.9452320932793155265867958964543,20366,5.623657607501601869
2022-01-01 01:29:00,18111166897,-4840836616163306838,194056.0,194057.0,194056.0,194057.0,25471675600,1970000000000000000,6782540290963216627,3738.3190266164886434581394545760475,3737.9452320932793155265867958964543,25471.6756,1.97
2022-01-01 01:30:00,215401456194,-57525657314598943517,194046.0,194056.0,194046.0,194056.0,360880467796,38915452655129678289,6833089981253246068,3742.0590283353439068363737726005183,3738.3190266164886434581394545760475,360880.467796,38.915452655129678289
2022-01-01 01:31:00,-265318784139,70988166838931351779,194058.0,194047.0,194047.0,194058.0,15000000000,74995287014001132073,6782540290963216627,3737.5714749457847370528815077456842,3742.0590283353439068363737726005183,15000,74.995287014001132073
2022-01-01 01:32:00,-8294187185,2242029661662086532,194059.0,194055.0,194055.0,194059.0,80391471684,23739158758858484125,6782540290963216627,3737.1977551702677102818533224134427,3737.5714749457847370528815077456842,80391.471684,23.739158758858484125
2022-01-01 01:33:00,30112754422,-8053285098454350743,194057.0,194059.0,194057.0,194059.0,30112754422,0,6782540290963216627,3737.9452320932793155265867958964543,3737.1977551702677102818533224134427,30112.754422,0
2022-01-01 01:34:00,-8046315992,2153927008566830591,194058.0,194057.0,194057.0,194058.0,0,2153927008566830591,6782540290963216627,3737.5714749457847370528815077456842,3737.9452320932793155265867958964543,0,2.153927008566830591
2022-01-01 01:35:00,-42580985474,11399942025839810580,194060.0,194058.0,194058.0,194060.0,0,11399942025839810580,6748467260353472012,3736.8240727629914111407392484885923,3737.5714749457847370528815077456842,0,11.39994202583981058
2022-01-01 01:36:00,241357200298,-64515686807430374068,194048.0,194060.0,194048.0,194061.0,263270152472,5867533444127103665,6833089981253246068,3741.3107287764813228069991447015883,3736.8240727629914111407392484885923,263270.152472,5.867533444127103665
2022-01-01 01:37:00,0,0,194048.0,194048.0,194048.0,194048.0,0,0,6833089981253246068,3741.3107287764813228069991447015883,3741.3107287764813228069991447015883,0,0
2022-01-01 01:38:00,-112406321874,30070521992983347590,194054.0,194048.0,194048.0,194054.0,1600000000,30497996902599096795,6782540290963216627,3739.0667278050022073517175170483591,3741.3107287764813228069991447015883,1600,30.497996902599096795
2022-01-01 01:39:00,88426568140,-23632927569564746551,194049.0,194049.0,194049.0,194049.0,88426568140,0,6833089981253246068,3740.9366351129700258044187028313054,3739.0667278050022073517175170483591,88426.56814,0
2022-01-01 01:40:00,-305907253246,81881716254263200546,194064.0,194060.0,194060.0,194064.0,0,81881716254263200546,6748467260353472012,3735.3297167415700862121112767493561,3740.9366351129700258044187028313054,0,81.881716254263200546
2022-01-01 01:41:00,25000000000,-6689562312665726679,194063.0,194063.0,194063.0,194063.0,25000000000,0,6748467260353472012,3735.7032497132442432207324878770323,3735.3297167415700862121112767493561,25000,0
2022-01-01 01:42:00,0,0,194063.0,194063.0,194063.0,194063.0,0,0,6748467260353472012,3735.7032497132442432207324878770323,3735.7032497132442432207324878770323,0,0
2022-01-01 01:43:00,-3450954168,928153891735672916,194063.0,194064.0,194063.0,194064.0,14426710174,4788454778230929120,6748467260353472012,3735.7032497132442432207324878770323,3735.7032497132442432207324878770323,14426.710174,4.78845477823092912
2022-01-01 01:44:00,-51074170201,13681325341296460375,194066.0,194064.0,194064.0,194066.0,0,13681325341296460375,6748467260353472012,3734.5827628431738230157698926131382,3735.7032497132442432207324878770323,0,13.681325341296460375
2022-01-01 01:45:00,-24323837962,6516859384016655959,194067.0,194067.0,194067.0,194067.0,0,6516859384016655959,6748467260353472012,3734.2093419089829247232975628568515,3734.5827628431738230157698926131382,0,6.516859384016655959
2022-01-01 01:46:00,-240156022299,64384060602009012411,194078.0,194078.0,194078.0,194078.0,0,64384060602009012411,6747309404785864998,3730.1041751434385138955779758605945,3734.2093419089829247232975628568515,0,64.384060602009012411
2022-01-01 01:47:00,0,0,194078.0,194078.0,194078.0,194078.0,0,0,6747309404785864998,3730.1041751434385138955779758605945,3730.1041751434385138955779758605945,0,0
2022-01-01 01:48:00,-12969407585,3479138539257944275,194079.0,194079.0,194079.0,194079.0,0,3479138539257944275,6747309404785864998,3729.7312020232361902765503208285125,3730.1041751434385138955779758605945,0,3.479138539257944275
2022-01-01 01:49:00,365442655706,-97853943297566004543,194065.0,194080.0,194065.0,194080.0,387807322142,6000000000000000000,13214608062300573529,3734.9562211194581403980714696023982,3729.7312020232361902765503208285125,387807.322142,6
2022-01-01 01:50:00,-597929075925,160361331177302957056,194090.0,194078.0,194078.0,194090.0,0,160361331177302957056,6670260984068344999,3725.6309582572740761438411122808522,3734.9562211194581403980714696023982,0,160.361331177302957056
2022-01-01 01:51:00,400884071764,-107425350749373774805,194071.0,194091.0,194068.0,194091.0,503497084315,27504578826079256266,6747309404785864998,3732.7160315184824032553741364185724,3725.6309582572740761438411122808522,503497.084315,27.504578826079256266
2022-01-01 01:52:00,-270515864230,72558638424009102696,194084.0,194084.0,194084.0,194084.0,0,72558638424009102696,6747309404785864998,3727.8668957513903870157632890847727,3732.7160315184824032553741364185724,0,72.558638424009102696
2022-01-01 01:53:00,1068769941,-286569640987926317,194084.0,194084.0,194084.0,194084.0,1068769941,0,6747309404785864998,3727.8668957513903870157632890847727,3727.8668957513903870157632890847727,1068.769941,0
2022-01-01 01:54:00,25434597271,-6819348546286762714,194083.0,194083.0,194083.0,194083.0,25434597271,0,6747309404785864998,3728.2396824409655260544648654136855,3727.8668957513903870157632890847727,25434.597271,0
2022-01-01 01:55:00,13727635370,-3680209098080462337,194082.0,194083.0,194082.0,194083.0,13727635370,0,6747309404785864998,3728.6125064092096226070703119002275,3728.2396824409655260544648654136855,13727.63537,0
2022-01-01 01:56:00,-34941161905,9587602523101350800,194084.0,194057.0,194057.0,194086.0,784913836895,219721805821406722018,6747309404785864998,3727.8668957513903870157632890847727,3728.6125064092096226070703119002275,784913.836895,219.721805821406722018
2022-01-01 01:57:00,-14531893474,3900610835373490034,194085.0,194084.0,194084.0,194085.0,800000000,4115124578059049180,6749477782547161922,3727.4941463367567113446288262021548,3727.8668957513903870157632890847727,800,4.11512457805904918
2022-01-01 01:58:00,0,0,194085.0,194085.0,194085.0,194085.0,0,0,6749477782547161922,3727.4941463367567113446288262021548,3727.4941463367567113446288262021548,0,0
2022-01-01 01:59:00,70765795837,-18842263590685734979,194081.0,194084.0,194064.0,194084.0,555160022993,129842376243890177218,6749477782547161922,3728.9853676598505435693310189314142,3727.4941463367567113446288262021548,555160.022993,129.842376243890177218
2022-01-01 02:00:00,96685856289,-25446744058374227152,194076.0,194049.0,194031.0,194077.0,1829330021080,463559283256721804891,6749477782547161922,3730.8502332795089530327422304115436,3728.9853676598505435693310189314142,1829330.02108,463.559283256721804891
2022-01-01 02:01:00,-38533694192,10375747147665786937,194078.0,194072.0,194072.0,194081.0,149986961169,50558998309289731626,6749477782547161922,3730.1041751434385138955779758605945,3730.8502332795089530327422304115436,149986.961169,50.558998309289731626
2022-01-01 02:02:00,46731143283,-12496453144309057666,194076.0,194078.0,194072.0,194078.0,140078022241,25028565995119233782,6749477782547161922,3730.8502332795089530327422304115436,3730.1041751434385138955779758605945,140078.022241,25.028565995119233782
2022-01-01 02:03:00,-5473013437,1467799623263154895,194076.0,194076.0,194076.0,194076.0,0,1467799623263154895,6749477782547161922,3730.8502332795089530327422304115436,3730.8502332795089530327422304115436,0,1.467799623263154895
2022-01-01 02:04:00,0,0,194076.0,194076.0,194076.0,194076.0,0,0,6749477782547161922,3730.8502332795089530327422304115436,3730.8502332795089530327422304115436,0,0
2022-01-01 02:05:00,748466207656,-200000000000000000000,194054.0,194047.0,194028.0,194054.0,1817088384210,285594946140658015779,13250849470671615068,3739.0667278050022073517175170483591,3730.8502332795089530327422304115436,1817088.38421,285.594946140658015779
2022-01-01 02:06:00,-184729926800,49932699360160004397,194059.0,194080.0,194030.0,194080.0,1817864215719,535842295116157736503,13250849470671615068,3737.1977551702677102818533224134427,3739.0667278050022073517175170483591,1817864.215719,535.842295116157736503
2022-01-01 02:07:00,-414547863904,111043681461302181797,194069.0,194068.0,194068.0,194069.0,0,111043681461302181797,13216776440061870453,3733.4626120519464149208492437995986,3737.1977551702677102818533224134427,0,111.043681461302181797
2022-01-01 02:08:00,-3603961884,965882245977135365,194069.0,194069.0,194069.0,194069.0,0,965882245977135365,13216776440061870453,3733.4626120519464149208492437995986,3733.4626120519464149208492437995986,0,0.965882245977135365
2022-01-01 02:09:00,-304218366406,81600715476043892051,194084.0,194083.0,194083.0,194085.0,31413622157,90023873481835002300,6749477782547161922,3727.8668957513903870157632890847727,3733.4626120519464149208492437995986,31413.622157,90.0238734818350023
2022-01-01 02:10:00,47289813790,-12666386373434720098,194082.0,194080.0,194080.0,194082.0,92415569917,12107698371145462180,6751148370302197711,3728.6125064092096226070703119002275,3727.8668957513903870157632890847727,92415.569917,12.10769837114546218
2022-01-01 02:11:00,63152674513,-16925833433343699795,194079.0,194079.0,194079.0,194079.0,66847853140,991250000000000000,6751148370302197711,3729.7312020232361902765503208285125,3728.6125064092096226070703119002275,66847.85314,0.99125
2022-01-01 02:12:00,-165818756832,44500000000000000000,194087.0,194085.0,194085.0,194087.0,0,44500000000000000000,6751148370302197711,3726.7487593174056370431638230059180,3729.7312020232361902765503208285125,0,44.5
2022-01-01 02:13:00,0,0,194087.0,194087.0,194087.0,194087.0,0,0,6751148370302197711,3726.7487593174056370431638230059180,3726.7487593174056370431638230059180,0,0
2022-01-01 02:14:00,78036252970,-20925722118313453795,194083.0,194087.0,194083.0,194087.0,78112382914,20438859056533408,6751148370302197711,3728.2396824409655260544648654136855,3726.7487593174056370431638230059180,78112.382914,0.020438859056533408
2022-01-01 02:15:00,268722095165,-71996230342343938544,194070.0,194083.0,194070.0,194083.0,276777158812,2158894507853913080,6751148370302197711,3733.0893031216342514956996738322141,3728.2396824409655260544648654136855,276777.158812,2.15889450785391308
2022-01-01 02:16:00,6446084995,-1724940560212624783,194070.0,194070.0,194070.0,194070.0,10177084105,1000000000000000000,6751148370302197711,3733.0893031216342514956996738322141,3733.0893031216342514956996738322141,10177.084105,1
2022-01-01 02:17:00,-10535639319,2824855442376160714,194070.0,194070.0,194070.0,194070.0,4050000000,3909292712642642240,6751148370302197711,3733.0893031216342514956996738322141,3733.0893031216342514956996738322141,4050,3.90929271264264224
2022-01-01 02:18:00,0,0,194070.0,194070.0,194070.0,194070.0,0,0,6751148370302197711,3733.0893031216342514956996738322141,3733.0893031216342514956996738322141,0,0
2022-01-01 02:19:00,-17526220864,4700122781026574516,194071.0,194071.0,194071.0,194071.0,9000000000,7110214752693000836,6751148370302197711,3732.7160315184824032553741364185724,3733.0893031216342514956996738322141,9000,7.110214752693000836
2022-01-01 02:20:00,36633358247,-9808905072119950259,194069.0,194070.0,194069.0,194070.0,36633358247,0,13218447027816906242,3733.4626120519464149208492437995986,3732.7160315184824032553741364185724,36633.358247,0
2022-01-01 02:21:00,-1000000000,268006008259566053,194069.0,194069.0,194069.0,194069.0,0,268006008259566053,13218447027816906242,3733.4626120519464149208492437995986,3733.4626120519464149208492437995986,0,0.268006008259566053
2022-01-01 02:22:00,-120090975649,32194253096061711525,194075.0,194071.0,194071.0,194075.0,0,32194253096061711525,6751148370302197711,3731.2233183028369039280455046345875,3733.4626120519464149208492437995986,0,32.194253096061711525
2022-01-01 02:23:00,-9637540694,2588351263800766704,194076.0,194074.0,194074.0,194076.0,14493523549,6470916008578470871,6751148370302197711,3730.8502332795089530327422304115436,3731.2233183028369039280455046345875,14493.523549,6.470916008578470871
2022-01-01 02:24:00,-42525155463,11407384617263018284,194078.0,194077.0,194077.0,194078.0,7902292682,13524923114367031208,6751148370302197711,3730.1041751434385138955779758605945,3730.8502332795089530327422304115436,7902.292682,13.524923114367031208
2022-01-01 02:25:00,187705253842,-50168166773595171394,194069.0,194078.0,194059.0,194078.0,585520097560,106561028373723035086,13218447027816906242,3733.4626120519464149208492437995986,3730.1041751434385138955779758605945,585520.09756,106.561028373723035086
2022-01-01 02:26:00,-356204854,98858168977944766,194069.0,194069.0,194069.0,194069.0,12677126030,3492831057860408950,13218447027816906242,3733.4626120519464149208492437995986,3733.4626120519464149208492437995986,12677.12603,3.49283105786040895
2022-01-01 02:27:00,165741191342,-44364557179548618353,194065.0,194066.0,194065.0,194066.0,165741191342,0,13218447027816906242,3734.9562211194581403980714696023982,3733.4626120519464149208492437995986,165741.191342,0
2022-01-01 02:28:00,-395765447,106020321338716321,194065.0,194065.0,194065.0,194065.0,0,106020321338716321,13218447027816906242,3734.9562211194581403980714696023982,3734.9562211194581403980714696023982,0,0.106020321338716321
2022-01-01 02:29:00,-309650558217,82992317562756431641,194076.0,194065.0,194065.0,194076.0,15400000000,87113785091343681688,6751148370302197711,3730.8502332795089530327422304115436,3734.9562211194581403980714696023982,15400,87.113785091343681688
2022-01-01 02:30:00,4023932254,-1078018107549791045,194075.0,194076.0,194075.0,194076.0,4027661268,1000000000000000,6751148370302197711,3731.2233183028369039280455046345875,3730.8502332795089530327422304115436,4027.661268,0.001
2022-01-01 02:31:00,38731932624,-10373349285830739047,194074.0,194076.0,194074.0,194076.0,45946026172,1934618484631169913,6751148370302197711,3731.5964406346671876184383091850493,3731.2233183028369039280455046345875,45946.026172,1.934618484631169913
2022-01-01 02:32:00,58835930043,-15748545610673070062,194071.0,194074.0,194071.0,194075.0,90000000000,8356250000000000000,6751148370302197711,3732.7160315184824032553741364185724,3731.5964406346671876184383091850493,90000,8.35625
2022-01-01 02:33:00,-156382394224,41946136078450067528,194078.0,194069.0,194069.0,194078.0,50000000000,55333351206434324480,6751148370302197711,3730.1041751434385138955779758605945,3732.7160315184824032553741364185724,50000,55.33335120643432448
2022-01-01 02:34:00,-329756354,89740515859295434,194078.0,194078.0,194078.0,194078.0,4792657446,1374042029829327090,6751148370302197711,3730.1041751434385138955779758605945,3730.1041751434385138955779758605945,4792.657446,1.37404202982932709
2022-01-01 02:35:00,0,0,194078.0,194078.0,194078.0,194078.0,0,0,6751148370302197711,3730.1041751434385138955779758605945,3730.1041751434385138955779758605945,0,0
2022-01-01 02:36:00,-218885681590,58748409832864725138,194089.0,194078.0,194078.0,194089.0,8766659119,61097616589609391007,6751148370302197711,3726.0035213530998035514554963920800,3730.1041751434385138955779758605945,8766.659119,61.097616589609391007
2022-01-01 02:37:00,5798874810,-1554357402966972730,194089.0,194089.0,194089.0,194089.0,10391320000,1233220751778070441,6751148370302197711,3726.0035213530998035514554963920800,3726.0035213530998035514554963920800,10391.32,1.233220751778070441
2022-01-01 02:38:00,-59949200637,16100000000000000000,194092.0,194092.0,194092.0,194092.0,0,16100000000000000000,6859914453716873675,3724.8859438196507078057728796471972,3726.0035213530998035514554963920800,0,16.1
2022-01-01 02:39:00,-84423849695,22683451634209977522,194096.0,194091.0,194091.0,194096.0,10044704171,25378694471293599744,6859914453716873675,3723.3963618562325456265084228817749,3724.8859438196507078057728796471972,10044.704171,25.378694471293599744
2022-01-01 02:40:00,0,0,194096.0,194096.0,194096.0,194096.0,0,0,6859914453716873675,3723.3963618562325456265084228817749,3723.3963618562325456265084228817749,0,0
2022-01-01 02:41:00,-27038496526,7266087982178585518,194097.0,194097.0,194097.0,194097.0,631045123,7435506728949013319,6859914453716873675,3723.0240594502875168748209407877009,3723.3963618562325456265084228817749,631.045123,7.435506728949013319
2022-01-01 02:42:00,44048837754,-11815050727223367877,194095.0,194093.0,194093.0,194095.0,80000000000,9658737220789469184,6859914453716873675,3723.7687014924181688810710737240657,3723.0240594502875168748209407877009,80000,9.658737220789469184
2022-01-01 02:43:00,81763596694,-21942470316824920824,194091.0,194094.0,194091.0,194094.0,81763596694,0,6859914453716873675,3725.2584324140326728765534569351581,3723.7687014924181688810710737240657,81763.596694,0
2022-01-01 02:44:00,29110120742,-7806288160272220333,194089.0,194091.0,194089.0,194091.0,43172157164,3776896960382300334,6751148370302197711,3726.0035213530998035514554963920800,3725.2584324140326728765534569351581,43172.157164,3.776896960382300334
2022-01-01 02:45:00,-13414677941,3605807439622184975,194090.0,194089.0,194089.0,194090.0,12164978481,6869272000000000000,6859914453716873675,3725.6309582572740761438411122808522,3726.0035213530998035514554963920800,12164.978481,6.869272
2022-01-01 02:46:00,-62290804179,16731627185920675316,194093.0,194093.0,194093.0,194093.0,1000000000,17000000000000000000,6859914453716873675,3724.5134924704036674390289767495211,3725.6309582572740761438411122808522,1000,17
2022-01-01 02:47:00,403846097555,-108275539696251381176,194074.0,194081.0,194074.0,194081.0,403846097555,0,6751148370302197711,3731.5964406346671876184383091850493,3724.5134924704036674390289767495211,403846.097555,0
2022-01-01 02:48:00,20827447877,-5561751946400204418,194073.0,194073.0,194073.0,194075.0,82645268871,16575041476104578159,6751148370302197711,3731.9696002787306543372001530159684,3731.5964406346671876184383091850493,82645.268871,16.575041476104578159
2022-01-01 02:49:00,0,0,194073.0,194073.0,194073.0,194073.0,0,0,6751148370302197711,3731.9696002787306543372001530159684,3731.9696002787306543372001530159684,0,0
2022-01-01 02:50:00,-57315372998,15375407279237781211,194075.0,194073.0,194071.0,194075.0,28402670730,22981801962725225109,6751148370302197711,3731.2233183028369039280455046345875,3731.9696002787306543372001530159684,28402.67073,22.981801962725225109
2022-01-01 02:51:00,-667187659,178916131735000891,194075.0,194075.0,194075.0,194075.0,0,178916131735000891,6751148370302197711,3731.2233183028369039280455046345875,3731.2233183028369039280455046345875,0,0.178916131735000891
2022-01-01 02:52:00,821212877,-220000000000000000,194075.0,194075.0,194075.0,194075.0,821212877,0,6751148370302197711,3731.2233183028369039280455046345875,3731.2233183028369039280455046345875,821.212877,0
2022-01-01 02:53:00,62547424198,-16705688233784625964,194072.0,194082.0,194072.0,194084.0,241464708312,48000000000000000000,6751148370302197711,3732.3427972387585274026338730312736,3731.2233183028369039280455046345875,241464.708312,48
2022-01-01 02:54:00,1974673818,-528155210867617256,194072.0,194072.0,194072.0,194072.0,4545990561,689314959434116392,6751148370302197711,3732.3427972387585274026338730312736,3732.3427972387585274026338730312736,4545.990561,0.689314959434116392
2022-01-01 02:55:00,-22378053538,6000780113700874945,194073.0,194073.0,194073.0,194073.0,5000000000,7340000000000000000,6751148370302197711,3731.9696002787306543372001530159684,3732.3427972387585274026338730312736,5000,7.34
2022-01-01 02:56:00,6783449133,-1816592852087563071,194073.0,194073.0,194073.0,194073.0,7772872023,265268336338814653,6751148370302197711,3731.9696002787306543372001530159684,3731.9696002787306543372001530159684,7772.872023,0.265268336338814653
2022-01-01 02:57:00,35106675101,-9399257622171724508,194071.0,194071.0,194071.0,194071.0,45000000000,2651890924993363085,6751148370302197711,3732.7160315184824032553741364185724,3731.9696002787306543372001530159684,45000,2.651890924993363085
2022-01-01 02:58:00,0,0,194071.0,194071.0,194071.0,194071.0,0,0,6751148370302197711,3732.7160315184824032553741364185724,3732.7160315184824032553741364185724,0,0
2022-01-01 02:59:00,0,0,194071.0,194071.0,194071.0,194071.0,0,0,6751148370302197711,3732.7160315184824032553741364185724,3732.7160315184824032553741364185724,0,0
2022-01-01 03:00:00,21221589884,-5682572472250090866,194070.0,194070.0,194070.0,194070.0,21221589884,0,6751148370302197711,3733.0893031216342514956996738322141,3732.7160315184824032553741364185724,21221.589884,0
2022-01-01 03:01:00,-25000000000,6701090253589472072,194071.0,194071.0,194071.0,194071.0,0,6701090253589472072,6751148370302197711,3732.7160315184824032553741364185724,3733.0893031216342514956996738322141,0,6.701090253589472072
2022-01-01 03:02:00,0,0,194071.0,194071.0,194071.0,194071.0,0,0,6751148370302197711,3732.7160315184824032553741364185724,3732.7160315184824032553741364185724,0,0
2022-01-01 03:03:00,-284680481139,76368107438773573474,194085.0,194086.0,194085.0,194086.0,14868750000,80355483870965250189,6751148370302197711,3727.4941463367567113446288262021548,3732.7160315184824032553741364185724,14868.75,80.355483870965250189
2022-01-01 03:04:00,-67045607789,18000000000000000000,194088.0,194088.0,194088.0,194088.0,0,18000000000000000000,6751148370302197711,3726.3761217052351135318106419417202,3727.4941463367567113446288262021548,0,18
2022-01-01 03:05:00,0,0,194088.0,194088.0,194088.0,194088.0,0,0,6751148370302197711,3726.3761217052351135318106419417202,3726.3761217052351135318106419417202,0,0
2022-01-01 03:06:00,99729042644,-26745765684570542548,194084.0,194084.0,194084.0,194084.0,99729042644,0,6751148370302197711,3727.8668957513903870157632890847727,3726.3761217052351135318106419417202,99729.042644,0
2022-01-01 03:07:00,37300180076,-10000000000000000000,194082.0,194082.0,194082.0,194082.0,37300180076,0,6751148370302197711,3728.6125064092096226070703119002275,3727.8668957513903870157632890847727,37300.180076,0
2022-01-01 03:08:00,0,0,194082.0,194082.0,194082.0,194082.0,0,0,6751148370302197711,3728.6125064092096226070703119002275,3728.6125064092096226070703119002275,0,0
2022-01-01 03:09:00,1221609045,-327476957110015925,194082.0,194082.0,194082.0,194082.0,1221609045,0,6751148370302197711,3728.6125064092096226070703119002275,3728.6125064092096226070703119002275,1221.609045,0
2022-01-01 03:10:00,-11712096328,3143182217885580631,194082.0,194082.0,194082.0,194082.0,1104958371,3439386936782500651,6751148370302197711,3728.6125064092096226070703119002275,3728.6125064092096226070703119002275,1104.958371,3.439386936782500651
2022-01-01 03:11:00,64305380274,-17236595949350890622,194079.0,194080.0,194079.0,194080.0,64305380274,0,6751148370302197711,3729.7312020232361902765503208285125,3728.6125064092096226070703119002275,64305.380274,0
2022-01-01 03:12:00,50000000000,-13398427986331422824,194077.0,194077.0,194077.0,194077.0,50000000000,0,6751148370302197711,3730.4771855609528577469675336581826,3729.7312020232361902765503208285125,50000,0
2022-01-01 03:13:00,-96284721101,25830000000000000000,194081.0,194081.0,194081.0,194081.0,0,25830000000000000000,6751148370302197711,3728.9853676598505435693310189314142,3730.4771855609528577469675336581826,0,25.83
2022-01-01 03:14:00,21259975645,-5698682053372217148,194080.0,194081.0,194080.0,194081.0,21259975645,0,6751148370302197711,3729.3582661966165286236879520333061,3728.9853676598505435693310189314142,21259.975645,0
2022-01-01 03:15:00,2227072573,-596927110192781229,194080.0,194080.0,194080.0,194080.0,2227072573,0,6751148370302197711,3729.3582661966165286236879520333061,3729.3582661966165286236879520333061,2227.072573,0
2022-01-01 03:16:00,40417245644,-10832002446217248749,194078.0,194080.0,194078.0,194080.0,40417245644,0,6751148370302197711,3730.1041751434385138955779758605945,3729.3582661966165286236879520333061,40417.245644,0
2022-01-01 03:17:00,16368009086,-4386095741827623097,194078.0,194078.0,194078.0,194078.0,16368009086,0,6751148370302197711,3730.1041751434385138955779758605945,3730.1041751434385138955779758605945,16368.009086,0
2022-01-01 03:18:00,100000000000,-26789200614369071736,194073.0,194073.0,194073.0,194073.0,100000000000,0,6751148370302197711,3731.9696002787306543372001530159684,3730.1041751434385138955779758605945,100000,0
2022-01-01 03:19:00,-94351869576,25301063190844070398,194077.0,194077.0,194077.0,194077.0,0,25301063190844070398,6751148370302197711,3730.4771855609528577469675336581826,3731.9696002787306543372001530159684,0,25.301063190844070398
2022-01-01 03:20:00,39056285,-10465117425523153,194077.0,194077.0,194077.0,194077.0,39056285,0,6751148370302197711,3730.4771855609528577469675336581826,3730.4771855609528577469675336581826,39.056285,0
2022-01-01 03:21:00,0,0,194077.0,194077.0,194077.0,194077.0,0,0,6751148370302197711,3730.4771855609528577469675336581826,3730.4771855609528577469675336581826,0,0
2022-01-01 03:22:00,518295787,-138876983871968173,194077.0,194077.0,194077.0,194077.0,518295787,0,6751148370302197711,3730.4771855609528577469675336581826,3730.4771855609528577469675336581826,518.295787,0
2022-01-01 03:23:00,-37279860408,10000000000000000000,194079.0,194079.0,194079.0,194079.0,0,10000000000000000000,6751148370302197711,3729.7312020232361902765503208285125,3730.4771855609528577469675336581826,0,10
2022-01-01 03:24:00,13851692716,-3712093035094333775,194078.0,194079.0,194078.0,194079.0,13851692716,0,6751148370302197711,3730.1041751434385138955779758605945,3729.7312020232361902765503208285125,13851.692716,0
2022-01-01 03:25:00,-186394882,50000000000000000,194078.0,194078.0,194078.0,194078.0,0,50000000000000000,6751148370302197711,3730.1041751434385138955779758605945,3730.1041751434385138955779758605945,0,0.05
2022-01-01 03:26:00,0,0,194078.0,194078.0,194078.0,194078.0,0,0,6751148370302197711,3730.1041751434385138955779758605945,3730.1041751434385138955779758605945,0,0
2022-01-01 03:27:00,200388746,-53700079438092732,194078.0,194078.0,194078.0,194078.0,200388746,0,6751148370302197711,3730.1041751434385138955779758605945,3730.1041751434385138955779758605945,200.388746,0
2022-01-01 03:28:00,-44200000000,11857813713380979030,194081.0,194081.0,194081.0,194081.0,0,11857813713380979030,6751148370302197711,3728.9853676598505435693310189314142,3730.1041751434385138955779758605945,0,11.85781371338097903
2022-01-01 03:29:00,-15847353478,4252089072225416513,194081.0,194081.0,194081.0,194081.0,0,4252089072225416513,6751148370302197711,3728.9853676598505435693310189314142,3728.9853676598505435693310189314142,0,4.252089072225416513
2022-01-01 03:30:00,390000000000,-104450423130524804730,194066.0,194066.0,194066.0,194066.0,390000000000,0,13218447027816906242,3734.5827628431738230157698926131382,3728.9853676598505435693310189314142,390000,0
2022-01-01 03:31:00,-137344091348,36818651406960210336,194069.0,194064.0,194064.0,194069.0,60832851211,53098968826712951806,13218447027816906242,3733.4626120519464149208492437995986,3734.5827628431738230157698926131382,60832.851211,53.098968826712951806
2022-01-01 03:32:00,24654663842,-6595790163878405653,194069.0,194070.0,194069.0,194070.0,43033687756,4925774129112106843,13218447027816906242,3733.4626120519464149208492437995986,3733.4626120519464149208492437995986,43033.687756,4.925774129112106843
2022-01-01 03:33:00,-188724609308,50601199040583396631,194077.0,194077.0,194077.0,194078.0,22500000000,56630237036763001405,6751148370302197711,3730.4771855609528577469675336581826,3733.4626120519464149208492437995986,22500,56.630237036763001405
2022-01-01 03:34:00,-200000000,53642180726616733,194077.0,194077.0,194077.0,194077.0,0,53642180726616733,6751148370302197711,3730.4771855609528577469675336581826,3730.4771855609528577469675336581826,0,0.053642180726616733
2022-01-01 03:35:00,0,0,194077.0,194077.0,194077.0,194077.0,0,0,6751148370302197711,3730.4771855609528577469675336581826,3730.4771855609528577469675336581826,0,0
2022-01-01 03:36:00,-118571667912,31811488927842023838,194083.0,194077.0,194077.0,194083.0,815505755,32030009376567979994,6831185613211675354,3728.2396824409655260544648654136855,3730.4771855609528577469675336581826,815.505755,32.030009376567979994
2022-01-01 03:37:00,0,0,194083.0,194083.0,194083.0,194083.0,0,0,6831185613211675354,3728.2396824409655260544648654136855,3728.2396824409655260544648654136855,0,0
2022-01-01 03:38:00,-46607610612,12509181497672750328,194085.0,194083.0,194083.0,194085.0,0,12509181497672750328,6831185613211675354,3727.4941463367567113446288262021548,3728.2396824409655260544648654136855,0,12.509181497672750328
2022-01-01 03:39:00,0,0,194085.0,194085.0,194085.0,194085.0,0,0,6831185613211675354,3727.4941463367567113446288262021548,3727.4941463367567113446288262021548,0,0
2022-01-01 03:40:00,-96013537027,25791948176886425273,194090.0,194083.0,194083.0,194090.0,51120748892,39498562306392509909,6939951696626351318,3725.6309582572740761438411122808522,3727.4941463367567113446288262021548,51120.748892,39.498562306392509909
2022-01-01 03:41:00,88829072689,-23822877894360188789,194085.0,194090.0,194085.0,194090.0,100000000000,3000000000000000000,6831185613211675354,3727.4941463367567113446288262021548,3725.6309582572740761438411122808522,100000,3
2022-01-01 03:42:00,20825152263,-5581118834872885403,194084.0,194085.0,194084.0,194085.0,32635849823,3170000000000000000,6831185613211675354,3727.8668957513903870157632890847727,3727.4941463367567113446288262021548,32635.849823,3.17
2022-01-01 03:43:00,-36645898097,9836846618400440470,194086.0,194086.0,194086.0,194086.0,0,9836846618400440470,6831185613211675354,3727.1214341933373776068681393882150,3727.8668957513903870157632890847727,0,9.83684661840044047
2022-01-01 03:44:00,-10057373973,2700000000000000000,194087.0,194087.0,194087.0,194087.0,0,2700000000000000000,6831185613211675354,3726.7487593174056370431638230059180,3727.1214341933373776068681393882150,0,2.7
2022-01-01 03:45:00,2169807093,-581901954821918468,194086.0,194086.0,194086.0,194086.0,2291047093,32548495825680196,6831185613211675354,3727.1214341933373776068681393882150,3726.7487593174056370431638230059180,2291.047093,0.032548495825680196
2022-01-01 03:46:00,18424395659,-4941113075940103608,194086.0,194086.0,194086.0,194086.0,18424395659,0,6831185613211675354,3727.1214341933373776068681393882150,3727.1214341933373776068681393882150,18424.395659,0
2022-01-01 03:47:00,-2000000000,536882002204499799,194086.0,194086.0,194086.0,194086.0,0,536882002204499799,6831185613211675354,3727.1214341933373776068681393882150,3727.1214341933373776068681393882150,0,0.536882002204499799
2022-01-01 03:48:00,-11930863201,3207576011302631985,194086.0,194085.0,194085.0,194086.0,17647224361,7940000000000000000,6831185613211675354,3727.1214341933373776068681393882150,3727.1214341933373776068681393882150,17647.224361,7.94
2022-01-01 03:49:00,94263740066,-25274813405840436967,194082.0,194082.0,194082.0,194082.0,94263740066,0,6831185613211675354,3728.6125064092096226070703119002275,3727.1214341933373776068681393882150,94263.740066,0
2022-01-01 03:50:00,110469262159,-29595625834588490944,194076.0,194083.0,194076.0,194083.0,147104860540,9831528052870066728,6831185613211675354,3730.8502332795089530327422304115436,3728.6125064092096226070703119002275,147104.86054,9.831528052870066728
2022-01-01 03:51:00,-33803518358,9072682763441235571,194078.0,194075.0,194075.0,194078.0,22500000000,15100699445302224390,6831185613211675354,3730.1041751434385138955779758605945,3730.8502332795089530327422304115436,22500,15.10069944530222439
2022-01-01 03:52:00,-167658578376,44990464644233999732,194086.0,194080.0,194080.0,194086.0,0,44990464644233999732,6831185613211675354,3727.1214341933373776068681393882150,3730.1041751434385138955779758605945,0,44.990464644233999732
2022-01-01 03:53:00,-82838524815,22248088586616939151,194090.0,194091.0,194090.0,194091.0,20000000000,27614173489493348237,6939951696626351318,3725.6309582572740761438411122808522,3727.1214341933373776068681393882150,20000,27.614173489493348237
2022-01-01 03:54:00,127733341090,-34259319032977196791,194084.0,194084.0,194084.0,194084.0,127733341090,0,6831185613211675354,3727.8668957513903870157632890847727,3725.6309582572740761438411122808522,127733.34109,0
2022-01-01 03:55:00,9331709461,-2500046307949561116,194083.0,194084.0,194083.0,194084.0,16735221113,1987107618518997176,6831185613211675354,3728.2396824409655260544648654136855,3727.8668957513903870157632890847727,16735.221113,1.987107618518997176
2022-01-01 03:56:00,25260512150,-6762789443436096294,194082.0,194085.0,194082.0,194085.0,60809269307,9541528182695045206,6831185613211675354,3728.6125064092096226070703119002275,3728.2396824409655260544648654136855,60809.269307,9.541528182695045206
2022-01-01 03:57:00,3035000000,-813626513058800362,194082.0,194082.0,194082.0,194082.0,3035000000,0,6831185613211675354,3728.6125064092096226070703119002275,3728.6125064092096226070703119002275,3035,0
2022-01-01 03:58:00,0,0,194082.0,194082.0,194082.0,194082.0,0,0,6831185613211675354,3728.6125064092096226070703119002275,3728.6125064092096226070703119002275,0,0
2022-01-01 03:59:00,-55755789315,14963929927252916604,194085.0,194085.0,194085.0,194085.0,0,14963929927252916604,6831185613211675354,3727.4941463367567113446288262021548,3728.6125064092096226070703119002275,0,14.963929927252916604
2022-01-01 04:00:00,0,0,194085.0,194085.0,194085.0,194085.0,0,0,6831185613211675354,3727.4941463367567113446288262021548,3727.4941463367567113446288262021548,0,0
2022-01-01 04:01:00,-41388045779,11110962246726012418,194087.0,194087.0,194087.0,194087.0,1896504132,11619614334388517024,6831185613211675354,3726.7487593174056370431638230059180,3727.4941463367567113446288262021548,1896.504132,11.619614334388517024
2022-01-01 04:02:00,-280727319663,75423682292398925163,194100.0,194088.0,194088.0,194101.0,21686360285,81247753054508765303,6859914453716873675,3721.9073755766713407968649860451392,3726.7487593174056370431638230059180,21686.360285,81.247753054508765303
2022-01-01 04:03:00,72620984828,-19499831976678567373,194097.0,194099.0,194097.0,194099.0,72620984828,0,6939951696626351318,3723.0240594502875168748209407877009,3721.9073755766713407968649860451392,72620.984828,0
2022-01-01 04:04:00,-2621189197,704416823266080775,194097.0,194097.0,194097.0,194097.0,0,704416823266080775,6939951696626351318,3723.0240594502875168748209407877009,3723.0240594502875168748209407877009,0,0.704416823266080775
2022-01-01 04:05:00,-6468164590,1742528212757974223,194097.0,194096.0,194096.0,194097.0,15782016848,5979406224133714595,6939951696626351318,3723.0240594502875168748209407877009,3723.0240594502875168748209407877009,15782.016848,5.979406224133714595
2022-01-01 04:06:00,2000000000,-536958676899979161,194097.0,194097.0,194097.0,194097.0,2000000000,0,6939951696626351318,3723.0240594502875168748209407877009,3723.0240594502875168748209407877009,2000,0
2022-01-01 04:07:00,18283668031,-4902292039990977060,194096.0,194097.0,194095.0,194097.0,41585613802,6261437508283455766,6939951696626351318,3723.3963618562325456265084228817749,3723.0240594502875168748209407877009,41585.613802,6.261437508283455766
2022-01-01 04:08:00,145494290052,-39045248217693542756,194089.0,194095.0,194089.0,194095.0,145494290052,0,6831185613211675354,3726.0035213530998035514554963920800,3723.3963618562325456265084228817749,145494.290052,0
2022-01-01 04:09:00,16816202102,-4503081931726474109,194088.0,194091.0,194088.0,194091.0,46717726992,8030295162619570000,6831185613211675354,3726.3761217052351135318106419417202,3726.0035213530998035514554963920800,46717.726992,8.03029516261957
2022-01-01 04:10:00,-10868284159,2918533410800046569,194089.0,194089.0,194089.0,194089.0,500000000,3052665025111480570,6831185613211675354,3726.0035213530998035514554963920800,3726.3761217052351135318106419417202,500,3.05266502511148057
2022-01-01 04:11:00,0,0,194089.0,194089.0,194089.0,194089.0,0,0,6831185613211675354,3726.0035213530998035514554963920800,3726.0035213530998035514554963920800,0,0
2022-01-01 04:12:00,-82481319462,22163460736441202158,194093.0,194087.0,194087.0,194093.0,38391664813,32462471241277772879,6939951696626351318,3724.5134924704036674390289767495211,3726.0035213530998035514554963920800,38391.664813,32.462471241277772879
2022-01-01 04:13:00,-113238001279,30433912447570297976,194098.0,194093.0,194093.0,194099.0,22139609305,36378271293742119854,6939951696626351318,3722.6517942708604308317377670109972,3724.5134924704036674390289767495211,22139.609305,36.378271293742119854
2022-01-01 04:14:00,-386906893151,104089198315346201456,194117.0,194108.0,194108.0,194117.0,0,104089198315346201456,6716807057146218331,3715.5858239517498919210137039230934,3722.6517942708604308317377670109972,0,104.089198315346201456
2022-01-01 04:15:00,153797684793,-41357909842690876312,194109.0,194117.0,194109.0,194117.0,153797684793,0,6859914453716873675,3718.5593331830408156474180097554461,3715.5858239517498919210137039230934,153797.684793,0
2022-01-01 04:16:00,-93315088242,25190292066514342246,194114.0,194096.0,194096.0,194114.0,280385197199,100510294189063935446,6716807057146218331,3716.7006111702257212650385155566045,3718.5593331830408156474180097554461,280385.197199,100.510294189063935446
2022-01-01 04:17:00,-317603149600,85571192617015073249,194130.0,194113.0,194113.0,194130.0,19429239815,90796542594512204123,6674858427102191175,3710.7589418737968700243376835738732,3716.7006111702257212650385155566045,19429.239815,90.796542594512204123
2022-01-01 04:18:00,24898074876,-6705942984813013537,194128.0,194130.0,194128.0,194130.0,24898074876,0,6674858427102191175,3711.5011307697610481363112513539626,3710.7589418737968700243376835738732,24898.074876,0
2022-01-01 04:19:00,-8694007451,2343857505645538492,194129.0,194128.0,194128.0,194129.0,0,2343857505645538492,6674858427102191175,3711.1300177679842497113401173422291,3711.5011307697610481363112513539626,0,2.343857505645538492
2022-01-01 04:20:00,558398563016,-150254268272040331283,194115.0,194129.0,194115.0,194129.0,562453940490,1091811264988583640,26047463486951807415,3716.3289782723984814168968258740167,3711.1300177679842497113401173422291,562453.94049,1.09181126498858364
2022-01-01 04:21:00,-73379034974,19756475109690095608,194116.0,194115.0,194115.0,194116.0,0,19756475109690095608,26047463486951807415,3715.9573825341450669102058052934875,3716.3289782723984814168968258740167,0,19.756475109690095608
2022-01-01 04:22:00,-7624441789,2052899431468084453,194116.0,194116.0,194116.0,194116.0,0,2052899431468084453,26047463486951807415,3715.9573825341450669102058052934875,3715.9573825341450669102058052934875,0,2.052899431468084453
2022-01-01 04:23:00,94143100039,-25250186622456435687,194115.0,194119.0,194115.0,194119.0,359197185983,71377940028915403678,26047463486951807415,3716.3289782723984814168968258740167,3715.9573825341450669102058052934875,359197.185983,71.377940028915403678
2022-01-01 04:24:00,-383455084735,103346756466766318009,194119.0,194115.0,194111.0,194120.0,324418186969,190585982955728427561,26047463486951807415,3714.8428182396737747693220918115111,3716.3289782723984814168968258740167,324418.186969,190.585982955728427561
2022-01-01 04:25:00,118528411130,-31003343267190265972,194118.0,194127.0,194118.0,194288.0,3404763050270,891862389509382012928,26047463486951807415,3715.2143025214977421467990240206926,3714.8428182396737747693220918115111,3404763.05027,891.862389509382012928
2022-01-01 04:26:00,-766348915,208180489351237496,194118.0,194118.0,194118.0,194118.0,6660000000,2000000000000000000,26047463486951807415,3715.2143025214977421467990240206926,3715.2143025214977421467990240206926,6660,2
2022-01-01 04:27:00,11148559309,-2999325267504614163,194118.0,194118.0,194118.0,194118.0,11518144555,99532544470491287,26047463486951807415,3715.2143025214977421467990240206926,3715.2143025214977421467990240206926,11518.144555,0.099532544470491287
2022-01-01 04:28:00,821643628714,-220730710482620679908,194108.0,194152.0,194108.0,194152.0,1600258092130,210000000000000000000,26190570883522462759,3718.9311891163591197289827515564250,3715.2143025214977421467990240206926,1600258.09213,210
2022-01-01 04:29:00,-735653614755,198005026978653660213,194117.0,194117.0,194117.0,194117.0,0,198005026978653660213,26047463486951807415,3715.5858239517498919210137039230934,3718.9311891163591197289827515564250,0,198.005026978653660213
2022-01-01 04:30:00,5160943058,-1386983966224506554,194117.0,194117.0,194117.0,194117.0,10214513969,1360829493169838188,26047463486951807415,3715.5858239517498919210137039230934,3715.5858239517498919210137039230934,10214.513969,1.360829493169838188
2022-01-01 04:31:00,-328335390351,89356421580390571088,194125.0,194124.0,194124.0,194312.0,3394066407421,1011265797956248299585,6674858427102191175,3712.6146924577374006743533498668436,3715.5858239517498919210137039230934,3394066.407421,1011.265797956248299585
2022-01-01 04:32:00,8655541115,-2316703882840279779,194125.0,194124.0,194122.0,194125.0,59104636661,13593817715150837815,6674858427102191175,3712.6146924577374006743533498668436,3712.6146924577374006743533498668436,59104.636661,13.593817715150837815
2022-01-01 04:33:00,113671160865,-30593218961799588301,194119.0,194125.0,194119.0,194125.0,116810989239,846157460941782406,26047463486951807415,3714.8428182396737747693220918115111,3712.6146924577374006743533498668436,116810.989239,0.846157460941782406
2022-01-01 04:34:00,0,0,194119.0,194119.0,194119.0,194119.0,0,0,26047463486951807415,3714.8428182396737747693220918115111,3714.8428182396737747693220918115111,0,0
2022-01-01 04:35:00,-249944237157,67885975149415696876,194131.0,194120.0,194120.0,194183.0,1944246618536,592915632232125785212,6674858427102191175,3710.3879030834885211722204615277225,3714.8428182396737747693220918115111,1944246.618536,592.915632232125785212
2022-01-01 04:36:00,137295218165,-36863097228958868999,194125.0,194116.0,194116.0,194125.0,553227010714,112023534274795440399,6674858427102191175,3712.6146924577374006743533498668436,3710.3879030834885211722204615277225,553227.010714,112.023534274795440399
2022-01-01 04:37:00,0,0,194125.0,194125.0,194125.0,194125.0,0,0,6674858427102191175,3712.6146924577374006743533498668436,3712.6146924577374006743533498668436,0,0
2022-01-01 04:38:00,-19953441414,5377515265001757515,194126.0,194125.0,194125.0,194126.0,0,5377515265001757515,6674858427102191175,3712.2434681109263080435489949673470,3712.6146924577374006743533498668436,0,5.377515265001757515
2022-01-01 04:39:00,-62831773882,17286405320768499637,194129.0,194139.0,194129.0,194196.0,1294939635920,367189488991619586782,6674858427102191175,3711.1300177679842497113401173422291,3712.2434681109263080435489949673470,1294939.63592,367.189488991619586782
2022-01-01 04:40:00,174355319233,-46622983370086480985,194120.0,194129.0,194120.0,194188.0,1346272078643,316860868353233595353,6674858427102191175,3714.4713711025635184174803437771349,3711.1300177679842497113401173422291,1346272.078643,316.860868353233595353
2022-01-01 04:41:00,-60263380789,16533860473315989071,194123.0,194120.0,194120.0,194178.0,1105796962312,315000000000000000000,6674858427102191175,3713.3572525223758727318622272803539,3714.4713711025635184174803437771349,1105796.962312,315
2022-01-01 04:42:00,6894044387,-1855657783461418080,194123.0,194123.0,194123.0,194123.0,7117756459,60279311153664700,6674858427102191175,3713.3572525223758727318622272803539,3713.3572525223758727318622272803539,7117.756459,0.0602793111536647
2022-01-01 04:43:00,0,0,194123.0,194123.0,194123.0,194123.0,0,0,6674858427102191175,3713.3572525223758727318622272803539,3713.3572525223758727318622272803539,0,0
2022-01-01 04:44:00,234578978820,-63119478700070589291,194117.0,194117.0,194117.0,194117.0,234578978820,0,26047463486951807415,3715.5858239517498919210137039230934,3713.3572525223758727318622272803539,234578.97882,0
2022-01-01 04:45:00,5012897402,-387514830574562332,194117.0,194178.0,194116.0,194225.0,3567708278258,963230493916909273088,26047463486951807415,3715.5858239517498919210137039230934,3715.5858239517498919210137039230934,3567708.278258,963.230493916909273088
2022-01-01 04:46:00,178064938672,-47557425760508047287,194115.0,194174.0,194115.0,194174.0,1443746054047,341698680004180157153,26047463486951807415,3716.3289782723984814168968258740167,3715.5858239517498919210137039230934,1443746.054047,341.698680004180157153
2022-01-01 04:47:00,0,0,194115.0,194115.0,194115.0,194115.0,0,0,26047463486951807415,3716.3289782723984814168968258740167,3716.3289782723984814168968258740167,0,0
2022-01-01 04:48:00,0,0,194115.0,194115.0,194115.0,194115.0,0,0,26047463486951807415,3716.3289782723984814168968258740167,3716.3289782723984814168968258740167,0,0
2022-01-01 04:49:00,829488715226,-222290357133901356508,194105.0,194168.0,194105.0,194239.0,3412643163826,699208195719620001792,26190570883522462759,3720.0469800447486321447913973711003,3716.3289782723984814168968258740167,3412643.163826,699.208195719620001792
2022-01-01 04:50:00,930456348,-250000000000000000,194105.0,194105.0,194105.0,194105.0,930456348,0,26190570883522462759,3720.0469800447486321447913973711003,3720.0469800447486321447913973711003,930.456348,0
2022-01-01 04:51:00,4194167668,-1126330875165611078,194105.0,194105.0,194105.0,194105.0,6339942514,577111121928306582,26190570883522462759,3720.0469800447486321447913973711003,3720.0469800447486321447913973711003,6339.942514,0.577111121928306582
2022-01-01 04:52:00,-47404701815,12750000000000000000,194105.0,194105.0,194105.0,194105.0,0,12750000000000000000,26190570883522462759,3720.0469800447486321447913973711003,3720.0469800447486321447913973711003,0,12.75
2022-01-01 04:53:00,-81559049476,21948104501865532175,194106.0,194105.0,194105.0,194106.0,37772256462,32097260227617054637,26190570883522462759,3719.6750125434942827165197453965628,3720.0469800447486321447913973711003,37772.256462,32.097260227617054637
2022-01-01 04:54:00,291284670750,-78261846192152613975,194103.0,194106.0,194103.0,194106.0,291284670750,0,26190570883522462759,3720.7910266412273823187066770984875,3719.6750125434942827165197453965628,291284.67075,0
2022-01-01 04:55:00,-680843605015,183155614111657461443,194111.0,194110.0,194110.0,194111.0,0,183155614111657461443,26047463486951807415,3717.8157328583118246993598907836942,3720.7910266412273823187066770984875,0,183.155614111657461443
2022-01-01 04:56:00,-688214921591,185298329635006246911,194121.0,194112.0,194112.0,194121.0,0,185298329635006246911,6674858427102191175,3714.0999611064528731301673270444318,3717.8157328583118246993598907836942,0,185.298329635006246911
2022-01-01 04:57:00,-261220595784,70432634896643983009,194134.0,194123.0,194120.0,194134.0,66310764667,88278640149341595487,6674858427102191175,3709.2750092987393453971222236015747,3714.0999611064528731301673270444318,66310.764667,88.278640149341595487
2022-01-01 04:58:00,-59529687228,16059735029723012233,194137.0,194134.0,194134.0,194137.0,796695667,16274416000000000000,6674858427102191175,3708.1624493153630945585464598126777,3709.2750092987393453971222236015747,796.695667,16.274416
2022-01-01 04:59:00,299984649978,-80799178973258288220,194122.0,194122.0,194122.0,194122.0,299984649978,0,6674858427102191175,3713.7285882476281103191354135030821,3708.1624493153630945585464598126777,299984.649978,0
2022-01-01 05:00:00,-300073699431,80908146516932269061,194137.0,194137.0,194137.0,194137.0,15018209099,84956355047112310302,6674858427102191175,3708.1624493153630945585464598126777,3713.7285882476281103191354135030821,15018.209099,84.956355047112310302
2022-01-01 05:01:00,147051320761,-39617386235800559880,194129.0,194132.0,194129.0,194133.0,165590769584,5000000000000000000,6674858427102191175,3711.1300177679842497113401173422291,3708.1624493153630945585464598126777,165590.769584,5
2022-01-01 05:02:00,-5899560805,1590651604088544156,194130.0,194130.0,194130.0,194130.0,0,1590651604088544156,6675055418466381811,3710.7589418737968700243376835738732,3711.1300177679842497113401173422291,0,1.590651604088544156
2022-01-01 05:03:00,45798127448,-12334161894099438255,194127.0,194130.0,194127.0,194130.0,47533858016,468000000000000000,6675055418466381811,3711.8722808828380242411248824790983,3710.7589418737968700243376835738732,47533.858016,0.468
2022-01-01 05:04:00,-190286855166,51349011340854533354,194137.0,194124.0,194122.0,194137.0,112295580722,81581733221099233305,6675055418466381811,3708.1624493153630945585464598126777,3711.8722808828380242411248824790983,112295.580722,81.581733221099233305
2022-01-01 05:05:00,-2223710834,600000000000000000,194137.0,194137.0,194137.0,194137.0,0,600000000000000000,6675055418466381811,3708.1624493153630945585464598126777,3708.1624493153630945585464598126777,0,0.6
2022-01-01 05:06:00,70620000,-19035686728615172,194137.0,194137.0,194137.0,194137.0,70620000,0,6675055418466381811,3708.1624493153630945585464598126777,3708.1624493153630945585464598126777,70.62,0
2022-01-01 05:07:00,-61307915973,16544636392219404397,194140.0,194138.0,194138.0,194140.0,0,16544636392219404397,6675055418466381811,3707.0502230332393815238746123312206,3708.1624493153630945585464598126777,0,16.544636392219404397
2022-01-01 05:08:00,-161035841522,43499102091113286354,194148.0,194138.0,194137.0,194148.0,66572353109,61446252600762307224,6675055418466381811,3704.0859169481693585247264920912771,3707.0502230332393815238746123312206,66572.353109,61.446252600762307224
2022-01-01 05:09:00,19029657862,-5134837918717156675,194147.0,194147.0,194147.0,194147.0,19029657862,0,6675055418466381811,3704.4563255398641754605789647404844,3704.0859169481693585247264920912771,19029.657862,0
2022-01-01 05:10:00,-3542800001,957267360143645846,194147.0,194147.0,194147.0,194147.0,1411865142,1338225911561086403,6675055418466381811,3704.4563255398641754605789647404844,3704.4563255398641754605789647404844,1411.865142,1.338225911561086403
2022-01-01 05:11:00,3036302744,-819265808874861324,194147.0,194147.0,194147.0,194147.0,3036302744,0,6675055418466381811,3704.4563255398641754605789647404844,3704.4563255398641754605789647404844,3036.302744,0
2022-01-01 05:12:00,-43172622372,11661797621116771381,194149.0,194147.0,194147.0,194149.0,0,11661797621116771381,6675055418466381811,3703.7155453936299955251739746938068,3704.4563255398641754605789647404844,0,11.661797621116771381
2022-01-01 05:13:00,279120561923,-75277033065916296559,194135.0,194147.0,194135.0,194147.0,279120561923,0,6675055418466381811,3708.9041188868506603310891146901044,3703.7155453936299955251739746938068,279120.561923,0
2022-01-01 05:14:00,5429399925,-1463250020144028023,194135.0,194135.0,194135.0,194135.0,5429399925,0,6675055418466381811,3708.9041188868506603310891146901044,3708.9041188868506603310891146901044,5429.399925,0
2022-01-01 05:15:00,0,0,194135.0,194135.0,194135.0,194135.0,0,0,6675055418466381811,3708.9041188868506603310891146901044,3708.9041188868506603310891146901044,0,0
2022-01-01 05:16:00,9810320190,-2638385708549939199,194135.0,194134.0,194134.0,194135.0,30000000000,5446057778644284030,6675055418466381811,3708.9041188868506603310891146901044,3708.9041188868506603310891146901044,30000,5.44605777864428403
2022-01-01 05:17:00,-16605963573,4485169043674797966,194135.0,194134.0,194134.0,194136.0,20000000000,9874913485750075392,6675055418466381811,3708.9041188868506603310891146901044,3708.9041188868506603310891146901044,20000,9.874913485750075392
2022-01-01 05:18:00,110437742336,-29756036843554212299,194130.0,194130.0,194130.0,194130.0,110437742336,0,6675055418466381811,3710.7589418737968700243376835738732,3708.9041188868506603310891146901044,110437.742336,0
2022-01-01 05:19:00,0,0,194130.0,194130.0,194130.0,194130.0,0,0,6675055418466381811,3710.7589418737968700243376835738732,3710.7589418737968700243376835738732,0,0
2022-01-01 05:20:00,364419087722,-98084875383502350842,194118.0,194118.0,194118.0,194118.0,364419087722,0,26047660478315998051,3715.2143025214977421467990240206926,3710.7589418737968700243376835738732,364419.087722,0
2022-01-01 05:21:00,1717806786888,-461556593094198501542,194086.0,194109.0,194077.0,194109.0,1916953103327,53437794787048272834,6831382604575865990,3727.1214341933373776068681393882150,3715.2143025214977421467990240206926,1916953.103327,53.437794787048272834
2022-01-01 05:22:00,0,0,194086.0,194086.0,194086.0,194086.0,0,0,6831382604575865990,3727.1214341933373776068681393882150,3727.1214341933373776068681393882150,0,0
2022-01-01 05:23:00,611789192751,-163587383939713591988,194057.0,194088.0,194057.0,194088.0,1547678790498,250891934874718615631,6866613490753217619,3737.9452320932793155265867958964543,3727.1214341933373776068681393882150,1547678.790498,250.891934874718615631
2022-01-01 05:24:00,272126724538,-72596842740449443218,194044.0,194069.0,194035.0,194069.0,741796544547,125674412277999081742,6917163181043247060,3742.8074775616012589711801157187789,3737.9452320932793155265867958964543,741796.544547,125.674412277999081742
2022-01-01 05:25:00,96101471217,-25571886829642279775,194040.0,194024.0,194024.0,194040.0,424407600000,87659267802187841294,6917163181043247060,3744.3048251360461573618382872318793,3742.8074775616012589711801157187789,424407.6,87.659267802187841294
2022-01-01 05:26:00,193476503916,-51623555709147447247,194031.0,194040.0,194031.0,194040.0,194801178459,353969512745835053,6921873858749325545,3747.6760477429744361504437981087153,3744.3048251360461573618382872318793,194801.178459,0.353969512745835053
2022-01-01 05:27:00,346728637788,-92394901628390060809,194015.0,194015.0,194015.0,194015.0,361991642725,4068410989005768532,8757159079587289149,3753.6768287300013143228682373370920,3747.6760477429744361504437981087153,361991.642725,4.068410989005768532
2022-01-01 05:28:00,-47870335657,12761518487787545971,194017.0,194016.0,194016.0,194017.0,0,12761518487787545971,8757159079587289149,3752.9262059595473452583431161304305,3753.6768287300013143228682373370920,0,12.761518487787545971
2022-01-01 05:29:00,-53019514478,14136871311626652922,194019.0,194019.0,194019.0,194019.0,0,14136871311626652922,8757159079587289149,3752.1757332911317859898272907740055,3752.9262059595473452583431161304305,0,14.136871311626652922
2022-01-01 05:30:00,609073225153,-162070244736015690925,193996.0,193996.0,193996.0,193996.0,609073225153,0,8776174775726226864,3760.8152371307336538799215224869178,3752.1757332911317859898272907740055,609073.225153,0
2022-01-01 05:31:00,-285267992235,75938361022269151334,194007.0,193996.0,193996.0,194007.0,991250000,76201826890629990280,8773343114574815459,3756.6808214327295400235398559843308,3760.8152371307336538799215224869178,991.25,76.20182689062999028
2022-01-01 05:32:00,-11498765341,3062650908228577999,194007.0,194007.0,194007.0,194007.0,0,3062650908228577999,8773343114574815459,3756.6808214327295400235398559843308,3756.6808214327295400235398559843308,0,3.062650908228577999
2022-01-01 05:33:00,91159166268,-24212953042899640350,194004.0,194013.0,194004.0,194013.0,237877573783,39089380000000000000,8773343114574815459,3757.8079383833406826888658481873451,3756.6808214327295400235398559843308,237877.573783,39.08938
2022-01-01 05:34:00,65655167656,-17193086788338256487,194002.0,194000.0,193999.0,194041.0,1074664360554,269048890909053519065,8773343114574815459,3758.5595375490967346588104482456441,3757.8079383833406826888658481873451,1074664.360554,269.048890909053519065
2022-01-01 05:35:00,41631340509,-11061401302781836293,194000.0,194002.0,194000.0,194002.0,74723488485,8808750188880246680,8773343114574815459,3759.3112870422019294967095569233935,3758.5595375490967346588104482456441,74723.488485,8.80875018888024668
2022-01-01 05:36:00,-9626967783,2562320687472640384,194000.0,194000.0,194000.0,194000.0,0,2562320687472640384,8773343114574815459,3759.3112870422019294967095569233935,3759.3112870422019294967095569233935,0,2.562320687472640384
2022-01-01 05:37:00,-93423901255,24870537579381752175,194004.0,194001.0,194001.0,194004.0,0,24870537579381752175,8773343114574815459,3757.8079383833406826888658481873451,3759.3112870422019294967095569233935,0,24.870537579381752175
2022-01-01 05:38:00,-377048490596,100462645463278747634,194018.0,194005.0,194005.0,194018.0,0,100462645463278747634,8757159079587289149,3752.5509508644608991684262735030845,3757.8079383833406826888658481873451,0,100.462645463278747634
2022-01-01 05:39:00,24628179294,-6556854578199634139,194017.0,194018.0,194017.0,194018.0,35669164715,2943941942940687145,8757159079587289149,3752.9262059595473452583431161304305,3752.5509508644608991684262735030845,35669.164715,2.943941942940687145
2022-01-01 05:40:00,434396234067,-115602140709641241962,194001.0,194009.0,194001.0,194009.0,441619421550,1922620923232622941,8773343114574815459,3758.9353935028516443322763292904667,3752.9262059595473452583431161304305,441619.42155,1.922620923232622941
2022-01-01 05:41:00,-707699420816,188627440000000016384,194029.0,194017.0,194017.0,194029.0,0,188627440000000016384,6930836385832047608,3748.4256204292835084674182483727765,3758.9353935028516443322763292904667,0,188.627440000000016384
2022-01-01 05:42:00,32437796212,-8134602687553234704,194028.0,194067.0,194027.0,194120.0,1957487035823,516166220654379268693,6930836385832047608,3748.8004629913264368182649901976100,3748.4256204292835084674182483727765,1957487.035823,516.166220654379268693
2022-01-01 05:43:00,-67937813750,18204644380139516253,194031.0,194028.0,194016.0,194031.0,260450405990,87606420339823544832,6931334691680076129,3747.6760477429744361504437981087153,3748.8004629913264368182649901976100,260450.40599,87.606420339823544832
2022-01-01 05:44:00,28000821804,-7467707407372157718,194030.0,194031.0,194030.0,194031.0,28000821804,0,6931334691680076129,3748.0508153477487335940588424885263,3747.6760477429744361504437981087153,28000.821804,0
2022-01-01 05:45:00,-790681493093,211699513377162006782,194067.0,194028.0,194028.0,194108.0,879840685311,447654140505264700885,6842001293074223588,3734.2093419089829247232975628568515,3748.0508153477487335940588424885263,879840.685311,447.654140505264700885
2022-01-01 05:46:00,192249449266,-51437803353166426180,194058.0,194064.0,194058.0,194064.0,192249449266,0,6876074323683968203,3737.5714749457847370528815077456842,3734.2093419089829247232975628568515,192249.449266,0
2022-01-01 05:47:00,-121408209600,32673588629761889680,194064.0,194058.0,194056.0,194090.0,607921140503,195535947755899810962,6842001293074223588,3735.3297167415700862121112767493561,3737.5714749457847370528815077456842,607921.140503,195.535947755899810962
2022-01-01 05:48:00,2303664079,-599056634772898475,194064.0,194066.0,194064.0,194067.0,67194078146,17384125908297847934,6842001293074223588,3735.3297167415700862121112767493561,3735.3297167415700862121112767493561,67194.078146,17.384125908297847934
2022-01-01 05:49:00,43924479241,-11592577732364704735,194062.0,194092.0,194062.0,194092.0,640409948900,160000000000000000000,6842001293074223588,3736.0768200382155676450545611258193,3735.3297167415700862121112767493561,640409.9489,160
2022-01-01 05:50:00,40026530145,-10707340789641489620,194060.0,194060.0,194060.0,194060.0,40026530145,0,6842001293074223588,3736.8240727629914111407392484885923,3736.0768200382155676450545611258193,40026.530145,0
2022-01-01 05:51:00,49723977352,-13298620553688666495,194057.0,194060.0,194057.0,194060.0,49723977352,0,6876074323683968203,3737.9452320932793155265867958964543,3736.8240727629914111407392484885923,49723.977352,0
2022-01-01 05:52:00,0,0,194057.0,194057.0,194057.0,194057.0,0,0,6876074323683968203,3737.9452320932793155265867958964543,3737.9452320932793155265867958964543,0,0
2022-01-01 05:53:00,-250000000000,66961168607898254508,194069.0,194069.0,194069.0,194069.0,0,66961168607898254508,6842001293074223588,3733.4626120519464149208492437995986,3737.9452320932793155265867958964543,0,66.961168607898254508
2022-01-01 05:54:00,432818045042,-115761727889501339801,194049.0,194050.0,194049.0,194050.0,432818045042,0,6926624013973997644,3740.9366351129700258044187028313054,3733.4626120519464149208492437995986,432818.045042,0
2022-01-01 05:55:00,29132617969,-7783269722754914019,194047.0,194047.0,194047.0,194047.0,29132617969,0,6926624013973997644,3741.6848598493589709392798446160565,3740.9366351129700258044187028313054,29132.617969,0
2022-01-01 05:56:00,-375239517996,100434491667126242287,194065.0,194065.0,194065.0,194065.0,0,100434491667126242287,6842001293074223588,3734.9562211194581403980714696023982,3741.6848598493589709392798446160565,0,100.434491667126242287
2022-01-01 05:57:00,-13626965212,3657090772369217725,194066.0,194066.0,194065.0,194066.0,23857034097,10042067653325043280,6842001293074223588,3734.5827628431738230157698926131382,3734.9562211194581403980714696023982,23857.034097,10.04206765332504328
2022-01-01 05:58:00,25825994885,-6911635863217885054,194065.0,194066.0,194065.0,194066.0,26199252200,100000000000000000,6842001293074223588,3734.9562211194581403980714696023982,3734.5827628431738230157698926131382,26199.2522,0.1
2022-01-01 05:59:00,0,0,194065.0,194065.0,194065.0,194065.0,0,0,6842001293074223588,3734.9562211194581403980714696023982,3734.9562211194581403980714696023982,0,0
2022-01-01 06:00:00,-129677888765,34769165985476674715,194071.0,194064.0,194061.0,194071.0,76479750276,55232224018397234779,6840843437506616574,3732.7160315184824032553741364185724,3734.9562211194581403980714696023982,76479.750276,55.232224018397234779
2022-01-01 06:01:00,-18129653184,4859767636429857858,194072.0,194072.0,194072.0,194072.0,0,4859767636429857858,6840843437506616574,3732.3427972387585274026338730312736,3732.7160315184824032553741364185724,0,4.859767636429857858
2022-01-01 06:02:00,53658975829,-14368025642543762441,194069.0,194071.0,194069.0,194071.0,53658975829,0,6842001293074223588,3733.4626120519464149208492437995986,3732.3427972387585274026338730312736,53658.975829,0
2022-01-01 06:03:00,-151791311077,40716026863413237867,194076.0,194069.0,194065.0,194076.0,79508033792,61998872235998283332,6840843437506616574,3730.8502332795089530327422304115436,3733.4626120519464149208492437995986,79508.033792,61.998872235998283332
2022-01-01 06:04:00,44096340079,-11813301719287324718,194074.0,194076.0,194074.0,194076.0,44096340079,0,6840843437506616574,3731.5964406346671876184383091850493,3730.8502332795089530327422304115436,44096.340079,0
2022-01-01 06:05:00,106101941278,-28413027957550662364,194069.0,194075.0,194069.0,194075.0,110630266397,1214213274832057129,6842001293074223588,3733.4626120519464149208492437995986,3731.5964406346671876184383091850493,110630.266397,1.214213274832057129
2022-01-01 06:06:00,-99867791090,26774229806488628843,194074.0,194070.0,194070.0,194074.0,11689485344,29904166766589317607,6840843437506616574,3731.5964406346671876184383091850493,3733.4626120519464149208492437995986,11689.485344,29.904166766589317607
2022-01-01 06:07:00,25741076741,-6893595951983684624,194073.0,194074.0,194073.0,194074.0,29546749199,1020277932220304034,6840843437506616574,3731.9696002787306543372001530159684,3731.5964406346671876184383091850493,29546.749199,1.020277932220304034
2022-01-01 06:08:00,1000000000,-267827766228254453,194073.0,194073.0,194073.0,194073.0,1000000000,0,6840843437506616574,3731.9696002787306543372001530159684,3731.9696002787306543372001530159684,1000,0
2022-01-01 06:09:00,-20568510785,5514589482738610807,194074.0,194073.0,194073.0,194074.0,0,5514589482738610807,6840843437506616574,3731.5964406346671876184383091850493,3731.9696002787306543372001530159684,0,5.514589482738610807
2022-01-01 06:10:00,16381567831,-4387658232874693589,194073.0,194073.0,194073.0,194073.0,16493465382,30000000000000000,6840843437506616574,3731.9696002787306543372001530159684,3731.5964406346671876184383091850493,16493.465382,0.03
2022-01-01 06:11:00,256040461531,-68524794536638389128,194061.0,194060.0,194060.0,194061.0,290399393076,9200000000000000000,6842001293074223588,3736.4504277202193892018190665819328,3731.9696002787306543372001530159684,290399.393076,9.2
2022-01-01 06:12:00,127861220174,-34187155089934963124,194055.0,194062.0,194054.0,194062.0,150000000000,5927763540894242474,6876074323683968203,3738.6928585191502923224852685215032,3736.4504277202193892018190665819328,150000,5.927763540894242474
2022-01-01 06:13:00,-22419521821,6000000000000000000,194056.0,194056.0,194056.0,194056.0,0,6000000000000000000,6876074323683968203,3738.3190266164886434581394545760475,3738.6928585191502923224852685215032,0,6
2022-01-01 06:14:00,558340973493,-148852366548888248997,194040.0,194028.0,194017.0,194041.0,1664605728021,295284833380194435300,14610283363514754460,3744.3048251360461573618382872318793,3738.3190266164886434581394545760475,1664605.728021,295.2848333801944353
2022-01-01 06:15:00,-422186353617,112868770940250000000,194049.0,194049.0,194049.0,194049.0,0,112868770940250000000,14610283363514754460,3740.9366351129700258044187028313054,3744.3048251360461573618382872318793,0,112.86877094025
2022-01-01 06:16:00,0,0,194049.0,194049.0,194049.0,194049.0,0,0,14610283363514754460,3740.9366351129700258044187028313054,3740.9366351129700258044187028313054,0,0
2022-01-01 06:17:00,34157533499,-9126626008862202240,194049.0,194049.0,194049.0,194049.0,34157533499,0,14610283363514754460,3740.9366351129700258044187028313054,3740.9366351129700258044187028313054,34157.533499,0
2022-01-01 06:18:00,-405550307423,108558584335891521099,194067.0,194049.0,194049.0,194067.0,0,108558584335891521099,6842001293074223588,3734.2093419089829247232975628568515,3740.9366351129700258044187028313054,0,108.558584335891521099
2022-01-01 06:19:00,0,0,194067.0,194067.0,194067.0,194067.0,0,0,6842001293074223588,3734.2093419089829247232975628568515,3734.2093419089829247232975628568515,0,0
2022-01-01 06:20:00,8347680997,-2233954426608109411,194067.0,194066.0,194066.0,194067.0,10000000000,442702952579900178,6842001293074223588,3734.2093419089829247232975628568515,3734.2093419089829247232975628568515,10000,0.442702952579900178
2022-01-01 06:21:00,-3742388835,1002704780735594991,194067.0,194067.0,194067.0,194067.0,0,1002704780735594991,6751276508266655323,3734.2093419089829247232975628568515,3734.2093419089829247232975628568515,0,1.002704780735594991
2022-01-01 06:22:00,-13552516285,3631703414087740909,194067.0,194067.0,194067.0,194067.0,1500000000,4033201421300892362,6751276508266655323,3734.2093419089829247232975628568515,3734.2093419089829247232975628568515,1500,4.033201421300892362
2022-01-01 06:23:00,-147524672631,39557043442076645358,194075.0,194076.0,194074.0,194076.0,49993040643,52949603610001477626,6750118652699048309,3731.2233183028369039280455046345875,3734.2093419089829247232975628568515,49993.040643,52.949603610001477626
2022-01-01 06:24:00,30153699638,-8068850010020241410,194073.0,194076.0,194073.0,194076.0,59986303263,8000000000000000000,6750118652699048309,3731.9696002787306543372001530159684,3731.2233183028369039280455046345875,59986.303263,8
2022-01-01 06:25:00,-212772833171,57082648313876219433,194083.0,194073.0,194073.0,194083.0,29311207839,64940028766095097875,6750118652699048309,3728.2396824409655260544648654136855,3731.9696002787306543372001530159684,29311.207839,64.940028766095097875
2022-01-01 06:26:00,9201660729,-2465379683919908938,194083.0,194083.0,194083.0,194083.0,15352179739,1650597860737226785,6750118652699048309,3728.2396824409655260544648654136855,3728.2396824409655260544648654136855,15352.179739,1.650597860737226785
2022-01-01 06:27:00,15000000000,-4021369398142664338,194082.0,194082.0,194082.0,194082.0,15000000000,0,6750118652699048309,3728.6125064092096226070703119002275,3728.2396824409655260544648654136855,15000,0
2022-01-01 06:28:00,951216114,-255002893528308990,194082.0,194082.0,194082.0,194082.0,951216114,0,6750118652699048309,3728.6125064092096226070703119002275,3728.6125064092096226070703119002275,951.216114,0
2022-01-01 06:29:00,-44461761669,11932820107037003872,194084.0,194084.0,194084.0,194084.0,1051000000,12214621068978214679,6750118652699048309,3727.8668957513903870157632890847727,3728.6125064092096226070703119002275,1051,12.214621068978214679
2022-01-01 06:30:00,23000000000,-6166833511339072930,194083.0,194084.0,194083.0,194084.0,23000000000,0,6750118652699048309,3728.2396824409655260544648654136855,3727.8668957513903870157632890847727,23000,0
2022-01-01 06:31:00,22802473368,-6112686546773158430,194082.0,194083.0,194082.0,194083.0,24690019384,506575408380307573,6750118652699048309,3728.6125064092096226070703119002275,3728.2396824409655260544648654136855,24690.019384,0.506575408380307573
2022-01-01 06:32:00,0,0,194082.0,194082.0,194082.0,194082.0,0,0,6750118652699048309,3728.6125064092096226070703119002275,3728.6125064092096226070703119002275,0,0
2022-01-01 06:33:00,-8576551707,2305973003760155429,194083.0,194082.0,194081.0,194083.0,16528584225,6736755000755622456,6750118652699048309,3728.2396824409655260544648654136855,3728.6125064092096226070703119002275,16528.584225,6.736755000755622456
2022-01-01 06:34:00,16727580340,-4482092450368450149,194082.0,194083.0,194082.0,194083.0,24997364251,2219307621845538545,6750118652699048309,3728.6125064092096226070703119002275,3728.2396824409655260544648654136855,24997.364251,2.219307621845538545
2022-01-01 06:35:00,12000000000,-3216722592915594364,194081.0,194081.0,194081.0,194081.0,12000000000,0,6750118652699048309,3728.9853676598505435693310189314142,3728.6125064092096226070703119002275,12000,0
2022-01-01 06:36:00,-14099402442,3784635040829688292,194082.0,194081.0,194081.0,194082.0,5012000000,5128097421653161138,6750118652699048309,3728.6125064092096226070703119002275,3728.9853676598505435693310189314142,5012,5.128097421653161138
2022-01-01 06:37:00,-7179370000,1928304188351660858,194082.0,194082.0,194082.0,194082.0,6580530000,3692441491106642721,6750118652699048309,3728.6125064092096226070703119002275,3728.6125064092096226070703119002275,6580.53,3.692441491106642721
2022-01-01 06:38:00,-77100492305,20694200100097240260,194086.0,194082.0,194082.0,194086.0,2000000000,21230357702933880482,6750118652699048309,3727.1214341933373776068681393882150,3728.6125064092096226070703119002275,2000,21.230357702933880482
2022-01-01 06:39:00,28093481580,-7533608535115374797,194085.0,194085.0,194085.0,194085.0,28093481580,0,6750118652699048309,3727.4941463367567113446288262021548,3727.1214341933373776068681393882150,28093.48158,0
2022-01-01 06:40:00,4622977043,-1239507945963512172,194084.0,194084.0,194084.0,194084.0,5000000000,101195210356860988,6750118652699048309,3727.8668957513903870157632890847727,3727.4941463367567113446288262021548,5000,0.101195210356860988
2022-01-01 06:41:00,-32597263395,8750000000000000000,194086.0,194086.0,194086.0,194086.0,0,8750000000000000000,6750118652699048309,3727.1214341933373776068681393882150,3727.8668957513903870157632890847727,0,8.75
2022-01-01 06:42:00,-56866566422,15463609542071509230,194089.0,194071.0,194071.0,194089.0,729608973439,210945526123721344900,6750118652699048309,3726.0035213530998035514554963920800,3727.1214341933373776068681393882150,729608.973439,210.9455261237213449
2022-01-01 06:43:00,-1200000000,322228844661122831,194089.0,194089.0,194089.0,194089.0,0,322228844661122831,6750118652699048309,3726.0035213530998035514554963920800,3726.0035213530998035514554963920800,0,0.322228844661122831
2022-01-01 06:44:00,10000000000,-2682498543781212474,194088.0,194088.0,194088.0,194088.0,10000000000,0,6750118652699048309,3726.3761217052351135318106419417202,3726.0035213530998035514554963920800,10000,0
2022-01-01 06:45:00,5330137206,-1425358642066969879,194088.0,194088.0,194088.0,194089.0,21708855333,4397867063263680329,6750118652699048309,3726.3761217052351135318106419417202,3726.3761217052351135318106419417202,21708.855333,4.397867063263680329
2022-01-01 06:46:00,5295227610,-1419091732020653464,194088.0,194088.0,194088.0,194088.0,10000000000,1263268673176434776,6750118652699048309,3726.3761217052351135318106419417202,3726.3761217052351135318106419417202,10000,1.263268673176434776
2022-01-01 06:47:00,-293407580679,78864491127705958282,194102.0,194107.0,194102.0,194107.0,112581235002,109112248025056623998,6873841827696219364,3721.1631057438915050569385477661984,3726.3761217052351135318106419417202,112581.235002,109.112248025056623998
2022-01-01 06:48:00,-241696537464,65032211489020830330,194113.0,194115.0,194113.0,194115.0,34571298322,74329731339496644684,6730734431125564020,3717.0722812313427438371650194081602,3721.1631057438915050569385477661984,34571.298322,74.329731339496644684
2022-01-01 06:49:00,283360124796,-76147778938936940245,194100.0,194113.0,194100.0,194113.0,283360124796,0,6873841827696219364,3721.9073755766713407968649860451392,3717.0722812313427438371650194081602,283360.124796,0
2022-01-01 06:50:00,-452354838709,121748581158826616295,194122.0,194110.0,194108.0,194122.0,56157318407,136843730791525384192,6688785801081536864,3713.7285882476281103191354135030821,3721.9073755766713407968649860451392,56157.318407,136.843730791525384192
2022-01-01 06:51:00,18995084718,-5104046361023221341,194121.0,194123.0,194121.0,194123.0,48687832976,8000000000000000000,6688785801081536864,3714.0999611064528731301673270444318,3713.7285882476281103191354135030821,48687.832976,8
2022-01-01 06:52:00,5500000000,-1480096253847030392,194120.0,194120.0,194120.0,194120.0,5500000000,0,6688785801081536864,3714.4713711025635184174803437771349,3714.0999611064528731301673270444318,5500,0
2022-01-01 06:53:00,0,0,194120.0,194120.0,194120.0,194120.0,0,0,6688785801081536864,3714.4713711025635184174803437771349,3714.4713711025635184174803437771349,0,0
2022-01-01 06:54:00,0,0,194120.0,194120.0,194120.0,194120.0,0,0,6688785801081536864,3714.4713711025635184174803437771349,3714.4713711025635184174803437771349,0,0
2022-01-01 06:55:00,0,0,194120.0,194120.0,194120.0,194120.0,0,0,6688785801081536864,3714.4713711025635184174803437771349,3714.4713711025635184174803437771349,0,0
2022-01-01 06:56:00,-185615393,50000000000000000,194120.0,194120.0,194120.0,194120.0,0,50000000000000000,6688785801081536864,3714.4713711025635184174803437771349,3714.4713711025635184174803437771349,0,0.05
2022-01-01 06:57:00,255898840920,-68820733414268919669,194108.0,194120.0,194108.0,194120.0,255898840920,0,6873841827696219364,3718.9311891163591197289827515564250,3714.4713711025635184174803437771349,255898.84092,0
2022-01-01 06:58:00,-1254143868,337415250339702354,194108.0,194108.0,194108.0,194108.0,0,337415250339702354,6873841827696219364,3718.9311891163591197289827515564250,3718.9311891163591197289827515564250,0,0.337415250339702354
2022-01-01 06:59:00,-334439248170,90079489589930260995,194124.0,194129.0,194124.0,194129.0,105592896499,118513584905660399616,6688785801081536864,3712.9859539269831744144207852018335,3718.9311891163591197289827515564250,105592.896499,118.513584905660399616
2022-01-01 07:00:00,-93028880839,25075152104267820944,194129.0,194129.0,194129.0,194129.0,0,25075152104267820944,6688785801081536864,3711.1300177679842497113401173422291,3712.9859539269831744144207852018335,0,25.075152104267820944
2022-01-01 07:01:00,-234672158801,63312123042770233946,194140.0,194128.0,194127.0,194140.0,27130582746,70618814016172507136,6688785801081536864,3707.0502230332393815238746123312206,3711.1300177679842497113401173422291,27130.582746,70.618814016172507136
2022-01-01 07:02:00,1573831550,-424372766847543994,194140.0,194140.0,194140.0,194140.0,1573831550,0,6688785801081536864,3707.0502230332393815238746123312206,3707.0502230332393815238746123312206,1573.83155,0
2022-01-01 07:03:00,25165656238,-6785299434551120510,194139.0,194140.0,194139.0,194140.0,25165656238,0,6688785801081536864,3707.4209280555427054620269997924533,3707.0502230332393815238746123312206,25165.656238,0
2022-01-01 07:04:00,262571544598,-70745988964533859371,194126.0,194138.0,194126.0,194138.0,262571544598,0,6688785801081536864,3712.2434681109263080435489949673470,3707.4209280555427054620269997924533,262571.544598,0
2022-01-01 07:05:00,0,0,194126.0,194126.0,194126.0,194126.0,0,0,6688785801081536864,3712.2434681109263080435489949673470,3712.2434681109263080435489949673470,0,0
2022-01-01 07:06:00,0,0,194126.0,194126.0,194126.0,194126.0,0,0,6688785801081536864,3712.2434681109263080435489949673470,3712.2434681109263080435489949673470,0,0
2022-01-01 07:07:00,-273909180071,74724973193996426428,194140.0,194300.0,194136.0,194312.0,3131033503803,925831136710464990018,6688785801081536864,3707.0502230332393815238746123312206,3712.2434681109263080435489949673470,3131033.503803,925.831136710464990018
2022-01-01 07:08:00,893199595,-240829286783008150,194140.0,194140.0,194140.0,194140.0,893199595,0,6688785801081536864,3707.0502230332393815238746123312206,3707.0502230332393815238746123312206,893.199595,0
2022-01-01 07:09:00,0,0,194140.0,194140.0,194140.0,194140.0,0,0,6688785801081536864,3707.0502230332393815238746123312206,3707.0502230332393815238746123312206,0,0
2022-01-01 07:10:00,-9570817672,2583172939857471519,194140.0,194140.0,194140.0,194140.0,0,2583172939857471519,6688785801081536864,3707.0502230332393815238746123312206,3707.0502230332393815238746123312206,0,2.583172939857471519
2022-01-01 07:11:00,99000000,-26694103025580207,194140.0,194140.0,194140.0,194140.0,99000000,0,6688785801081536864,3707.0502230332393815238746123312206,3707.0502230332393815238746123312206,99,0
2022-01-01 07:12:00,-748404062,202000000000000000,194140.0,194140.0,194140.0,194140.0,0,202000000000000000,6688785801081536864,3707.0502230332393815238746123312206,3707.0502230332393815238746123312206,0,0.202
2022-01-01 07:13:00,0,0,194140.0,194140.0,194140.0,194140.0,0,0,6688785801081536864,3707.0502230332393815238746123312206,3707.0502230332393815238746123312206,0,0
2022-01-01 07:14:00,408292404,-109821059544465010,194140.0,194140.0,194140.0,194140.0,1409300061,270178940455534990,6688785801081536864,3707.0502230332393815238746123312206,3707.0502230332393815238746123312206,1409.300061,0.27017894045553499
2022-01-01 07:15:00,25533651864,-6884406027970801003,194139.0,194139.0,194139.0,194139.0,25533651864,0,6688785801081536864,3707.4209280555427054620269997924533,3707.0502230332393815238746123312206,25533.651864,0
2022-01-01 07:16:00,-22231399949,6000000000000000000,194140.0,194140.0,194140.0,194140.0,0,6000000000000000000,6688785801081536864,3707.0502230332393815238746123312206,3707.4209280555427054620269997924533,0,6
2022-01-01 07:17:00,316664555598,-85310099366451286059,194124.0,194133.0,194124.0,194133.0,342428709929,6948794669702262038,6688785801081536864,3712.9859539269831744144207852018335,3707.0502230332393815238746123312206,342428.709929,6.948794669702262038
2022-01-01 07:18:00,-18553116068,5000000000000000000,194125.0,194125.0,194125.0,194125.0,0,5000000000000000000,6688785801081536864,3712.6146924577374006743533498668436,3712.9859539269831744144207852018335,0,5
2022-01-01 07:19:00,-37101165075,10000000000000000000,194127.0,194127.0,194127.0,194127.0,0,10000000000000000000,6688785801081536864,3711.8722808828380242411248824790983,3712.6146924577374006743533498668436,0,10
2022-01-01 07:20:00,-44512482253,12000000000000000000,194129.0,194129.0,194129.0,194129.0,0,12000000000000000000,6688785801081536864,3711.1300177679842497113401173422291,3711.8722808828380242411248824790983,0,12
2022-01-01 07:21:00,-4343451113,1476677168542486355,194130.0,194187.0,194130.0,194187.0,1132115624159,307274425015906357122,6688785801081536864,3710.7589418737968700243376835738732,3711.1300177679842497113401173422291,1132115.624159,307.274425015906357122
2022-01-01 07:22:00,0,0,194130.0,194130.0,194130.0,194130.0,0,0,6688785801081536864,3710.7589418737968700243376835738732,3710.7589418737968700243376835738732,0,0
2022-01-01 07:23:00,-282273351425,76161027079302941128,194143.0,194130.0,194130.0,194144.0,2988415197,76966979451703827739,6688785801081536864,3705.9383303522778492704057346493835,3710.7589418737968700243376835738732,2988.415197,76.966979451703827739
2022-01-01 07:24:00,141323910224,-38085617406039465698,194136.0,194147.0,194136.0,194147.0,215726094237,20092054103210445383,6688785801081536864,3708.5332655602946308680023144586641,3705.9383303522778492704057346493835,215726.094237,20.092054103210445383
2022-01-01 07:25:00,26804612388,-7223112715324293372,194135.0,194136.0,194135.0,194136.0,31754559198,1335484497588034059,6688785801081536864,3708.9041188868506603310891146901044,3708.5332655602946308680023144586641,31754.559198,1.335484497588034059
2022-01-01 07:26:00,0,0,194135.0,194135.0,194135.0,194135.0,0,0,6688785801081536864,3708.9041188868506603310891146901044,3708.9041188868506603310891146901044,0,0
2022-01-01 07:27:00,82127813,-21856408203363012,194135.0,194135.0,194135.0,194135.0,1110761921,277500000000000000,6688785801081536864,3708.9041188868506603310891146901044,3708.9041188868506603310891146901044,1110.761921,0.2775
2022-01-01 07:28:00,-16679918865,4500000000000000000,194136.0,194136.0,194136.0,194136.0,0,4500000000000000000,6688785801081536864,3708.5332655602946308680023144586641,3708.9041188868506603310891146901044,0,4.5
2022-01-01 07:29:00,0,0,194136.0,194136.0,194136.0,194136.0,0,0,6688785801081536864,3708.5332655602946308680023144586641,3708.5332655602946308680023144586641,0,0
2022-01-01 07:30:00,5604658054,-1311882085593997772,194136.0,194116.0,194116.0,194136.0,742720000000,198638977952984655490,6688785801081536864,3708.5332655602946308680023144586641,3708.5332655602946308680023144586641,742720,198.63897795298465549
2022-01-01 07:31:00,-13087961017,3537583167175420751,194136.0,194138.0,194136.0,194138.0,24000000000,10006857317205461844,6688785801081536864,3708.5332655602946308680023144586641,3708.5332655602946308680023144586641,24000,10.006857317205461844
2022-01-01 07:32:00,73500000000,-19805659810048551062,194133.0,194137.0,194133.0,194137.0,80000000000,1753773189754649447,6688785801081536864,3709.6459367996692193316619358239344,3708.5332655602946308680023144586641,80000,1.753773189754649447
2022-01-01 07:33:00,0,0,194133.0,194133.0,194133.0,194133.0,0,0,6688785801081536864,3709.6459367996692193316619358239344,3709.6459367996692193316619358239344,0,0
2022-01-01 07:34:00,411231937144,-110581877237087421155,194122.0,194141.0,194113.0,194141.0,971458677359,150947340733776891290,14463733393348771102,3713.7285882476281103191354135030821,3709.6459367996692193316619358239344,971458.677359,150.94734073377689129
2022-01-01 07:35:00,3747145928,-1008171232135248781,194122.0,194122.0,194122.0,194122.0,5000000000,337529287657274583,14463733393348771102,3713.7285882476281103191354135030821,3713.7285882476281103191354135030821,5000,0.337529287657274583
2022-01-01 07:36:00,-7919296146,2133546325676080365,194122.0,194122.0,194122.0,194122.0,0,2133546325676080365,14463733393348771102,3713.7285882476281103191354135030821,3713.7285882476281103191354135030821,0,2.133546325676080365
2022-01-01 07:37:00,-2809737852,756983793977631667,194122.0,194122.0,194122.0,194122.0,0,756983793977631667,14463733393348771102,3713.7285882476281103191354135030821,3713.7285882476281103191354135030821,0,0.756983793977631667
2022-01-01 07:38:00,-94506391821,25464192860286468965,194124.0,194123.0,194123.0,194124.0,0,25464192860286468965,14463733393348771102,3712.9859539269831744144207852018335,3713.7285882476281103191354135030821,0,25.464192860286468965
2022-01-01 07:39:00,-26521752491,7147112005003370472,194125.0,194124.0,194124.0,194125.0,0,7147112005003370472,14463733393348771102,3712.6146924577374006743533498668436,3712.9859539269831744144207852018335,0,7.147112005003370472
2022-01-01 07:40:00,64456599660,-17336092451581165018,194123.0,194122.0,194122.0,194123.0,122493252660,15636938794660458948,14463733393348771102,3713.3572525223758727318622272803539,3712.6146924577374006743533498668436,122493.25266,15.636938794660458948
2022-01-01 07:41:00,801017227424,-215422696194508148747,194105.0,194117.0,194105.0,194117.0,802131344726,300000000000000000,14648789419963453602,3720.0469800447486321447913973711003,3713.3572525223758727318622272803539,802131.344726,0.3
2022-01-01 07:42:00,-15796691122,4248805428824545182,194105.0,194105.0,194105.0,194105.0,0,4248805428824545182,14648789419963453602,3720.0469800447486321447913973711003,3720.0469800447486321447913973711003,0,4.248805428824545182
2022-01-01 07:43:00,0,0,194105.0,194105.0,194105.0,194105.0,0,0,14648789419963453602,3720.0469800447486321447913973711003,3720.0469800447486321447913973711003,0,0
2022-01-01 07:44:00,0,0,194105.0,194105.0,194105.0,194105.0,0,0,14648789419963453602,3720.0469800447486321447913973711003,3720.0469800447486321447913973711003,0,0
2022-01-01 07:45:00,-167839035642,45152621087779595113,194109.0,194105.0,194105.0,194109.0,0,45152621087779595113,14648789419963453602,3718.5593331830408156474180097554461,3720.0469800447486321447913973711003,0,45.152621087779595113
2022-01-01 07:46:00,-5739099369,1544251812787595109,194109.0,194109.0,194109.0,194109.0,0,1544251812787595109,14648789419963453602,3718.5593331830408156474180097554461,3718.5593331830408156474180097554461,0,1.544251812787595109
2022-01-01 07:47:00,530433758245,-142497002050007005157,194097.0,194097.0,194097.0,194097.0,543309408160,3460391349486590595,14728826662872931245,3723.0240594502875168748209407877009,3718.5593331830408156474180097554461,543309.40816,3.460391349486590595
2022-01-01 07:48:00,-31715079176,8523999337310546592,194098.0,194098.0,194098.0,194098.0,0,8523999337310546592,14728826662872931245,3722.6517942708604308317377670109972,3723.0240594502875168748209407877009,0,8.523999337310546592
2022-01-01 07:49:00,-5824065644,1565388037473493702,194098.0,194098.0,194098.0,194098.0,0,1565388037473493702,14728826662872931245,3722.6517942708604308317377670109972,3722.6517942708604308317377670109972,0,1.565388037473493702
2022-01-01 07:50:00,-372049954,100000000000000000,194098.0,194098.0,194098.0,194098.0,0,100000000000000000,14728826662872931245,3722.6517942708604308317377670109972,3722.6517942708604308317377670109972,0,0.1
2022-01-01 07:51:00,-12175349758,3272549721644160975,194099.0,194098.0,194098.0,194099.0,0,3272549721644160975,14728826662872931245,3722.2795663142290079309446725437429,3722.6517942708604308317377670109972,0,3.272549721644160975
2022-01-01 07:52:00,-66828723778,17964129719115358800,194100.0,194099.0,194099.0,194100.0,0,17964129719115358800,14648789419963453602,3721.9073755766713407968649860451392,3722.2795663142290079309446725437429,0,17.9641297191153588
2022-01-01 07:53:00,84000000,-22559021693947434,194100.0,194100.0,194100.0,194100.0,84000000,0,14648789419963453602,3721.9073755766713407968649860451392,3721.9073755766713407968649860451392,84,0
2022-01-01 07:54:00,0,0,194100.0,194100.0,194100.0,194100.0,0,0,14648789419963453602,3721.9073755766713407968649860451392,3721.9073755766713407968649860451392,0,0
2022-01-01 07:55:00,-66829035884,17966894272721950904,194102.0,194100.0,194100.0,194102.0,0,17966894272721950904,14648789419963453602,3721.1631057438915050569385477661984,3721.9073755766713407968649860451392,0,17.966894272721950904
2022-01-01 07:56:00,-14876900771,4000000000000000000,194102.0,194102.0,194102.0,194102.0,0,4000000000000000000,14648789419963453602,3721.1631057438915050569385477661984,3721.1631057438915050569385477661984,0,4
2022-01-01 07:57:00,-372454052364,100186344086021505024,194110.0,194110.0,194110.0,194110.0,0,100186344086021505024,14505682023392798258,3718.1875144315976558818298267727694,3721.1631057438915050569385477661984,0,100.186344086021505024
2022-01-01 07:58:00,-932506548567,251209160824933584084,194134.0,194120.0,194120.0,194134.0,8104299664,253392987376821846016,6688785801081536864,3709.2750092987393453971222236015747,3718.1875144315976558818298267727694,8104.299664,253.392987376821846016
2022-01-01 07:59:00,687477036899,-185065361013630544207,194116.0,194120.0,194116.0,194120.0,688382429640,243779463367892211,14505682023392798258,3715.9573825341450669102058052934875,3709.2750092987393453971222236015747,688382.42964,0.243779463367892211
2022-01-01 08:00:00,-420287648121,113227170427928650307,194125.0,194115.0,194115.0,194125.0,37903434992,123422594551375957942,14463733393348771102,3712.6146924577374006743533498668436,3715.9573825341450669102058052934875,37903.434992,123.422594551375957942
2022-01-01 08:01:00,0,0,194125.0,194125.0,194125.0,194125.0,0,0,14463733393348771102,3712.6146924577374006743533498668436,3712.6146924577374006743533498668436,0,0
2022-01-01 08:02:00,-50088409126,13499999999789121269,194126.0,194126.0,194126.0,194126.0,0,13499999999789121269,14479509241831683048,3712.2434681109263080435489949673470,3712.6146924577374006743533498668436,0,13.499999999789121269
2022-01-01 08:03:00,15366608649,-4137683380372851090,194126.0,194126.0,194126.0,194126.0,15366608649,0,14479509241831683048,3712.2434681109263080435489949673470,3712.2434681109263080435489949673470,15366.608649,0
2022-01-01 08:04:00,67353074519,-18133384440092897509,194125.0,194125.0,194124.0,194125.0,70000000000,713313099817467635,14479509241831683048,3712.6146924577374006743533498668436,3712.2434681109263080435489949673470,70000,0.713313099817467635
2022-01-01 08:05:00,3506319222,-943963304957141749,194124.0,194124.0,194124.0,194124.0,3506319222,0,14479509241831683048,3712.9859539269831744144207852018335,3712.6146924577374006743533498668436,3506.319222,0
2022-01-01 08:06:00,-44105728832,11886474210302944864,194125.0,194124.0,194124.0,194125.0,0,11886474210302944864,14479509241831683048,3712.6146924577374006743533498668436,3712.9859539269831744144207852018335,0,11.886474210302944864
2022-01-01 08:07:00,0,0,194125.0,194125.0,194125.0,194125.0,0,0,14479509241831683048,3712.6146924577374006743533498668436,3712.6146924577374006743533498668436,0,0
2022-01-01 08:08:00,56857325943,-15307483987701725022,194124.0,194125.0,194124.0,194125.0,56857325943,0,14479509241831683048,3712.9859539269831744144207852018335,3712.6146924577374006743533498668436,56857.325943,0
2022-01-01 08:09:00,0,0,194124.0,194124.0,194124.0,194124.0,0,0,14479509241831683048,3712.9859539269831744144207852018335,3712.9859539269831744144207852018335,0,0
2022-01-01 08:10:00,4220000000,-1136056113728461023,194124.0,194124.0,194124.0,194124.0,4220000000,0,14479509241831683048,3712.9859539269831744144207852018335,3712.9859539269831744144207852018335,4220,0
2022-01-01 08:11:00,-69686998142,18786882700119889140,194126.0,194124.0,194124.0,194126.0,23919123675,25226077003491270656,14480645273510633878,3712.2434681109263080435489949673470,3712.9859539269831744144207852018335,23919.123675,25.226077003491270656
2022-01-01 08:12:00,-26070571806,7029398854274834045,194126.0,194126.0,194126.0,194126.0,10000000000,9722077141964217521,14480645273510633878,3712.2434681109263080435489949673470,3712.2434681109263080435489949673470,10000,9.722077141964217521
2022-01-01 08:13:00,-87343005257,23544261885679884000,194128.0,194128.0,194128.0,194128.0,0,23544261885679884000,14480645273510633878,3711.5011307697610481363112513539626,3712.2434681109263080435489949673470,0,23.544261885679884
2022-01-01 08:14:00,626741399759,-168673078460299037071,194114.0,194115.0,194114.0,194115.0,626741399759,0,14522593903554661034,3716.7006111702257212650385155566045,3711.5011307697610481363112513539626,626741.399759,0
2022-01-01 08:15:00,-22287238489,6000000000000000000,194115.0,194115.0,194115.0,194115.0,0,6000000000000000000,14522593903554661034,3716.3289782723984814168968258740167,3716.7006111702257212650385155566045,0,6
2022-01-01 08:16:00,-20734366907,5583214950291623892,194115.0,194115.0,194115.0,194115.0,3700000000,6578380658849087488,14522593903554661034,3716.3289782723984814168968258740167,3716.3289782723984814168968258740167,3700,6.578380658849087488
2022-01-01 08:17:00,864791731815,-232407296138812121752,194101.0,194115.0,194101.0,194115.0,905775586718,11018793639884719988,24925713707067038222,3721.5352220544658942074442416209789,3716.3289782723984814168968258740167,905775.586718,11.018793639884719988
2022-01-01 08:18:00,-32904639556,8847442544699816168,194102.0,194101.0,194101.0,194102.0,1452241483,9237506726848847396,24925713707067038222,3721.1631057438915050569385477661984,3721.5352220544658942074442416209789,1452.241483,9.237506726848847396
2022-01-01 08:19:00,59513202902,-15974207711410255265,194101.0,194100.0,194100.0,194101.0,99684730571,10800000000000000000,24925713707067038222,3721.5352220544658942074442416209789,3721.1631057438915050569385477661984,99684.730571,10.8
2022-01-01 08:20:00,-27054973395,7273973592864684793,194101.0,194101.0,194101.0,194101.0,0,7273973592864684793,24925713707067038222,3721.5352220544658942074442416209789,3721.5352220544658942074442416209789,0,7.273973592864684793
2022-01-01 08:21:00,-12087808526,3250000000000000000,194102.0,194102.0,194102.0,194102.0,0,3250000000000000000,24925713707067038222,3721.1631057438915050569385477661984,3721.5352220544658942074442416209789,0,3.25
2022-01-01 08:22:00,0,0,194102.0,194102.0,194102.0,194102.0,0,0,24925713707067038222,3721.1631057438915050569385477661984,3721.1631057438915050569385477661984,0,0
2022-01-01 08:23:00,-41179709415,11072209162606739456,194102.0,194102.0,194102.0,194102.0,0,11072209162606739456,24925713707067038222,3721.1631057438915050569385477661984,3721.1631057438915050569385477661984,0,11.072209162606739456
2022-01-01 08:24:00,-247632234199,66594855310082256323,194105.0,194102.0,194102.0,194105.0,0,66594855310082256323,24925713707067038222,3720.0469800447486321447913973711003,3721.1631057438915050569385477661984,0,66.594855310082256323
2022-01-01 08:25:00,1057497976715,-283679795668586072972,194091.0,194104.0,194073.0,194104.0,2078745271455,274070227648869043596,25005750949976515865,3725.2584324140326728765534569351581,3720.0469800447486321447913973711003,2078745.271455,274.070227648869043596
2022-01-01 08:26:00,-191415330597,51420127253321744384,194094.0,194092.0,194092.0,194094.0,0,51420127253321744384,25005750949976515865,3724.1410783625674106979591808314390,3725.2584324140326728765534569351581,0,51.420127253321744384
2022-01-01 08:27:00,-739146472435,198678993381152193263,194104.0,194103.0,194103.0,194104.0,0,198678993381152193263,24925713707067038222,3720.4189847427531070080058765108394,3724.1410783625674106979591808314390,0,198.678993381152193263
2022-01-01 08:28:00,-41761436648,11231032195604807680,194104.0,194104.0,194104.0,194104.0,0,11231032195604807680,24925713707067038222,3720.4189847427531070080058765108394,3720.4189847427531070080058765108394,0,11.23103219560480768
2022-01-01 08:29:00,296524867421,-79650284315073975691,194100.0,194100.0,194100.0,194100.0,303964393304,2000000000000000000,24925713707067038222,3721.9073755766713407968649860451392,3720.4189847427531070080058765108394,303964.393304,2
2022-01-01 08:30:00,0,0,194100.0,194100.0,194100.0,194100.0,0,0,24925713707067038222,3721.9073755766713407968649860451392,3721.9073755766713407968649860451392,0,0
2022-01-01 08:31:00,0,0,194100.0,194100.0,194100.0,194100.0,0,0,24925713707067038222,3721.9073755766713407968649860451392,3721.9073755766713407968649860451392,0,0
2022-01-01 08:32:00,-164191796749,44150444411600594340,194102.0,194101.0,194100.0,194102.0,18858086284,49215192706777549813,24925713707067038222,3721.1631057438915050569385477661984,3721.9073755766713407968649860451392,18858.086284,49.215192706777549813
2022-01-01 08:33:00,50000000000,-13430803268585766534,194102.0,194102.0,194102.0,194102.0,50000000000,0,24925713707067038222,3721.1631057438915050569385477661984,3721.1631057438915050569385477661984,50000,0
2022-01-01 08:34:00,11204082396,-3004331142324419100,194102.0,194102.0,194102.0,194102.0,30341502722,5145658661031688418,24925713707067038222,3721.1631057438915050569385477661984,3721.1631057438915050569385477661984,30341.502722,5.145658661031688418
2022-01-01 08:35:00,0,0,194102.0,194102.0,194102.0,194102.0,0,0,24925713707067038222,3721.1631057438915050569385477661984,3721.1631057438915050569385477661984,0,0
2022-01-01 08:36:00,0,0,194102.0,194102.0,194102.0,194102.0,0,0,24925713707067038222,3721.1631057438915050569385477661984,3721.1631057438915050569385477661984,0,0
2022-01-01 08:37:00,0,0,194102.0,194102.0,194102.0,194102.0,0,0,24925713707067038222,3721.1631057438915050569385477661984,3721.1631057438915050569385477661984,0,0
2022-01-01 08:38:00,-16665374654,4482516040167320995,194102.0,194102.0,194102.0,194102.0,6000000000,6094129383532122102,24925713707067038222,3721.1631057438915050569385477661984,3721.1631057438915050569385477661984,6000,6.094129383532122102
2022-01-01 08:39:00,-156283277731,42030799513171117479,194104.0,194102.0,194102.0,194104.0,19890146298,47373699550875000000,24925713707067038222,3720.4189847427531070080058765108394,3721.1631057438915050569385477661984,19890.146298,47.373699550875
2022-01-01 08:40:00,0,0,194104.0,194104.0,194104.0,194104.0,0,0,24925713707067038222,3720.4189847427531070080058765108394,3720.4189847427531070080058765108394,0,0
2022-01-01 08:41:00,109997477629,-29550269723163118424,194102.0,194104.0,194102.0,194104.0,109997477629,0,24925713707067038222,3721.1631057438915050569385477661984,3720.4189847427531070080058765108394,109997.477629,0
2022-01-01 08:42:00,30000000000,-8058607574681070852,194102.0,194102.0,194102.0,194102.0,30000000000,0,24925713707067038222,3721.1631057438915050569385477661984,3721.1631057438915050569385477661984,30000,0
2022-01-01 08:43:00,0,0,194102.0,194102.0,194102.0,194102.0,0,0,24925713707067038222,3721.1631057438915050569385477661984,3721.1631057438915050569385477661984,0,0
2022-01-01 08:44:00,65752193618,-17655413211345722616,194101.0,194102.0,194101.0,194102.0,87500000000,5847675356007525128,24925713707067038222,3721.5352220544658942074442416209789,3721.1631057438915050569385477661984,87500,5.847675356007525128
2022-01-01 08:45:00,544261987169,-146132088830245824531,194094.0,194096.0,194094.0,194096.0,544261987169,0,25005750949976515865,3724.1410783625674106979591808314390,3721.5352220544658942074442416209789,544261.987169,0
2022-01-01 08:46:00,1116150400146,-299307207676305923145,194075.0,194082.0,194075.0,194082.0,1118844062252,722821300953445444,17027042939802632929,3731.2233183028369039280455046345875,3724.1410783625674106979591808314390,1118844.062252,0.722821300953445444
2022-01-01 08:47:00,-111865451875,30000000000000000000,194077.0,194077.0,194077.0,194077.0,0,30000000000000000000,17027042939802632929,3730.4771855609528577469675336581826,3731.2233183028369039280455046345875,0,30
2022-01-01 08:48:00,672122302,-180088345931464047,194077.0,194077.0,194077.0,194077.0,672122302,0,17027042939802632929,3730.4771855609528577469675336581826,3730.4771855609528577469675336581826,672.122302,0
2022-01-01 08:49:00,-30964460801,8305157622388656437,194078.0,194078.0,194078.0,194078.0,0,8305157622388656437,17027042939802632929,3730.1041751434385138955779758605945,3730.4771855609528577469675336581826,0,8.305157622388656437
2022-01-01 08:50:00,-33697520967,9038769553819172601,194078.0,194078.0,194078.0,194078.0,0,9038769553819172601,17027042939802632929,3730.1041751434385138955779758605945,3730.1041751434385138955779758605945,0,9.038769553819172601
2022-01-01 08:51:00,-3541577021,950000000000000000,194078.0,194078.0,194078.0,194078.0,0,950000000000000000,17027042939802632929,3730.1041751434385138955779758605945,3730.1041751434385138955779758605945,0,0.95
2022-01-01 08:52:00,-528146977063,141743718598500000000,194088.0,194088.0,194088.0,194088.0,0,141743718598500000000,17027042939802632929,3726.3761217052351135318106419417202,3730.1041751434385138955779758605945,0,141.7437185985
2022-01-01 08:53:00,-311662842565,83718619502974716501,194094.0,194088.0,194088.0,194094.0,26368915236,90791863817250000000,16949994519085112930,3724.1410783625674106979591808314390,3726.3761217052351135318106419417202,26368.915236,90.79186381725
2022-01-01 08:54:00,822625827,-220799823090636573,194094.0,194094.0,194094.0,194094.0,822625827,0,16949994519085112930,3724.1410783625674106979591808314390,3724.1410783625674106979591808314390,822.625827,0
2022-01-01 08:55:00,0,0,194094.0,194094.0,194094.0,194094.0,0,0,16949994519085112930,3724.1410783625674106979591808314390,3724.1410783625674106979591808314390,0,0
2022-01-01 08:56:00,13752560260,-3689860053410020598,194094.0,194094.0,194094.0,194094.0,18938671093,1393368750550550522,16949994519085112930,3724.1410783625674106979591808314390,3724.1410783625674106979591808314390,18938.671093,1.393368750550550522
2022-01-01 08:57:00,12941102818,-3473364423476977639,194094.0,194094.0,194094.0,194094.0,12941102818,0,16949994519085112930,3724.1410783625674106979591808314390,3724.1410783625674106979591808314390,12941.102818,0
2022-01-01 08:58:00,-15215678203,4087951546370896092,194094.0,194094.0,194094.0,194094.0,0,4087951546370896092,16949994519085112930,3724.1410783625674106979591808314390,3724.1410783625674106979591808314390,0,4.087951546370896092
2022-01-01 08:59:00,-40940645109,11000000000000000000,194095.0,194095.0,194095.0,194095.0,0,11000000000000000000,16949994519085112930,3723.7687014924181688810710737240657,3724.1410783625674106979591808314390,0,11
2022-01-01 09:00:00,0,0,194095.0,194095.0,194095.0,194095.0,0,0,16949994519085112930,3723.7687014924181688810710737240657,3723.7687014924181688810710737240657,0,0
2022-01-01 09:01:00,-360141759699,96801036993750000000,194102.0,194102.0,194102.0,194102.0,0,96801036993750000000,16869957276175635287,3721.1631057438915050569385477661984,3723.7687014924181688810710737240657,0,96.80103699375
2022-01-01 09:02:00,0,0,194102.0,194102.0,194102.0,194102.0,0,0,16869957276175635287,3721.1631057438915050569385477661984,3721.1631057438915050569385477661984,0,0
2022-01-01 09:03:00,7631873433,-2045217238818687847,194102.0,194102.0,194102.0,194102.0,25386521924,4773948829582753454,16869957276175635287,3721.1631057438915050569385477661984,3721.1631057438915050569385477661984,25386.521924,4.773948829582753454
2022-01-01 09:04:00,10555808286,-2835335107444724992,194102.0,194102.0,194102.0,194102.0,10555808286,0,16869957276175635287,3721.1631057438915050569385477661984,3721.1631057438915050569385477661984,10555.808286,0
2022-01-01 09:05:00,821894571599,-220586707875363037455,194086.0,194102.0,194086.0,194102.0,821894571599,0,17027042939802632929,3727.1214341933373776068681393882150,3721.1631057438915050569385477661984,821894.571599,0
2022-01-01 09:06:00,0,0,194086.0,194086.0,194086.0,194086.0,0,0,17027042939802632929,3727.1214341933373776068681393882150,3727.1214341933373776068681393882150,0,0
2022-01-01 09:07:00,18105164074,-4844548251894449309,194085.0,194086.0,194085.0,194086.0,58075000000,10729985289055516672,17027042939802632929,3727.4941463367567113446288262021548,3727.1214341933373776068681393882150,58075,10.729985289055516672
2022-01-01 09:08:00,3501966940,-938685258143172300,194085.0,194085.0,194085.0,194085.0,5068197994,420431000000000000,17027042939802632929,3727.4941463367567113446288262021548,3727.4941463367567113446288262021548,5068.197994,0.420431
2022-01-01 09:09:00,-456111261279,123014059311695308264,194094.0,194059.0,194059.0,194094.0,1957292271190,647083669422562333257,16949994519085112930,3724.1410783625674106979591808314390,3727.4941463367567113446288262021548,1957292.27119,647.083669422562333257
2022-01-01 09:10:00,-209285082573,56398393781823484129,194098.0,194098.0,194096.0,194108.0,589777297434,214823099544626113628,16949994519085112930,3722.6517942708604308317377670109972,3724.1410783625674106979591808314390,589777.297434,214.823099544626113628
2022-01-01 09:11:00,214370599803,-57366372126577997513,194094.0,194101.0,194094.0,194102.0,892795423913,182367266111137757623,16949994519085112930,3724.1410783625674106979591808314390,3722.6517942708604308317377670109972,892795.423913,182.367266111137757623
2022-01-01 09:12:00,0,0,194094.0,194094.0,194094.0,194094.0,0,0,16949994519085112930,3724.1410783625674106979591808314390,3724.1410783625674106979591808314390,0,0
2022-01-01 09:13:00,386541395572,-103708447587669379463,194087.0,194088.0,194087.0,194088.0,386541395572,0,17027042939802632929,3726.7487593174056370431638230059180,3724.1410783625674106979591808314390,386541.395572,0
2022-01-01 09:14:00,0,0,194087.0,194087.0,194087.0,194087.0,0,0,17027042939802632929,3726.7487593174056370431638230059180,3726.7487593174056370431638230059180,0,0
2022-01-01 09:15:00,-20677287545,5551278426543786954,194087.0,194087.0,194087.0,194087.0,0,5551278426543786954,17027042939802632929,3726.7487593174056370431638230059180,3726.7487593174056370431638230059180,0,5.551278426543786954
2022-01-01 09:16:00,-5095282884,1367976105693151981,194087.0,194087.0,194087.0,194087.0,0,1367976105693151981,17027042939802632929,3726.7487593174056370431638230059180,3726.7487593174056370431638230059180,0,1.367976105693151981
2022-01-01 09:17:00,156620980349,-41995620648788473194,194084.0,194087.0,194084.0,194087.0,177689276623,5656536058559496250,17027042939802632929,3727.8668957513903870157632890847727,3726.7487593174056370431638230059180,177689.276623,5.65653605855949625
2022-01-01 09:18:00,-43963643947,11800314791493997348,194085.0,194084.0,194084.0,194085.0,0,11800314791493997348,17027042939802632929,3727.4941463367567113446288262021548,3727.8668957513903870157632890847727,0,11.800314791493997348
2022-01-01 09:19:00,-374958475040,100683862031786939308,194092.0,194085.0,194085.0,194092.0,1417675324,101064016467750000000,16949994519085112930,3724.8859438196507078057728796471972,3727.4941463367567113446288262021548,1417.675324,101.06401646775
2022-01-01 09:20:00,9435437108,-2531954020835623646,194092.0,194092.0,194092.0,194092.0,9435437108,0,16949994519085112930,3724.8859438196507078057728796471972,3724.8859438196507078057728796471972,9435.437108,0
2022-01-01 09:21:00,1491986879,-396564176703938992,194092.0,194092.0,194092.0,194092.0,15639058349,3800000000000000000,16949994519085112930,3724.8859438196507078057728796471972,3724.8859438196507078057728796471972,15639.058349,3.8
2022-01-01 09:22:00,46358856908,-12437654718652928231,194091.0,194092.0,194091.0,194092.0,53116502012,1815000000000000000,16949994519085112930,3725.2584324140326728765534569351581,3724.8859438196507078057728796471972,53116.502012,1.815
2022-01-01 09:23:00,199891267169,-53621971337238837217,194087.0,194091.0,194087.0,194091.0,207709919934,2100000000000000000,17027042939802632929,3726.7487593174056370431638230059180,3725.2584324140326728765534569351581,207709.919934,2.1
2022-01-01 09:24:00,-22787702074,6119827397030478887,194088.0,194087.0,194087.0,194088.0,5894802222,7700932742037199492,17027042939802632929,3726.3761217052351135318106419417202,3726.7487593174056370431638230059180,5894.802222,7.700932742037199492
2022-01-01 09:25:00,-384921478296,103387795979125000000,194095.0,194095.0,194095.0,194095.0,0,103387795979125000000,16949994519085112930,3723.7687014924181688810710737240657,3726.3761217052351135318106419417202,0,103.387795979125
2022-01-01 09:26:00,-26114172989,7016910250013171070,194096.0,194095.0,194095.0,194096.0,0,7016910250013171070,16949994519085112930,3723.3963618562325456265084228817749,3723.7687014924181688810710737240657,0,7.01691025001317107
2022-01-01 09:27:00,0,0,194096.0,194096.0,194096.0,194096.0,0,0,16949994519085112930,3723.3963618562325456265084228817749,3723.3963618562325456265084228817749,0,0
2022-01-01 09:28:00,0,0,194096.0,194096.0,194096.0,194096.0,0,0,16949994519085112930,3723.3963618562325456265084228817749,3723.3963618562325456265084228817749,0,0
2022-01-01 09:29:00,72366462557,-19379893732321521954,194094.0,194099.0,194094.0,194099.0,238961532061,44772644087978988531,16942835212677324986,3724.1410783625674106979591808314390,3723.3963618562325456265084228817749,238961.532061,44.772644087978988531
2022-01-01 09:30:00,326090313418,-87493217955211864465,194088.0,194090.0,194088.0,194090.0,335228111242,2454129288490898856,17019883633394844985,3726.3761217052351135318106419417202,3724.1410783625674106979591808314390,335228.111242,2.454129288490898856
2022-01-01 09:31:00,-6100000000,1637867846664347901,194088.0,194088.0,194088.0,194088.0,0,1637867846664347901,17019883633394844985,3726.3761217052351135318106419417202,3726.3761217052351135318106419417202,0,1.637867846664347901
2022-01-01 09:32:00,-14327858616,3847147600465655088,194088.0,194088.0,194088.0,194088.0,0,3847147600465655088,17019883633394844985,3726.3761217052351135318106419417202,3726.3761217052351135318106419417202,0,3.847147600465655088
2022-01-01 09:33:00,57003647208,-15290017237977229484,194087.0,194088.0,194087.0,194088.0,57003647208,0,17019883633394844985,3726.7487593174056370431638230059180,3726.3761217052351135318106419417202,57003.647208,0
2022-01-01 09:34:00,105514149029,-28297504335696556479,194085.0,194086.0,194085.0,194086.0,105514149029,0,17019883633394844985,3727.4941463367567113446288262021548,3726.7487593174056370431638230059180,105514.149029,0
2022-01-01 09:35:00,-731780694227,196642045782221248499,194099.0,194098.0,194096.0,194103.0,271293687443,269501111860583289458,16953724289605579745,3722.2795663142290079309446725437429,3727.4941463367567113446288262021548,271293.687443,269.501111860583289458
2022-01-01 09:36:00,-454280332978,122167940857875000000,194108.0,194108.0,194108.0,194108.0,0,122167940857875000000,16873687046696102102,3718.9311891163591197289827515564250,3722.2795663142290079309446725437429,0,122.167940857875
2022-01-01 09:37:00,18603182403,-5000000000000000000,194108.0,194108.0,194108.0,194108.0,18603182403,0,16873687046696102102,3718.9311891163591197289827515564250,3718.9311891163591197289827515564250,18603.182403,0
2022-01-01 09:38:00,-330972596690,89113489908657943868,194120.0,194107.0,194106.0,194120.0,88049155145,112776117237000233883,7698273310980632735,3714.4713711025635184174803437771349,3718.9311891163591197289827515564250,88049.155145,112.776117237000233883
2022-01-01 09:39:00,99840981509,-26860295897470309453,194115.0,194115.0,194115.0,194115.0,99840981509,0,7740221941024659891,3716.3289782723984814168968258740167,3714.4713711025635184174803437771349,99840.981509,0
2022-01-01 09:40:00,-5924366187,1611440844909975667,194116.0,194113.0,194113.0,194116.0,60655043607,17924781601658765312,7740221941024659891,3715.9573825341450669102058052934875,3716.3289782723984814168968258740167,60655.043607,17.924781601658765312
2022-01-01 09:41:00,-1300000000,350025756246343510,194116.0,194116.0,194116.0,194116.0,0,350025756246343510,7740221941024659891,3715.9573825341450669102058052934875,3715.9573825341450669102058052934875,0,0.35002575624634351
2022-01-01 09:42:00,-279935270488,75417801929069464901,194128.0,194128.0,194128.0,194128.0,0,75417801929069464901,7698273310980632735,3711.5011307697610481363112513539626,3715.9573825341450669102058052934875,0,75.417801929069464901
2022-01-01 09:43:00,47794991866,-12870013806841672362,194126.0,194128.0,194126.0,194128.0,47794991866,0,7698273310980632735,3712.2434681109263080435489949673470,3711.5011307697610481363112513539626,47794.991866,0
2022-01-01 09:44:00,27003652540,-7270259409579456042,194124.0,194125.0,194124.0,194125.0,27003652540,0,7698273310980632735,3712.9859539269831744144207852018335,3712.2434681109263080435489949673470,27003.65254,0
2022-01-01 09:45:00,0,0,194124.0,194124.0,194124.0,194124.0,0,0,7698273310980632735,3712.9859539269831744144207852018335,3712.9859539269831744144207852018335,0,0
2022-01-01 09:46:00,19036000067,-5124606082578629680,194124.0,194124.0,194124.0,194124.0,19036000067,0,7698273310980632735,3712.9859539269831744144207852018335,3712.9859539269831744144207852018335,19036.000067,0
2022-01-01 09:47:00,0,0,194124.0,194124.0,194124.0,194124.0,0,0,7698273310980632735,3712.9859539269831744144207852018335,3712.9859539269831744144207852018335,0,0
2022-01-01 09:48:00,295214355259,-79420425472302233802,194111.0,194111.0,194111.0,194111.0,295214355259,0,7740221941024659891,3717.8157328583118246993598907836942,3712.9859539269831744144207852018335,295214.355259,0
2022-01-01 09:49:00,15695976374,-4154719756602763873,194110.0,194121.0,194110.0,194121.0,257702285974,65163867512203737357,7740221941024659891,3718.1875144315976558818298267727694,3717.8157328583118246993598907836942,257702.285974,65.163867512203737357
2022-01-01 09:50:00,-16310798813,4396297977264876046,194111.0,194112.0,194111.0,194112.0,25118542870,11150000000000000000,7740221941024659891,3717.8157328583118246993598907836942,3718.1875144315976558818298267727694,25118.54287,11.15
2022-01-01 09:51:00,29018126689,-7801300947915692605,194110.0,194110.0,194110.0,194110.0,29018126689,0,7740221941024659891,3718.1875144315976558818298267727694,3717.8157328583118246993598907836942,29018.126689,0
2022-01-01 09:52:00,-186783465004,50297338321999774028,194118.0,194109.0,194109.0,194118.0,55631367521,65251349623952395455,7740221941024659891,3715.2143025214977421467990240206926,3718.1875144315976558818298267727694,55631.367521,65.251349623952395455
2022-01-01 09:53:00,-6481941211,1746491043315580745,194118.0,194118.0,194118.0,194118.0,3077008428,2574320149879803173,7734467296795582442,3715.2143025214977421467990240206926,3715.2143025214977421467990240206926,3077.008428,2.574320149879803173
2022-01-01 09:54:00,0,0,194118.0,194118.0,194118.0,194118.0,0,0,7734467296795582442,3715.2143025214977421467990240206926,3715.2143025214977421467990240206926,0,0
2022-01-01 09:55:00,1000000000,-269045581659610480,194118.0,194118.0,194118.0,194118.0,1000000000,0,7732157997563053093,3715.2143025214977421467990240206926,3715.2143025214977421467990240206926,1000,0
2022-01-01 09:56:00,48036721157,-12922723252329683474,194116.0,194116.0,194116.0,194116.0,48036721157,0,7729848686328527736,3715.9573825341450669102058052934875,3715.2143025214977421467990240206926,48036.721157,0
2022-01-01 09:57:00,-34032169381,9164142586938332873,194118.0,194117.0,194117.0,194118.0,0,9164142586938332873,7729848686328527736,3715.2143025214977421467990240206926,3715.9573825341450669102058052934875,0,9.164142586938332873
2022-01-01 09:58:00,3877130042,-1041342443937605124,194117.0,194118.0,194117.0,194118.0,10227035573,1710000000000000000,7729848686328527736,3715.5858239517498919210137039230934,3715.2143025214977421467990240206926,10227.035573,1.71
2022-01-01 09:59:00,8000000000,-2152160458036064815,194117.0,194117.0,194117.0,194117.0,8000000000,0,7729848686328527736,3715.5858239517498919210137039230934,3715.5858239517498919210137039230934,8000,0
2022-01-01 10:00:00,980168081175,-263330232806995895477,194094.0,194108.0,194094.0,194108.0,987200490492,1892055960861936600,16943351034909447590,3724.1410783625674106979591808314390,3715.5858239517498919210137039230934,987200.490492,1.8920559608619366
2022-01-01 10:01:00,234422014058,-62902681212295079106,194089.0,194094.0,194089.0,194094.0,237401632453,800517801892833130,17020399455626967589,3726.0035213530998035514554963920800,3724.1410783625674106979591808314390,237401.632453,0.80051780189283313
2022-01-01 10:02:00,-712638253619,191505338923212896396,194103.0,194090.0,194090.0,194103.0,0,191505338923212896396,16863313791999969947,3720.7910266412273823187066770984875,3726.0035213530998035514554963920800,0,191.505338923212896396
2022-01-01 10:03:00,1107389188903,-297163718952304148546,194082.0,194104.0,194081.0,194104.0,1149656487040,11352894349590868327,17020399455626967589,3728.6125064092096226070703119002275,3720.7910266412273823187066770984875,1149656.48704,11.352894349590868327
2022-01-01 10:04:00,-5171034017,1388666965061543553,194082.0,194082.0,194082.0,194082.0,4000000000,2460962254877650137,17020399455626967589,3728.6125064092096226070703119002275,3728.6125064092096226070703119002275,4000,2.460962254877650137
2022-01-01 10:05:00,0,0,194082.0,194082.0,194082.0,194082.0,0,0,17020399455626967589,3728.6125064092096226070703119002275,3728.6125064092096226070703119002275,0,0
2022-01-01 10:06:00,-748677492563,201046487675350845179,194096.0,194082.0,194082.0,194096.0,2219693321,201641612586656723070,16943351034909447590,3723.3963618562325456265084228817749,3728.6125064092096226070703119002275,2219.693321,201.64161258665672307
2022-01-01 10:07:00,6862476352,-1842290017474357070,194096.0,194096.0,194096.0,194096.0,6862476352,0,16943351034909447590,3723.3963618562325456265084228817749,3723.3963618562325456265084228817749,6862.476352,0
2022-01-01 10:08:00,-29101276422,7820647798463483625,194097.0,194097.0,194097.0,194097.0,657169428,7997078496434843293,16943351034909447590,3723.0240594502875168748209407877009,3723.3963618562325456265084228817749,657.169428,7.997078496434843293
2022-01-01 10:09:00,-65196933724,17522161161305068334,194098.0,194097.0,194097.0,194098.0,0,17522161161305068334,16943351034909447590,3722.6517942708604308317377670109972,3723.0240594502875168748209407877009,0,17.522161161305068334
2022-01-01 10:10:00,66120514386,-16937457044012311193,194097.0,194154.0,194097.0,194224.0,3091951708942,817527539419903234990,16943351034909447590,3723.0240594502875168748209407877009,3722.6517942708604308317377670109972,3091951.708942,817.52753941990323499
2022-01-01 10:11:00,457311453665,-122718441851288914793,194088.0,194097.0,194088.0,194097.0,467344374469,2696278791100935722,17037471143976120599,3726.3761217052351135318106419417202,3723.0240594502875168748209407877009,467344.374469,2.696278791100935722
2022-01-01 10:12:00,-665975595597,178934907403390495108,194101.0,194088.0,194088.0,194101.0,11189837886,181936382778021385968,16863313791999969947,3721.5352220544658942074442416209789,3726.3761217052351135318106419417202,11189.837886,181.936382778021385968
2022-01-01 10:13:00,-37529128016,10090060222293234992,194102.0,194101.0,194101.0,194102.0,0,10090060222293234992,16863313791999969947,3721.1631057438915050569385477661984,3721.5352220544658942074442416209789,0,10.090060222293234992
2022-01-01 10:14:00,-246316475436,66657517713445042358,194106.0,194142.0,194106.0,194177.0,1539713598673,481731701255987871744,16863313791999969947,3719.6750125434942827165197453965628,3721.1631057438915050569385477661984,1539713.598673,481.731701255987871744
2022-01-01 10:15:00,-290405553213,78145876940411342733,194115.0,194115.0,194115.0,194115.0,0,78145876940411342733,7729848686328527736,3716.3289782723984814168968258740167,3719.6750125434942827165197453965628,0,78.145876940411342733
2022-01-01 10:16:00,-22707827186,6113932197304145739,194116.0,194115.0,194115.0,194116.0,0,6113932197304145739,7729848686328527736,3715.9573825341450669102058052934875,3716.3289782723984814168968258740167,0,6.113932197304145739
2022-01-01 10:17:00,-28966894413,7800000000000000000,194117.0,194117.0,194117.0,194117.0,0,7800000000000000000,7729848686328527736,3715.5858239517498919210137039230934,3715.9573825341450669102058052934875,0,7.8
2022-01-01 10:18:00,-36350438259,9789545395039537847,194119.0,194118.0,194118.0,194119.0,0,9789545395039537847,7729848686328527736,3714.8428182396737747693220918115111,3715.5858239517498919210137039230934,0,9.789545395039537847
2022-01-01 10:19:00,-13512491286,3642967193621137094,194119.0,194119.0,194119.0,194119.0,13108124833,7169991223979460762,7729848686328527736,3714.8428182396737747693220918115111,3714.8428182396737747693220918115111,13108.124833,7.169991223979460762
2022-01-01 10:20:00,7364156480,-1980839759510275289,194119.0,194119.0,194119.0,194119.0,9800000000,656061990716013728,7729848686328527736,3714.8428182396737747693220918115111,3714.8428182396737747693220918115111,9800,0.656061990716013728
2022-01-01 10:21:00,-55686549663,15000000000000000000,194121.0,194121.0,194121.0,194121.0,0,15000000000000000000,10434769613956035094,3714.0999611064528731301673270444318,3714.8428182396737747693220918115111,0,15
2022-01-01 10:22:00,-450223009439,121681522233694819502,194136.0,194146.0,194122.0,194152.0,1144439932205,430200269791939453706,9165114916115100117,3708.5332655602946308680023144586641,3714.0999611064528731301673270444318,1144439.932205,430.200269791939453706
2022-01-01 10:23:00,49521195257,-13345778725315176225,194134.0,194134.0,194134.0,194134.0,49891917243,100000000000000000,9165114916115100117,3709.2750092987393453971222236015747,3708.5332655602946308680023144586641,49891.917243,0.1
2022-01-01 10:24:00,320558239163,-86133991369979108935,194123.0,194134.0,194123.0,194152.0,1064530557653,200781695392877269408,9165114916115100117,3713.3572525223758727318622272803539,3709.2750092987393453971222236015747,1064530.557653,200.781695392877269408
2022-01-01 10:25:00,138241355561,-37195951868406738659,194118.0,194123.0,194118.0,194123.0,161721486016,6325173411784215514,6460193988487592759,3715.2143025214977421467990240206926,3713.3572525223758727318622272803539,161721.486016,6.325173411784215514
2022-01-01 10:26:00,-410962777702,111270846851018862464,194133.0,194167.0,194133.0,194203.0,1891383493347,622649243236463411200,9165114916115100117,3709.6459367996692193316619358239344,3715.2143025214977421467990240206926,1891383.493347,622.6492432364634112
2022-01-01 10:27:00,0,0,194133.0,194133.0,194133.0,194133.0,0,0,9165114916115100117,3709.6459367996692193316619358239344,3709.6459367996692193316619358239344,0,0
2022-01-01 10:28:00,-755379813147,204037047985155317768,194160.0,194142.0,194142.0,194163.0,94766343101,229644788014546490491,8970220922052308963,3699.6439016870649470764833781299606,3709.6459367996692193316619358239344,94766.343101,229.644788014546490491
2022-01-01 10:29:00,-412396761381,111669920571323374298,194175.0,194159.0,194159.0,194182.0,204521654911,167012271870330170987,8772975620494488220,3694.0988728925901819692795245301345,3699.6439016870649470764833781299606,204521.654911,167.012271870330170987
2022-01-01 10:30:00,-322474402326,87428512068785428375,194187.0,194172.0,194172.0,194188.0,116073595469,118839927998675408594,8746294616329173425,3689.6688342980920234219729838555268,3694.0988728925901819692795245301345,116073.595469,118.839927998675408594
2022-01-01 10:31:00,23018641032,-6235254248076612061,194186.0,194187.0,194186.0,194187.0,25000000000,537316150243345635,8746294616329173425,3690.0378011815218326243151811539131,3689.6688342980920234219729838555268,25000,0.537316150243345635
2022-01-01 10:32:00,-214732706038,58269891474687372386,194195.0,194197.0,194195.0,194197.0,69626342633,77149081883596703019,8482236577787123966,3686.7184270687953668562776696266692,3690.0378011815218326243151811539131,69626.342633,77.149081883596703019
2022-01-01 10:33:00,-679280760981,184590932379652784793,194221.0,194195.0,194195.0,194221.0,0,184590932379652784793,8329424782578193439,3677.1458874711570171512051541606498,3686.7184270687953668562776696266692,0,184.590932379652784793
2022-01-01 10:34:00,74920391709,-20362972483220856120,194218.0,194220.0,194218.0,194220.0,74920391709,0,8387139794877763740,3678.2491415554521342785321872602063,3677.1458874711570171512051541606498,74920.391709,0
2022-01-01 10:35:00,-41320330601,11255015584037083981,194220.0,194220.0,194218.0,194220.0,50998549343,25115271543060685344,8329424782578193439,3677.5136020599041328529202746760678,3678.2491415554521342785321872602063,50998.549343,25.115271543060685344
2022-01-01 10:36:00,323692538439,-87922118952567061061,194207.0,194220.0,194207.0,194220.0,328222654163,1230986570252483531,8448530582134560600,3682.2972392552234946984438644131655,3677.5136020599041328529202746760678,328222.654163,1.230986570252483531
2022-01-01 10:37:00,13185047111,-3579039917630197036,194207.0,194207.0,194207.0,194207.0,13185047111,0,8448530582134560600,3682.2972392552234946984438644131655,3682.2972392552234946984438644131655,13185.047111,0
2022-01-01 10:38:00,6976714218,-1891064541550384966,194206.0,194206.0,194206.0,194206.0,16800000000,2668976481675659658,8448530582134560600,3682.6654689791490170479137087996018,3682.2972392552234946984438644131655,16800,2.668976481675659658
2022-01-01 10:39:00,0,0,194206.0,194206.0,194206.0,194206.0,0,0,8448530582134560600,3682.6654689791490170479137087996018,3682.6654689791490170479137087996018,0,0
2022-01-01 10:40:00,253799869441,-68855481395969625735,194197.0,194199.0,194197.0,194199.0,253799869441,0,8482236577787123966,3685.9811939701893892765284711671489,3682.6654689791490170479137087996018,253799.869441,0
2022-01-01 10:41:00,-259457748923,70461692733242015075,194207.0,194206.0,194206.0,194207.0,0,70461692733242015075,8448530582134560600,3682.2972392552234946984438644131655,3685.9811939701893892765284711671489,0,70.461692733242015075
2022-01-01 10:42:00,23421174018,-6292039749068616955,194206.0,194209.0,194201.0,194209.0,263032061461,65097405212443350386,8448530582134560600,3682.6654689791490170479137087996018,3682.2972392552234946984438644131655,263032.061461,65.097405212443350386
2022-01-01 10:43:00,969981219903,-262691365836592508784,194169.0,194186.0,194166.0,194195.0,1282093290811,84622179107930776678,8970220922052308963,3696.3158864050441887947991566338675,3682.6654689791490170479137087996018,1282093.290811,84.622179107930776678
2022-01-01 10:44:00,239273178230,-64673007611707719357,194160.0,194169.0,194160.0,194169.0,243488237679,1139937500000000000,8970220922052308963,3699.6439016870649470764833781299606,3696.3158864050441887947991566338675,243488.237679,1.1399375
2022-01-01 10:45:00,97209764643,-26181611403437644551,194157.0,194146.0,194146.0,194157.0,384054222417,77509175353760555151,9191189841752021520,3700.7539058505877610742418003849795,3699.6439016870649470764833781299606,384054.222417,77.509175353760555151
2022-01-01 10:46:00,80748240762,-21805466660982909496,194154.0,194154.0,194154.0,194154.0,80748240762,0,9191189841752021520,3701.8642430486608668260474929134200,3700.7539058505877610742418003849795,80748.240762,0
2022-01-01 10:47:00,-716466399450,193895086546368868648,194180.0,194166.0,194166.0,194180.0,0,193895086546368868648,8746294616329173425,3692.2523774417072142539028309538114,3701.8642430486608668260474929134200,0,193.895086546368868648
2022-01-01 10:48:00,0,0,194180.0,194180.0,194180.0,194180.0,0,0,8746294616329173425,3692.2523774417072142539028309538114,3692.2523774417072142539028309538114,0,0
2022-01-01 10:49:00,200301470,-54224866053728799,194180.0,194180.0,194180.0,194180.0,200301470,0,8746294616329173425,3692.2523774417072142539028309538114,3692.2523774417072142539028309538114,200.30147,0
2022-01-01 10:50:00,486416247528,-131557530691639509977,194162.0,194161.0,194161.0,194162.0,500000000000,3674286533103255552,8970220922052308963,3698.9040838812478586922663379397128,3692.2523774417072142539028309538114,500000,3.674286533103255552
2022-01-01 10:51:00,92114919889,-24822785835924197850,194159.0,194150.0,194150.0,194159.0,332654019485,65015590580389535832,9191189841752021520,3700.0138660772336535711910264677770,3698.9040838812478586922663379397128,332654.019485,65.015590580389535832
2022-01-01 10:52:00,-4131057671,1117077000783468652,194159.0,194159.0,194159.0,194159.0,0,1117077000783468652,9191189841752021520,3700.0138660772336535711910264677770,3700.0138660772336535711910264677770,0,1.117077000783468652
2022-01-01 10:53:00,-4916364989,1329453028833515308,194159.0,194159.0,194159.0,194159.0,0,1329453028833515308,9191189841752021520,3700.0138660772336535711910264677770,3700.0138660772336535711910264677770,0,1.329453028833515308
2022-01-01 10:54:00,-2225976749,601942562197894788,194159.0,194159.0,194159.0,194159.0,0,601942562197894788,9191189841752021520,3700.0138660772336535711910264677770,3700.0138660772336535711910264677770,0,0.601942562197894788
2022-01-01 10:55:00,-190524301267,51539885221204339297,194166.0,194166.0,194166.0,194166.0,2516699364,52220243902439022592,8970220922052308963,3697.4248920641386100891683044136270,3700.0138660772336535711910264677770,2516.699364,52.220243902439022592
2022-01-01 10:56:00,590000656,-159498503615282471,194166.0,194166.0,194166.0,194166.0,590000656,0,8970220922052308963,3697.4248920641386100891683044136270,3697.4248920641386100891683044136270,590.000656,0
2022-01-01 10:57:00,-274038412303,74194175396036398532,194176.0,194176.0,194176.0,194176.0,0,74194175396036398532,8772975620494488220,3693.7294999425959223770418203481003,3697.4248920641386100891683044136270,0,74.194175396036398532
2022-01-01 10:58:00,0,0,194176.0,194176.0,194176.0,194176.0,0,0,8772975620494488220,3693.7294999425959223770418203481003,3693.7294999425959223770418203481003,0,0
2022-01-01 10:59:00,-26753798173,7247707487715504847,194177.0,194176.0,194176.0,194177.0,769825753,7456031028314670567,8772975620494488220,3693.3601639262033020468371366344404,3693.7294999425959223770418203481003,769.825753,7.456031028314670567
2022-01-01 11:00:00,-26816654037,7265944366087131529,194178.0,194177.0,194177.0,194178.0,2540000000,7953363721852995756,8772975620494488220,3692.9908648397193301138257540590336,3693.3601639262033020468371366344404,2540,7.953363721852995756
2022-01-01 11:01:00,-1726802296,467856026256089633,194178.0,194178.0,194178.0,194178.0,0,467856026256089633,8772975620494488220,3692.9908648397193301138257540590336,3692.9908648397193301138257540590336,0,0.467856026256089633
2022-01-01 11:02:00,10535422445,-2851543427692801900,194178.0,194178.0,194178.0,194178.0,10535422445,0,8772975620494488220,3692.9908648397193301138257540590336,3692.9908648397193301138257540590336,10535.422445,0
2022-01-01 11:03:00,248705355247,-67275285743978653974,194169.0,194179.0,194169.0,194179.0,275392484865,7230652097905412129,8970220922052308963,3696.3158864050441887947991566338675,3692.9908648397193301138257540590336,275392.484865,7.230652097905412129
2022-01-01 11:04:00,-293278636326,79432635313007119492,194180.0,194180.0,194180.0,194180.0,20697416034,85035696432023846774,8746294616329173425,3692.2523774417072142539028309538114,3696.3158864050441887947991566338675,20697.416034,85.035696432023846774
2022-01-01 11:05:00,225077400000,-60903320907323585909,194171.0,194171.0,194171.0,194171.0,225077400000,0,8772975620494488220,3695.5767341024563564989358044836152,3692.2523774417072142539028309538114,225077.4,0
2022-01-01 11:06:00,277481897889,-75013300915593519668,194161.0,194161.0,194161.0,194161.0,277481897889,0,8970220922052308963,3699.2739742896359834781355645735045,3695.5767341024563564989358044836152,277481.897889,0
2022-01-01 11:07:00,829216296,-222473637152429570,194161.0,194161.0,194161.0,194161.0,6668252625,1579293702647740478,8970220922052308963,3699.2739742896359834781355645735045,3699.2739742896359834781355645735045,6668.252625,1.579293702647740478
2022-01-01 11:08:00,178682774183,-48250518773943243202,194154.0,194161.0,194154.0,194161.0,228866082249,13571051929018183523,9191189841752021520,3701.8642430486608668260474929134200,3699.2739742896359834781355645735045,228866.082249,13.571051929018183523
2022-01-01 11:09:00,-30800649655,8325699718732911629,194156.0,194155.0,194155.0,194156.0,0,8325699718732911629,9191189841752021520,3701.1239812411728198503492245650157,3701.8642430486608668260474929134200,0,8.325699718732911629
2022-01-01 11:10:00,-144043179450,38949742780736817181,194161.0,194155.0,194155.0,194161.0,5000000000,40300000000000000000,8970220922052308963,3699.2739742896359834781355645735045,3701.1239812411728198503492245650157,5000,40.3
2022-01-01 11:11:00,-5481059253,1482445369189967514,194161.0,194161.0,194161.0,194161.0,0,1482445369189967514,8970220922052308963,3699.2739742896359834781355645735045,3699.2739742896359834781355645735045,0,1.482445369189967514
2022-01-01 11:12:00,11126884782,-3006414787102516052,194161.0,194161.0,194161.0,194161.0,11126884782,0,8970220922052308963,3699.2739742896359834781355645735045,3699.2739742896359834781355645735045,11126.884782,0
2022-01-01 11:13:00,-14789291208,4000000000000000000,194161.0,194161.0,194161.0,194161.0,0,4000000000000000000,8970220922052308963,3699.2739742896359834781355645735045,3699.2739742896359834781355645735045,0,4
2022-01-01 11:14:00,-110916654,30000000000000000,194161.0,194161.0,194161.0,194161.0,0,30000000000000000,8970220922052308963,3699.2739742896359834781355645735045,3699.2739742896359834781355645735045,0,0.03
2022-01-01 11:15:00,600677323838,-162130095593393035846,194140.0,194147.0,194140.0,194147.0,600677323838,0,9188308394908186267,3707.0502230332393815238746123312206,3699.2739742896359834781355645735045,600677.323838,0
2022-01-01 11:16:00,-8187555226,2209790280616130012,194140.0,194140.0,194140.0,194140.0,0,2209790280616130012,9188308394908186267,3707.0502230332393815238746123312206,3707.0502230332393815238746123312206,0,2.209790280616130012
2022-01-01 11:17:00,-100963988077,27255117413312097299,194143.0,194143.0,194143.0,194143.0,0,27255117413312097299,9188308394908186267,3705.9383303522778492704057346493835,3707.0502230332393815238746123312206,0,27.255117413312097299
2022-01-01 11:18:00,-78588721788,21221750224710945200,194146.0,194144.0,194144.0,194146.0,0,21221750224710945200,9188308394908186267,3704.8267711724181618781250226369588,3705.9383303522778492704057346493835,0,21.2217502247109452
2022-01-01 11:19:00,169802100000,-45799303699433542431,194140.0,194140.0,194140.0,194140.0,169802100000,0,9188308394908186267,3707.0502230332393815238746123312206,3704.8267711724181618781250226369588,169802.1,0
2022-01-01 11:20:00,-29230474543,7890000000000000000,194141.0,194141.0,194141.0,194141.0,0,7890000000000000000,9188308394908186267,3706.6795550777316083630383085003676,3707.0502230332393815238746123312206,0,7.89
2022-01-01 11:21:00,-37183777440,10037977247792929696,194143.0,194141.0,194141.0,194143.0,0,10037977247792929696,9188308394908186267,3705.9383303522778492704057346493835,3706.6795550777316083630383085003676,0,10.037977247792929696
2022-01-01 11:22:00,-53338491756,14402978323895388640,194144.0,194145.0,194144.0,194145.0,5969000000,16013164944002991982,9188308394908186267,3705.5677735749203572346822664227364,3705.9383303522778492704057346493835,5969,16.013164944002991982
2022-01-01 11:23:00,-61110359608,16503144386770247329,194147.0,194145.0,194145.0,194147.0,0,16503144386770247329,9188308394908186267,3704.4563255398641754605789647404844,3705.5677735749203572346822664227364,0,16.503144386770247329
2022-01-01 11:24:00,-4069003027,1098981768399192726,194147.0,194147.0,194147.0,194147.0,0,1098981768399192726,9188308394908186267,3704.4563255398641754605789647404844,3704.4563255398641754605789647404844,0,1.098981768399192726
2022-01-01 11:25:00,130095455056,-35037284301360688745,194142.0,194154.0,194142.0,194154.0,340005936578,56713444196626756541,9188308394908186267,3706.3089241853130770553327752228488,3704.4563255398641754605789647404844,340005.936578,56.713444196626756541
2022-01-01 11:26:00,-24552630012,6628586726257044936,194143.0,194143.0,194143.0,194143.0,0,6628586726257044936,9188308394908186267,3705.9383303522778492704057346493835,3706.3089241853130770553327752228488,0,6.628586726257044936
2022-01-01 11:27:00,0,0,194143.0,194143.0,194143.0,194143.0,0,0,9188308394908186267,3705.9383303522778492704057346493835,3705.9383303522778492704057346493835,0,0
2022-01-01 11:28:00,19111718519,-5140036990872376360,194142.0,194143.0,194142.0,194145.0,72955312165,14538440835336276640,9188308394908186267,3706.3089241853130770553327752228488,3705.9383303522778492704057346493835,72955.312165,14.53844083533627664
2022-01-01 11:29:00,-7226697583,1951002642398314496,194143.0,194143.0,194143.0,194143.0,0,1951002642398314496,9188308394908186267,3705.9383303522778492704057346493835,3706.3089241853130770553327752228488,0,1.951002642398314496
2022-01-01 11:30:00,197675935202,-53294744779621325707,194136.0,194135.0,194135.0,194136.0,200051916618,641000000000000000,9188308394908186267,3708.5332655602946308680023144586641,3705.9383303522778492704057346493835,200051.916618,0.641
2022-01-01 11:31:00,-342684428050,92507567657566898169,194148.0,194136.0,194136.0,194148.0,0,92507567657566898169,9188308394908186267,3704.0859169481693585247264920912771,3708.5332655602946308680023144586641,0,92.507567657566898169
2022-01-01 11:32:00,-19430950275,5249581497587911137,194148.0,194148.0,194148.0,194149.0,2980696857,6053968147548144380,9188308394908186267,3704.0859169481693585247264920912771,3704.0859169481693585247264920912771,2980.696857,6.05396814754814438
2022-01-01 11:33:00,-22323727023,6033466809792754793,194149.0,194149.0,194149.0,194149.0,10478159683,8861284931227986513,9188308394908186267,3703.7155453936299955251739746938068,3704.0859169481693585247264920912771,10478.159683,8.861284931227986513
2022-01-01 11:34:00,84559240699,-22817856869028338261,194146.0,194147.0,194146.0,194147.0,84559240699,0,9188308394908186267,3704.8267711724181618781250226369588,3703.7155453936299955251739746938068,84559.240699,0
2022-01-01 11:35:00,9986406770,-2692323429864480548,194146.0,194147.0,194146.0,194147.0,17391690504,2000000000000000000,9188308394908186267,3704.8267711724181618781250226369588,3704.8267711724181618781250226369588,17391.690504,2
2022-01-01 11:36:00,-327314059654,88447572922005610764,194158.0,194146.0,194146.0,194158.0,0,88447572922005610764,9191189841752021520,3700.3838674638413769365481455704224,3704.8267711724181618781250226369588,0,88.447572922005610764
2022-01-01 11:37:00,0,0,194158.0,194158.0,194158.0,194158.0,0,0,9191189841752021520,3700.3838674638413769365481455704224,3700.3838674638413769365481455704224,0,0
2022-01-01 11:38:00,56104765039,-15152951322392462789,194156.0,194156.0,194156.0,194156.0,56104765039,0,9191189841752021520,3701.1239812411728198503492245650157,3700.3838674638413769365481455704224,56104.765039,0
2022-01-01 11:39:00,145230300000,-39210143364239553601,194150.0,194150.0,194150.0,194150.0,145230300000,0,9191189841752021520,3703.3452108725427412510488698068301,3701.1239812411728198503492245650157,145230.3,0
2022-01-01 11:40:00,187308621600,-50538652468703499695,194144.0,194151.0,194144.0,194151.0,194720135354,2002500000000000000,9188308394908186267,3705.5677735749203572346822664227364,3703.3452108725427412510488698068301,194720.135354,2.0025
2022-01-01 11:41:00,-89863857089,24270306725059158891,194147.0,194147.0,194147.0,194147.0,10000000000,26968574443047208994,9188308394908186267,3704.4563255398641754605789647404844,3705.5677735749203572346822664227364,10000,26.968574443047208994
2022-01-01 11:42:00,4050683000,-1092955269881702260,194147.0,194147.0,194147.0,194147.0,4050683000,0,9188308394908186267,3704.4563255398641754605789647404844,3704.4563255398641754605789647404844,4050.683,0
2022-01-01 11:43:00,55998594136,-15107918971426940802,194145.0,194146.0,194145.0,194146.0,55998594136,0,9188308394908186267,3705.1972538495354036943128351392264,3704.4563255398641754605789647404844,55998.594136,0
2022-01-01 11:44:00,0,0,194145.0,194145.0,194145.0,194145.0,0,0,9188308394908186267,3705.1972538495354036943128351392264,3705.1972538495354036943128351392264,0,0
2022-01-01 11:45:00,-11983872728,3236122521082982242,194145.0,194145.0,194145.0,194145.0,0,3236122521082982242,9188111403543995631,3705.1972538495354036943128351392264,3705.1972538495354036943128351392264,0,3.236122521082982242
2022-01-01 11:46:00,13597769019,-3666149611687646382,194145.0,194145.0,194145.0,194145.0,21404495488,2108122437657957426,9188111403543995631,3705.1972538495354036943128351392264,3705.1972538495354036943128351392264,21404.495488,2.108122437657957426
2022-01-01 11:47:00,-92542899290,24994181397972812073,194148.0,194145.0,194145.0,194148.0,1700000000,25452776245351709866,9188111403543995631,3704.0859169481693585247264920912771,3705.1972538495354036943128351392264,1700,25.452776245351709866
2022-01-01 11:48:00,0,0,194148.0,194148.0,194148.0,194148.0,0,0,9188111403543995631,3704.0859169481693585247264920912771,3704.0859169481693585247264920912771,0,0
2022-01-01 11:49:00,284554710426,-76744340409137290675,194138.0,194148.0,194138.0,194148.0,300198305222,4225269312951052286,9188111403543995631,3707.7916701483482597325732024924324,3704.0859169481693585247264920912771,300198.305222,4.225269312951052286
2022-01-01 11:50:00,0,0,194138.0,194138.0,194138.0,194138.0,0,0,9188111403543995631,3707.7916701483482597325732024924324,3707.7916701483482597325732024924324,0,0
2022-01-01 11:51:00,-237435464729,64098780927530313909,194146.0,194140.0,194140.0,194146.0,972000000,64361033267484526652,9188111403543995631,3704.8267711724181618781250226369588,3707.7916701483482597325732024924324,972,64.361033267484526652
2022-01-01 11:52:00,-77231470272,20861284204200831089,194149.0,194147.0,194147.0,194149.0,0,20861284204200831089,9188111403543995631,3703.7155453936299955251739746938068,3704.8267711724181618781250226369588,0,20.861284204200831089
2022-01-01 11:53:00,-7403166672,2000000000000000000,194149.0,194149.0,194149.0,194149.0,0,2000000000000000000,9188111403543995631,3703.7155453936299955251739746938068,3703.7155453936299955251739746938068,0,2
2022-01-01 11:54:00,-347263516079,93874458572964094925,194162.0,194160.0,194160.0,194162.0,91622437,93899217261849370493,8970023930688118327,3698.9040838812478586922663379397128,3703.7155453936299955251739746938068,91.622437,93.899217261849370493
2022-01-01 11:55:00,-13259475764,3591909924585701602,194162.0,194161.0,194161.0,194162.0,19204448000,8781251791045754989,8970023930688118327,3698.9040838812478586922663379397128,3698.9040838812478586922663379397128,19204.448,8.781251791045754989
2022-01-01 11:56:00,-15240650731,4122844057145643142,194163.0,194163.0,194163.0,194163.0,0,4122844057145643142,8970023930688118327,3698.5342304582020384884174961900917,3698.9040838812478586922663379397128,0,4.122844057145643142
2022-01-01 11:57:00,726821721,-190048935713765324,194163.0,194162.0,194162.0,194163.0,24304998215,6378400000000000000,8970023930688118327,3698.5342304582020384884174961900917,3698.5342304582020384884174961900917,24304.998215,6.3784
2022-01-01 11:58:00,-293658822373,79487141074112981840,194174.0,194174.0,194174.0,194174.0,10000000000,82192655826558271488,8772778629130297584,3694.4682827798794409874764524825889,3698.5342304582020384884174961900917,10000,82.192655826558271488
2022-01-01 11:59:00,28987065071,-7841649388386689177,194173.0,194174.0,194173.0,194174.0,29987065071,270817661216402208,8772778629130297584,3694.8377296081574289315752001278398,3694.4682827798794409874764524825889,29987.065071,0.270817661216402208
2022-01-01 12:00:00,12896827745,-3488456194286476320,194172.0,194172.0,194172.0,194172.0,13896827745,270774289503307918,8772778629130297584,3695.2072133811182446744683576478506,3694.8377296081574289315752001278398,13896.827745,0.270774289503307918
2022-01-01 12:01:00,115076331587,-31121908329017818678,194168.0,194168.0,194168.0,194168.0,115076331587,0,8970023930688118327,3696.6855179936846932136786365495333,3695.2072133811182446744683576478506,115076.331587,0
2022-01-01 12:02:00,5803419808,-1569159825130686709,194168.0,194168.0,194168.0,194168.0,5803419808,0,8970023930688118327,3696.6855179936846932136786365495333,3696.6855179936846932136786365495333,5803.419808,0
2022-01-01 12:03:00,32618663751,-8818988540869735550,194166.0,194167.0,194166.0,194167.0,32618663751,0,8970023930688118327,3697.4248920641386100891683044136270,3696.6855179936846932136786365495333,32618.663751,0
2022-01-01 12:04:00,55993993576,-15136432635045344279,194164.0,194166.0,194164.0,194166.0,55993993576,0,8970023930688118327,3698.1644140168003584525722389661925,3697.4248920641386100891683044136270,55993.993576,0
2022-01-01 12:05:00,0,0,194164.0,194164.0,194164.0,194164.0,0,0,8970023930688118327,3698.1644140168003584525722389661925,3698.1644140168003584525722389661925,0,0
2022-01-01 12:06:00,-17673655550,4782031018394351490,194165.0,194165.0,194165.0,194165.0,0,4782031018394351490,8970023930688118327,3697.7946345533450239501772212440728,3698.1644140168003584525722389661925,0,4.78203101839435149
2022-01-01 12:07:00,291982981888,-78884591214048693370,194155.0,194155.0,194155.0,194155.0,291982981888,0,9190992850387830884,3701.4940936392969371323342594874748,3697.7946345533450239501772212440728,291982.981888,0
2022-01-01 12:08:00,67616726142,-18256101794938995129,194152.0,194154.0,194152.0,194154.0,67616726142,0,9190992850387830884,3702.6046529159130294860213706724784,3701.4940936392969371323342594874748,67616.726142,0
2022-01-01 12:09:00,2312551874,-623650741794584510,194152.0,194152.0,194152.0,194152.0,4703947057,646221988581026365,9190992850387830884,3702.6046529159130294860213706724784,3702.6046529159130294860213706724784,4703.947057,0.646221988581026365
2022-01-01 12:10:00,-38818437847,10498282308913564957,194153.0,194152.0,194152.0,194154.0,28422454634,18172063565311401849,9190992850387830884,3702.2344294729657329127300976627119,3702.6046529159130294860213706724784,28422.454634,18.172063565311401849
2022-01-01 12:11:00,0,0,194153.0,194153.0,194153.0,194153.0,0,0,9190992850387830884,3702.2344294729657329127300976627119,3702.2344294729657329127300976627119,0,0
2022-01-01 12:12:00,-12320222580,3330002170138695476,194154.0,194154.0,194154.0,194154.0,676517516,3512667807801005225,9190992850387830884,3701.8642430486608668260474929134200,3702.2344294729657329127300976627119,676.517516,3.512667807801005225
2022-01-01 12:13:00,52927258064,-14289085931433324495,194152.0,194153.0,194152.0,194153.0,54285373809,366999315894911051,9190992850387830884,3702.6046529159130294860213706724784,3701.8642430486608668260474929134200,54285.373809,0.366999315894911051
2022-01-01 12:14:00,184086015664,-49649027091372194200,194145.0,194152.0,194141.0,194152.0,295198714305,30000000000000000000,9188111403543995631,3705.1972538495354036943128351392264,3702.6046529159130294860213706724784,295198.714305,30
2022-01-01 12:15:00,-1020430352,275567500000000000,194145.0,194145.0,194145.0,194145.0,0,275567500000000000,9188111403543995631,3705.1972538495354036943128351392264,3705.1972538495354036943128351392264,0,0.2755675
2022-01-01 12:16:00,-4246685383,1147080346095603770,194146.0,194146.0,194146.0,194146.0,929592742,1397870832986292313,9188111403543995631,3704.8267711724181618781250226369588,3705.1972538495354036943128351392264,929.592742,1.397870832986292313
2022-01-01 12:17:00,16971831940,-4577256588800325908,194145.0,194145.0,194145.0,194145.0,21965922064,1348584526149497580,9188111403543995631,3705.1972538495354036943128351392264,3704.8267711724181618781250226369588,21965.922064,1.34858452614949758
2022-01-01 12:18:00,-9746447742,2632068967982949105,194145.0,194145.0,194145.0,194145.0,396500000,2739032110950785431,9188111403543995631,3705.1972538495354036943128351392264,3705.1972538495354036943128351392264,396.5,2.739032110950785431
2022-01-01 12:19:00,925629653,-249437543394268218,194145.0,194145.0,194145.0,194145.0,1949744878,276558750000000000,9188111403543995631,3705.1972538495354036943128351392264,3705.1972538495354036943128351392264,1949.744878,0.27655875
2022-01-01 12:20:00,-107832205420,29125380571975864984,194149.0,194146.0,194146.0,194149.0,0,29125380571975864984,9188111403543995631,3703.7155453936299955251739746938068,3705.1972538495354036943128351392264,0,29.125380571975864984
2022-01-01 12:21:00,-679660206,183665246020859308,194149.0,194149.0,194149.0,194149.0,200000000,237641615514929089,9188111403543995631,3703.7155453936299955251739746938068,3703.7155453936299955251739746938068,200,0.237641615514929089
2022-01-01 12:22:00,-27020535589,7300000000000000000,194150.0,194150.0,194150.0,194150.0,0,7300000000000000000,9190992850387830884,3703.3452108725427412510488698068301,3703.7155453936299955251739746938068,0,7.3
2022-01-01 12:23:00,-4876669243,1317579946264949752,194150.0,194150.0,194150.0,194150.0,0,1317579946264949752,9190992850387830884,3703.3452108725427412510488698068301,3703.3452108725427412510488698068301,0,1.317579946264949752
2022-01-01 12:24:00,24998260071,-6747042405766701495,194149.0,194149.0,194149.0,194149.0,24998260071,0,9188111403543995631,3703.7155453936299955251739746938068,3703.3452108725427412510488698068301,24998.260071,0
2022-01-01 12:25:00,-8091600585,2186046419889029120,194150.0,194150.0,194150.0,194150.0,0,2186046419889029120,9190992850387830884,3703.3452108725427412510488698068301,3703.7155453936299955251739746938068,0,2.18604641988902912
2022-01-01 12:26:00,-229351687685,61988523056805300587,194158.0,194155.0,194155.0,194158.0,0,61988523056805300587,9190992850387830884,3700.3838674638413769365481455704224,3703.3452108725427412510488698068301,0,61.988523056805300587
2022-01-01 12:27:00,-4770880433,1290000000000000000,194158.0,194158.0,194158.0,194158.0,0,1290000000000000000,9190992850387830884,3700.3838674638413769365481455704224,3700.3838674638413769365481455704224,0,1.29
2022-01-01 12:28:00,-2435203206,658463918640857088,194158.0,194158.0,194158.0,194158.0,0,658463918640857088,9190992850387830884,3700.3838674638413769365481455704224,3700.3838674638413769365481455704224,0,0.658463918640857088
2022-01-01 12:29:00,68161130428,-18409760138606783630,194156.0,194156.0,194156.0,194156.0,68161130428,0,9190992850387830884,3701.1239812411728198503492245650157,3700.3838674638413769365481455704224,68161.130428,0
2022-01-01 12:30:00,52130510725,-14076994434286801292,194154.0,194154.0,194154.0,194154.0,52130510725,0,9190992850387830884,3701.8642430486608668260474929134200,3701.1239812411728198503492245650157,52130.510725,0
2022-01-01 12:31:00,573146797099,-154595753399541619169,194133.0,194146.0,194133.0,194146.0,574513995411,369181058813870486,9188111403543995631,3709.6459367996692193316619358239344,3701.8642430486608668260474929134200,574513.995411,0.369181058813870486
2022-01-01 12:32:00,222818879453,-60009640251801550442,194125.0,194126.0,194125.0,194126.0,246448028910,6368066208536804906,9188111403543995631,3712.6146924577374006743533498668436,3709.6459367996692193316619358239344,246448.02891,6.368066208536804906
2022-01-01 12:33:00,-44196650432,11912430241591120621,194127.0,194126.0,194126.0,194127.0,0,11912430241591120621,9188111403543995631,3711.8722808828380242411248824790983,3712.6146924577374006743533498668436,0,11.912430241591120621
2022-01-01 12:34:00,-361180390981,97757779698571575813,194140.0,194127.0,194127.0,194186.0,1249019456914,435295257619820866061,9188111403543995631,3707.0502230332393815238746123312206,3711.8722808828380242411248824790983,1249019.456914,435.295257619820866061
2022-01-01 12:35:00,9419233979,-2536835884397510881,194140.0,194140.0,194140.0,194140.0,19997729998,2855216394776932785,9188111403543995631,3707.0502230332393815238746123312206,3707.0502230332393815238746123312206,19997.729998,2.855216394776932785
2022-01-01 12:36:00,9881406514,-2662524569862549197,194139.0,194140.0,194139.0,194140.0,16139875843,1689041108161966485,9188111403543995631,3707.4209280555427054620269997924533,3707.0502230332393815238746123312206,16139.875843,1.689041108161966485
2022-01-01 12:37:00,352856205236,-94783481871575925103,194127.0,194139.0,194076.0,194139.0,1436184594062,291294569387338617222,9188111403543995631,3711.8722808828380242411248824790983,3707.4209280555427054620269997924533,1436184.594062,291.294569387338617222
2022-01-01 12:38:00,0,0,194127.0,194127.0,194127.0,194127.0,0,0,9188111403543995631,3711.8722808828380242411248824790983,3711.8722808828380242411248824790983,0,0
2022-01-01 12:39:00,0,0,194127.0,194127.0,194127.0,194127.0,0,0,9188111403543995631,3711.8722808828380242411248824790983,3711.8722808828380242411248824790983,0,0
2022-01-01 12:40:00,0,0,194127.0,194127.0,194127.0,194127.0,0,0,9188111403543995631,3711.8722808828380242411248824790983,3711.8722808828380242411248824790983,0,0
2022-01-01 12:41:00,-57641122469,15538444216402658148,194129.0,194127.0,194127.0,194129.0,0,15538444216402658148,9188111403543995631,3711.1300177679842497113401173422291,3711.8722808828380242411248824790983,0,15.538444216402658148
2022-01-01 12:42:00,-42333328617,11413927015157833447,194130.0,194130.0,194130.0,194130.0,0,11413927015157833447,9188111403543995631,3710.7589418737968700243376835738732,3711.1300177679842497113401173422291,0,11.413927015157833447
2022-01-01 12:43:00,-55599736451,14993443929209334158,194132.0,194130.0,194130.0,194132.0,0,14993443929209334158,9188111403543995631,3710.0169013933491862535951020175207,3710.7589418737968700243376835738732,0,14.993443929209334158
2022-01-01 12:44:00,0,0,194132.0,194132.0,194132.0,194132.0,0,0,9188111403543995631,3710.0169013933491862535951020175207,3710.0169013933491862535951020175207,0,0
2022-01-01 12:45:00,-14865347499,4009206348001867719,194133.0,194132.0,194132.0,194133.0,0,4009206348001867719,9192405658781594681,3709.6459367996692193316619358239344,3710.0169013933491862535951020175207,0,4.009206348001867719
2022-01-01 12:46:00,280257305527,-75467910412550772173,194123.0,194132.0,194122.0,194132.0,304679483966,6580000000000000000,9192405658781594681,3713.3572525223758727318622272803539,3709.6459367996692193316619358239344,304679.483966,6.58
2022-01-01 12:47:00,148609375,-40001116780775900,194123.0,194123.0,194123.0,194123.0,148609375,0,9192405658781594681,3713.3572525223758727318622272803539,3713.3572525223758727318622272803539,148.609375,0
2022-01-01 12:48:00,-227317786441,61303810447819379341,194131.0,194124.0,194120.0,194131.0,113946868000,91971213361133475735,9192405658781594681,3710.3879030834885211722204615277225,3713.3572525223758727318622272803539,113946.868,91.971213361133475735
2022-01-01 12:49:00,0,0,194131.0,194131.0,194131.0,194131.0,0,0,9192405658781594681,3710.3879030834885211722204615277225,3710.3879030834885211722204615277225,0,0
2022-01-01 12:50:00,-3337544605,900000000000000000,194131.0,194131.0,194131.0,194131.0,0,900000000000000000,9192405658781594681,3710.3879030834885211722204615277225,3710.3879030834885211722204615277225,0,0.9
2022-01-01 12:51:00,25681343147,-6909569439865737454,194130.0,194132.0,194130.0,194132.0,57005862340,8447267860139703631,9192405658781594681,3710.7589418737968700243376835738732,3710.3879030834885211722204615277225,57005.86234,8.447267860139703631
2022-01-01 12:52:00,272872915459,-73462903098940609543,194120.0,194120.0,194120.0,194120.0,288378754141,4176750329136567679,9192405658781594681,3714.4713711025635184174803437771349,3710.7589418737968700243376835738732,288378.754141,4.176750329136567679
2022-01-01 12:53:00,0,0,194120.0,194120.0,194120.0,194120.0,0,0,9192405658781594681,3714.4713711025635184174803437771349,3714.4713711025635184174803437771349,0,0
2022-01-01 12:54:00,-110418396748,29749681085723305920,194124.0,194124.0,194124.0,194124.0,0,29749681085723305920,9192799302105775054,3712.9859539269831744144207852018335,3714.4713711025635184174803437771349,0,29.74968108572330592
2022-01-01 12:55:00,-29099825353,7842227303250660954,194125.0,194124.0,194124.0,194125.0,0,7842227303250660954,9192799302105775054,3712.6146924577374006743533498668436,3712.9859539269831744144207852018335,0,7.842227303250660954
2022-01-01 12:56:00,27295050000,-7348467199112132982,194124.0,194124.0,194124.0,194124.0,27495050000,53896323511692797,9192799302105775054,3712.9859539269831744144207852018335,3712.6146924577374006743533498668436,27495.05,0.053896323511692797
2022-01-01 12:57:00,9051752011,-2436803613516702807,194124.0,194124.0,194124.0,194124.0,9051752011,0,9192799302105775054,3712.9859539269831744144207852018335,3712.9859539269831744144207852018335,9051.752011,0
2022-01-01 12:58:00,247041241877,-66463041934438577079,194113.0,194124.0,194113.0,194125.0,280878578696,9118474768683827555,6487878374478267696,3717.0722812313427438371650194081602,3712.9859539269831744144207852018335,280878.578696,9.118474768683827555
2022-01-01 12:59:00,0,0,194113.0,194113.0,194113.0,194113.0,0,0,6487878374478267696,3717.0722812313427438371650194081602,3717.0722812313427438371650194081602,0,0
2022-01-01 13:00:00,49345462621,-13228763850883103375,194111.0,194114.0,194111.0,194120.0,195981638001,39485526216662716751,6487878374478267696,3717.8157328583118246993598907836942,3717.0722812313427438371650194081602,195981.638001,39.485526216662716751
2022-01-01 13:01:00,144964390018,-38928659671263807200,194104.0,194113.0,194100.0,194113.0,260620880387,31111082910655746728,6630985771048923040,3720.4189847427531070080058765108394,3717.8157328583118246993598907836942,260620.880387,31.111082910655746728
2022-01-01 13:02:00,-49598817332,13341142227819291314,194106.0,194104.0,194104.0,194106.0,3965000000,14406360964693406186,6630985771048923040,3719.6750125434942827165197453965628,3720.4189847427531070080058765108394,3965,14.406360964693406186
2022-01-01 13:03:00,40521698324,-10877483219236186066,194104.0,194108.0,194104.0,194108.0,79805859457,10568170639663598316,6630985771048923040,3720.4189847427531070080058765108394,3719.6750125434942827165197453965628,79805.859457,10.568170639663598316
2022-01-01 13:04:00,-5158849857,1392809795389490173,194104.0,194105.0,194104.0,194105.0,20000012333,6766612713572044709,6630985771048923040,3720.4189847427531070080058765108394,3720.4189847427531070080058765108394,20000.012333,6.766612713572044709
2022-01-01 13:05:00,-525842549557,142294894292139017769,194128.0,194115.0,194115.0,194224.0,2573804751082,838683658409894313096,9192799302105775054,3711.5011307697610481363112513539626,3720.4189847427531070080058765108394,2573804.751082,838.683658409894313096
2022-01-01 13:06:00,0,0,194128.0,194128.0,194128.0,194128.0,0,0,9192799302105775054,3711.5011307697610481363112513539626,3711.5011307697610481363112513539626,0,0
2022-01-01 13:07:00,300000000,-80790006768210589,194128.0,194128.0,194128.0,194128.0,300000000,0,9192799302105775054,3711.5011307697610481363112513539626,3711.5011307697610481363112513539626,300,0
2022-01-01 13:08:00,0,0,194128.0,194128.0,194128.0,194128.0,0,0,9192799302105775054,3711.5011307697610481363112513539626,3711.5011307697610481363112513539626,0,0
2022-01-01 13:09:00,80302680,-21073018671977812,194128.0,194128.0,194128.0,194128.0,2130302680,552619252573274944,9192799302105775054,3711.5011307697610481363112513539626,3711.5011307697610481363112513539626,2130.30268,0.552619252573274944
2022-01-01 13:10:00,-27651333526,7460587688377356823,194129.0,194127.0,194127.0,194129.0,23260414052,13724352566110365753,9192799302105775054,3711.1300177679842497113401173422291,3711.5011307697610481363112513539626,23260.414052,13.724352566110365753
2022-01-01 13:11:00,0,0,194129.0,194129.0,194129.0,194129.0,0,0,9192799302105775054,3711.1300177679842497113401173422291,3711.1300177679842497113401173422291,0,0
2022-01-01 13:12:00,257555218290,-69334547215615982352,194119.0,194128.0,194119.0,194128.0,257555218290,0,6487878374478267696,3714.8428182396737747693220918115111,3711.1300177679842497113401173422291,257555.21829,0
2022-01-01 13:13:00,59114449024,-15903478588119576394,194116.0,194119.0,194116.0,194119.0,61002124960,508284939262362279,6487878374478267696,3715.9573825341450669102058052934875,3714.8428182396737747693220918115111,61002.12496,0.508284939262362279
2022-01-01 13:14:00,-3228276723,869542169589533039,194116.0,194116.0,194116.0,194116.0,1000000000,1138538511637992423,6487878374478267696,3715.9573825341450669102058052934875,3715.9573825341450669102058052934875,1000,1.138538511637992423
2022-01-01 13:15:00,839616794,-225857625602750381,194116.0,194116.0,194116.0,194116.0,839616794,0,6487878374478267696,3715.9573825341450669102058052934875,3715.9573825341450669102058052934875,839.616794,0
2022-01-01 13:16:00,-18105188858,4876824559807922965,194117.0,194116.0,194116.0,194117.0,5299394319,6302343983617112196,6487878374478267696,3715.5858239517498919210137039230934,3715.9573825341450669102058052934875,5299.394319,6.302343983617112196
2022-01-01 13:17:00,98483960741,-26458958443703303835,194112.0,194118.0,194112.0,194122.0,206538829509,29104043108190929348,6487878374478267696,3717.4439884594658781115487359101000,3715.5858239517498919210137039230934,206538.829509,29.104043108190929348
2022-01-01 13:18:00,43880012102,-11797636764691777622,194110.0,194110.0,194110.0,194110.0,43880012102,0,6487878374478267696,3718.1875144315976558818298267727694,3717.4439884594658781115487359101000,43880.012102,0
2022-01-01 13:19:00,-103340880714,27819839378627904973,194115.0,194112.0,194111.0,194115.0,12962494090,31304930024959641739,6487878374478267696,3716.3289782723984814168968258740167,3718.1875144315976558818298267727694,12962.49409,31.304930024959641739
2022-01-01 13:20:00,595240000,-160102653039505031,194115.0,194115.0,194115.0,194115.0,595240000,0,6487878374478267696,3716.3289782723984814168968258740167,3716.3289782723984814168968258740167,595.24,0
2022-01-01 13:21:00,-3644915081,983014638759088917,194116.0,194116.0,194115.0,194116.0,6119880947,2629096752958449179,6487878374478267696,3715.9573825341450669102058052934875,3716.3289782723984814168968258740167,6119.880947,2.629096752958449179
2022-01-01 13:22:00,0,0,194116.0,194116.0,194116.0,194116.0,0,0,6487878374478267696,3715.9573825341450669102058052934875,3715.9573825341450669102058052934875,0,0
2022-01-01 13:23:00,-49086811709,13218035472477541927,194118.0,194118.0,194118.0,194118.0,0,13218035472477541927,6487878374478267696,3715.2143025214977421467990240206926,3715.9573825341450669102058052934875,0,13.218035472477541927
2022-01-01 13:24:00,3147202260,-846725796220463929,194118.0,194118.0,194118.0,194118.0,3147202260,0,6487878374478267696,3715.2143025214977421467990240206926,3715.2143025214977421467990240206926,3147.20226,0
2022-01-01 13:25:00,21442207416,-5757347333497540041,194117.0,194119.0,194117.0,194120.0,62753581276,11126625479933190498,6487878374478267696,3715.5858239517498919210137039230934,3715.2143025214977421467990240206926,62753.581276,11.126625479933190498
2022-01-01 13:26:00,-25550098035,6881027249556743431,194118.0,194117.0,194117.0,194118.0,1800000000,7365309171108342390,6487878374478267696,3715.2143025214977421467990240206926,3715.5858239517498919210137039230934,1800,7.36530917110834239
2022-01-01 13:27:00,-29443300683,7930844038314823675,194120.0,194118.0,194118.0,194120.0,2876431229,8704725803597945139,9192799302105775054,3714.4713711025635184174803437771349,3715.2143025214977421467990240206926,2876.431229,8.704725803597945139
2022-01-01 13:28:00,-3769914149,1015445112608723221,194120.0,194120.0,194120.0,194120.0,0,1015445112608723221,9192799302105775054,3714.4713711025635184174803437771349,3714.4713711025635184174803437771349,0,1.015445112608723221
2022-01-01 13:29:00,0,0,194120.0,194120.0,194120.0,194120.0,0,0,9192799302105775054,3714.4713711025635184174803437771349,3714.4713711025635184174803437771349,0,0
2022-01-01 13:30:00,0,0,194120.0,194120.0,194120.0,194120.0,0,0,9192799302105775054,3714.4713711025635184174803437771349,3714.4713711025635184174803437771349,0,0
2022-01-01 13:31:00,-6677481266,1799046611943924394,194120.0,194120.0,194120.0,194120.0,1486509300,2199046611943924394,9192799302105775054,3714.4713711025635184174803437771349,3714.4713711025635184174803437771349,1486.5093,2.199046611943924394
2022-01-01 13:32:00,-8700565554,2343648609824166184,194120.0,194120.0,194120.0,194120.0,0,2343648609824166184,9192799302105775054,3714.4713711025635184174803437771349,3714.4713711025635184174803437771349,0,2.343648609824166184
2022-01-01 13:33:00,-305640711013,82377528929237703121,194131.0,194129.0,194129.0,194131.0,6197684168,84047179495326536724,9192799302105775054,3710.3879030834885211722204615277225,3714.4713711025635184174803437771349,6197.684168,84.047179495326536724
2022-01-01 13:34:00,-271032553973,73125203182728678357,194141.0,194138.0,194138.0,194141.0,6000000000,74743163190262850806,9192799302105775054,3706.6795550777316083630383085003676,3710.3879030834885211722204615277225,6000,74.743163190262850806
2022-01-01 13:35:00,175000000000,-47175251021585181533,194135.0,194135.0,194135.0,194135.0,175000000000,0,9192799302105775054,3708.9041188868506603310891146901044,3706.6795550777316083630383085003676,175000,0
2022-01-01 13:36:00,392964208756,-105825147341742873474,194121.0,194121.0,194121.0,194121.0,392964208756,0,9192799302105775054,3714.0999611064528731301673270444318,3708.9041188868506603310891146901044,392964.208756,0
2022-01-01 13:37:00,-14225603369,3832193532940035427,194121.0,194121.0,194121.0,194121.0,0,3832193532940035427,9192799302105775054,3714.0999611064528731301673270444318,3714.0999611064528731301673270444318,0,3.832193532940035427
2022-01-01 13:38:00,-1734211220,467187378906081587,194121.0,194121.0,194121.0,194121.0,0,467187378906081587,9192799302105775054,3714.0999611064528731301673270444318,3714.0999611064528731301673270444318,0,0.467187378906081587
2022-01-01 13:39:00,131133858577,-35280894589067834328,194115.0,194121.0,194115.0,194121.0,134629393467,941687500000000000,6487878374478267696,3716.3289782723984814168968258740167,3714.0999611064528731301673270444318,134629.393467,0.9416875
2022-01-01 13:40:00,-18393424128,4952387760000000000,194116.0,194116.0,194116.0,194116.0,0,4952387760000000000,6487878374478267696,3715.9573825341450669102058052934875,3716.3289782723984814168968258740167,0,4.95238776
2022-01-01 13:41:00,0,0,194116.0,194116.0,194116.0,194116.0,0,0,6487878374478267696,3715.9573825341450669102058052934875,3715.9573825341450669102058052934875,0,0
2022-01-01 13:42:00,470250000,-126492897103245186,194116.0,194116.0,194116.0,194116.0,470250000,0,6487878374478267696,3715.9573825341450669102058052934875,3715.9573825341450669102058052934875,470.25,0
2022-01-01 13:43:00,44858119057,-12065036640618819611,194114.0,194114.0,194114.0,194114.0,44858119057,0,6487878374478267696,3716.7006111702257212650385155566045,3715.9573825341450669102058052934875,44858.119057,0
2022-01-01 13:44:00,2112898078,-568217470624595191,194114.0,194114.0,194114.0,194114.0,2112898078,0,6490134339550759681,3716.7006111702257212650385155566045,3716.7006111702257212650385155566045,2112.898078,0
2022-01-01 13:45:00,-13722962236,3694290567161845421,194114.0,194114.0,194114.0,194114.0,0,3694290567161845421,6490134339550759681,3716.7006111702257212650385155566045,3716.7006111702257212650385155566045,0,3.694290567161845421
2022-01-01 13:46:00,-1314324000,353836089599554291,194114.0,194114.0,194114.0,194114.0,0,353836089599554291,6490134339550759681,3716.7006111702257212650385155566045,3716.7006111702257212650385155566045,0,0.353836089599554291
2022-01-01 13:47:00,0,0,194114.0,194114.0,194114.0,194114.0,0,0,6490134339550759681,3716.7006111702257212650385155566045,3716.7006111702257212650385155566045,0,0
2022-01-01 13:48:00,-5900590000,1588557894012163825,194115.0,194115.0,194115.0,194115.0,0,1588557894012163825,6490134339550759681,3716.3289782723984814168968258740167,3716.7006111702257212650385155566045,0,1.588557894012163825
2022-01-01 13:49:00,-87920788542,23675852034010481262,194119.0,194115.0,194115.0,194119.0,696010246,23863047166016285400,6490134339550759681,3714.8428182396737747693220918115111,3716.3289782723984814168968258740167,696.010246,23.8630471660162854
2022-01-01 13:50:00,90537645378,-24352491744546597449,194115.0,194119.0,194115.0,194120.0,102863301709,3319668763850619518,6490134339550759681,3716.3289782723984814168968258740167,3714.8428182396737747693220918115111,102863.301709,3.319668763850619518
2022-01-01 13:51:00,-671875677975,181124037707336542004,194140.0,194116.0,194116.0,194140.0,0,181124037707336542004,9195055267178267039,3707.0502230332393815238746123312206,3716.3289782723984814168968258740167,0,181.124037707336542004
2022-01-01 13:52:00,31801566415,-8572366076724371351,194139.0,194140.0,194139.0,194140.0,39211455532,2000000000000000000,9195055267178267039,3707.4209280555427054620269997924533,3707.0502230332393815238746123312206,39211.455532,2
2022-01-01 13:53:00,6433212500,-1734409866045014968,194139.0,194139.0,194139.0,194139.0,6433212500,0,9195055267178267039,3707.4209280555427054620269997924533,3707.4209280555427054620269997924533,6433.2125,0
2022-01-01 13:54:00,152480365670,-41097423014816394747,194133.0,194134.0,194133.0,194134.0,152480365670,0,9230045766474931835,3709.6459367996692193316619358239344,3707.4209280555427054620269997924533,152480.36567,0
2022-01-01 13:55:00,0,0,194133.0,194133.0,194133.0,194133.0,0,0,9230045766474931835,3709.6459367996692193316619358239344,3709.6459367996692193316619358239344,0,0
2022-01-01 13:56:00,0,0,194133.0,194133.0,194133.0,194133.0,0,0,9230045766474931835,3709.6459367996692193316619358239344,3709.6459367996692193316619358239344,0,0
2022-01-01 13:57:00,-5460174520,1472745745762240727,194133.0,194133.0,194133.0,194133.0,0,1472745745762240727,9230045766474931835,3709.6459367996692193316619358239344,3709.6459367996692193316619358239344,0,1.472745745762240727
2022-01-01 13:58:00,49598739431,-13361469898267380772,194132.0,194134.0,194132.0,194134.0,57491937108,2129043567289961176,9230045766474931835,3710.0169013933491862535951020175207,3709.6459367996692193316619358239344,57491.937108,2.129043567289961176
2022-01-01 13:59:00,36628587164,-9864041987963447240,194130.0,194131.0,194130.0,194131.0,49390990838,3441498988164872082,9230045766474931835,3710.7589418737968700243376835738732,3710.0169013933491862535951020175207,49390.990838,3.441498988164872082
2022-01-01 14:00:00,-31275359925,8434791159672253010,194131.0,194130.0,194130.0,194131.0,4000000000,9512285088129686373,9230045766474931835,3710.3879030834885211722204615277225,3710.7589418737968700243376835738732,4000,9.512285088129686373
2022-01-01 14:01:00,-38477575969,10381194044222174346,194133.0,194132.0,194131.0,194133.0,15000000000,14422178398670478491,9230045766474931835,3709.6459367996692193316619358239344,3710.3879030834885211722204615277225,15000,14.422178398670478491
2022-01-01 14:02:00,24017219517,-6470977555800109867,194132.0,194133.0,194132.0,194133.0,24017219517,0,9230045766474931835,3710.0169013933491862535951020175207,3709.6459367996692193316619358239344,24017.219517,0
2022-01-01 14:03:00,-1837759855,495625000000000000,194132.0,194132.0,194132.0,194132.0,0,495625000000000000,9230045766474931835,3710.0169013933491862535951020175207,3710.0169013933491862535951020175207,0,0.495625
2022-01-01 14:04:00,50206720685,-13517522749651061826,194130.0,194133.0,194130.0,194133.0,79936593516,8018292274114182356,9230045766474931835,3710.7589418737968700243376835738732,3710.0169013933491862535951020175207,79936.593516,8.018292274114182356
2022-01-01 14:05:00,-21351029443,5758442158873500855,194131.0,194131.0,194131.0,194131.0,4000000000,6836023403170828091,9230045766474931835,3710.3879030834885211722204615277225,3710.7589418737968700243376835738732,4000,6.836023403170828091
2022-01-01 14:06:00,-36719770002,9902609772458777772,194132.0,194131.0,194131.0,194132.0,0,9902609772458777772,9230045766474931835,3710.0169013933491862535951020175207,3710.3879030834885211722204615277225,0,9.902609772458777772
2022-01-01 14:07:00,-175814623049,47487907641065501421,194139.0,194127.0,194127.0,194140.0,208313925459,103609068204503540358,9230045766474931835,3707.4209280555427054620269997924533,3710.0169013933491862535951020175207,208313.925459,103.609068204503540358
2022-01-01 14:08:00,-2869168317,774298053363981165,194139.0,194139.0,194139.0,194139.0,0,774298053363981165,9230045766474931835,3707.4209280555427054620269997924533,3707.4209280555427054620269997924533,0,0.774298053363981165
2022-01-01 14:09:00,80536764358,-21705640820377203609,194136.0,194137.0,194136.0,194137.0,95234766438,3965946574504408899,9230045766474931835,3708.5332655602946308680023144586641,3707.4209280555427054620269997924533,95234.766438,3.965946574504408899
2022-01-01 14:10:00,-24308954769,6559096737383005152,194137.0,194137.0,194137.0,194137.0,1623600000,6996727678767430024,9230045766474931835,3708.1624493153630945585464598126777,3708.5332655602946308680023144586641,1623.6,6.996727678767430024
2022-01-01 14:11:00,87475549821,-23571159546637024656,194134.0,194137.0,194134.0,194137.0,101827286232,3872425526266320150,9230045766474931835,3709.2750092987393453971222236015747,3708.1624493153630945585464598126777,101827.286232,3.87242552626632015
2022-01-01 14:12:00,0,0,194134.0,194134.0,194134.0,194134.0,0,0,9230045766474931835,3709.2750092987393453971222236015747,3709.2750092987393453971222236015747,0,0
2022-01-01 14:13:00,13553136605,-3651432606666009746,194133.0,194133.0,194133.0,194133.0,15551899023,539102248252170110,9230045766474931835,3709.6459367996692193316619358239344,3709.2750092987393453971222236015747,15551.899023,0.53910224825217011
2022-01-01 14:14:00,-150496094631,40609214548909935263,194138.0,194133.0,194133.0,194138.0,24809841704,47294151635842943109,9230464083849227555,3707.7916701483482597325732024924324,3709.6459367996692193316619358239344,24809.841704,47.294151635842943109
2022-01-01 14:15:00,21477565268,-5789802679876929763,194138.0,194138.0,194138.0,194138.0,22188057854,191736229842868039,9230464083849227555,3707.7916701483482597325732024924324,3707.7916701483482597325732024924324,22188.057854,0.191736229842868039
2022-01-01 14:16:00,49528249545,-13349508984524548605,194136.0,194136.0,194136.0,194136.0,52484942655,797699187922807121,9230464083849227555,3708.5332655602946308680023144586641,3707.7916701483482597325732024924324,52484.942655,0.797699187922807121
2022-01-01 14:17:00,186903041291,-50358416802367425484,194129.0,194130.0,194129.0,194130.0,186903041291,0,9230464083849227555,3711.1300177679842497113401173422291,3708.5332655602946308680023144586641,186903.041291,0
2022-01-01 14:18:00,17977194421,-4841940264078777236,194129.0,194129.0,194129.0,194129.0,17977194421,0,9230464083849227555,3711.1300177679842497113401173422291,3711.1300177679842497113401173422291,17977.194421,0
2022-01-01 14:19:00,-5779057905,1558043384538183275,194129.0,194129.0,194129.0,194129.0,0,1558043384538183275,9230464083849227555,3711.1300177679842497113401173422291,3711.1300177679842497113401173422291,0,1.558043384538183275
2022-01-01 14:20:00,-24956793739,6728759865905015662,194130.0,194130.0,194130.0,194130.0,0,6728759865905015662,9230464083849227555,3710.7589418737968700243376835738732,3711.1300177679842497113401173422291,0,6.728759865905015662
2022-01-01 14:21:00,-10013606334,2700000000000000000,194130.0,194130.0,194130.0,194130.0,0,2700000000000000000,9230464083849227555,3710.7589418737968700243376835738732,3710.7589418737968700243376835738732,0,2.7
2022-01-01 14:22:00,42602830013,-11471185949581657377,194129.0,194130.0,194129.0,194130.0,56698440502,3800688493454644360,9230464083849227555,3711.1300177679842497113401173422291,3710.7589418737968700243376835738732,56698.440502,3.80068849345464436
2022-01-01 14:23:00,-22254551376,6000000000000000000,194129.0,194129.0,194129.0,194129.0,0,6000000000000000000,9230464083849227555,3711.1300177679842497113401173422291,3711.1300177679842497113401173422291,0,6
2022-01-01 14:24:00,16150000000,-4349859716605196168,194129.0,194129.0,194129.0,194129.0,16150000000,0,9230464083849227555,3711.1300177679842497113401173422291,3711.1300177679842497113401173422291,16150,0
2022-01-01 14:25:00,30112348744,-8107936399721040629,194128.0,194127.0,194127.0,194128.0,37131150498,1892063600278959371,9230464083849227555,3711.5011307697610481363112513539626,3711.1300177679842497113401173422291,37131.150498,1.892063600278959371
2022-01-01 14:26:00,-4741961586,1279311282946499227,194128.0,194128.0,194128.0,194128.0,3675000000,2268999224970444800,9230464083849227555,3711.5011307697610481363112513539626,3711.5011307697610481363112513539626,3675,2.2689992249704448
2022-01-01 14:27:00,-21187367815,5712711019118635343,194129.0,194128.0,194128.0,194129.0,3093190788,6545731002982821325,9230464083849227555,3711.1300177679842497113401173422291,3711.5011307697610481363112513539626,3093.190788,6.545731002982821325
2022-01-01 14:28:00,-23860473682,6433032161221964883,194130.0,194129.0,194129.0,194130.0,0,6433032161221964883,9230464083849227555,3710.7589418737968700243376835738732,3711.1300177679842497113401173422291,0,6.433032161221964883
2022-01-01 14:29:00,-18794912487,5067750837937678344,194130.0,194130.0,194130.0,194130.0,502923500,5203214370272850895,16266157951826281226,3710.7589418737968700243376835738732,3710.7589418737968700243376835738732,502.9235,5.203214370272850895
2022-01-01 14:30:00,-9040948799,2438150740004006424,194130.0,194130.0,194130.0,194130.0,1478826249,2836490507655880436,16266157951826281226,3710.7589418737968700243376835738732,3710.7589418737968700243376835738732,1478.826249,2.836490507655880436
2022-01-01 14:31:00,-154028187449,41546307298201704694,194133.0,194130.0,194129.0,194133.0,30233480902,49689974107072836835,16266157951826281226,3709.6459367996692193316619358239344,3710.7589418737968700243376835738732,30233.480902,49.689974107072836835
2022-01-01 14:32:00,-363229471213,98007030550824495635,194141.0,194141.0,194141.0,194141.0,0,98007030550824495635,9230464083849227555,3706.6795550777316083630383085003676,3709.6459367996692193316619358239344,0,98.007030550824495635
2022-01-01 14:33:00,-489771266331,132324054053146040492,194159.0,194159.0,194159.0,194159.0,0,132324054053146040492,9233345530693062808,3700.0138660772336535711910264677770,3706.6795550777316083630383085003676,0,132.324054053146040492
2022-01-01 14:34:00,-2742593255,748387067756562695,194159.0,194160.0,194159.0,194160.0,24991611037,7500000000000000000,9233345530693062808,3700.0138660772336535711910264677770,3700.0138660772336535711910264677770,24991.611037,7.5
2022-01-01 14:35:00,-37192777561,10137459415101826470,194160.0,194170.0,194160.0,194171.0,293434884925,89460006750336743800,9012376610993350251,3699.6439016870649470764833781299606,3700.0138660772336535711910264677770,293434.884925,89.4600067503367438
2022-01-01 14:36:00,54994634982,-14856948736749303606,194158.0,194158.0,194158.0,194158.0,54994634982,0,9233345530693062808,3700.3838674638413769365481455704224,3699.6439016870649470764833781299606,54994.634982,0
2022-01-01 14:37:00,3701998046,-1000000000000000000,194158.0,194158.0,194158.0,194158.0,3701998046,0,9233345530693062808,3700.3838674638413769365481455704224,3700.3838674638413769365481455704224,3701.998046,0
2022-01-01 14:38:00,115774527028,-31262531777003274091,194154.0,194157.0,194153.0,194157.0,131854545973,4346008381471978247,9233345530693062808,3701.8642430486608668260474929134200,3700.3838674638413769365481455704224,131854.545973,4.346008381471978247
2022-01-01 14:39:00,1072190529,-281057750521323138,194154.0,194153.0,194153.0,194154.0,32327356561,8447193639684793655,9233345530693062808,3701.8642430486608668260474929134200,3701.8642430486608668260474929134200,32327.356561,8.447193639684793655
2022-01-01 14:40:00,44613719323,-12044205777067380886,194152.0,194154.0,194152.0,194154.0,48328553969,1004054208429447357,9233345530693062808,3702.6046529159130294860213706724784,3701.8642430486608668260474929134200,48328.553969,1.004054208429447357
2022-01-01 14:41:00,45986924480,-12413957666073326736,194151.0,194152.0,194151.0,194152.0,45990624926,1000000000000000,9233345530693062808,3702.9749133812046207889699728095494,3702.6046529159130294860213706724784,45990.624926,0.001
2022-01-01 14:42:00,0,0,194151.0,194151.0,194151.0,194151.0,0,0,9233345530693062808,3702.9749133812046207889699728095494,3702.9749133812046207889699728095494,0,0
2022-01-01 14:43:00,130700416125,-35263415017627285440,194146.0,194150.0,194146.0,194151.0,158374257459,7475164998586111398,9230464083849227555,3704.8267711724181618781250226369588,3702.9749133812046207889699728095494,158374.257459,7.475164998586111398
2022-01-01 14:44:00,-60664438795,16385282457194412383,194148.0,194148.0,194148.0,194148.0,0,16385282457194412383,9230464083849227555,3704.0859169481693585247264920912771,3704.8267711724181618781250226369588,0,16.385282457194412383
2022-01-01 14:45:00,-138235902681,37350422787713738581,194153.0,194148.0,194148.0,194153.0,368994343,37450000000000000000,9233345530693062808,3702.2344294729657329127300976627119,3704.0859169481693585247264920912771,368.994343,37.45
2022-01-01 14:46:00,0,0,194153.0,194153.0,194153.0,194153.0,0,0,9233345530693062808,3702.2344294729657329127300976627119,3702.2344294729657329127300976627119,0,0
2022-01-01 14:47:00,-17293103751,4673762918891868366,194154.0,194153.0,194153.0,194154.0,0,4673762918891868366,9233345530693062808,3701.8642430486608668260474929134200,3702.2344294729657329127300976627119,0,4.673762918891868366
2022-01-01 14:48:00,-18338863394,4956712083281458204,194154.0,194154.0,194154.0,194154.0,0,4956712083281458204,9233345530693062808,3701.8642430486608668260474929134200,3701.8642430486608668260474929134200,0,4.956712083281458204
2022-01-01 14:49:00,0,0,194154.0,194154.0,194154.0,194154.0,0,0,9233345530693062808,3701.8642430486608668260474929134200,3701.8642430486608668260474929134200,0,0
2022-01-01 14:50:00,-49684467559,13430571953013395689,194156.0,194155.0,194155.0,194156.0,0,13430571953013395689,9233345530693062808,3701.1239812411728198503492245650157,3701.8642430486608668260474929134200,0,13.430571953013395689
2022-01-01 14:51:00,-24508750293,6629041899704948593,194157.0,194156.0,194156.0,194157.0,11200000000,9653776295581099856,9233345530693062808,3700.7539058505877610742418003849795,3701.1239812411728198503492245650157,11200,9.653776295581099856
2022-01-01 14:52:00,-72904543793,19716510556839777664,194160.0,194159.0,194158.0,194160.0,11567957612,22841451187848706048,9012376610993350251,3699.6439016870649470764833781299606,3700.7539058505877610742418003849795,11567.957612,22.841451187848706048
2022-01-01 14:53:00,113266527787,-30533486142498400837,194156.0,194168.0,194156.0,194168.0,338736174463,61000000000000000000,9233345530693062808,3701.1239812411728198503492245650157,3699.6439016870649470764833781299606,338736.174463,61
2022-01-01 14:54:00,-73974962329,20000000000000000000,194158.0,194158.0,194158.0,194158.0,0,20000000000000000000,9233345530693062808,3700.3838674638413769365481455704224,3701.1239812411728198503492245650157,0,20
2022-01-01 14:55:00,3711422373,-998409301953787571,194158.0,194158.0,194158.0,194159.0,19024329403,4140682460222525382,9233345530693062808,3700.3838674638413769365481455704224,3700.3838674638413769365481455704224,19024.329403,4.140682460222525382
2022-01-01 14:56:00,0,0,194158.0,194158.0,194158.0,194158.0,0,0,9233345530693062808,3700.3838674638413769365481455704224,3700.3838674638413769365481455704224,0,0
2022-01-01 14:57:00,19199632574,-5185952173517163458,194157.0,194158.0,194157.0,194158.0,19724632574,141946907884102176,9233345530693062808,3700.7539058505877610742418003849795,3700.3838674638413769365481455704224,19724.632574,0.141946907884102176
2022-01-01 14:58:00,0,0,194157.0,194157.0,194157.0,194157.0,0,0,9233345530693062808,3700.7539058505877610742418003849795,3700.7539058505877610742418003849795,0,0
2022-01-01 14:59:00,35203507045,-9504048857296677559,194156.0,194156.0,194156.0,194156.0,50000000000,4000000000000000000,9233345530693062808,3701.1239812411728198503492245650157,3700.7539058505877610742418003849795,50000,4
2022-01-01 15:00:00,-149331703866,40386284678575697933,194162.0,194157.0,194157.0,194162.0,18352756246,45345661929597784418,9012376610993350251,3698.9040838812478586922663379397128,3701.1239812411728198503492245650157,18352.756246,45.345661929597784418
2022-01-01 15:01:00,-118681571051,32117194917744812441,194166.0,194160.0,194160.0,194166.0,31318428949,40579457183265549235,9012376610993350251,3697.4248920641386100891683044136270,3698.9040838812478586922663379397128,31318.428949,40.579457183265549235
2022-01-01 15:02:00,-160854316835,43543890767300899384,194172.0,194172.0,194172.0,194172.0,12135275729,46826476598762099770,8815131309435529508,3695.2072133811182446744683576478506,3697.4248920641386100891683044136270,12135.275729,46.82647659876209977
2022-01-01 15:03:00,311992291818,-84343453274461286173,194160.0,194166.0,194160.0,194166.0,311992291818,0,9012376610993350251,3699.6439016870649470764833781299606,3695.2072133811182446744683576478506,311992.291818,0
2022-01-01 15:04:00,196396286168,-53041157827033784082,194153.0,194161.0,194153.0,194161.0,208969394763,3400534586105048183,9233345530693062808,3702.2344294729657329127300976627119,3699.6439016870649470764833781299606,208969.394763,3.400534586105048183
2022-01-01 15:05:00,-20514847490,5614335441676956014,194154.0,194163.0,194154.0,194163.0,257827454497,75259700625589811194,9233345530693062808,3701.8642430486608668260474929134200,3702.2344294729657329127300976627119,257827.454497,75.259700625589811194
2022-01-01 15:06:00,290411100000,-78375020497919762864,194144.0,194144.0,194144.0,194144.0,290411100000,0,9388864107295227003,3705.5677735749203572346822664227364,3701.8642430486608668260474929134200,290411.1,0
2022-01-01 15:07:00,-5048098010,1363041613374214128,194144.0,194144.0,194144.0,194144.0,0,1363041613374214128,9388864107295227003,3705.5677735749203572346822664227364,3705.5677735749203572346822664227364,0,1.363041613374214128
2022-01-01 15:08:00,-9911511778,2676921217795943333,194144.0,194144.0,194144.0,194144.0,2351133643,3311148524562059920,9388864107295227003,3705.5677735749203572346822664227364,3705.5677735749203572346822664227364,2351.133643,3.31114852456205992
2022-01-01 15:09:00,9787515358,-2640163712764911686,194144.0,194144.0,194144.0,194144.0,9787515358,0,9388864107295227003,3705.5677735749203572346822664227364,3705.5677735749203572346822664227364,9787.515358,0
2022-01-01 15:10:00,0,0,194144.0,194144.0,194144.0,194144.0,0,0,9388864107295227003,3705.5677735749203572346822664227364,3705.5677735749203572346822664227364,0,0
2022-01-01 15:11:00,17328641524,-4665288182023032435,194143.0,194145.0,194143.0,194145.0,50143986785,8861092811807895892,9388864107295227003,3705.9383303522778492704057346493835,3705.5677735749203572346822664227364,50143.986785,8.861092811807895892
2022-01-01 15:12:00,-4055782373,1098971267297506998,194144.0,194144.0,194144.0,194144.0,14500000000,5010169785779042526,9388864107295227003,3705.5677735749203572346822664227364,3705.9383303522778492704057346493835,14500,5.010169785779042526
2022-01-01 15:13:00,2578667261,-694771501858582875,194143.0,194143.0,194143.0,194143.0,5438040546,772022602699984827,9388864107295227003,3705.9383303522778492704057346493835,3705.5677735749203572346822664227364,5438.040546,0.772022602699984827
2022-01-01 15:14:00,-7330532461,1979258070697046939,194144.0,194144.0,194144.0,194144.0,0,1979258070697046939,9388864107295227003,3705.5677735749203572346822664227364,3705.9383303522778492704057346493835,0,1.979258070697046939
2022-01-01 15:15:00,-12050249881,3253701318553717852,194144.0,194144.0,194144.0,194144.0,0,3253701318553717852,9388864107295227003,3705.5677735749203572346822664227364,3705.5677735749203572346822664227364,0,3.253701318553717852
2022-01-01 15:16:00,-48613110299,13127494530820303211,194146.0,194144.0,194144.0,194146.0,79200000,13148858959963462733,9388864107295227003,3704.8267711724181618781250226369588,3705.5677735749203572346822664227364,79.2,13.148858959963462733
2022-01-01 15:17:00,-6140377002,1658331599683580702,194146.0,194146.0,194146.0,194146.0,99000000,1685041660255745094,9388864107295227003,3704.8267711724181618781250226369588,3704.8267711724181618781250226369588,99,1.685041660255745094
2022-01-01 15:18:00,299454189397,-80744730607470889807,194137.0,194146.0,194137.0,194146.0,328357319400,7798821215459584088,16424557975272280674,3708.1624493153630945585464598126777,3704.8267711724181618781250226369588,328357.3194,7.798821215459584088
2022-01-01 15:19:00,42443690413,-11440688000258181872,194136.0,194136.0,194136.0,194136.0,42443690413,0,16424557975272280674,3708.5332655602946308680023144586641,3708.1624493153630945585464598126777,42443.690413,0
2022-01-01 15:20:00,-183981714230,49748612089432099079,194141.0,194153.0,194140.0,194153.0,368762698961,149243107467388878841,9388864107295227003,3706.6795550777316083630383085003676,3708.5332655602946308680023144586641,368762.698961,149.243107467388878841
2022-01-01 15:21:00,24810256914,-6688404587080341687,194140.0,194141.0,194140.0,194141.0,29950681713,1387514377771039977,9388864107295227003,3707.0502230332393815238746123312206,3706.6795550777316083630383085003676,29950.681713,1.387514377771039977
2022-01-01 15:22:00,0,0,194140.0,194140.0,194140.0,194140.0,0,0,9388864107295227003,3707.0502230332393815238746123312206,3707.0502230332393815238746123312206,0,0
2022-01-01 15:23:00,-406767239442,109873325106105085269,194154.0,194140.0,194140.0,194155.0,37215640745,119922513797792946065,9233345530693062808,3701.8642430486608668260474929134200,3707.0502230332393815238746123312206,37215.640745,119.922513797792946065
2022-01-01 15:24:00,361502898886,-97548040111073343463,194141.0,194141.0,194141.0,194141.0,361502898886,0,9388864107295227003,3706.6795550777316083630383085003676,3701.8642430486608668260474929134200,361502.898886,0
2022-01-01 15:25:00,-3194420152,862304092604913032,194141.0,194141.0,194141.0,194141.0,0,862304092604913032,9388864107295227003,3706.6795550777316083630383085003676,3706.6795550777316083630383085003676,0,0.862304092604913032
2022-01-01 15:26:00,-13142405858,3550420736561404224,194142.0,194141.0,194141.0,194142.0,9814663784,6197118849960203645,9388864107295227003,3706.3089241853130770553327752228488,3706.6795550777316083630383085003676,9814.663784,6.197118849960203645
2022-01-01 15:27:00,264154335335,-71158283667956929934,194136.0,194136.0,194132.0,194136.0,468283570692,55062933189580292096,16424557975272280674,3708.5332655602946308680023144586641,3706.3089241853130770553327752228488,468283.570692,55.062933189580292096
2022-01-01 15:28:00,0,0,194136.0,194136.0,194136.0,194136.0,0,0,16424557975272280674,3708.5332655602946308680023144586641,3708.5332655602946308680023144586641,0,0
2022-01-01 15:29:00,260802702194,-70219610485203749671,194130.0,194136.0,194130.0,194139.0,455117400000,52430849976755573886,16424557975272280674,3710.7589418737968700243376835738732,3708.5332655602946308680023144586641,455117.4,52.430849976755573886
2022-01-01 15:30:00,-16646367568,4488676613806929714,194131.0,194131.0,194131.0,194131.0,0,4488676613806929714,16424557975272280674,3710.3879030834885211722204615277225,3710.7589418737968700243376835738732,0,4.488676613806929714
2022-01-01 15:31:00,206120172985,-55477552796524261660,194127.0,194133.0,194127.0,194133.0,341438217493,36493920518559964766,16424557975272280674,3711.8722808828380242411248824790983,3710.3879030834885211722204615277225,341438.217493,36.493920518559964766
2022-01-01 15:32:00,736957212017,-198233346781278241236,194101.0,194112.0,194101.0,194113.0,761132788534,6507410703244363870,6827050576238374989,3721.5352220544658942074442416209789,3711.8722808828380242411248824790983,761132.788534,6.50741070324436387
2022-01-01 15:33:00,172695467833,-46308591236407540247,194093.0,194103.0,194093.0,194111.0,378726300000,55419129843034054833,6907087819147852632,3724.5134924704036674390289767495211,3721.5352220544658942074442416209789,378726.3,55.419129843034054833
2022-01-01 15:34:00,351860674070,-93927758114662866959,194076.0,194074.0,194054.0,194084.0,1920176436236,420475250160782208372,7001207928214525641,3730.8502332795089530327422304115436,3724.5134924704036674390289767495211,1920176.436236,420.475250160782208372
2022-01-01 15:35:00,-36350134106,9812000265437597484,194078.0,194070.0,194070.0,194082.0,232921013351,72216322488886856739,7001207928214525641,3730.1041751434385138955779758605945,3730.8502332795089530327422304115436,232921.013351,72.216322488886856739
2022-01-01 15:36:00,142016205520,-37848745170900112425,194071.0,194066.0,194065.0,194082.0,866797575497,194328356409760262375,7001207928214525641,3732.7160315184824032553741364185724,3730.1041751434385138955779758605945,866797.575497,194.328356409760262375
2022-01-01 15:37:00,-24725881214,6634980964428385423,194072.0,194070.0,194070.0,194072.0,24781250000,13270754044185775625,7001207928214525641,3732.3427972387585274026338730312736,3732.7160315184824032553741364185724,24781.25,13.270754044185775625
2022-01-01 15:38:00,648681507827,-173463759586862880586,194042.0,194062.0,194042.0,194062.0,663647533485,4000000000000000000,7086988504681906711,3743.5560764851883548389869414537188,3732.3427972387585274026338730312736,663647.533485,4
2022-01-01 15:39:00,-145356526505,38864102861276420625,194049.0,194043.0,194043.0,194049.0,0,38864102861276420625,7086988504681906711,3740.9366351129700258044187028313054,3743.5560764851883548389869414537188,0,38.864102861276420625
2022-01-01 15:40:00,-6513186705,1742046642916925694,194049.0,194049.0,194049.0,194049.0,0,1742046642916925694,7086988504681906711,3740.9366351129700258044187028313054,3740.9366351129700258044187028313054,0,1.742046642916925694
2022-01-01 15:41:00,-481640018801,128968104621132406198,194072.0,194057.0,194057.0,194072.0,0,128968104621132406198,7001207928214525641,3732.3427972387585274026338730312736,3740.9366351129700258044187028313054,0,128.968104621132406198
2022-01-01 15:42:00,533025865442,-142565702313091397948,194047.0,194049.0,194047.0,194049.0,541576235897,2286859078512237575,7086988504681906711,3741.6848598493589709392798446160565,3732.3427972387585274026338730312736,541576.235897,2.286859078512237575
2022-01-01 15:43:00,-448543065734,120067907260057724466,194068.0,194048.0,194048.0,194068.0,0,120067907260057724466,7002365783782132655,3733.8359583131516095623413287239782,3741.6848598493589709392798446160565,0,120.067907260057724466
2022-01-01 15:44:00,-15076102374,4040000000000000000,194069.0,194069.0,194069.0,194069.0,0,4040000000000000000,7002365783782132655,3733.4626120519464149208492437995986,3733.8359583131516095623413287239782,0,4.04
2022-01-01 15:45:00,0,0,194069.0,194069.0,194069.0,194069.0,0,0,7002365783782132655,3733.4626120519464149208492437995986,3733.4626120519464149208492437995986,0,0
2022-01-01 15:46:00,160115400000,-42849314541826522576,194061.0,194061.0,194061.0,194061.0,160115400000,0,7002365783782132655,3736.4504277202193892018190665819328,3733.4626120519464149208492437995986,160115.4,0
2022-01-01 15:47:00,1024715057606,-273183612681223817925,194015.0,194076.0,194015.0,194114.0,2133528406983,297695364929839555348,8926984403225948800,3753.6768287300013143228682373370920,3736.4504277202193892018190665819328,2133528.406983,297.695364929839555348
2022-01-01 15:48:00,-1647566805945,440787796160589291833,194090.0,194048.0,194048.0,194090.0,0,440787796160589291833,6907087819147852632,3725.6309582572740761438411122808522,3753.6768287300013143228682373370920,0,440.787796160589291833
2022-01-01 15:49:00,-114855052676,30951688728188066668,194096.0,194083.0,194083.0,194096.0,361816929037,128006927444499674661,6907087819147852632,3723.3963618562325456265084228817749,3725.6309582572740761438411122808522,361816.929037,128.006927444499674661
2022-01-01 15:50:00,9472178370,-2541816597215009538,194095.0,194096.0,194095.0,194096.0,12718044960,872210823946209808,6907087819147852632,3723.7687014924181688810710737240657,3723.3963618562325456265084228817749,12718.04496,0.872210823946209808
2022-01-01 15:51:00,125137271040,-33568692323083743681,194089.0,194096.0,194089.0,194096.0,170324606398,12138260227244680445,7001207928214525641,3726.0035213530998035514554963920800,3723.7687014924181688810710737240657,170324.606398,12.138260227244680445
2022-01-01 15:52:00,147361370611,-39516806710157053836,194082.0,194087.0,194082.0,194087.0,156897607506,2560221950815406054,7001207928214525641,3728.6125064092096226070703119002275,3726.0035213530998035514554963920800,156897.607506,2.560221950815406054
2022-01-01 15:53:00,-141131890265,37887409110121414758,194089.0,194082.0,194082.0,194089.0,4966475976,39218844086021513216,7001207928214525641,3726.0035213530998035514554963920800,3728.6125064092096226070703119002275,4966.475976,39.218844086021513216
2022-01-01 15:54:00,48829922466,-13097847003964499743,194087.0,194089.0,194087.0,194089.0,48829922466,0,7001207928214525641,3726.7487593174056370431638230059180,3726.0035213530998035514554963920800,48829.922466,0
2022-01-01 15:55:00,0,0,194087.0,194087.0,194087.0,194087.0,0,0,7001207928214525641,3726.7487593174056370431638230059180,3726.7487593174056370431638230059180,0,0
2022-01-01 15:56:00,0,0,194087.0,194087.0,194087.0,194087.0,0,0,7001207928214525641,3726.7487593174056370431638230059180,3726.7487593174056370431638230059180,0,0
2022-01-01 15:57:00,29075431444,-7796845754755884362,194085.0,194087.0,194085.0,194087.0,31901621391,758712145671827549,7065344779345032359,3727.4941463367567113446288262021548,3726.7487593174056370431638230059180,31901.621391,0.758712145671827549
2022-01-01 15:58:00,-3533796767,948998233262653574,194086.0,194085.0,194085.0,194086.0,1466203233,1342184609246902333,7065344779345032359,3727.1214341933373776068681393882150,3727.4941463367567113446288262021548,1466.203233,1.342184609246902333
2022-01-01 15:59:00,62437081527,-16739525813853064403,194083.0,194086.0,194083.0,194086.0,69547110300,1908647823644291418,7065344779345032359,3728.2396824409655260544648654136855,3727.1214341933373776068681393882150,69547.1103,1.908647823644291418
2022-01-01 16:00:00,-25461344032,6848154091912455112,194084.0,194085.0,194084.0,194086.0,55466056867,21721807868018589833,7065344779345032359,3727.8668957513903870157632890847727,3728.2396824409655260544648654136855,55466.056867,21.721807868018589833
2022-01-01 16:01:00,-2238982889,601331873582117136,194084.0,194084.0,194084.0,194084.0,1486875000,1000000000000000000,7065344779345032359,3727.8668957513903870157632890847727,3727.8668957513903870157632890847727,1486.875,1
2022-01-01 16:02:00,-397341591095,106745593391839772780,194103.0,194101.0,194101.0,194103.0,5000000000,108088527278034715166,6891187427368881707,3720.7910266412273823187066770984875,3727.8668957513903870157632890847727,5000,108.088527278034715166
2022-01-01 16:03:00,191932560243,-51535217288868527220,194094.0,194097.0,194094.0,194097.0,191932560243,0,6971224670278359350,3724.1410783625674106979591808314390,3720.7910266412273823187066770984875,191932.560243,0
2022-01-01 16:04:00,13178237999,-3536740606065090808,194093.0,194093.0,194093.0,194093.0,13178237999,0,6971224670278359350,3724.5134924704036674390289767495211,3724.1410783625674106979591808314390,13178.237999,0
2022-01-01 16:05:00,493437786184,-132271569819397107495,194070.0,194089.0,194070.0,194089.0,493437786184,0,7065344779345032359,3733.0893031216342514956996738322141,3724.5134924704036674390289767495211,493437.786184,0
2022-01-01 16:06:00,-224459296747,60191528150126194474,194080.0,194080.0,194080.0,194080.0,0,60191528150126194474,7065344779345032359,3729.3582661966165286236879520333061,3733.0893031216342514956996738322141,0,60.191528150126194474
2022-01-01 16:07:00,-53608616652,14385077899910106486,194083.0,194082.0,194082.0,194083.0,0,14385077899910106486,7065344779345032359,3728.2396824409655260544648654136855,3729.3582661966165286236879520333061,0,14.385077899910106486
2022-01-01 16:08:00,332654556298,-89116077766899242091,194068.0,194082.0,194068.0,194082.0,332654556298,0,7066502634912639373,3733.8359583131516095623413287239782,3728.2396824409655260544648654136855,332654.556298,0
2022-01-01 16:09:00,1000000000,-267686828512057183,194067.0,194067.0,194067.0,194067.0,1000000000,0,7066502634912639373,3734.2093419089829247232975628568515,3733.8359583131516095623413287239782,1000,0
2022-01-01 16:10:00,297575641606,-79601633300183079046,194054.0,194067.0,194054.0,194067.0,299362702848,478849803463252469,7100575665522383988,3739.0667278050022073517175170483591,3734.2093419089829247232975628568515,299362.702848,0.478849803463252469
2022-01-01 16:11:00,508133102984,-135647271369896915651,194030.0,194058.0,194030.0,194058.0,613691005184,28245360326497411624,7155836033518491914,3748.0508153477487335940588424885263,3739.0667278050022073517175170483591,613691.005184,28.245360326497411624
2022-01-01 16:12:00,-644957544150,172435276657796760216,194060.0,194037.0,194037.0,194060.0,0,172435276657796760216,7066502634912639373,3736.8240727629914111407392484885923,3748.0508153477487335940588424885263,0,172.435276657796760216
2022-01-01 16:13:00,0,0,194060.0,194060.0,194060.0,194060.0,0,0,7066502634912639373,3736.8240727629914111407392484885923,3736.8240727629914111407392484885923,0,0
2022-01-01 16:14:00,-647049682,173251218395851368,194060.0,194060.0,194060.0,194060.0,0,173251218395851368,7066502634912639373,3736.8240727629914111407392484885923,3736.8240727629914111407392484885923,0,0.173251218395851368
2022-01-01 16:15:00,195060317144,-52152927975014291944,194051.0,194059.0,194051.0,194059.0,195060317144,0,7100575665522383988,3740.1885599990846088917942550623498,3736.8240727629914111407392484885923,195060.317144,0
2022-01-01 16:16:00,-192257471939,51519991306329436083,194060.0,194071.0,194060.0,194071.0,244000000000,116823243967828443136,7066502634912639373,3736.8240727629914111407392484885923,3740.1885599990846088917942550623498,244000,116.823243967828443136
2022-01-01 16:17:00,-37310826740,9991035792746601519,194062.0,194061.0,194061.0,194062.0,344000000,10083056976414216692,7066502634912639373,3736.0768200382155676450545611258193,3736.8240727629914111407392484885923,344,10.083056976414216692
2022-01-01 16:18:00,999840027,-267487975742581965,194062.0,194062.0,194062.0,194062.0,999840027,0,7066502634912639373,3736.0768200382155676450545611258193,3736.0768200382155676450545611258193,999.840027,0
2022-01-01 16:19:00,-34443898868,9224738916712990542,194063.0,194062.0,194062.0,194063.0,0,9224738916712990542,7066502634912639373,3735.7032497132442432207324878770323,3736.0768200382155676450545611258193,0,9.224738916712990542
2022-01-01 16:20:00,-111597726367,29898127649560616311,194068.0,194064.0,194064.0,194068.0,0,29898127649560616311,7066502634912639373,3733.8359583131516095623413287239782,3735.7032497132442432207324878770323,0,29.898127649560616311
2022-01-01 16:21:00,0,0,194068.0,194068.0,194068.0,194068.0,0,0,7066502634912639373,3733.8359583131516095623413287239782,3733.8359583131516095623413287239782,0,0
2022-01-01 16:22:00,-10842689206,2911579855649991869,194069.0,194067.0,194067.0,194069.0,21996273112,8800000000000000000,7066502634912639373,3733.4626120519464149208492437995986,3733.8359583131516095623413287239782,21996.273112,8.8
2022-01-01 16:23:00,634825599596,-169019937453138536975,194040.0,194064.0,194040.0,194169.0,3206789962666,692805034200397929093,7151125355812413429,3744.3048251360461573618382872318793,3733.4626120519464149208492437995986,3206789.962666,692.805034200397929093
2022-01-01 16:24:00,-233575423877,62449274848435873390,194050.0,194045.0,194045.0,194051.0,6130367694,64087521420706051009,7100575665522383988,3740.5625788550845173526834344878524,3744.3048251360461573618382872318793,6130.367694,64.087521420706051009
2022-01-01 16:25:00,-206384811993,55300707024070639475,194060.0,194039.0,194039.0,194060.0,250000000000,122070232030392528677,7066502634912639373,3736.8240727629914111407392484885923,3740.5625788550845173526834344878524,250000,122.070232030392528677
2022-01-01 16:26:00,0,0,194060.0,194060.0,194060.0,194060.0,0,0,7066502634912639373,3736.8240727629914111407392484885923,3736.8240727629914111407392484885923,0,0
2022-01-01 16:27:00,393006000000,-105026685008824852870,194042.0,194051.0,194042.0,194051.0,399281000000,1678632717852795409,7151125355812413429,3743.5560764851883548389869414537188,3736.8240727629914111407392484885923,399281,1.678632717852795409
2022-01-01 16:28:00,-72781540553,19459790874542957555,194045.0,194041.0,194041.0,194045.0,15735674308,23661114712275917607,7151125355812413429,3742.4332342381774412270574099777758,3743.5560764851883548389869414537188,15735.674308,23.661114712275917607
2022-01-01 16:29:00,116094111093,-30999512610780018591,194040.0,194040.0,194040.0,194040.0,116379644176,76299398999947532,7151125355812413429,3744.3048251360461573618382872318793,3742.4332342381774412270574099777758,116379.644176,0.076299398999947532
2022-01-01 16:30:00,-9520908845,2544209219606255562,194040.0,194040.0,194040.0,194040.0,0,2544209219606255562,7151125355812413429,3744.3048251360461573618382872318793,3744.3048251360461573618382872318793,0,2.544209219606255562
2022-01-01 16:31:00,26085884740,-6957337158033236910,194039.0,194040.0,194039.0,194040.0,49251000000,6189676943996856612,7155836033518491914,3744.6792556185597619775744710606057,3744.3048251360461573618382872318793,49251,6.189676943996856612
2022-01-01 16:32:00,-8329274507,2226350170066350728,194040.0,194039.0,194039.0,194040.0,2800000000,2973750000000000000,8703349679642323113,3744.3048251360461573618382872318793,3744.6792556185597619775744710606057,2800,2.97375
2022-01-01 16:33:00,-13257170875,3542500000000000000,194040.0,194040.0,194040.0,194040.0,0,3542500000000000000,8703349679642323113,3744.3048251360461573618382872318793,3744.3048251360461573618382872318793,0,3.5425
2022-01-01 16:34:00,-367012673118,98170450102100241471,194054.0,194040.0,194040.0,194058.0,110095668476,127607538878149028351,8652799989352293672,3739.0667278050022073517175170483591,3744.3048251360461573618382872318793,110095.668476,127.607538878149028351
2022-01-01 16:35:00,530979954750,-141417550975611244409,194033.0,194040.0,193980.0,194040.0,1960738390225,380740366145112615007,7155836033518491914,3746.9266249487184429746644354749744,3739.0667278050022073517175170483591,1960738.390225,380.740366145112615007
2022-01-01 16:36:00,-399392756146,106738308998820585777,194049.0,194033.0,194033.0,194049.0,0,106738308998820585777,8703349679642323113,3740.9366351129700258044187028313054,3746.9266249487184429746644354749744,0,106.738308998820585777
2022-01-01 16:37:00,227999545800,-60893265538958498726,194040.0,194047.0,194040.0,194047.0,227999545800,0,8703349679642323113,3744.3048251360461573618382872318793,3740.9366351129700258044187028313054,227999.5458,0
2022-01-01 16:38:00,-141751534737,38044724404253527796,194046.0,194050.0,194040.0,194057.0,577919554584,192446392410988417463,8703349679642323113,3742.0590283353439068363737726005183,3744.3048251360461573618382872318793,577919.554584,192.446392410988417463
2022-01-01 16:39:00,383018331108,-102212213765018661691,194030.0,194044.0,194029.0,194045.0,439345791981,15050809787811821900,7155836033518491914,3748.0508153477487335940588424885263,3742.0590283353439068363737726005183,439345.791981,15.0508097878118219
2022-01-01 16:40:00,-510202394219,136399817221442678372,194051.0,194047.0,194039.0,194051.0,211829641139,192963528601412284784,8652799989352293672,3740.1885599990846088917942550623498,3748.0508153477487335940588424885263,211829.641139,192.963528601412284784
2022-01-01 16:41:00,0,0,194051.0,194051.0,194051.0,194051.0,0,0,8652799989352293672,3740.1885599990846088917942550623498,3740.1885599990846088917942550623498,0,0
2022-01-01 16:42:00,41078731740,-10976198356970850771,194049.0,194051.0,194049.0,194051.0,43046196437,526298792105504351,8703349679642323113,3740.9366351129700258044187028313054,3740.1885599990846088917942550623498,43046.196437,0.526298792105504351
2022-01-01 16:43:00,-57152796348,15288153768201812381,194051.0,194051.0,194051.0,194051.0,1870908903,15788153768201812381,8652799989352293672,3740.1885599990846088917942550623498,3740.9366351129700258044187028313054,1870.908903,15.788153768201812381
2022-01-01 16:44:00,-7025926898,1882249436880071281,194051.0,194051.0,194051.0,194052.0,10000000000,4554859333584703162,8652799989352293672,3740.1885599990846088917942550623498,3740.1885599990846088917942550623498,10000,4.554859333584703162
2022-01-01 16:45:00,66806355503,-17852143581303898396,194049.0,194050.0,194049.0,194050.0,66806355503,0,8703349679642323113,3740.9366351129700258044187028313054,3740.1885599990846088917942550623498,66806.355503,0
2022-01-01 16:46:00,60732465199,-16225172490797297528,194047.0,194049.0,194047.0,194049.0,60732465199,0,8703349679642323113,3741.6848598493589709392798446160565,3740.9366351129700258044187028313054,60732.465199,0
2022-01-01 16:47:00,-468161269885,125372447382172886676,194064.0,194055.0,194055.0,194075.0,290435310162,203135511449716964952,8618726958742549057,3735.3297167415700862121112767493561,3741.6848598493589709392798446160565,290435.310162,203.135511449716964952
2022-01-01 16:48:00,6998467255,-1872772378807910798,194064.0,194064.0,194064.0,194064.0,6998467255,0,8618726958742549057,3735.3297167415700862121112767493561,3735.3297167415700862121112767493561,6998.467255,0
2022-01-01 16:49:00,-563924257282,151215638917391577308,194085.0,194083.0,194083.0,194085.0,0,151215638917391577308,8617569103174942043,3727.4941463367567113446288262021548,3735.3297167415700862121112767493561,0,151.215638917391577308
2022-01-01 16:50:00,437695646738,-117278400562316259876,194069.0,194070.0,194069.0,194070.0,437695646738,0,8618726958742549057,3733.4626120519464149208492437995986,3727.4941463367567113446288262021548,437695.646738,0
2022-01-01 16:51:00,-53282144006,14280547891773695830,194071.0,194070.0,194070.0,194071.0,0,14280547891773695830,8617569103174942043,3732.7160315184824032553741364185724,3733.4626120519464149208492437995986,0,14.28054789177369583
2022-01-01 16:52:00,0,0,194071.0,194071.0,194071.0,194071.0,0,0,8617569103174942043,3732.7160315184824032553741364185724,3732.7160315184824032553741364185724,0,0
2022-01-01 16:53:00,4956250000,-1327155594647636367,194071.0,194071.0,194071.0,194071.0,4956250000,0,8617569103174942043,3732.7160315184824032553741364185724,3732.7160315184824032553741364185724,4956.25,0
2022-01-01 16:54:00,-18415091261,4944782066839387007,194071.0,194070.0,194070.0,194072.0,32224309942,13574066142668866951,8617569103174942043,3732.7160315184824032553741364185724,3732.7160315184824032553741364185724,32224.309942,13.574066142668866951
2022-01-01 16:55:00,-25124994034,6735286211750041250,194072.0,194072.0,194072.0,194072.0,0,6735286211750041250,8617569103174942043,3732.3427972387585274026338730312736,3732.7160315184824032553741364185724,0,6.73528621175004125
2022-01-01 16:56:00,10565057468,-2829433973480904523,194072.0,194072.0,194072.0,194072.0,10565057468,0,8617569103174942043,3732.3427972387585274026338730312736,3732.3427972387585274026338730312736,10565.057468,0
2022-01-01 16:57:00,-745937366282,200250000000000000000,194100.0,194100.0,194100.0,194100.0,0,200250000000000000000,8443411751198791391,3721.9073755766713407968649860451392,3732.3427972387585274026338730312736,0,200.25
2022-01-01 16:58:00,415585098841,-111524243210438660778,194084.0,194085.0,194084.0,194085.0,415585098841,0,8617569103174942043,3727.8668957513903870157632890847727,3721.9073755766713407968649860451392,415585.098841,0
2022-01-01 16:59:00,3655822210,-980271981245413561,194084.0,194084.0,194084.0,194084.0,3655822210,0,8617569103174942043,3727.8668957513903870157632890847727,3727.8668957513903870157632890847727,3655.82221,0
2022-01-01 17:00:00,66105821264,-17723262734558476063,194082.0,194082.0,194082.0,194082.0,66105821264,0,8617569103174942043,3728.6125064092096226070703119002275,3727.8668957513903870157632890847727,66105.821264,0
2022-01-01 17:01:00,-156589148909,42047587683783839592,194088.0,194080.0,194080.0,194088.0,60000000000,58130000000000000000,8617569103174942043,3726.3761217052351135318106419417202,3728.6125064092096226070703119002275,60000,58.13
2022-01-01 17:02:00,220524091618,-59125342043547227290,194079.0,194080.0,194079.0,194081.0,224810300642,1150000000000000000,8617569103174942043,3729.7312020232361902765503208285125,3726.3761217052351135318106419417202,224810.300642,1.15
2022-01-01 17:03:00,173472419936,-46426300366713506442,194073.0,194079.0,194066.0,194079.0,360037907413,50000000000000000000,8617569103174942043,3731.9696002787306543372001530159684,3729.7312020232361902765503208285125,360037.907413,50
2022-01-01 17:04:00,24649353578,-6576532644283416422,194072.0,194070.0,194070.0,194073.0,117854301728,24984462013035948496,8617569103174942043,3732.3427972387585274026338730312736,3731.9696002787306543372001530159684,117854.301728,24.984462013035948496
2022-01-01 17:05:00,4376718275,-1166593969397870953,194072.0,194073.0,194072.0,194073.0,24900000000,5501938609935426917,8617569103174942043,3732.3427972387585274026338730312736,3732.3427972387585274026338730312736,24900,5.501938609935426917
2022-01-01 17:06:00,-160828581706,43132337330585879225,194078.0,194071.0,194071.0,194078.0,23066770231,49309345427418286594,8617569103174942043,3730.1041751434385138955779758605945,3732.3427972387585274026338730312736,23066.770231,49.309345427418286594
2022-01-01 17:07:00,471712365099,-126039387983039908727,194060.0,194043.0,194022.0,194060.0,1403605447936,249062497607889042967,8618726958742549057,3736.8240727629914111407392484885923,3730.1041751434385138955779758605945,1403605.447936,249.062497607889042967
2022-01-01 17:08:00,-271410667378,72711229463055964476,194070.0,194060.0,194060.0,194071.0,10940511732,75640726879114512536,8617569103174942043,3733.0893031216342514956996738322141,3736.8240727629914111407392484885923,10940.511732,75.640726879114512536
2022-01-01 17:09:00,23922827674,-6394019966089300097,194069.0,194071.0,194069.0,194072.0,66006522585,11280528427924478643,8618726958742549057,3733.4626120519464149208492437995986,3733.0893031216342514956996738322141,66006.522585,11.280528427924478643
2022-01-01 17:10:00,46559971863,-12464687211082676420,194068.0,194068.0,194068.0,194068.0,46559971863,0,8618726958742549057,3733.8359583131516095623413287239782,3733.4626120519464149208492437995986,46559.971863,0
2022-01-01 17:11:00,-194135718263,52039160430607849882,194075.0,194069.0,194069.0,194075.0,0,52039160430607849882,8617569103174942043,3731.2233183028369039280455046345875,3733.8359583131516095623413287239782,0,52.039160430607849882
2022-01-01 17:12:00,-294616934012,79047078849773308349,194086.0,194075.0,194075.0,194086.0,0,79047078849773308349,8617569103174942043,3727.1214341933373776068681393882150,3731.2233183028369039280455046345875,0,79.047078849773308349
2022-01-01 17:13:00,13066171467,-3493726323459643309,194086.0,194086.0,194085.0,194087.0,51657528731,10359781170153984979,8617569103174942043,3727.1214341933373776068681393882150,3727.1214341933373776068681393882150,51657.528731,10.359781170153984979
2022-01-01 17:14:00,74290974220,-19915296725856087261,194083.0,194084.0,194083.0,194084.0,91949658276,4739447396029678126,8617569103174942043,3728.2396824409655260544648654136855,3727.1214341933373776068681393882150,91949.658276,4.739447396029678126
2022-01-01 17:15:00,-3000000000,805101980277424477,194083.0,194083.0,194083.0,194083.0,0,805101980277424477,8617569103174942043,3728.2396824409655260544648654136855,3728.2396824409655260544648654136855,0,0.805101980277424477
2022-01-01 17:16:00,335268368339,-89828426990545746784,194070.0,194072.0,194070.0,194072.0,335268368339,0,8617569103174942043,3733.0893031216342514956996738322141,3728.2396824409655260544648654136855,335268.368339,0
2022-01-01 17:17:00,0,0,194070.0,194070.0,194070.0,194070.0,0,0,8617569103174942043,3733.0893031216342514956996738322141,3733.0893031216342514956996738322141,0,0
2022-01-01 17:18:00,-142743017019,38287133429635263175,194076.0,194078.0,194076.0,194078.0,66108003772,56000000000000000000,8617569103174942043,3730.8502332795089530327422304115436,3733.0893031216342514956996738322141,66108.003772,56
2022-01-01 17:19:00,9272641895,-2405183555751004402,194075.0,194087.0,194075.0,194087.0,303694067092,79000000000000000000,8617569103174942043,3731.2233183028369039280455046345875,3730.8502332795089530327422304115436,303694.067092,79
2022-01-01 17:20:00,-73735599157,19951386090784791496,194078.0,194072.0,194072.0,194100.0,653838881846,195320010928181494975,8617569103174942043,3730.1041751434385138955779758605945,3731.2233183028369039280455046345875,653838.881846,195.320010928181494975
2022-01-01 17:21:00,-2532757356,679387476648558317,194078.0,194078.0,194078.0,194078.0,0,679387476648558317,8617569103174942043,3730.1041751434385138955779758605945,3730.1041751434385138955779758605945,0,0.679387476648558317
2022-01-01 17:22:00,125961801498,-33743921956558639141,194073.0,194075.0,194073.0,194076.0,134966189245,2414699192740072248,8617569103174942043,3731.9696002787306543372001530159684,3730.1041751434385138955779758605945,134966.189245,2.414699192740072248
2022-01-01 17:23:00,24080273747,-6445472436638744265,194072.0,194074.0,194072.0,194074.0,39073510215,4020000000000000000,8617569103174942043,3732.3427972387585274026338730312736,3731.9696002787306543372001530159684,39073.510215,4.02
2022-01-01 17:24:00,79123990957,-21187862182217770188,194069.0,194070.0,194069.0,194070.0,79123990957,0,8618726958742549057,3733.4626120519464149208492437995986,3732.3427972387585274026338730312736,79123.990957,0
2022-01-01 17:25:00,-7462351790,2000000000000000000,194070.0,194070.0,194070.0,194070.0,0,2000000000000000000,8617569103174942043,3733.0893031216342514956996738322141,3733.4626120519464149208492437995986,0,2
2022-01-01 17:26:00,95600429101,-25580778024994301245,194066.0,194071.0,194066.0,194071.0,138112890658,11394932367033182408,8618726958742549057,3734.5827628431738230157698926131382,3733.0893031216342514956996738322141,138112.890658,11.394932367033182408
2022-01-01 17:27:00,2598544168,-695498867915533936,194066.0,194066.0,194066.0,194066.0,2598544168,0,8618726958742549057,3734.5827628431738230157698926131382,3734.5827628431738230157698926131382,2598.544168,0
2022-01-01 17:28:00,83293603884,-22279570135906029996,194063.0,194061.0,194061.0,194063.0,121695644820,10284518883379587434,8618726958742549057,3735.7032497132442432207324878770323,3734.5827628431738230157698926131382,121695.64482,10.284518883379587434
2022-01-01 17:29:00,5281131328,-1376534289147979729,194063.0,194063.0,194063.0,194068.0,141540690567,36503865168688952457,8618726958742549057,3735.7032497132442432207324878770323,3735.7032497132442432207324878770323,141540.690567,36.503865168688952457
2022-01-01 17:30:00,2495507384,-665298837838010091,194063.0,194062.0,194062.0,194063.0,11427479487,2392156426082227669,8618726958742549057,3735.7032497132442432207324878770323,3735.7032497132442432207324878770323,11427.479487,2.392156426082227669
2022-01-01 17:31:00,-14122682669,3784431725079579862,194063.0,194062.0,194062.0,194063.0,7261703841,5727315324645321659,8618726958742549057,3735.7032497132442432207324878770323,3735.7032497132442432207324878770323,7261.703841,5.727315324645321659
2022-01-01 17:32:00,368560642717,-98254570105649202827,194049.0,194063.0,194006.0,194063.0,1463456576128,292217396561095919571,8703349679642323113,3740.9366351129700258044187028313054,3735.7032497132442432207324878770323,1463456.576128,292.217396561095919571
2022-01-01 17:33:00,-13268168519,3562280611400196661,194050.0,194049.0,194048.0,194050.0,50175435642,16969207382581025287,8652799989352293672,3740.5625788550845173526834344878524,3740.9366351129700258044187028313054,50175.435642,16.969207382581025287
2022-01-01 17:34:00,-15755670162,4217105855628272865,194050.0,194049.0,194049.0,194050.0,10000000000,6889168352603273830,8652799989352293672,3740.5625788550845173526834344878524,3740.5625788550845173526834344878524,10000,6.88916835260327383
2022-01-01 17:35:00,10000000000,-2672221601030660463,194050.0,194050.0,194050.0,194050.0,10000000000,0,8652799989352293672,3740.5625788550845173526834344878524,3740.5625788550845173526834344878524,10000,0
2022-01-01 17:36:00,8702916561,-2325183161534771301,194050.0,194050.0,194050.0,194050.0,10000000000,346937500000000000,8652799989352293672,3740.5625788550845173526834344878524,3740.5625788550845173526834344878524,10000,0.3469375
2022-01-01 17:37:00,-7226491339,1932937500000000000,194050.0,194050.0,194050.0,194050.0,0,1932937500000000000,8652799989352293672,3740.5625788550845173526834344878524,3740.5625788550845173526834344878524,0,1.9329375
2022-01-01 17:38:00,869779547742,-231942113161662795342,194014.0,194042.0,194005.0,194042.0,1104493754842,62532768609999998976,8991121254356455518,3754.0521964128743144543005241608252,3740.5625788550845173526834344878524,1104493.754842,62.532768609999998976
2022-01-01 17:39:00,199319614571,-53015557328171387022,194007.0,194015.0,194003.0,194015.0,331569457712,35227552255980845089,8991121254356455518,3756.6808214327295400235398559843308,3754.0521964128743144543005241608252,331569.457712,35.227552255980845089
2022-01-01 17:40:00,-41546182284,11065805252328034042,194008.0,194008.0,194008.0,194008.0,0,11065805252328034042,8991121254356455518,3756.3051909136381762059192640579251,3756.6808214327295400235398559843308,0,11.065805252328034042
2022-01-01 17:41:00,337772585764,-89826163550725717258,193996.0,194008.0,193996.0,194008.0,342277567679,1200000000000000000,8993952915507866923,3760.8152371307336538799215224869178,3756.3051909136381762059192640579251,342277.567679,1.2
2022-01-01 17:42:00,208530756176,-55400963896715149314,193988.0,193995.0,193988.0,193995.0,211894852483,894314584150349922,8995728851462700446,3763.8249425593366185005913844643258,3760.8152371307336538799215224869178,211894.852483,0.894314584150349922
2022-01-01 17:43:00,-17516007299,4656648341516117131,193989.0,193989.0,193989.0,193989.0,0,4656648341516117131,8995728851462700446,3763.4485976995666618344079436699585,3763.8249425593366185005913844643258,0,4.656648341516117131
2022-01-01 17:44:00,-301583974418,80222800495878925527,194000.0,194000.0,194000.0,194000.0,0,80222800495878925527,8991121254356455518,3759.3112870422019294967095569233935,3763.4485976995666618344079436699585,0,80.222800495878925527
2022-01-01 17:45:00,325189946966,-86411912857560996581,193988.0,194000.0,193988.0,194000.0,325336079656,38893274710497996,8995728851462700446,3763.8249425593366185005913844643258,3759.3112870422019294967095569233935,325336.079656,0.038893274710497996
2022-01-01 17:46:00,-41525904527,11039947101395692330,193990.0,193989.0,193989.0,193990.0,0,11039947101395692330,8993952915507866923,3763.0722904705196098734206016098014,3763.8249425593366185005913844643258,0,11.03994710139569233
2022-01-01 17:47:00,-52692894957,14011160623567347908,193992.0,193991.0,193991.0,193992.0,0,14011160623567347908,8993952915507866923,3762.3197888895438122155393715800911,3763.0722904705196098734206016098014,0,14.011160623567347908
2022-01-01 17:48:00,-49959323922,13286769983652247474,193993.0,193993.0,193993.0,193993.0,0,13286769983652247474,8993952915507866923,3761.9435945300908031352258489951911,3762.3197888895438122155393715800911,0,13.286769983652247474
2022-01-01 17:49:00,-441703658637,117576663347339316136,194009.0,194009.0,194009.0,194009.0,0,117576663347339316136,8991121254356455518,3755.9295979538427919267265913987867,3761.9435945300908031352258489951911,0,117.576663347339316136
2022-01-01 17:50:00,-118343295,166406548676223795,194009.0,193991.0,193991.0,194010.0,506652778680,134884586775139967732,8991121254356455518,3755.9295979538427919267265913987867,3755.9295979538427919267265913987867,506652.77868,134.884586775139967732
2022-01-01 17:51:00,1556646679,-412703263772271400,194009.0,194010.0,194009.0,194010.0,7473734283,1576345366828188770,8991121254356455518,3755.9295979538427919267265913987867,3755.9295979538427919267265913987867,7473.734283,1.57634536682818877
2022-01-01 17:52:00,425414923134,-113128114858286577734,193994.0,194009.0,193994.0,194009.0,434258704306,2355568092312544539,8993952915507866923,3761.5674377863121719180340455906335,3755.9295979538427919267265913987867,434258.704306,2.355568092312544539
2022-01-01 17:53:00,-26009467612,6919132622687822829,193995.0,193994.0,193994.0,193995.0,2000000000,7450634070523117568,8993952915507866923,3761.1913186544467272453095146391682,3761.5674377863121719180340455906335,2000,7.450634070523117568
2022-01-01 17:54:00,0,0,193995.0,193995.0,193995.0,193995.0,0,0,8993952915507866923,3761.1913186544467272453095146391682,3761.1913186544467272453095146391682,0,0
2022-01-01 17:55:00,-311576142906,82931248063318023419,194006.0,193995.0,193995.0,194006.0,931011474,83178663722354086433,8991121254356455518,3757.0564895148728129775422099699325,3761.1913186544467272453095146391682,931.011474,83.178663722354086433
2022-01-01 17:56:00,-156219983270,41620436724491087870,194012.0,194006.0,194006.0,194012.0,17541591196,46287233970000003072,8991121254356455518,3754.8030443926788534459345288086622,3757.0564895148728129775422099699325,17541.591196,46.287233970000003072
2022-01-01 17:57:00,-5519149795,1471621852613994883,194012.0,194012.0,194012.0,194012.0,3500000000,2403350698558885911,8991121254356455518,3754.8030443926788534459345288086622,3754.8030443926788534459345288086622,3500,2.403350698558885911
2022-01-01 17:58:00,353188358110,-93959108519562439193,193999.0,194012.0,193999.0,194012.0,359726505350,1741292230248984171,8993952915507866923,3759.6872181709061496896592278790905,3754.8030443926788534459345288086622,359726.50535,1.741292230248984171
2022-01-01 17:59:00,166784100999,-44328777712226339116,193993.0,193996.0,193993.0,193996.0,166784100999,0,8995692469166598184,3761.9435945300908031352258489951911,3759.6872181709061496896592278790905,166784.100999,0
2022-01-01 18:00:00,-32065550326,8529001439349601836,193994.0,193993.0,193993.0,193994.0,0,8529001439349601836,8995692469166598184,3761.5674377863121719180340455906335,3761.9435945300908031352258489951911,0,8.529001439349601836
2022-01-01 18:01:00,-42566224723,11372919985316780097,193996.0,193994.0,193992.0,193999.0,185543835146,60685341296099035262,8995692469166598184,3760.8152371307336538799215224869178,3761.5674377863121719180340455906335,185543.835146,60.685341296099035262
2022-01-01 18:02:00,-301755297955,80323839049286956584,194007.0,194007.0,194007.0,194007.0,0,80323839049286956584,8992860808015186779,3756.6808214327295400235398559843308,3760.8152371307336538799215224869178,0,80.323839049286956584
2022-01-01 18:03:00,30000000000,-7981609393848193365,194006.0,194006.0,194006.0,194006.0,30000000000,0,8992860808015186779,3757.0564895148728129775422099699325,3756.6808214327295400235398559843308,30000,0
2022-01-01 18:04:00,0,0,194006.0,194006.0,194006.0,194006.0,0,0,8992860808015186779,3757.0564895148728129775422099699325,3757.0564895148728129775422099699325,0,0
2022-01-01 18:05:00,-91143859425,24286963907996677176,194009.0,194010.0,194009.0,194010.0,40726699917,35125656291625313648,8992860808015186779,3755.9295979538427919267265913987867,3757.0564895148728129775422099699325,40726.699917,35.125656291625313648
2022-01-01 18:06:00,154955411753,-41220766171730140460,194003.0,194009.0,194003.0,194009.0,175603816503,5500000000000000000,8992860808015186779,3758.1837191771790167571347347721645,3755.9295979538427919267265913987867,175603.816503,5.5
2022-01-01 18:07:00,22312604789,-5908749139751817113,194003.0,194003.0,193999.0,194003.0,118752917425,25670078562912931433,8992860808015186779,3758.1837191771790167571347347721645,3758.1837191771790167571347347721645,118752.917425,25.670078562912931433
2022-01-01 18:08:00,-58488571571,15572618605951302871,194005.0,194003.0,194003.0,194005.0,0,15572618605951302871,8992860808015186779,3757.4321951638243002588399641909240,3758.1837191771790167571347347721645,0,15.572618605951302871
2022-01-01 18:09:00,53352978872,-14090775004044784931,194003.0,194005.0,194003.0,194018.0,430481286394,100488329443196208424,8992860808015186779,3758.1837191771790167571347347721645,3757.4321951638243002588399641909240,430481.286394,100.488329443196208424
2022-01-01 18:10:00,-162751016222,43367562401854513194,194009.0,194001.0,194001.0,194010.0,97509679234,69307333333333344256,8992860808015186779,3755.9295979538427919267265913987867,3758.1837191771790167571347347721645,97509.679234,69.307333333333344256
2022-01-01 18:11:00,19330000000,-5143890909600507879,194008.0,194008.0,194008.0,194008.0,19330000000,0,8992860808015186779,3756.3051909136381762059192640579251,3755.9295979538427919267265913987867,19330,0
2022-01-01 18:12:00,-405884797868,108197582925647257271,194024.0,194008.0,194008.0,194024.0,10988201623,111124946669878466080,7166538114259945238,3750.3002081195463236045901101695065,3756.3051909136381762059192640579251,10988.201623,111.12494666987846608
2022-01-01 18:13:00,216254397772,-57608504687923521120,194015.0,194023.0,194015.0,194023.0,216254397772,0,8992860808015186779,3753.6768287300013143228682373370920,3750.3002081195463236045901101695065,216254.397772,0
2022-01-01 18:14:00,-173701461072,46330630338045024793,194022.0,194014.0,194014.0,194023.0,58831701972,62000000000000000000,7166538114259945238,3751.0503056641723140647742642374412,3753.6768287300013143228682373370920,58831.701972,62
2022-01-01 18:15:00,15722565869,-4174701448743703244,194021.0,194019.0,194019.0,194021.0,70587885404,14631392821388628276,7166538114259945238,3751.4254106947387312961807416638621,3751.0503056641723140647742642374412,70587.885404,14.631392821388628276
2022-01-01 18:16:00,315361026533,-83974787636540031353,194009.0,194009.0,194009.0,194009.0,318432247059,818161447865896655,8992860808015186779,3755.9295979538427919267265913987867,3751.4254106947387312961807416638621,318432.247059,0.818161447865896655
2022-01-01 18:17:00,75089894210,-19981053371615628737,194006.0,194008.0,194006.0,194008.0,75089894210,0,8992860808015186779,3757.0564895148728129775422099699325,3755.9295979538427919267265913987867,75089.89421,0
2022-01-01 18:18:00,-501229617875,133614056034665151232,194026.0,194017.0,194017.0,194026.0,0,133614056034665151232,7166538114259945238,3749.5502605719293320188930113782987,3757.0564895148728129775422099699325,0,133.614056034665151232
2022-01-01 18:19:00,11842748833,-3156278511854502934,194025.0,194026.0,194025.0,194026.0,14316111068,660000000000000000,7166538114259945238,3749.9252155979865249520949006794390,3749.5502605719293320188930113782987,14316.111068,0.66
2022-01-01 18:20:00,-86158045299,22995186543278427608,194029.0,194026.0,194026.0,194029.0,3880098233,24029552146471663821,7166538114259945238,3748.4256204292835084674182483727765,3749.9252155979865249520949006794390,3880.098233,24.029552146471663821
2022-01-01 18:21:00,90980630570,-24256677650453515950,194025.0,194025.0,194025.0,194025.0,90990000000,2500000000000000,7166538114259945238,3749.9252155979865249520949006794390,3748.4256204292835084674182483727765,90990,0.0025
2022-01-01 18:22:00,182245631269,-48559341424911293636,194017.0,194025.0,194017.0,194025.0,182245631269,0,8992860808015186779,3752.9262059595473452583431161304305,3749.9252155979865249520949006794390,182245.631269,0
2022-01-01 18:23:00,-17817020388,4753679621334763321,194018.0,194018.0,194017.0,194018.0,11980907543,7944797110801979703,8992860808015186779,3752.5509508644608991684262735030845,3752.9262059595473452583431161304305,11980.907543,7.944797110801979703
2022-01-01 18:24:00,0,0,194018.0,194018.0,194018.0,194018.0,0,0,8992860808015186779,3752.5509508644608991684262735030845,3752.5509508644608991684262735030845,0,0
2022-01-01 18:25:00,5055375000,-1346579538945186621,194018.0,194018.0,194018.0,194018.0,5055375000,0,8992860808015186779,3752.5509508644608991684262735030845,3752.5509508644608991684262735030845,5055.375,0
2022-01-01 18:26:00,-512642521131,136842606655008490686,194041.0,194018.0,194018.0,194041.0,8375116889,139073399660294993354,8705089233301054374,3743.9304320928368736744708401478638,3752.5509508644608991684262735030845,8375.116889,139.073399660294993354
2022-01-01 18:27:00,3939700713,-1051772649447668441,194041.0,194041.0,194041.0,194041.0,3939700713,0,8705089233301054374,3743.9304320928368736744708401478638,3743.9304320928368736744708401478638,3939.700713,0
2022-01-01 18:28:00,320048431411,-85381372490119617740,194026.0,194026.0,194026.0,194026.0,320048431411,0,7166538114259945238,3749.5502605719293320188930113782987,3743.9304320928368736744708401478638,320048.431411,0
2022-01-01 18:29:00,-27685604396,7388337060848868042,194027.0,194027.0,194027.0,194027.0,0,7388337060848868042,7166538114259945238,3749.1753430376255694619468166966299,3749.5502605719293320188930113782987,0,7.388337060848868042
2022-01-01 18:30:00,-82060711591,21907745143909224440,194031.0,194030.0,194030.0,194031.0,11540000000,24985336246110600324,7157575587177223175,3747.6760477429744361504437981087153,3749.1753430376255694619468166966299,11540,24.985336246110600324
2022-01-01 18:31:00,-93853631902,25062637108447143863,194035.0,194033.0,194033.0,194035.0,0,25062637108447143863,7157575587177223175,3746.1773520165416144863510204073844,3747.6760477429744361504437981087153,0,25.062637108447143863
2022-01-01 18:32:00,-3289940950,879111512188925627,194036.0,194036.0,194036.0,194036.0,1393624426,1250978794404652080,7157575587177223175,3745.8027717393676777185791624911351,3746.1773520165416144863510204073844,1393.624426,1.25097879440465208
2022-01-01 18:33:00,18094824548,-4826881806993197837,194035.0,194036.0,194035.0,194036.0,22699789131,1230000000000000000,7157575587177223175,3746.1773520165416144863510204073844,3745.8027717393676777185791624911351,22699.789131,1.23
2022-01-01 18:34:00,4320852116,-1152842837116132582,194035.0,194035.0,194035.0,194035.0,4320852116,0,7157575587177223175,3746.1773520165416144863510204073844,3746.1773520165416144863510204073844,4320.852116,0
2022-01-01 18:35:00,-69030499922,18439155123625683489,194038.0,194035.0,194035.0,194038.0,117000000,18470381333659210240,7157575587177223175,3745.0537235441216179537722285077101,3746.1773520165416144863510204073844,117,18.47038133365921024
2022-01-01 18:36:00,-50322213046,13453538318101289216,194040.0,194041.0,194040.0,194041.0,30092611496,21487201012072053006,8705089233301054374,3744.3048251360461573618382872318793,3745.0537235441216179537722285077101,30092.611496,21.487201012072053006
2022-01-01 18:37:00,-121574738030,32503707301742372997,194044.0,194039.0,194038.0,194044.0,35488997804,41976785034290887854,8705089233301054374,3742.8074775616012589711801157187789,3744.3048251360461573618382872318793,35488.997804,41.976785034290887854
2022-01-01 18:38:00,341474958985,-91135103950512645842,194030.0,194044.0,194030.0,194044.0,341474958985,0,7157575587177223175,3748.0508153477487335940588424885263,3742.8074775616012589711801157187789,341474.958985,0
2022-01-01 18:39:00,175854123864,-46878527551090661741,194022.0,194030.0,194022.0,194030.0,176708851831,227987500000000000,7166538114259945238,3751.0503056641723140647742642374412,3748.0508153477487335940588424885263,176708.851831,0.2279875
2022-01-01 18:40:00,-68856799148,18446906528944270002,194025.0,194025.0,194014.0,194026.0,290000000000,95707786159424734193,7166538114259945238,3749.9252155979865249520949006794390,3751.0503056641723140647742642374412,290000,95.707786159424734193
2022-01-01 18:41:00,-3587112729,957125981210839519,194025.0,194025.0,194025.0,194025.0,0,957125981210839519,7166538114259945238,3749.9252155979865249520949006794390,3749.9252155979865249520949006794390,0,0.957125981210839519
2022-01-01 18:42:00,-113968301930,30488974216164144764,194030.0,194026.0,194016.0,194031.0,267670363604,101803365368340037114,7157575587177223175,3748.0508153477487335940588424885263,3749.9252155979865249520949006794390,267670.363604,101.803365368340037114
2022-01-01 18:43:00,0,0,194030.0,194030.0,194030.0,194030.0,0,0,7157575587177223175,3748.0508153477487335940588424885263,3748.0508153477487335940588424885263,0,0
2022-01-01 18:44:00,-77863440384,20791991764922201011,194034.0,194030.0,194030.0,194034.0,5697874300,22311581564795004581,7157575587177223175,3746.5519697517432686477996555094260,3748.0508153477487335940588424885263,5697.8743,22.311581564795004581
2022-01-01 18:45:00,-85561520741,22861787587764782566,194038.0,194034.0,194034.0,194039.0,27380134274,30169054913557161393,7157575587177223175,3745.0537235441216179537722285077101,3746.5519697517432686477996555094260,27380.134274,30.169054913557161393
2022-01-01 18:46:00,477866828927,-127394771979512288738,194017.0,194039.0,194017.0,194039.0,508281601349,8126290259654675876,8992860808015186779,3752.9262059595473452583431161304305,3745.0537235441216179537722285077101,508281.601349,8.126290259654675876
2022-01-01 18:47:00,144960174404,-38597698981086828614,194012.0,194012.0,194012.0,194012.0,144960174404,0,8992860808015186779,3754.8030443926788534459345288086622,3752.9262059595473452583431161304305,144960.174404,0
2022-01-01 18:48:00,-5878030170,1566279825992369401,194012.0,194012.0,194012.0,194012.0,0,1566279825992369401,8992860808015186779,3754.8030443926788534459345288086622,3754.8030443926788534459345288086622,0,1.566279825992369401
2022-01-01 18:49:00,-222090142189,59224888816627552960,194020.0,194011.0,194009.0,194020.0,80652215272,80693673715578450110,7166538114259945238,3751.8005532358082051693103597380302,3754.8030443926788534459345288086622,80652.215272,80.69367371557845011
2022-01-01 18:50:00,-29011853045,7739276402109506677,194021.0,194020.0,194020.0,194021.0,6682431643,9519628610460348377,7166538114259945238,3751.4254106947387312961807416638621,3751.8005532358082051693103597380302,6682.431643,9.519628610460348377
2022-01-01 18:51:00,2080917483,-553917219285266932,194021.0,194021.0,194021.0,194021.0,4125000000,545187500000000000,7166538114259945238,3751.4254106947387312961807416638621,3751.4254106947387312961807416638621,4125,0.5451875
2022-01-01 18:52:00,19482355368,-5190835660415597583,194020.0,194021.0,194020.0,194021.0,19482355368,0,7166538114259945238,3751.8005532358082051693103597380302,3751.4254106947387312961807416638621,19482.355368,0
2022-01-01 18:53:00,42482182057,-11317293003217595621,194019.0,194019.0,194019.0,194019.0,42666329039,49102280000000000,8992860808015186779,3752.1757332911317859898272907740055,3751.8005532358082051693103597380302,42666.329039,0.04910228
2022-01-01 18:54:00,-26996564123,7199306808214740957,194020.0,194020.0,194020.0,194020.0,1472901820,7591699769687696999,7166538114259945238,3751.8005532358082051693103597380302,3752.1757332911317859898272907740055,1472.90182,7.591699769687696999
2022-01-01 18:55:00,146441196502,-38998153750937877006,194014.0,194016.0,194014.0,194017.0,163021313876,4420000000000000000,8992860808015186779,3754.0521964128743144543005241608252,3751.8005532358082051693103597380302,163021.313876,4.42
2022-01-01 18:56:00,-3347141434,892125000000000000,194014.0,194014.0,194014.0,194014.0,0,892125000000000000,8992860808015186779,3754.0521964128743144543005241608252,3754.0521964128743144543005241608252,0,0.892125
2022-01-01 18:57:00,-709443327,189091737230210573,194014.0,194014.0,194014.0,194014.0,0,189091737230210573,8992860808015186779,3754.0521964128743144543005241608252,3754.0521964128743144543005241608252,0,0.189091737230210573
2022-01-01 18:58:00,-39184191225,10444729021275955830,194016.0,194016.0,194016.0,194016.0,0,10444729021275955830,8992860808015186779,3753.3014985801432999928689504420469,3754.0521964128743144543005241608252,0,10.44472902127595583
2022-01-01 18:59:00,121866620265,-32439278447098212589,194011.0,194016.0,194011.0,194017.0,150000000000,7500000000000000000,8992860808015186779,3755.1785246971181213312791222615424,3753.3014985801432999928689504420469,150000,7.5
2022-01-01 19:00:00,-16369643539,4375234205993756141,194012.0,194010.0,194010.0,194012.0,49995692399,17682351577353846023,8992860808015186779,3754.8030443926788534459345288086622,3755.1785246971181213312791222615424,49995.692399,17.682351577353846023
2022-01-01 19:01:00,4041321567,-1075813149200759662,194012.0,194012.0,194012.0,194012.0,4041321567,0,8992860808015186779,3754.8030443926788534459345288086622,3754.8030443926788534459345288086622,4041.321567,0
2022-01-01 19:02:00,-36504352353,9727877169435178747,194013.0,194013.0,194013.0,194013.0,0,9727877169435178747,8992860808015186779,3754.4276016325156018857459542132428,3754.8030443926788534459345288086622,0,9.727877169435178747
2022-01-01 19:03:00,0,0,194013.0,194013.0,194013.0,194013.0,0,0,8992860808015186779,3754.4276016325156018857459542132428,3754.4276016325156018857459542132428,0,0
2022-01-01 19:04:00,-39686334083,10577291351553745100,194015.0,194013.0,194013.0,194015.0,0,10577291351553745100,8992860808015186779,3753.6768287300013143228682373370920,3754.4276016325156018857459542132428,0,10.5772913515537451
2022-01-01 19:05:00,-105035135857,28014878799478886533,194018.0,194013.0,194013.0,194018.0,49988685729,41324408152402975705,8992860808015186779,3752.5509508644608991684262735030845,3753.6768287300013143228682373370920,49988.685729,41.324408152402975705
2022-01-01 19:06:00,55214697633,-14694492425218080255,194016.0,194020.0,194016.0,194020.0,99990000291,11940025090327866997,8992860808015186779,3753.3014985801432999928689504420469,3752.5509508644608991684262735030845,99990.000291,11.940025090327866997
2022-01-01 19:07:00,76725148479,-20425470394747789654,194014.0,194014.0,194014.0,194015.0,96892301373,5375521436579049617,8992860808015186779,3754.0521964128743144543005241608252,3753.3014985801432999928689504420469,96892.301373,5.375521436579049617
2022-01-01 19:08:00,10547124362,-2797713043833078836,194013.0,194015.0,194013.0,194015.0,49562500000,10398509117221385693,8992860808015186779,3754.4276016325156018857459542132428,3754.0521964128743144543005241608252,49562.5,10.398509117221385693
2022-01-01 19:09:00,-68931437766,18375115271001221104,194016.0,194015.0,194015.0,194016.0,8325324272,20592176817814773086,8992860808015186779,3753.3014985801432999928689504420469,3754.4276016325156018857459542132428,8325.324272,20.592176817814773086
2022-01-01 19:10:00,232953194727,-62010523434973760689,194007.0,194015.0,194007.0,194015.0,232953194727,0,8992860808015186779,3756.6808214327295400235398559843308,3753.3014985801432999928689504420469,232953.194727,0
2022-01-01 19:11:00,-536644816194,143122676350948333451,194029.0,194003.0,194003.0,194029.0,167779418729,187778691104295080769,7166538114259945238,3748.4256204292835084674182483727765,3756.6808214327295400235398559843308,167779.418729,187.778691104295080769
2022-01-01 19:12:00,-7709359503,2057920611638267394,194029.0,194029.0,194029.0,194029.0,500000000,2191250000000000000,7166538114259945238,3748.4256204292835084674182483727765,3748.4256204292835084674182483727765,500,2.19125
2022-01-01 19:13:00,102482047309,-27308634705685062305,194024.0,194029.0,194024.0,194031.0,150055733427,12700000000000000000,7166538114259945238,3750.3002081195463236045901101695065,3748.4256204292835084674182483727765,150055.733427,12.7
2022-01-01 19:14:00,-117681393781,31407242525256746298,194030.0,194024.0,194024.0,194030.0,5000311846,32739980658996174607,7157575587177223175,3748.0508153477487335940588424885263,3750.3002081195463236045901101695065,5000.311846,32.739980658996174607
2022-01-01 19:15:00,-27856375788,7436563092755966975,194031.0,194031.0,194031.0,194031.0,0,7436563092755966975,7157575587177223175,3747.6760477429744361504437981087153,3748.0508153477487335940588424885263,0,7.436563092755966975
2022-01-01 19:16:00,0,0,194031.0,194031.0,194031.0,194031.0,0,0,7157575587177223175,3747.6760477429744361504437981087153,3747.6760477429744361504437981087153,0,0
2022-01-01 19:17:00,12923893422,-3446842391182183070,194030.0,194030.0,194030.0,194030.0,12923893422,0,7157575587177223175,3748.0508153477487335940588424885263,3747.6760477429744361504437981087153,12923.893422,0
2022-01-01 19:18:00,27200982522,-7253370251965710704,194029.0,194030.0,194029.0,194030.0,29269886113,552247799235693664,7166538114259945238,3748.4256204292835084674182483727765,3748.0508153477487335940588424885263,29269.886113,0.552247799235693664
2022-01-01 19:19:00,-994157561,266704409463621591,194029.0,194029.0,194029.0,194029.0,5000000000,1600000000000000000,7166538114259945238,3748.4256204292835084674182483727765,3748.4256204292835084674182483727765,5000,1.6
2022-01-01 19:20:00,-34076857134,9104100245138313482,194031.0,194030.0,194030.0,194032.0,27161746815,16348718763336581820,7157575587177223175,3747.6760477429744361504437981087153,3748.4256204292835084674182483727765,27161.746815,16.34871876333658182
2022-01-01 19:21:00,-369514843,98783562909407419,194031.0,194031.0,194031.0,194031.0,500000000,232136365900784027,7157575587177223175,3747.6760477429744361504437981087153,3747.6760477429744361504437981087153,500,0.232136365900784027
2022-01-01 19:22:00,33654657115,-8975186494729462595,194029.0,194030.0,194029.0,194030.0,33654657115,0,7166538114259945238,3748.4256204292835084674182483727765,3747.6760477429744361504437981087153,33654.657115,0
2022-01-01 19:23:00,-622529447701,166392126612671725214,194054.0,194029.0,194029.0,194054.0,1000000000,166658790371742355687,8654539543011024933,3739.0667278050022073517175170483591,3748.4256204292835084674182483727765,1000,166.658790371742355687
2022-01-01 19:24:00,0,0,194054.0,194054.0,194054.0,194054.0,0,0,8654539543011024933,3739.0667278050022073517175170483591,3739.0667278050022073517175170483591,0,0
2022-01-01 19:25:00,27525400405,-7358206100917982408,194053.0,194054.0,194053.0,194054.0,27525400405,0,8654539543011024933,3739.4406344777827075724526888000629,3739.0667278050022073517175170483591,27525.400405,0
2022-01-01 19:26:00,100000000000,-26725984297464934702,194050.0,194050.0,194050.0,194050.0,100000000000,0,8654539543011024933,3740.5625788550845173526834344878524,3739.4406344777827075724526888000629,100000,0
2022-01-01 19:27:00,51618041949,-13791487282310264043,194048.0,194049.0,194048.0,194049.0,51618041949,0,8705089233301054374,3741.3107287764813228069991447015883,3740.5625788550845173526834344878524,51618.041949,0
2022-01-01 19:28:00,21100854057,-5634231601608599447,194047.0,194047.0,194047.0,194047.0,31567587761,2798788873007980719,8705089233301054374,3741.6848598493589709392798446160565,3741.3107287764813228069991447015883,31567.587761,2.798788873007980719
2022-01-01 19:29:00,122421069491,-32663089720006281725,194042.0,194045.0,194042.0,194049.0,244104010285,32538546443811120873,8705089233301054374,3743.5560764851883548389869414537188,3741.6848598493589709392798446160565,244104.010285,32.538546443811120873
2022-01-01 19:30:00,301345876,-80463446101002147,194042.0,194042.0,194042.0,194042.0,301345876,0,8705089233301054374,3743.5560764851883548389869414537188,3743.5560764851883548389869414537188,301.345876,0
2022-01-01 19:31:00,0,0,194042.0,194042.0,194042.0,194042.0,0,0,8705089233301054374,3743.5560764851883548389869414537188,3743.5560764851883548389869414537188,0,0
2022-01-01 19:32:00,-183270676611,49067010125900880399,194049.0,194056.0,194049.0,194058.0,244676577835,114473966803422954418,8705089233301054374,3740.9366351129700258044187028313054,3743.5560764851883548389869414537188,244676.577835,114.473966803422954418
2022-01-01 19:33:00,-71899482620,19313399290979205768,194052.0,194038.0,194038.0,194052.0,300000000000,99427317013050709407,8654539543011024933,3739.8145785412304858432099340689411,3740.9366351129700258044187028313054,300000,99.427317013050709407
2022-01-01 19:34:00,153819276673,-41096444811594449186,194046.0,194052.0,194046.0,194052.0,164808000000,2939957739700929638,8705089233301054374,3742.0590283353439068363737726005183,3739.8145785412304858432099340689411,164808,2.939957739700929638
2022-01-01 19:35:00,-249333722683,66774786634737519542,194056.0,194046.0,194046.0,194066.0,283741956391,142677716601089439564,8654539543011024933,3738.3190266164886434581394545760475,3742.0590283353439068363737726005183,283741.956391,142.677716601089439564
2022-01-01 19:36:00,359497585108,-96037971369832927537,194042.0,194044.0,194040.0,194044.0,414365444911,14663401681377472510,8705089233301054374,3743.5560764851883548389869414537188,3738.3190266164886434581394545760475,414365.444911,14.66340168137747251
2022-01-01 19:37:00,-10870369991,2905854200599843126,194042.0,194042.0,194042.0,194042.0,1660510145,3349238715662849851,8705089233301054374,3743.5560764851883548389869414537188,3743.5560764851883548389869414537188,1660.510145,3.349238715662849851
2022-01-01 19:38:00,-212907606011,56956143677669206680,194050.0,194038.0,194038.0,194050.0,99920463006,83631470115832906487,8654539543011024933,3740.5625788550845173526834344878524,3743.5560764851883548389869414537188,99920.463006,83.631470115832906487
2022-01-01 19:39:00,-121627932699,32611060464084354363,194055.0,194065.0,194055.0,194065.0,255665700000,100997114865547947680,8654539543011024933,3738.6928585191502923224852685215032,3740.5625788550845173526834344878524,255665.7,100.99711486554794768
2022-01-01 19:40:00,-50299046465,13462338522955889993,194057.0,194057.0,194057.0,194057.0,0,13462338522955889993,8654539543011024933,3737.9452320932793155265867958964543,3738.6928585191502923224852685215032,0,13.462338522955889993
2022-01-01 19:41:00,0,0,194057.0,194057.0,194057.0,194057.0,0,0,8654539543011024933,3737.9452320932793155265867958964543,3737.9452320932793155265867958964543,0,0
2022-01-01 19:42:00,43182596855,-11546250249586925276,194055.0,194055.0,194055.0,194055.0,43182596855,0,8654539543011024933,3738.6928585191502923224852685215032,3737.9452320932793155265867958964543,43182.596855,0
2022-01-01 19:43:00,15000000000,-4010289637223428359,194055.0,194055.0,194055.0,194055.0,15000000000,0,8654539543011024933,3738.6928585191502923224852685215032,3738.6928585191502923224852685215032,15000,0
2022-01-01 19:44:00,-182426035541,48872428133599813835,194062.0,194065.0,194062.0,194065.0,134745000000,84926173695176221917,8620466512401280318,3736.0768200382155676450545611258193,3738.6928585191502923224852685215032,134745,84.926173695176221917
2022-01-01 19:45:00,36188833692,-9680926215937906703,194060.0,194062.0,194060.0,194062.0,36188833692,0,8620466512401280318,3736.8240727629914111407392484885923,3736.0768200382155676450545611258193,36188.833692,0
2022-01-01 19:46:00,322722287670,-86273347685402811588,194048.0,194060.0,194048.0,194060.0,322722287670,0,8705089233301054374,3741.3107287764813228069991447015883,3736.8240727629914111407392484885923,322722.28767,0
2022-01-01 19:47:00,-67252361907,17987887991791315146,194051.0,194049.0,194049.0,194051.0,0,17987887991791315146,8654539543011024933,3740.1885599990846088917942550623498,3741.3107287764813228069991447015883,0,17.987887991791315146
2022-01-01 19:48:00,807817710859,-215515291867497273581,194017.0,194051.0,194017.0,194052.0,834661846371,7181235313143138882,8992860808015186779,3752.9262059595473452583431161304305,3740.1885599990846088917942550623498,834661.846371,7.181235313143138882
2022-01-01 19:49:00,-927226048782,247729419294447982127,194055.0,194041.0,194041.0,194061.0,156241831933,289513004636722867445,8654539543011024933,3738.6928585191502923224852685215032,3752.9262059595473452583431161304305,156241.831933,289.513004636722867445
2022-01-01 19:50:00,0,0,194055.0,194055.0,194055.0,194055.0,0,0,8654539543011024933,3738.6928585191502923224852685215032,3738.6928585191502923224852685215032,0,0
2022-01-01 19:51:00,-28048582429,7507318546826493021,194056.0,194056.0,194056.0,194056.0,1705801948,7963424924520529711,8654539543011024933,3738.3190266164886434581394545760475,3738.6928585191502923224852685215032,1705.801948,7.963424924520529711
2022-01-01 19:52:00,297432484104,-79483958182363502700,194045.0,194045.0,194045.0,194045.0,298359373285,247805469193787019,8705089233301054374,3742.4332342381774412270574099777758,3738.3190266164886434581394545760475,298359.373285,0.247805469193787019
2022-01-01 19:53:00,-12134633389,3244295365999172909,194045.0,194045.0,194045.0,194045.0,0,3244295365999172909,8705089233301054374,3742.4332342381774412270574099777758,3742.4332342381774412270574099777758,0,3.244295365999172909
2022-01-01 19:54:00,49462716299,-13195846627498213178,194044.0,194046.0,194044.0,194047.0,102875355960,14282072298490953115,8705089233301054374,3742.8074775616012589711801157187789,3742.4332342381774412270574099777758,102875.35596,14.282072298490953115
2022-01-01 19:55:00,-10690765849,2858391992598642529,194044.0,194044.0,194044.0,194044.0,2000000000,3392500000000000000,8705089233301054374,3742.8074775616012589711801157187789,3742.8074775616012589711801157187789,2000,3.3925
2022-01-01 19:56:00,374216101203,-99859813990832613062,194028.0,194044.0,194028.0,194044.0,376199887543,530318750000000000,7166538114259945238,3748.8004629913264368182649901976100,3742.8074775616012589711801157187789,376199.887543,0.53031875
2022-01-01 19:57:00,-16007109853,4273445946903039441,194029.0,194028.0,194028.0,194029.0,4000186817,5340000000000000000,7166538114259945238,3748.4256204292835084674182483727765,3748.8004629913264368182649901976100,4000.186817,5.34
2022-01-01 19:58:00,-12841767120,3427757968890204884,194029.0,194029.0,194029.0,194029.0,0,3427757968890204884,7166538114259945238,3748.4256204292835084674182483727765,3748.4256204292835084674182483727765,0,3.427757968890204884
2022-01-01 19:59:00,44051229682,-11745666393499647782,194027.0,194029.0,194027.0,194029.0,44098058646,12500000000000000,7166538114259945238,3749.1753430376255694619468166966299,3748.4256204292835084674182483727765,44098.058646,0.0125
2022-01-01 20:00:00,-14718591536,3946675617070866427,194028.0,194028.0,194028.0,194031.0,69300000000,22426490857474712226,7166538114259945238,3748.8004629913264368182649901976100,3749.1753430376255694619468166966299,69300,22.426490857474712226
2022-01-01 20:01:00,-12989920397,3474075830686246473,194028.0,194027.0,194027.0,194028.0,26350163519,10499344857311669179,7166538114259945238,3748.8004629913264368182649901976100,3748.8004629913264368182649901976100,26350.163519,10.499344857311669179
2022-01-01 20:02:00,-96518324929,25768289912783967886,194033.0,194028.0,194028.0,194033.0,3190256136,26619077967946212123,7157575587177223175,3746.9266249487184429746644354749744,3748.8004629913264368182649901976100,3190.256136,26.619077967946212123
2022-01-01 20:03:00,-7319918880,1955702507896301542,194033.0,194033.0,194033.0,194033.0,3914569954,3000000000000000000,7157575587177223175,3746.9266249487184429746644354749744,3746.9266249487184429746644354749744,3914.569954,3
2022-01-01 20:04:00,-70242771193,18760435633138756637,194036.0,194036.0,194036.0,194036.0,0,18760435633138756637,7157575587177223175,3745.8027717393676777185791624911351,3746.9266249487184429746644354749744,0,18.760435633138756637
2022-01-01 20:05:00,-34365955750,9180649713770349196,194038.0,194037.0,194037.0,194038.0,0,9180649713770349196,7157575587177223175,3745.0537235441216179537722285077101,3745.8027717393676777185791624911351,0,9.180649713770349196
2022-01-01 20:06:00,3811225100,-1016880453997061020,194038.0,194038.0,194038.0,194038.0,5000000000,317592296044246719,7157575587177223175,3745.0537235441216179537722285077101,3745.0537235441216179537722285077101,5000,0.317592296044246719
2022-01-01 20:07:00,92390901078,-24653282931920542441,194034.0,194038.0,194034.0,194038.0,92390901078,0,7157575587177223175,3746.5519697517432686477996555094260,3745.0537235441216179537722285077101,92390.901078,0
2022-01-01 20:08:00,23403440768,-6240213908686074069,194033.0,194033.0,194032.0,194034.0,34765670369,3034162132407891187,7157575587177223175,3746.9266249487184429746644354749744,3746.5519697517432686477996555094260,34765.670369,3.034162132407891187
2022-01-01 20:09:00,17826247072,-4754993232379933583,194032.0,194032.0,194032.0,194032.0,17826247072,0,7157575587177223175,3747.3013176112133148189619019185230,3746.9266249487184429746644354749744,17826.247072,0
2022-01-01 20:10:00,5000000000,-1333636187905941162,194031.0,194031.0,194031.0,194031.0,5000000000,0,7157575587177223175,3747.6760477429744361504437981087153,3747.3013176112133148189619019185230,5000,0
2022-01-01 20:11:00,16379394375,-4367141459923900345,194031.0,194032.0,194031.0,194032.0,21909579041,1476528832314359879,7157575587177223175,3747.6760477429744361504437981087153,3747.6760477429744361504437981087153,21909.579041,1.476528832314359879
2022-01-01 20:12:00,-102317775557,27323059101302187316,194035.0,194035.0,194035.0,194035.0,2930493791,28105000000000000000,7157575587177223175,3746.1773520165416144863510204073844,3747.6760477429744361504437981087153,2930.493791,28.105
2022-01-01 20:13:00,93177160815,-24856562352737831691,194031.0,194035.0,194031.0,194035.0,95086579033,510000000000000000,7157575587177223175,3747.6760477429744361504437981087153,3746.1773520165416144863510204073844,95086.579033,0.51
2022-01-01 20:14:00,2920324736,-778890553019139466,194031.0,194031.0,194031.0,194031.0,2920324736,0,7157575587177223175,3747.6760477429744361504437981087153,3747.6760477429744361504437981087153,2920.324736,0
2022-01-01 20:15:00,58825186625,-15675875257437794429,194028.0,194031.0,194026.0,194031.0,101540549794,11399930044399486879,7166538114259945238,3748.8004629913264368182649901976100,3747.6760477429744361504437981087153,101540.549794,11.399930044399486879
2022-01-01 20:16:00,-2660084025,710000000000000000,194028.0,194028.0,194028.0,194028.0,0,710000000000000000,7166538114259945238,3748.8004629913264368182649901976100,3748.8004629913264368182649901976100,0,0.71
2022-01-01 20:17:00,-16331050410,4360138939699487275,194029.0,194029.0,194029.0,194029.0,3927828613,5407529548318648822,7166538114259945238,3748.4256204292835084674182483727765,3748.8004629913264368182649901976100,3927.828613,5.407529548318648822
2022-01-01 20:18:00,-31467664811,8402697928692728408,194031.0,194031.0,194031.0,194031.0,9067399434,10821039577002312089,7157575587177223175,3747.6760477429744361504437981087153,3748.4256204292835084674182483727765,9067.399434,10.821039577002312089
2022-01-01 20:19:00,13889696729,-3704235655821555526,194030.0,194031.0,194030.0,194031.0,14091696729,53927699949210752,7157575587177223175,3748.0508153477487335940588424885263,3747.6760477429744361504437981087153,14091.696729,0.053927699949210752
2022-01-01 20:20:00,-74091262369,19782138712396453383,194033.0,194031.0,194031.0,194033.0,0,19782138712396453383,7157575587177223175,3746.9266249487184429746644354749744,3748.0508153477487335940588424885263,0,19.782138712396453383
2022-01-01 20:21:00,-128750567054,34391965109943546517,194039.0,194036.0,194036.0,194039.0,149853470,34431965804455901066,7157575587177223175,3744.6792556185597619775744710606057,3746.9266249487184429746644354749744,149.85347,34.431965804455901066
2022-01-01 20:22:00,-102170670112,27315943114311031480,194043.0,194037.0,194037.0,194043.0,39956923119,37980750578429047824,8705089233301054374,3743.1817583093574190970772337303480,3744.6792556185597619775744710606057,39956.923119,37.980750578429047824
2022-01-01 20:23:00,255449028043,-68175964991501959200,194032.0,194043.0,194032.0,194043.0,265216020036,2610792691374152935,7157575587177223175,3747.3013176112133148189619019185230,3743.1817583093574190970772337303480,265216.020036,2.610792691374152935
2022-01-01 20:24:00,30309378637,-8084228782555905874,194031.0,194031.0,194031.0,194031.0,30683945248,100000000000000000,7157575587177223175,3747.6760477429744361504437981087153,3747.3013176112133148189619019185230,30683.945248,0.1
2022-01-01 20:25:00,-10405256898,2779060116689459881,194031.0,194032.0,194031.0,194032.0,3919188041,3824400000000000000,7157575587177223175,3747.6760477429744361504437981087153,3747.6760477429744361504437981087153,3919.188041,3.8244
2022-01-01 20:26:00,-26544077491,7092721033123217859,194033.0,194031.0,194031.0,194033.0,19998266539,12426669518058201430,7157575587177223175,3746.9266249487184429746644354749744,3747.6760477429744361504437981087153,19998.266539,12.42666951805820143
2022-01-01 20:27:00,203065788569,-54143448327557747516,194023.0,194023.0,194023.0,194023.0,203065788569,0,7166538114259945238,3750.6752381403582782369505691805240,3746.9266249487184429746644354749744,203065.788569,0
2022-01-01 20:28:00,68511231628,-18250222769755446108,194020.0,194019.0,194019.0,194020.0,89647686413,5636619717619990350,7166538114259945238,3751.8005532358082051693103597380302,3750.6752381403582782369505691805240,89647.686413,5.63661971761999035
2022-01-01 20:29:00,26787414059,-7136381897011839843,194019.0,194019.0,194019.0,194019.0,26787414059,0,8992860808015186779,3752.1757332911317859898272907740055,3751.8005532358082051693103597380302,26787.414059,0
2022-01-01 20:30:00,738212019355,-196387985960427470344,193992.0,194017.0,193992.0,194018.0,754114387339,4239888475205391958,8995692469166598184,3762.3197888895438122155393715800911,3752.1757332911317859898272907740055,754114.387339,4.239888475205391958
2022-01-01 20:31:00,-46771128918,12496843875020978965,193994.0,193992.0,193987.0,193994.0,214806300000,69556754263001905155,8995692469166598184,3761.5674377863121719180340455906335,3762.3197888895438122155393715800911,214806.3,69.556754263001905155
2022-01-01 20:32:00,353951641318,-93964181666296203365,193981.0,193979.0,193979.0,193981.0,467171229616,30072393972237746053,8997468405121431707,3766.4604105541131387615370079717697,3761.5674377863121719180340455906335,467171.229616,30.072393972237746053
2022-01-01 20:33:00,-27499450639,7305654715133010349,193982.0,193982.0,193982.0,193982.0,0,7305654715133010349,8997468405121431707,3766.0838021738957491866183461371541,3766.4604105541131387615370079717697,0,7.305654715133010349
2022-01-01 20:34:00,-2396114400,636599345613592610,193982.0,193982.0,193982.0,193982.0,0,636599345613592610,8997468405121431707,3766.0838021738957491866183461371541,3766.0838021738957491866183461371541,0,0.63659934561359261
2022-01-01 20:35:00,452201590313,-119883705002927205164,193976.0,193990.0,193976.0,193991.0,781849865111,87608966382065026200,31091826909261282053,3768.3440174430977381156426651791817,3766.0838021738957491866183461371541,781849.865111,87.6089663820650262
2022-01-01 20:36:00,852955587122,-226116323686819307255,193967.0,193966.0,193966.0,193967.0,922662021604,18490271169713074685,30858522293142091775,3771.7368839792311889434024746845623,3768.3440174430977381156426651791817,922662.021604,18.490271169713074685
2022-01-01 20:37:00,-163663045379,43417900713641066108,193968.0,193968.0,193968.0,193968.0,0,43417900713641066108,30858522293142091775,3771.3597480044307458688155931252510,3771.7368839792311889434024746845623,0,43.417900713641066108
2022-01-01 20:38:00,-967441296878,256809908801463399471,193978.0,193978.0,193978.0,193979.0,24468211907,263301777114964454019,31091826909261282053,3767.5904616748581497371137450590302,3771.3597480044307458688155931252510,24468.211907,263.301777114964454019
2022-01-01 20:39:00,36354126141,-9641490499688027028,193978.0,193978.0,193978.0,193978.0,50000000000,3623915127514744465,31091826909261282053,3767.5904616748581497371137450590302,3767.5904616748581497371137450590302,50000,3.623915127514744465
2022-01-01 20:40:00,-42336612155,11245860020305291648,193979.0,193978.0,193978.0,193979.0,8500000000,13501062281854596554,31091826909261282053,3767.2137403008280669304207029887321,3767.5904616748581497371137450590302,8500,13.501062281854596554
2022-01-01 20:41:00,-29894944514,7940118361438031109,193979.0,193979.0,193979.0,193979.0,1609747873,8367211046131717380,31091826909261282053,3767.2137403008280669304207029887321,3767.2137403008280669304207029887321,1609.747873,8.36721104613171738
2022-01-01 20:42:00,148726167034,-39456557685288387339,193977.0,193977.0,193977.0,193977.0,153041428899,1145915036380636374,31091826909261282053,3767.9672207210256355520874564335379,3767.2137403008280669304207029887321,153041.428899,1.145915036380636374
2022-01-01 20:43:00,-33671097113,8941490559012779436,193978.0,193977.0,193977.0,193978.0,0,8941490559012779436,31091826909261282053,3767.5904616748581497371137450590302,3767.9672207210256355520874564335379,0,8.941490559012779436
2022-01-01 20:44:00,-426087524113,113197872340425539584,193989.0,193988.0,193988.0,193989.0,0,113197872340425539584,8997468405121431707,3763.4485976995666618344079436699585,3767.5904616748581497371137450590302,0,113.197872340425539584
2022-01-01 20:45:00,0,0,193989.0,193989.0,193989.0,193989.0,0,0,8997468405121431707,3763.4485976995666618344079436699585,3763.4485976995666618344079436699585,0,0
2022-01-01 20:46:00,0,0,193989.0,193989.0,193989.0,193989.0,0,0,8997468405121431707,3763.4485976995666618344079436699585,3763.4485976995666618344079436699585,0,0
2022-01-01 20:47:00,29226997679,-7761271399282556168,193988.0,193989.0,193988.0,193989.0,31107762544,500000000000000000,8997468405121431707,3763.8249425593366185005913844643258,3763.4485976995666618344079436699585,31107.762544,0.5
2022-01-01 20:48:00,143468315177,-38087423990511090497,193982.0,193988.0,193982.0,193988.0,148500000000,1337535886670938789,8997468405121431707,3766.0838021738957491866183461371541,3763.8249425593366185005913844643258,148500,1.337535886670938789
2022-01-01 20:49:00,-18094428137,4807524891595129612,193983.0,193983.0,193983.0,193983.0,0,4807524891595129612,8997468405121431707,3765.7072314507506741192064254946084,3766.0838021738957491866183461371541,0,4.807524891595129612
2022-01-01 20:50:00,-363707960513,96703185988349814523,193996.0,193996.0,193996.0,193996.0,9095000000,99120531914893639680,8995692469166598184,3760.8152371307336538799215224869178,3765.7072314507506741192064254946084,9095,99.12053191489363968
2022-01-01 20:51:00,-10419109239,2772056899233086467,193997.0,193996.0,193996.0,193997.0,0,2772056899233086467,8995692469166598184,3760.4391932114125126286586566212548,3760.8152371307336538799215224869178,0,2.772056899233086467
2022-01-01 20:52:00,7000000000,-1860535154420955272,193996.0,193996.0,193996.0,193996.0,7000000000,0,8995692469166598184,3760.8152371307336538799215224869178,3760.4391932114125126286586566212548,7000,0
2022-01-01 20:53:00,0,0,193996.0,193996.0,193996.0,193996.0,0,0,8995692469166598184,3760.8152371307336538799215224869178,3760.8152371307336538799215224869178,0,0
2022-01-01 20:54:00,-12976754970,3452590378444215462,193997.0,193997.0,193997.0,193997.0,0,3452590378444215462,8995692469166598184,3760.4391932114125126286586566212548,3760.8152371307336538799215224869178,0,3.452590378444215462
2022-01-01 20:55:00,-32678065749,8695033071153937999,193998.0,193997.0,193997.0,193998.0,0,8695033071153937999,8995692469166598184,3760.0631868927232403046281938018737,3760.4391932114125126286586566212548,0,8.695033071153937999
2022-01-01 20:56:00,12500000000,-3322816796037317741,193997.0,193997.0,193997.0,193997.0,12500000000,0,8995692469166598184,3760.4391932114125126286586566212548,3760.0631868927232403046281938018737,12500,0
2022-01-01 20:57:00,-50081322783,13328406559411487345,193999.0,193998.0,193998.0,193999.0,4851000000,14618130377111122256,8995692469166598184,3759.6872181709061496896592278790905,3760.4391932114125126286586566212548,4851,14.618130377111122256
2022-01-01 20:58:00,0,0,193999.0,193999.0,193999.0,193999.0,0,0,8995692469166598184,3759.6872181709061496896592278790905,3759.6872181709061496896592278790905,0,0
2022-01-01 20:59:00,-60799570535,16182596952973430535,194001.0,194000.0,194000.0,194001.0,0,16182596952973430535,8992860808015186779,3758.9353935028516443322763292904667,3759.6872181709061496896592278790905,0,16.182596952973430535
2022-01-01 21:00:00,395933143095,-105194908319173927769,193987.0,194001.0,193985.0,194001.0,465933143095,18604395886741254145,8997468405121431707,3764.2013250535925521624414436027727,3758.9353935028516443322763292904667,465933.143095,18.604395886741254145
2022-01-01 21:01:00,22019330716,-5846891009228497234,193986.0,193987.0,193986.0,193987.0,22019330716,0,8997468405121431707,3764.5777451860979114176576877471317,3764.2013250535925521624414436027727,22019.330716,0
2022-01-01 21:02:00,19638843741,-5211316063228582966,193986.0,193987.0,193986.0,193987.0,31231322342,3081224875229616076,8997468405121431707,3764.5777451860979114176576877471317,3764.5777451860979114176576877471317,31231.322342,3.081224875229616076
2022-01-01 21:03:00,193074391372,-51229785688414458087,193979.0,193986.0,193979.0,193988.0,248426861325,14712539752588374329,31091826909261282053,3767.2137403008280669304207029887321,3764.5777451860979114176576877471317,248426.861325,14.712539752588374329
2022-01-01 21:04:00,2087609520,-546918057880428067,193979.0,193979.0,193979.0,193980.0,28442556114,7000000000000000000,31091826909261282053,3767.2137403008280669304207029887321,3767.2137403008280669304207029887321,28442.556114,7
2022-01-01 21:05:00,203870241850,-54087813718557333933,193977.0,193977.0,193977.0,193977.0,205000000000,300000000000000000,31091826909261282053,3767.9672207210256355520874564335379,3767.2137403008280669304207029887321,205000,0.3
2022-01-01 21:06:00,-95286287779,25303938316932409845,193978.0,193978.0,193978.0,193978.0,0,25303938316932409845,31091826909261282053,3767.5904616748581497371137450590302,3767.9672207210256355520874564335379,0,25.303938316932409845
2022-01-01 21:07:00,-54714854521,14531527094462868834,193979.0,193979.0,193979.0,193979.0,1784250000,15004924647259226664,31091826909261282053,3767.2137403008280669304207029887321,3767.5904616748581497371137450590302,1784.25,15.004924647259226664
2022-01-01 21:08:00,-98974213835,26289124380629115261,193980.0,193980.0,193980.0,193980.0,5706591207,27803421700097298179,8997468405121431707,3766.8370565951685500754131616725666,3767.2137403008280669304207029887321,5706.591207,27.803421700097298179
2022-01-01 21:09:00,-110982162405,29485730464253214720,193984.0,193982.0,193982.0,193984.0,0,29485730464253214720,8997468405121431707,3765.3306983809125828609203334612615,3766.8370565951685500754131616725666,0,29.48573046425321472
2022-01-01 21:10:00,14071193875,-3684629288682989548,193984.0,193984.0,193979.0,193984.0,205034723169,50727140590069198177,8997468405121431707,3765.3306983809125828609203334612615,3765.3306983809125828609203334612615,205034.723169,50.727140590069198177
2022-01-01 21:11:00,-33474160585,8895288838754656683,193985.0,193985.0,193985.0,193985.0,0,8895288838754656683,8997468405121431707,3764.9542029606165212087994535159068,3765.3306983809125828609203334612615,0,8.895288838754656683
2022-01-01 21:12:00,479042870686,-127100409838880247787,193976.0,193976.0,193976.0,193976.0,500171768602,5610000000000000000,31091826909261282053,3768.3440174430977381156426651791817,3764.9542029606165212087994535159068,500171.768602,5.61
2022-01-01 21:13:00,102280675321,-27108831404767114179,193975.0,193977.0,193975.0,193977.0,176605701458,19735257974307464249,31091826909261282053,3768.7208518448420478894542294457024,3768.3440174430977381156426651791817,176605.701458,19.735257974307464249
2022-01-01 21:14:00,357134880845,-94700217136708413833,193971.0,193975.0,193971.0,193975.0,365348759877,2180692799305117691,31091826909261282053,3770.2285663239063556785974371804942,3768.7208518448420478894542294457024,365348.759877,2.180692799305117691
2022-01-01 21:15:00,521938490047,-138322845078283464201,193966.0,193971.0,193965.0,193971.0,586590416929,17148342899629555163,30858522293142091775,3772.1140576676291120622968149320308,3770.2285663239063556785974371804942,586590.416929,17.148342899629555163
2022-01-01 21:16:00,-91153774938,24179031984049023771,193967.0,193966.0,193966.0,193967.0,0,24179031984049023771,30858522293142091775,3771.7368839792311889434024746845623,3772.1140576676291120622968149320308,0,24.179031984049023771
2022-01-01 21:17:00,24383685939,-6461666023801035322,193966.0,193966.0,193966.0,193966.0,24383685939,0,30858522293142091775,3772.1140576676291120622968149320308,3771.7368839792311889434024746845623,24383.685939,0
2022-01-01 21:18:00,-44646306486,11853359332094572844,193967.0,193966.0,193966.0,193967.0,38238281837,21986599599772773236,30858522293142091775,3771.7368839792311889434024746845623,3772.1140576676291120622968149320308,38238.281837,21.986599599772773236
2022-01-01 21:19:00,-3618077637,959783217612148889,193967.0,193967.0,193967.0,193967.0,0,959783217612148889,30858522293142091775,3771.7368839792311889434024746845623,3771.7368839792311889434024746845623,0,0.959783217612148889
2022-01-01 21:20:00,-118444083393,31499659847469940533,193968.0,193971.0,193968.0,193971.0,292005400266,108905487099750000000,30858522293142091775,3771.3597480044307458688155931252510,3771.7368839792311889434024746845623,292005.400266,108.90548709975
2022-01-01 21:21:00,220041631225,-58306567233433541724,193966.0,193966.0,193966.0,193966.0,246896205996,7123000366626374833,31265687151744037305,3772.1140576676291120622968149320308,3771.3597480044307458688155931252510,246896.205996,7.123000366626374833
2022-01-01 21:22:00,-33609926661,8920468864596023819,193966.0,193966.0,193966.0,193966.0,20363485169,14316584621518812303,31265687151744037305,3772.1140576676291120622968149320308,3772.1140576676291120622968149320308,20363.485169,14.316584621518812303
2022-01-01 21:23:00,2416409341,-639624930611378096,193966.0,193966.0,193966.0,193966.0,5055368736,700000000000000000,31265687151744037305,3772.1140576676291120622968149320308,3772.1140576676291120622968149320308,5055.368736,0.7
2022-01-01 21:24:00,9676391154,-2560068885371802517,193966.0,193966.0,193966.0,193966.0,25000002004,4064697434911230237,31265687151744037305,3772.1140576676291120622968149320308,3772.1140576676291120622968149320308,25000.002004,4.064697434911230237
2022-01-01 21:25:00,-299462072318,79445413989253993720,193969.0,193966.0,193966.0,193969.0,0,79445413989253993720,31265687151744037305,3770.9826497394568001887967134539027,3772.1140576676291120622968149320308,0,79.44541398925399372
2022-01-01 21:26:00,-1131318589166,300363629240096955605,193985.0,193969.0,193969.0,193985.0,3250000000,301225104807762323120,9165340990897465951,3764.9542029606165212087994535159068,3770.9826497394568001887967134539027,3250,301.22510480776232312
2022-01-01 21:27:00,122177869354,-32428480976321504459,193980.0,193985.0,193980.0,193985.0,123373312105,317685004547939637,9165340990897465951,3766.8370565951685500754131616725666,3764.9542029606165212087994535159068,123373.312105,0.317685004547939637
2022-01-01 21:28:00,-79264386792,21062986030590428195,193983.0,193980.0,193980.0,193983.0,18661205216,26015388321849064859,9165340990897465951,3765.7072314507506741192064254946084,3766.8370565951685500754131616725666,18661.205216,26.015388321849064859
2022-01-01 21:29:00,-91894356064,24436452498027028133,193986.0,193983.0,193982.0,193987.0,58751411714,40032556766736575772,9165340990897465951,3764.5777451860979114176576877471317,3765.7072314507506741192064254946084,58751.411714,40.032556766736575772
2022-01-01 21:30:00,-112847325700,30000000000000000000,193990.0,193990.0,193990.0,193990.0,0,30000000000000000000,9163565054942632428,3763.0722904705196098734206016098014,3764.5777451860979114176576877471317,0,30
2022-01-01 21:31:00,66005263757,-17531147989617404490,193988.0,193989.0,193988.0,193989.0,66005263757,0,9165340990897465951,3763.8249425593366185005913844643258,3763.0722904705196098734206016098014,66005.263757,0
2022-01-01 21:32:00,6910024963,-1835080439495000757,193988.0,193988.0,193988.0,193988.0,6910024963,0,9165340990897465951,3763.8249425593366185005913844643258,3763.8249425593366185005913844643258,6910.024963,0
2022-01-01 21:33:00,-16231613581,4324215067099521933,193988.0,193987.0,193987.0,193988.0,34749081611,13551770463693183471,9165340990897465951,3763.8249425593366185005913844643258,3763.8249425593366185005913844643258,34749.081611,13.551770463693183471
2022-01-01 21:34:00,216629734,-57532487955922362,193988.0,193988.0,193988.0,193988.0,216629734,0,9165340990897465951,3763.8249425593366185005913844643258,3763.8249425593366185005913844643258,216.629734,0
2022-01-01 21:35:00,64941549126,-17243681630041049129,193986.0,193987.0,193986.0,193987.0,70535900190,1486875000000000000,9165340990897465951,3764.5777451860979114176576877471317,3763.8249425593366185005913844643258,70535.90019,1.486875
2022-01-01 21:36:00,24893870814,-6606832969651000144,193985.0,193985.0,193985.0,193985.0,34890073980,2656550000000000000,9165340990897465951,3764.9542029606165212087994535159068,3764.5777451860979114176576877471317,34890.07398,2.65655
2022-01-01 21:37:00,32256188025,-8563363533984954081,193984.0,193985.0,193984.0,193985.0,32256188025,0,9165340990897465951,3765.3306983809125828609203334612615,3764.9542029606165212087994535159068,32256.188025,0
2022-01-01 21:38:00,-598112569,174875850894643100,193984.0,193982.0,193982.0,193984.0,60000000000,16101333194901371636,9165340990897465951,3765.3306983809125828609203334612615,3765.3306983809125828609203334612615,60000,16.101333194901371636
2022-01-01 21:39:00,76112838636,-20202568484923051404,193981.0,193982.0,193981.0,193982.0,76112838636,0,9165340990897465951,3766.4604105541131387615370079717697,3765.3306983809125828609203334612615,76112.838636,0
2022-01-01 21:40:00,67088890909,-17798475255287131714,193979.0,193982.0,193979.0,193982.0,83645545135,4398551599566257500,31259699495037316297,3767.2137403008280669304207029887321,3766.4604105541131387615370079717697,83645.545135,4.3985515995662575
2022-01-01 21:41:00,-74161175690,19788802952985821142,193982.0,193977.0,193977.0,193986.0,336147264309,108989235065554176083,9165340990897465951,3766.0838021738957491866183461371541,3767.2137403008280669304207029887321,336147.264309,108.989235065554176083
2022-01-01 21:42:00,-65803363006,17483745476694206549,193984.0,193982.0,193982.0,193984.0,0,17483745476694206549,9165340990897465951,3765.3306983809125828609203334612615,3766.0838021738957491866183461371541,0,17.483745476694206549
2022-01-01 21:43:00,182459808839,-48419717435969627513,193979.0,193982.0,193979.0,193982.0,189166464511,1781230000000000000,31259699495037316297,3767.2137403008280669304207029887321,3765.3306983809125828609203334612615,189166.464511,1.78123
2022-01-01 21:44:00,-7672989620,2037928440640048867,193979.0,193979.0,193979.0,193979.0,125000000,2071094287495090557,31259699495037316297,3767.2137403008280669304207029887321,3767.2137403008280669304207029887321,125,2.071094287495090557
2022-01-01 21:45:00,-50912466270,13522431441252142202,193980.0,193979.0,193979.0,193980.0,0,13522431441252142202,9165340990897465951,3766.8370565951685500754131616725666,3767.2137403008280669304207029887321,0,13.522431441252142202
2022-01-01 21:46:00,47238626028,-12529338864953381626,193979.0,193980.0,193979.0,193980.0,65298998493,4797187500000000000,31259699495037316297,3767.2137403008280669304207029887321,3766.8370565951685500754131616725666,65298.998493,4.7971875
2022-01-01 21:47:00,-727775370737,193523705608074102320,194004.0,194004.0,194004.0,194004.0,0,193523705608074102320,9160733393791221023,3757.8079383833406826888658481873451,3767.2137403008280669304207029887321,0,193.52370560807410232
2022-01-01 21:48:00,-147852,39366370303127,194004.0,194004.0,194004.0,194004.0,0,39366370303127,9160733393791221023,3757.8079383833406826888658481873451,3757.8079383833406826888658481873451,0,0.000039366370303127
2022-01-01 21:49:00,9104371489,-2421621536098773458,194004.0,194004.0,194004.0,194004.0,9104371489,0,9160733393791221023,3757.8079383833406826888658481873451,3757.8079383833406826888658481873451,9104.371489,0
2022-01-01 21:50:00,-465996017562,124177531681161609740,194021.0,194021.0,194021.0,194021.0,10000000000,126842026666666688512,6927245841434033952,3751.4254106947387312961807416638621,3757.8079383833406826888658481873451,10000,126.842026666666688512
2022-01-01 21:51:00,0,0,194021.0,194021.0,194021.0,194021.0,0,0,6927245841434033952,3751.4254106947387312961807416638621,3751.4254106947387312961807416638621,0,0
2022-01-01 21:52:00,149135719704,-39696657771426893722,194015.0,194021.0,194011.0,194021.0,252122517955,27446250000000000000,8753568535189275493,3753.6768287300013143228682373370920,3751.4254106947387312961807416638621,252122.517955,27.44625
2022-01-01 21:53:00,-40438988266,10779978151673457942,194017.0,194017.0,194017.0,194017.0,0,10779978151673457942,8753568535189275493,3752.9262059595473452583431161304305,3753.6768287300013143228682373370920,0,10.779978151673457942
2022-01-01 21:54:00,-98221356651,26196264767360540801,194020.0,194016.0,194016.0,194021.0,23228962989,32385239276074232741,6927245841434033952,3751.8005532358082051693103597380302,3752.9262059595473452583431161304305,23228.962989,32.385239276074232741
2022-01-01 21:55:00,1600470643,-422006645527941297,194020.0,194021.0,194020.0,194021.0,18123174176,4406724895323661358,6927245841434033952,3751.8005532358082051693103597380302,3751.8005532358082051693103597380302,18123.174176,4.406724895323661358
2022-01-01 21:56:00,-318673193471,85083361651764088440,194035.0,194041.0,194035.0,194041.0,115942242696,116028509013581459087,7153303336394311741,3746.1773520165416144863510204073844,3751.8005532358082051693103597380302,115942.242696,116.028509013581459087
2022-01-01 21:57:00,45631747601,-12174627693908192384,194033.0,194034.0,194033.0,194034.0,45631747601,0,7153303336394311741,3746.9266249487184429746644354749744,3746.1773520165416144863510204073844,45631.747601,0
2022-01-01 21:58:00,0,0,194033.0,194033.0,194033.0,194033.0,0,0,7153303336394311741,3746.9266249487184429746644354749744,3746.9266249487184429746644354749744,0,0
2022-01-01 21:59:00,29296838883,-7815109473468666960,194032.0,194033.0,194032.0,194033.0,29296838883,0,7153303336394311741,3747.3013176112133148189619019185230,3746.9266249487184429746644354749744,29296.838883,0
2022-01-01 22:00:00,16954869295,-4522336754043495778,194031.0,194031.0,194031.0,194031.0,16954869295,0,7153303336394311741,3747.6760477429744361504437981087153,3747.3013176112133148189619019185230,16954.869295,0
2022-01-01 22:01:00,-141562056478,37822584530705459182,194038.0,194031.0,194031.0,194040.0,57982323406,53299508778442544453,7153303336394311741,3745.0537235441216179537722285077101,3747.6760477429744361504437981087153,57982.323406,53.299508778442544453
2022-01-01 22:02:00,9228871816,-2463043066809027472,194037.0,194037.0,194037.0,194037.0,9228871816,0,7153303336394311741,3745.4282289164760301155676057305591,3745.0537235441216179537722285077101,9228.871816,0
2022-01-01 22:03:00,38247624084,-10201183933338868387,194036.0,194038.0,194036.0,194038.0,58500000000,5410591126156869781,7153303336394311741,3745.8027717393676777185791624911351,3745.4282289164760301155676057305591,58500,5.410591126156869781
2022-01-01 22:04:00,-334327156865,89363776115905456049,194049.0,194036.0,194035.0,194049.0,13477556207,92959971070608463180,8700816982518142940,3740.9366351129700258044187028313054,3745.8027717393676777185791624911351,13477.556207,92.95997107060846318
2022-01-01 22:05:00,199778892853,-53358229868857290381,194041.0,194044.0,194041.0,194044.0,199778892853,0,8700816982518142940,3743.9304320928368736744708401478638,3740.9366351129700258044187028313054,199778.892853,0
2022-01-01 22:06:00,215462052239,-57499082727408044263,194032.0,194036.0,194032.0,194036.0,215462052239,0,7153303336394311741,3747.3013176112133148189619019185230,3743.9304320928368736744708401478638,215462.052239,0
2022-01-01 22:07:00,0,0,194032.0,194032.0,194032.0,194032.0,0,0,7153303336394311741,3747.3013176112133148189619019185230,3747.3013176112133148189619019185230,0,0
2022-01-01 22:08:00,-168473913172,45000000000000000000,194040.0,194040.0,194040.0,194040.0,0,45000000000000000000,8700816982518142940,3744.3048251360461573618382872318793,3747.3013176112133148189619019185230,0,45
2022-01-01 22:09:00,0,0,194040.0,194040.0,194040.0,194040.0,0,0,8700816982518142940,3744.3048251360461573618382872318793,3744.3048251360461573618382872318793,0,0
2022-01-01 22:10:00,0,0,194040.0,194040.0,194040.0,194040.0,0,0,8700816982518142940,3744.3048251360461573618382872318793,3744.3048251360461573618382872318793,0,0
2022-01-01 22:11:00,-145882777104,38996648041556228739,194045.0,194046.0,194045.0,194046.0,19294493146,44150115712928992396,8700816982518142940,3742.4332342381774412270574099777758,3744.3048251360461573618382872318793,19294.493146,44.150115712928992396
2022-01-01 22:12:00,57604906401,-15383775915661363399,194043.0,194043.0,194043.0,194043.0,57604906401,0,8700816982518142940,3743.1817583093574190970772337303480,3742.4332342381774412270574099777758,57604.906401,0
2022-01-01 22:13:00,40530161729,-10819870084193930496,194041.0,194042.0,194041.0,194043.0,47965271129,1987304586340365595,8700816982518142940,3743.9304320928368736744708401478638,3743.1817583093574190970772337303480,47965.271129,1.987304586340365595
2022-01-01 22:14:00,46837117542,-12503810225766225320,194040.0,194041.0,194040.0,194041.0,46837117542,0,8700816982518142940,3744.3048251360461573618382872318793,3743.9304320928368736744708401478638,46837.117542,0
2022-01-01 22:15:00,-55456458831,14819918044366851738,194042.0,194042.0,194042.0,194042.0,0,14819918044366851738,8700816982518142940,3743.5560764851883548389869414537188,3744.3048251360461573618382872318793,0,14.819918044366851738
2022-01-01 22:16:00,243319405854,-64931183429911305757,194031.0,194034.0,194031.0,194034.0,245793571402,660545575604355862,7153303336394311741,3747.6760477429744361504437981087153,3743.5560764851883548389869414537188,245793.571402,0.660545575604355862
2022-01-01 22:17:00,9107178786,-2428369259198006919,194031.0,194031.0,194031.0,194031.0,11248278858,571630740801993081,7153303336394311741,3747.6760477429744361504437981087153,3747.6760477429744361504437981087153,11248.278858,0.571630740801993081
2022-01-01 22:18:00,0,0,194031.0,194031.0,194031.0,194031.0,0,0,7153303336394311741,3747.6760477429744361504437981087153,3747.6760477429744361504437981087153,0,0
2022-01-01 22:19:00,0,0,194031.0,194031.0,194031.0,194031.0,0,0,7153303336394311741,3747.6760477429744361504437981087153,3747.6760477429744361504437981087153,0,0
2022-01-01 22:20:00,0,0,194031.0,194031.0,194031.0,194031.0,0,0,7153303336394311741,3747.6760477429744361504437981087153,3747.6760477429744361504437981087153,0,0
2022-01-01 22:21:00,-11365977682,3034425676915519432,194031.0,194031.0,194031.0,194031.0,0,3034425676915519432,7153303336394311741,3747.6760477429744361504437981087153,3747.6760477429744361504437981087153,0,3.034425676915519432
2022-01-01 22:22:00,-1956413092,523289111492685971,194031.0,194031.0,194031.0,194031.0,3600000000,1483477673883821020,7153303336394311741,3747.6760477429744361504437981087153,3747.6760477429744361504437981087153,3600,1.48347767388382102
2022-01-01 22:23:00,-2514695776,674268812719645995,194031.0,194032.0,194031.0,194032.0,10797171852,3554119498667829788,7153303336394311741,3747.6760477429744361504437981087153,3747.6760477429744361504437981087153,10797.171852,3.554119498667829788
2022-01-01 22:24:00,-112186518292,29960000000000000000,194036.0,194036.0,194036.0,194036.0,0,29960000000000000000,7153303336394311741,3745.8027717393676777185791624911351,3747.6760477429744361504437981087153,0,29.96
2022-01-01 22:25:00,19598579331,-5194887125673029628,194036.0,194030.0,194030.0,194036.0,150270046586,34894931636868083856,7153303336394311741,3745.8027717393676777185791624911351,3745.8027717393676777185791624911351,150270.046586,34.894931636868083856
2022-01-01 22:26:00,0,0,194036.0,194036.0,194036.0,194036.0,0,0,7153303336394311741,3745.8027717393676777185791624911351,3745.8027717393676777185791624911351,0,0
2022-01-01 22:27:00,397531475048,-105960821430455154728,194018.0,194021.0,194018.0,194024.0,464157206988,17772941923235805162,8988588557232275345,3752.5509508644608991684262735030845,3745.8027717393676777185791624911351,464157.206988,17.772941923235805162
2022-01-01 22:28:00,0,0,194018.0,194018.0,194018.0,194018.0,0,0,8988588557232275345,3752.5509508644608991684262735030845,3752.5509508644608991684262735030845,0,0
2022-01-01 22:29:00,24000000000,-6392384240735502462,194017.0,194017.0,194017.0,194017.0,24000000000,0,8988588557232275345,3752.9262059595473452583431161304305,3752.5509508644608991684262735030845,24000,0
2022-01-01 22:30:00,-59242100747,15798500552504275791,194019.0,194018.0,194018.0,194019.0,9766834428,18400000000000000000,8988588557232275345,3752.1757332911317859898272907740055,3752.9262059595473452583431161304305,9766.834428,18.4
2022-01-01 22:31:00,244131189718,-65004769173838905693,194010.0,194019.0,194010.0,194019.0,250755018138,1765401200037967815,8988588557232275345,3755.5540425495878331434122501737686,3752.1757332911317859898272907740055,250755.018138,1.765401200037967815
2022-01-01 22:32:00,189612007447,-50448512989582267512,194003.0,194009.0,194003.0,194009.0,193706509344,1090788681980524451,8988588557232275345,3758.1837191771790167571347347721645,3755.5540425495878331434122501737686,193706.509344,1.090788681980524451
2022-01-01 22:33:00,0,0,194003.0,194003.0,194003.0,194003.0,0,0,8988588557232275345,3758.1837191771790167571347347721645,3758.1837191771790167571347347721645,0,0
2022-01-01 22:34:00,-54968912108,14636505337925420830,194005.0,194005.0,194005.0,194005.0,0,14636505337925420830,8988588557232275345,3757.4321951638243002588399641909240,3758.1837191771790167571347347721645,0,14.63650533792542083
2022-01-01 22:35:00,67643288583,-17913208858018448471,194003.0,194005.0,194003.0,194016.0,366846656194,79718331214498725935,8988588557232275345,3758.1837191771790167571347347721645,3757.4321951638243002588399641909240,366846.656194,79.718331214498725935
2022-01-01 22:36:00,221635587908,-58920410243851154400,193995.0,193995.0,193994.0,193995.0,232871246100,2988806889810753830,8991420218383686750,3761.1913186544467272453095146391682,3758.1837191771790167571347347721645,232871.2461,2.98880688981075383
2022-01-01 22:37:00,-56164094869,14942084458582548400,193997.0,193996.0,193996.0,193997.0,0,14942084458582548400,8991420218383686750,3760.4391932114125126286586566212548,3761.1913186544467272453095146391682,0,14.9420844585825484
2022-01-01 22:38:00,0,0,193997.0,193997.0,193997.0,193997.0,0,0,8991420218383686750,3760.4391932114125126286586566212548,3760.4391932114125126286586566212548,0,0
2022-01-01 22:39:00,0,0,193997.0,193997.0,193997.0,193997.0,0,0,8991420218383686750,3760.4391932114125126286586566212548,3760.4391932114125126286586566212548,0,0
2022-01-01 22:40:00,149928416315,-39840812835421786228,193991.0,193991.0,193991.0,193991.0,149928416315,0,8991420218383686750,3762.6960208684327665967609255172478,3760.4391932114125126286586566212548,149928.416315,0
2022-01-01 22:41:00,9907430241,-2623331995736942179,193991.0,193991.0,193990.0,193992.0,42365756544,8631038927966306304,8991420218383686750,3762.6960208684327665967609255172478,3762.6960208684327665967609255172478,42365.756544,8.631038927966306304
2022-01-01 22:42:00,5628561954,-1495215079340224781,193991.0,193991.0,193991.0,193991.0,5628561954,0,8991420218383686750,3762.6960208684327665967609255172478,3762.6960208684327665967609255172478,5628.561954,0
2022-01-01 22:43:00,-162270002938,43172703152445948831,193997.0,193989.0,193989.0,193997.0,40000000000,53797736415140171732,8991420218383686750,3760.4391932114125126286586566212548,3762.6960208684327665967609255172478,40000,53.797736415140171732
2022-01-01 22:44:00,-62173157846,16544121666049547389,193999.0,193998.0,193998.0,193999.0,0,16544121666049547389,8991420218383686750,3759.6872181709061496896592278790905,3760.4391932114125126286586566212548,0,16.544121666049547389
2022-01-01 22:45:00,-10026310501,2668325532856124283,193999.0,193999.0,193999.0,193999.0,0,2668325532856124283,8991420218383686750,3759.6872181709061496896592278790905,3759.6872181709061496896592278790905,0,2.668325532856124283
2022-01-01 22:46:00,118901189783,-31605578764515476051,193995.0,193997.0,193995.0,193997.0,118901189783,0,8991420218383686750,3761.1913186544467272453095146391682,3759.6872181709061496896592278790905,118901.189783,0
2022-01-01 22:47:00,31067139366,-8249081410675359799,193994.0,193996.0,193994.0,193996.0,56443219894,6750918589324640201,8991420218383686750,3761.5674377863121719180340455906335,3761.1913186544467272453095146391682,56443.219894,6.750918589324640201
2022-01-01 22:48:00,23922391709,-6353541139255513532,193993.0,193993.0,193993.0,193993.0,35202100000,3000000000000000000,8991420218383686750,3761.9435945300908031352258489951911,3761.5674377863121719180340455906335,35202.1,3
2022-01-01 22:49:00,171254357411,-45450272991526964847,193987.0,193994.0,193986.0,193994.0,316121155264,38518936684794698101,8993196154338520273,3764.2013250535925521624414436027727,3761.9435945300908031352258489951911,316121.155264,38.518936684794698101
2022-01-01 22:50:00,-52717345058,14013848035737621776,193989.0,193989.0,193989.0,193989.0,0,14013848035737621776,8993196154338520273,3763.4485976995666618344079436699585,3764.2013250535925521624414436027727,0,14.013848035737621776
2022-01-01 22:51:00,0,0,193989.0,193989.0,193989.0,193989.0,0,0,8993196154338520273,3763.4485976995666618344079436699585,3763.4485976995666618344079436699585,0,0
2022-01-01 22:52:00,-679688816485,180921853794995423419,194013.0,194009.0,194009.0,194013.0,0,180921853794995423419,8988588557232275345,3754.4276016325156018857459542132428,3763.4485976995666618344079436699585,0,180.921853794995423419
2022-01-01 22:53:00,-165037747436,44004368420061190878,194019.0,194019.0,194019.0,194021.0,25009757221,50667471736262232169,8988588557232275345,3752.1757332911317859898272907740055,3754.4276016325156018857459542132428,25009.757221,50.667471736262232169
2022-01-01 22:54:00,542275026250,-144321888705569682512,194000.0,194000.0,194000.0,194000.0,545453046116,845816835365170583,8988588557232275345,3759.3112870422019294967095569233935,3752.1757332911317859898272907740055,545453.046116,0.845816835365170583
2022-01-01 22:55:00,-15988697295,4255473614453866005,194000.0,194000.0,194000.0,194000.0,0,4255473614453866005,8988588557232275345,3759.3112870422019294967095569233935,3759.3112870422019294967095569233935,0,4.255473614453866005
2022-01-01 22:56:00,106383544171,-28281582218718102539,193997.0,193998.0,193997.0,193998.0,106383544171,0,8991420218383686750,3760.4391932114125126286586566212548,3759.3112870422019294967095569233935,106383.544171,0
2022-01-01 22:57:00,22784096306,-6055630355472764815,193996.0,193996.0,193996.0,193996.0,22784096306,0,8991420218383686750,3760.8152371307336538799215224869178,3760.4391932114125126286586566212548,22784.096306,0
2022-01-01 22:58:00,0,0,193996.0,193996.0,193996.0,193996.0,0,0,8991420218383686750,3760.8152371307336538799215224869178,3760.8152371307336538799215224869178,0,0
2022-01-01 22:59:00,-19169512188,5100000000000000000,193996.0,193996.0,193996.0,193996.0,0,5100000000000000000,8991420218383686750,3760.8152371307336538799215224869178,3760.8152371307336538799215224869178,0,5.1
2022-01-01 23:00:00,-66650475303,17736476398667001834,193999.0,193997.0,193997.0,193999.0,5738272317,19261734451728535433,8991420218383686750,3759.6872181709061496896592278790905,3760.8152371307336538799215224869178,5738.272317,19.261734451728535433
2022-01-01 23:01:00,-356959077235,95055885844765786231,194012.0,194011.0,194011.0,194012.0,0,95055885844765786231,8988588557232275345,3754.8030443926788534459345288086622,3759.6872181709061496896592278790905,0,95.055885844765786231
2022-01-01 23:02:00,0,0,194012.0,194012.0,194012.0,194012.0,0,0,8988588557232275345,3754.8030443926788534459345288086622,3754.8030443926788534459345288086622,0,0
2022-01-01 23:03:00,1179895512,-314087152606817251,194012.0,194012.0,194012.0,194012.0,1179895512,0,8988588557232275345,3754.8030443926788534459345288086622,3754.8030443926788534459345288086622,1179.895512,0
2022-01-01 23:04:00,-330868630460,88219579868243920976,194025.0,194025.0,194025.0,194025.0,0,88219579868243920976,7162265863477033804,3749.9252155979865249520949006794390,3754.8030443926788534459345288086622,0,88.219579868243920976
2022-01-01 23:05:00,-96026276989,25629768180522801610,194029.0,194024.0,194024.0,194029.0,11143147768,28599952056880542952,7162265863477033804,3748.4256204292835084674182483727765,3749.9252155979865249520949006794390,11143.147768,28.599952056880542952
2022-01-01 23:06:00,-359938684,108980354849250575,194029.0,194029.0,194027.0,194029.0,48347076468,13000000000000000000,7162265863477033804,3748.4256204292835084674182483727765,3748.4256204292835084674182483727765,48347.076468,13
2022-01-01 23:07:00,18422686085,-4912475376396604819,194028.0,194029.0,194028.0,194029.0,18422686085,0,7162265863477033804,3748.8004629913264368182649901976100,3748.4256204292835084674182483727765,18422.686085,0
2022-01-01 23:08:00,0,0,194028.0,194028.0,194028.0,194028.0,0,0,7162265863477033804,3748.8004629913264368182649901976100,3748.8004629913264368182649901976100,0,0
2022-01-01 23:09:00,-3880110861,1062334357804111286,194029.0,194029.0,194029.0,194033.0,100000000000,27733135594702480992,7162265863477033804,3748.4256204292835084674182483727765,3748.8004629913264368182649901976100,100000,27.733135594702480992
2022-01-01 23:10:00,0,0,194029.0,194029.0,194029.0,194029.0,0,0,7162265863477033804,3748.4256204292835084674182483727765,3748.4256204292835084674182483727765,0,0
2022-01-01 23:11:00,-5833895844,1557169306032074986,194029.0,194029.0,194029.0,194029.0,0,1557169306032074986,7162265863477033804,3748.4256204292835084674182483727765,3748.4256204292835084674182483727765,0,1.557169306032074986
2022-01-01 23:12:00,-91237204761,24385841534973266047,194033.0,194029.0,194029.0,194038.0,103492073042,52000000000000000000,7153303336394311741,3746.9266249487184429746644354749744,3748.4256204292835084674182483727765,103492.073042,52
2022-01-01 23:13:00,61899320899,-16509441075645603464,194030.0,194033.0,194030.0,194033.0,64993850231,826345471416088685,7153303336394311741,3748.0508153477487335940588424885263,3746.9266249487184429746644354749744,64993.850231,0.826345471416088685
2022-01-01 23:14:00,-16093094370,4296855377966910512,194031.0,194031.0,194031.0,194031.0,2000000000,4830277174572123509,7153303336394311741,3747.6760477429744361504437981087153,3748.0508153477487335940588424885263,2000,4.830277174572123509
2022-01-01 23:15:00,0,0,194031.0,194031.0,194031.0,194031.0,0,0,7153303336394311741,3747.6760477429744361504437981087153,3747.6760477429744361504437981087153,0,0
2022-01-01 23:16:00,139826090789,-37281082868669240175,194025.0,194025.0,194025.0,194025.0,139826090789,0,7162265863477033804,3749.9252155979865249520949006794390,3747.6760477429744361504437981087153,139826.090789,0
2022-01-01 23:17:00,22043314824,-5875123125623663728,194024.0,194024.0,194024.0,194024.0,22043314824,0,7162265863477033804,3750.3002081195463236045901101695065,3749.9252155979865249520949006794390,22043.314824,0
2022-01-01 23:18:00,82725532565,-22027529819958136764,194020.0,194019.0,194019.0,194021.0,141752155884,15741258844939623615,7162265863477033804,3751.8005532358082051693103597380302,3750.3002081195463236045901101695065,141752.155884,15.741258844939623615
2022-01-01 23:19:00,-1874904526,500000000000000000,194020.0,194020.0,194020.0,194020.0,0,500000000000000000,7162265863477033804,3751.8005532358082051693103597380302,3751.8005532358082051693103597380302,0,0.5
2022-01-01 23:20:00,4000000000,-1065649371770336943,194020.0,194020.0,194020.0,194020.0,4000000000,0,7162265863477033804,3751.8005532358082051693103597380302,3751.8005532358082051693103597380302,4000,0
2022-01-01 23:21:00,0,0,194020.0,194020.0,194020.0,194020.0,0,0,7162265863477033804,3751.8005532358082051693103597380302,3751.8005532358082051693103597380302,0,0
2022-01-01 23:22:00,1395632791,-371809230877237982,194020.0,194020.0,194020.0,194020.0,1395632791,0,7162265863477033804,3751.8005532358082051693103597380302,3751.8005532358082051693103597380302,1395.632791,0
2022-01-01 23:23:00,3800000000,-1012342748877678541,194019.0,194019.0,194019.0,194019.0,3800000000,0,8988588557232275345,3752.1757332911317859898272907740055,3751.8005532358082051693103597380302,3800,0
2022-01-01 23:24:00,189466133056,-50457176162873878213,194013.0,194013.0,194013.0,194013.0,189466133056,0,8988588557232275345,3754.4276016325156018857459542132428,3752.1757332911317859898272907740055,189466.133056,0
2022-01-01 23:25:00,-78791752260,21000000000000000000,194015.0,194015.0,194015.0,194015.0,0,21000000000000000000,8988588557232275345,3753.6768287300013143228682373370920,3754.4276016325156018857459542132428,0,21
2022-01-01 23:26:00,47048002937,-12527672071794179924,194014.0,194014.0,194014.0,194014.0,47048002937,0,8988588557232275345,3754.0521964128743144543005241608252,3753.6768287300013143228682373370920,47048.002937,0
2022-01-01 23:27:00,-1890644769,503892541918303842,194014.0,194014.0,194014.0,194014.0,0,503892541918303842,8988588557232275345,3754.0521964128743144543005241608252,3754.0521964128743144543005241608252,0,0.503892541918303842
2022-01-01 23:28:00,0,0,194014.0,194014.0,194014.0,194014.0,0,0,8988588557232275345,3754.0521964128743144543005241608252,3754.0521964128743144543005241608252,0,0
2022-01-01 23:29:00,-56951557890,15391267405085481950,194016.0,194014.0,194013.0,194049.0,790992870586,226385862705795301376,8988588557232275345,3753.3014985801432999928689504420469,3754.0521964128743144543005241608252,790992.870586,226.385862705795301376
2022-01-01 23:30:00,-28432654587,7587518598483801380,194017.0,194015.0,194015.0,194017.0,28828769416,15264472127576997888,8988588557232275345,3752.9262059595473452583431161304305,3753.3014985801432999928689504420469,28828.769416,15.264472127576997888
2022-01-01 23:31:00,-97399228665,25974867562563325914,194021.0,194018.0,194018.0,194021.0,12292282152,29249102237127945376,7162265863477033804,3751.4254106947387312961807416638621,3752.9262059595473452583431161304305,12292.282152,29.249102237127945376
2022-01-01 23:32:00,1201037710,-320000000000000000,194021.0,194021.0,194021.0,194021.0,1201037710,0,7162265863477033804,3751.4254106947387312961807416638621,3751.4254106947387312961807416638621,1201.03771,0
2022-01-01 23:33:00,112163928891,-29851112160854423650,194016.0,194014.0,194013.0,194016.0,212163928891,26654007470651626360,8988588557232275345,3753.3014985801432999928689504420469,3751.4254106947387312961807416638621,212163.928891,26.65400747065162636
2022-01-01 23:34:00,58352270139,-15512661503925497228,194014.0,194011.0,194011.0,194014.0,156411446167,26131374917056636081,8988588557232275345,3754.0521964128743144543005241608252,3753.3014985801432999928689504420469,156411.446167,26.131374917056636081
2022-01-01 23:35:00,329458019944,-87670596624258347864,194002.0,194003.0,194002.0,194003.0,329458019944,0,8988588557232275345,3758.5595375490967346588104482456441,3754.0521964128743144543005241608252,329458.019944,0
2022-01-01 23:36:00,6667564151,-1772023017789369246,194002.0,194002.0,194002.0,194002.0,11067025780,1171154639650515827,8988588557232275345,3758.5595375490967346588104482456441,3758.5595375490967346588104482456441,11067.02578,1.171154639650515827
2022-01-01 23:37:00,0,0,194002.0,194002.0,194002.0,194002.0,0,0,8988588557232275345,3758.5595375490967346588104482456441,3758.5595375490967346588104482456441,0,0
2022-01-01 23:38:00,250626533186,-66620398467082607894,193993.0,194002.0,193993.0,194002.0,254229853284,958348603302438912,8991420218383686750,3761.9435945300908031352258489951911,3758.5595375490967346588104482456441,254229.853284,0.958348603302438912
2022-01-01 23:39:00,-51990872714,13829024972194429456,193995.0,193993.0,193993.0,193995.0,0,13829024972194429456,8991420218383686750,3761.1913186544467272453095146391682,3761.9435945300908031352258489951911,0,13.829024972194429456
2022-01-01 23:40:00,-7034440943,1871287545582507328,193995.0,193995.0,193995.0,193995.0,0,1871287545582507328,8991420218383686750,3761.1913186544467272453095146391682,3761.1913186544467272453095146391682,0,1.871287545582507328
2022-01-01 23:41:00,5995906329,-1592127432572985269,193995.0,193995.0,193995.0,193995.0,10882688986,1300000000000000000,8991420218383686750,3761.1913186544467272453095146391682,3761.1913186544467272453095146391682,10882.688986,1.3
2022-01-01 23:42:00,106406163985,-28271944038101532349,193991.0,193991.0,193991.0,193991.0,106406163985,0,8991420218383686750,3762.6960208684327665967609255172478,3761.1913186544467272453095146391682,106406.163985,0
2022-01-01 23:43:00,0,0,193991.0,193991.0,193991.0,193991.0,0,0,8991420218383686750,3762.6960208684327665967609255172478,3762.6960208684327665967609255172478,0,0
2022-01-01 23:44:00,0,0,193991.0,193991.0,193991.0,193991.0,0,0,8991420218383686750,3762.6960208684327665967609255172478,3762.6960208684327665967609255172478,0,0
2022-01-01 23:45:00,8177705389,-2172351786082385598,193991.0,193991.0,193991.0,193991.0,8177705389,0,8991420218383686750,3762.6960208684327665967609255172478,3762.6960208684327665967609255172478,8177.705389,0
2022-01-01 23:46:00,0,0,193991.0,193991.0,193991.0,193991.0,0,0,8991420218383686750,3762.6960208684327665967609255172478,3762.6960208684327665967609255172478,0,0
2022-01-01 23:47:00,10762857483,-2857960965208026637,193990.0,193990.0,193990.0,193990.0,14602749770,1021000000000000000,8991420218383686750,3763.0722904705196098734206016098014,3762.6960208684327665967609255172478,14602.74977,1.021
2022-01-01 23:48:00,5216451259,-1385627100148651273,193990.0,193990.0,193990.0,193990.0,5216451259,0,8991420218383686750,3763.0722904705196098734206016098014,3763.0722904705196098734206016098014,5216.451259,0
2022-01-01 23:49:00,31278671610,-8307891098515599348,193989.0,193990.0,193989.0,193990.0,31278671610,0,8993196154338520273,3763.4485976995666618344079436699585,3763.0722904705196098734206016098014,31278.67161,0
2022-01-01 23:50:00,-32600111232,8667563506478515999,193990.0,193990.0,193990.0,193990.0,0,8667563506478515999,8991420218383686750,3763.0722904705196098734206016098014,3763.4485976995666618344079436699585,0,8.667563506478515999
2022-01-01 23:51:00,-439680477129,117000351083365580863,194006.0,193994.0,193994.0,194006.0,0,117000351083365580863,8988588557232275345,3757.0564895148728129775422099699325,3763.0722904705196098734206016098014,0,117.000351083365580863
2022-01-01 23:52:00,-3629095753,966490718625535623,194006.0,194006.0,194006.0,194006.0,0,966490718625535623,8988588557232275345,3757.0564895148728129775422099699325,3757.0564895148728129775422099699325,0,0.966490718625535623
2022-01-01 23:53:00,400787409212,-106552560208972543655,193992.0,193993.0,193992.0,193993.0,402876353102,555582170388344611,8991420218383686750,3762.3197888895438122155393715800911,3757.0564895148728129775422099699325,402876.353102,0.555582170388344611
2022-01-01 23:54:00,1340709266782,-355652068697747527115,193969.0,193991.0,193969.0,193991.0,1375150330526,9138025797791892672,30858522293142091775,3770.9826497394568001887967134539027,3762.3197888895438122155393715800911,1375150.330526,9.138025797791892672
2022-01-01 23:55:00,-64231695634,17045895840643301879,193970.0,193969.0,193969.0,193970.0,10653709658,19869944616965033788,31087554658478370619,3770.6055891805387463141652969242134,3770.9826497394568001887967134539027,10653.709658,19.869944616965033788
2022-01-01 23:56:00,537096280,-142374013627543361,193970.0,193970.0,193970.0,193970.0,537096280,0,31087554658478370619,3770.6055891805387463141652969242134,3770.6055891805387463141652969242134,537.09628,0
2022-01-01 23:57:00,-85976853935,22814658672192271156,193971.0,193971.0,193971.0,193971.0,0,22814658672192271156,31087554658478370619,3770.2285663239063556785974371804942,3770.6055891805387463141652969242134,0,22.814658672192271156
2022-01-01 23:58:00,5310088381,-1407576018449795287,193971.0,193970.0,193970.0,193971.0,5875340000,150000000000000000,31087554658478370619,3770.2285663239063556785974371804942,3770.2285663239063556785974371804942,5875.34,0.15
2022-01-01 23:59:00,-375093884445,99564925994518978556,193974.0,193971.0,193971.0,193974.0,27183733831,106774109340895450799,31087554658478370619,3769.0977239300265320942431748686444,3770.2285663239063556785974371804942,27183.733831,106.774109340895450799
2022-01-02 00:00:00,0,0,193974.0,193974.0,193974.0,193974.0,0,0,31087554658478370619,3769.0977239300265320942431748686444,3769.0977239300265320942431748686444,0,0
2022-01-02 00:01:00,43051315009,-11357353838704250853,193974.0,193977.0,193974.0,193977.0,268818256737,59942107010664610563,31087554658478370619,3769.0977239300265320942431748686444,3769.0977239300265320942431748686444,268818.256737,59.942107010664610563
2022-01-02 00:02:00,-95048244821,25386731410083178701,193975.0,193974.0,193974.0,193982.0,579657720795,179161185731959140409,31087554658478370619,3768.7208518448420478894542294457024,3769.0977239300265320942431748686444,579657.720795,179.161185731959140409
2022-01-02 00:03:00,-198446895885,52696230515649048630,193977.0,193975.0,193975.0,193977.0,21000000000,58266104021344010468,31088387190211663043,3767.9672207210256355520874564335379,3768.7208518448420478894542294457024,21000,58.266104021344010468
2022-01-02 00:04:00,1000000000,-265277142601254283,193977.0,193977.0,193977.0,193977.0,1000000000,0,31088387190211663043,3767.9672207210256355520874564335379,3767.9672207210256355520874564335379,1000,0
2022-01-02 00:05:00,-23327571396,6198441352065311508,193977.0,193977.0,193977.0,193977.0,14707016146,10100000000000000000,31088387190211663043,3767.9672207210256355520874564335379,3767.9672207210256355520874564335379,14707.016146,10.1
2022-01-02 00:06:00,-5448724738,1447836587934652284,193977.0,193977.0,193977.0,193977.0,3500000000,2376328205632989866,31088387190211663043,3767.9672207210256355520874564335379,3767.9672207210256355520874564335379,3500,2.376328205632989866
2022-01-02 00:07:00,-521950040888,138690172439123396574,193991.0,193991.0,193991.0,193993.0,51736963955,152435156778022536827,8992252750116979174,3762.6960208684327665967609255172478,3767.9672207210256355520874564335379,51736.963955,152.435156778022536827
2022-01-02 00:08:00,198688378726,-52761596196894724188,193984.0,193986.0,193984.0,193986.0,200203563760,402718401620417219,8994028686071812697,3765.3306983809125828609203334612615,3762.6960208684327665967609255172478,200203.56376,0.402718401620417219
2022-01-02 00:09:00,-294785848002,78382490253466227952,193994.0,193984.0,193983.0,193994.0,36330491748,88026418717420777866,8992252750116979174,3761.5674377863121719180340455906335,3765.3306983809125828609203334612615,36330.491748,88.026418717420777866
2022-01-02 00:10:00,0,0,193994.0,193994.0,193994.0,193994.0,0,0,8992252750116979174,3761.5674377863121719180340455906335,3761.5674377863121719180340455906335,0,0
2022-01-02 00:11:00,0,0,193994.0,193994.0,193994.0,193994.0,0,0,8992252750116979174,3761.5674377863121719180340455906335,3761.5674377863121719180340455906335,0,0
2022-01-02 00:12:00,-14749129824,3924389059499301662,193995.0,193995.0,193995.0,193995.0,3500000000,4854534042575272757,8992252750116979174,3761.1913186544467272453095146391682,3761.5674377863121719180340455906335,3500,4.854534042575272757
2022-01-02 00:13:00,-246959479650,65776101391843978794,194004.0,193994.0,193991.0,194004.0,189855997987,116221239957049214450,8989421088965567769,3757.8079383833406826888658481873451,3761.1913186544467272453095146391682,189855.997987,116.22123995704921445
2022-01-02 00:14:00,-91175902551,24282498022410087976,194007.0,194004.0,194004.0,194007.0,7958913452,26400000000000000000,8989421088965567769,3756.6808214327295400235398559843308,3757.8079383833406826888658481873451,7958.913452,26.4
2022-01-02 00:15:00,-1031585089,274759759191015563,194007.0,194007.0,194007.0,194007.0,0,274759759191015563,8989421088965567769,3756.6808214327295400235398559843308,3756.6808214327295400235398559843308,0,0.274759759191015563
2022-01-02 00:16:00,133887211403,-35615395816845371786,194002.0,194002.0,194002.0,194002.0,137070054645,847326294543364857,8989421088965567769,3758.5595375490967346588104482456441,3756.6808214327295400235398559843308,137070.054645,0.847326294543364857
2022-01-02 00:17:00,0,0,194002.0,194002.0,194002.0,194002.0,0,0,8989421088965567769,3758.5595375490967346588104482456441,3758.5595375490967346588104482456441,0,0
2022-01-02 00:18:00,2632064782,-700000000000000000,194002.0,194002.0,194002.0,194002.0,2632064782,0,8989421088965567769,3758.5595375490967346588104482456441,3758.5595375490967346588104482456441,2632.064782,0
2022-01-02 00:19:00,-214513721334,57141980726735605685,194010.0,194002.0,194001.0,194010.0,48094077458,69932720000000000000,8989421088965567769,3755.5540425495878331434122501737686,3758.5595375490967346588104482456441,48094.077458,69.93272
2022-01-02 00:20:00,-47846652796,12748564453089218663,194012.0,194011.0,194011.0,194012.0,0,12748564453089218663,8989421088965567769,3754.8030443926788534459345288086622,3755.5540425495878331434122501737686,0,12.748564453089218663
2022-01-02 00:21:00,0,0,194012.0,194012.0,194012.0,194012.0,0,0,8989421088965567769,3754.8030443926788534459345288086622,3754.8030443926788534459345288086622,0,0
2022-01-02 00:22:00,48719470208,-12960555496075471283,194010.0,194012.0,194010.0,194012.0,77138509936,7572499330682986808,8989421088965567769,3755.5540425495878331434122501737686,3754.8030443926788534459345288086622,77138.509936,7.572499330682986808
2022-01-02 00:23:00,469866815868,-124825933383554161685,193993.0,194009.0,193979.0,194010.0,941748294363,125410023582609753199,8992252750116979174,3761.9435945300908031352258489951911,3755.5540425495878331434122501737686,941748.294363,125.410023582609753199
2022-01-02 00:24:00,-24788353678,6597146292043930362,193994.0,193993.0,193993.0,193994.0,14730611841,10511010579137602772,8992252750116979174,3761.5674377863121719180340455906335,3761.9435945300908031352258489951911,14730.611841,10.511010579137602772
2022-01-02 00:25:00,-38847485832,10394085297887015883,193995.0,193995.0,193995.0,194003.0,226311276626,70563145576209696935,8992252750116979174,3761.1913186544467272453095146391682,3761.5674377863121719180340455906335,226311.276626,70.563145576209696935
2022-01-02 00:26:00,-39964169644,10633028478889425275,193997.0,193997.0,193997.0,193997.0,2146345050,11203526272228151690,8992252750116979174,3760.4391932114125126286586566212548,3761.1913186544467272453095146391682,2146.34505,11.20352627222815169
2022-01-02 00:27:00,-393153514120,105063895274251887930,194011.0,194045.0,194002.0,194059.0,1437367979737,488418883477060931136,8989421088965567769,3755.1785246971181213312791222615424,3760.4391932114125126286586566212548,1437367.979737,488.418883477060931136
2022-01-02 00:28:00,288259971967,-76614350865341557979,194001.0,194011.0,193992.0,194011.0,572088786541,75524820827466032292,8989421088965567769,3758.9353935028516443322763292904667,3755.1785246971181213312791222615424,572088.786541,75.524820827466032292
2022-01-02 00:29:00,221809332901,-58956537894213445545,193993.0,194000.0,193993.0,194000.0,221809332901,0,8992252750116979174,3761.9435945300908031352258489951911,3758.9353935028516443322763292904667,221809.332901,0
2022-01-02 00:30:00,14593237662,-3875572596298194368,193992.0,193993.0,193992.0,193993.0,20697713132,1623496768512351716,8992252750116979174,3762.3197888895438122155393715800911,3761.9435945300908031352258489951911,20697.713132,1.623496768512351716
2022-01-02 00:31:00,-121080895359,32610021435420120258,193997.0,194042.0,193997.0,194056.0,1510237597129,435200282536790982656,8992252750116979174,3760.4391932114125126286586566212548,3762.3197888895438122155393715800911,1510237.597129,435.200282536790982656
2022-01-02 00:32:00,-233643915560,62950871428981616278,194005.0,193982.0,193970.0,194061.0,2858549929115,823440726355412505186,8989421088965567769,3757.4321951638243002588399641909240,3760.4391932114125126286586566212548,2858549.929115,823.440726355412505186
2022-01-02 00:33:00,436432917453,-116004206810975604109,193989.0,193989.0,193989.0,193989.0,453557397229,4552689434503799648,8994028686071812697,3763.4485976995666618344079436699585,3757.4321951638243002588399641909240,453557.397229,4.552689434503799648
2022-01-02 00:34:00,203602518605,-54055325724541684021,193982.0,193984.0,193982.0,193984.0,210264667264,1770219472740657422,8994028686071812697,3766.0838021738957491866183461371541,3763.4485976995666618344079436699585,210264.667264,1.770219472740657422
2022-01-02 00:35:00,0,0,193982.0,193982.0,193982.0,193982.0,0,0,8994028686071812697,3766.0838021738957491866183461371541,3766.0838021738957491866183461371541,0,0
2022-01-02 00:36:00,612559826590,-162395451640059601917,193974.0,193970.0,193970.0,193974.0,1000403089205,102934203991659396300,31088387190211663043,3769.0977239300265320942431748686444,3766.0838021738957491866183461371541,1000403.089205,102.9342039916593963
2022-01-02 00:37:00,650872978921,-172519745387059322297,193967.0,193966.0,193966.0,193967.0,750602522341,26454275529317682112,30859354824875384199,3771.7368839792311889434024746845623,3769.0977239300265320942431748686444,750602.522341,26.454275529317682112
2022-01-02 00:38:00,-459037149329,121827219251698890762,193972.0,193972.0,193972.0,193973.0,102081625000,148893946162279057910,31088387190211663043,3769.8515811657897767009273444460488,3771.7368839792311889434024746845623,102081.625,148.89394616227905791
2022-01-02 00:39:00,50861832767,-13454074840010893957,193971.0,193972.0,193971.0,193973.0,167375238887,30924807618167906316,31088387190211663043,3770.2285663239063556785974371804942,3769.8515811657897767009273444460488,167375.238887,30.924807618167906316
2022-01-02 00:40:00,-442660277519,117504695317335772714,193976.0,193971.0,193971.0,193976.0,2500000000,118167501465504030720,31088387190211663043,3768.3440174430977381156426651791817,3770.2285663239063556785974371804942,2500,118.16750146550403072
2022-01-02 00:41:00,-352926990549,93731715188716157232,193980.0,193976.0,193976.0,193980.0,31168163181,102000000000000000000,8994028686071812697,3766.8370565951685500754131616725666,3768.3440174430977381156426651791817,31168.163181,102
2022-01-02 00:42:00,26217012304,-6953947958844846818,193979.0,193979.0,193979.0,193979.0,35629631314,2500000000000000000,31088387190211663043,3767.2137403008280669304207029887321,3766.8370565951685500754131616725666,35629.631314,2.5
2022-01-02 00:43:00,402658533941,-106802549723851841587,193975.0,193981.0,193975.0,193981.0,459130500000,15000000000000000000,31088387190211663043,3768.7208518448420478894542294457024,3767.2137403008280669304207029887321,459130.5,15
2022-01-02 00:44:00,-411289245172,109219604883207094049,193979.0,193978.0,193978.0,193980.0,10557951079,112021057980779708610,31088387190211663043,3767.2137403008280669304207029887321,3768.7208518448420478894542294457024,10557.951079,112.02105798077970861
2022-01-02 00:45:00,-443707361575,118012214962356756669,193995.0,193979.0,193979.0,194004.0,262147131048,187708994088585359110,8992252750116979174,3761.1913186544467272453095146391682,3767.2137403008280669304207029887321,262147.131048,187.70899408858535911
2022-01-02 00:46:00,120671213595,-32052004122680445243,193991.0,193996.0,193990.0,193996.0,160115400000,10491000000000000000,8992252750116979174,3762.6960208684327665967609255172478,3761.1913186544467272453095146391682,160115.4,10.491
2022-01-02 00:47:00,10424286557,-2660876709780721140,193990.0,193988.0,193988.0,194003.0,417384320372,108266654057855493290,8992252750116979174,3763.0722904705196098734206016098014,3762.6960208684327665967609255172478,417384.320372,108.26665405785549329
2022-01-02 00:48:00,14791296653,-3928955963392848186,193990.0,193990.0,193990.0,193990.0,14791296653,0,8992252750116979174,3763.0722904705196098734206016098014,3763.0722904705196098734206016098014,14791.296653,0
2022-01-02 00:49:00,-2557508130,680005951419641053,193990.0,193990.0,193990.0,193990.0,0,680005951419641053,8992252750116979174,3763.0722904705196098734206016098014,3763.0722904705196098734206016098014,0,0.680005951419641053
2022-01-02 00:50:00,-2513010701,668180844037120277,193990.0,193990.0,193990.0,193990.0,0,668180844037120277,8992252750116979174,3763.0722904705196098734206016098014,3763.0722904705196098734206016098014,0,0.668180844037120277
2022-01-02 00:51:00,0,0,193990.0,193990.0,193990.0,193990.0,0,0,8992252750116979174,3763.0722904705196098734206016098014,3763.0722904705196098734206016098014,0,0
2022-01-02 00:52:00,-375839410440,100000000000000000000,194004.0,194004.0,194004.0,194004.0,0,100000000000000000000,8989421088965567769,3757.8079383833406826888658481873451,3763.0722904705196098734206016098014,0,100
2022-01-02 00:53:00,210688427798,-55978457554096891858,193996.0,193995.0,193991.0,193996.0,362525131466,40385909979255049161,8992252750116979174,3760.8152371307336538799215224869178,3757.8079383833406826888658481873451,362525.131466,40.385909979255049161
2022-01-02 00:54:00,150511533701,-39516720809720854659,193991.0,194041.0,193991.0,194056.0,1937415610692,476724587604522516949,8992252750116979174,3762.6960208684327665967609255172478,3760.8152371307336538799215224869178,1937415.610692,476.724587604522516949
2022-01-02 00:55:00,95000000000,-25231378490460963788,193987.0,193987.0,193987.0,193987.0,95000000000,0,8994028686071812697,3764.2013250535925521624414436027727,3762.6960208684327665967609255172478,95000,0
2022-01-02 00:56:00,-1167839871595,311335412795032044516,194032.0,193987.0,193987.0,194051.0,897329492931,550707836833107108179,7154135868127604165,3747.3013176112133148189619019185230,3764.2013250535925521624414436027727,897329.492931,550.707836833107108179
2022-01-02 00:57:00,1083065116594,-288266934023466837790,193990.0,193990.0,193990.0,193990.0,1096228463921,3500000000000000000,8992252750116979174,3763.0722904705196098734206016098014,3747.3013176112133148189619019185230,1096228.463921,3.5
2022-01-02 00:58:00,8005773061,-2126545304059040530,193990.0,193990.0,193990.0,193990.0,8005773061,0,8992252750116979174,3763.0722904705196098734206016098014,3763.0722904705196098734206016098014,8005.773061,0
2022-01-02 00:59:00,-227445210431,60500000000000000000,193998.0,193992.0,193992.0,193998.0,0,60500000000000000000,8992252750116979174,3760.0631868927232403046281938018737,3763.0722904705196098734206016098014,0,60.5
2022-01-02 01:00:00,-95317000313,25370319096319473235,194002.0,194002.0,194002.0,194002.0,5000000000,26700000000000000000,8989421088965567769,3758.5595375490967346588104482456441,3760.0631868927232403046281938018737,5000,26.7
2022-01-02 01:01:00,-27224947161,7247636317703518884,194003.0,194003.0,194003.0,194003.0,0,7247636317703518884,8989421088965567769,3758.1837191771790167571347347721645,3758.5595375490967346588104482456441,0,7.247636317703518884
2022-01-02 01:02:00,35312108716,-9331011327951606584,194001.0,194000.0,193993.0,194001.0,260805347895,60000000000000000000,8989421088965567769,3758.9353935028516443322763292904667,3758.1837191771790167571347347721645,260805.347895,60
2022-01-02 01:03:00,-39741141490,10579545417033492095,194003.0,194002.0,194002.0,194003.0,0,10579545417033492095,8989421088965567769,3758.1837191771790167571347347721645,3758.9353935028516443322763292904667,0,10.579545417033492095
2022-01-02 01:04:00,-150766129086,40182240454180632392,194008.0,194003.0,193999.0,194008.0,122824922517,72843293163345042729,8989421088965567769,3756.3051909136381762059192640579251,3758.1837191771790167571347347721645,122824.922517,72.843293163345042729
2022-01-02 01:05:00,-229377953017,61192394868211947322,194017.0,194005.0,194000.0,194017.0,248049286337,127171369890868877059,8989421088965567769,3752.9262059595473452583431161304305,3756.3051909136381762059192640579251,248049.286337,127.171369890868877059
2022-01-02 01:06:00,96682380418,-25745088491156081929,194013.0,194013.0,194013.0,194013.0,96682380418,0,8989421088965567769,3754.4276016325156018857459542132428,3752.9262059595473452583431161304305,96682.380418,0
2022-01-02 01:07:00,9653480411,-2570083091136669736,194013.0,194013.0,194013.0,194013.0,9653480411,0,8989421088965567769,3754.4276016325156018857459542132428,3754.4276016325156018857459542132428,9653.480411,0
2022-01-02 01:08:00,62488164586,-16634285936761714282,194011.0,194012.0,194011.0,194012.0,62488164586,0,8989421088965567769,3755.1785246971181213312791222615424,3754.4276016325156018857459542132428,62488.164586,0
2022-01-02 01:09:00,13001000000,-3460378974505381192,194010.0,194010.0,194010.0,194010.0,13001000000,0,8989421088965567769,3755.5540425495878331434122501737686,3755.1785246971181213312791222615424,13001,0
2022-01-02 01:10:00,-30585130770,8150873052162001141,194011.0,194012.0,194011.0,194012.0,6946665075,10000000000000000000,8989421088965567769,3755.1785246971181213312791222615424,3755.5540425495878331434122501737686,6946.665075,10
2022-01-02 01:11:00,4883849898,-1300000000000000000,194011.0,194011.0,194011.0,194011.0,4883849898,0,8989421088965567769,3755.1785246971181213312791222615424,3755.1785246971181213312791222615424,4883.849898,0
2022-01-02 01:12:00,-346977563216,92523693268168560404,194025.0,194009.0,194009.0,194025.0,46875486071,105000000000000000000,7163098395210326228,3749.9252155979865249520949006794390,3755.1785246971181213312791222615424,46875.486071,105
2022-01-02 01:13:00,183492973678,-48882574723924531658,194017.0,194016.0,194016.0,194017.0,208722811528,6726318482852636194,8989421088965567769,3752.9262059595473452583431161304305,3749.9252155979865249520949006794390,208722.811528,6.726318482852636194
2022-01-02 01:14:00,0,0,194017.0,194017.0,194017.0,194017.0,0,0,8989421088965567769,3752.9262059595473452583431161304305,3752.9262059595473452583431161304305,0,0
2022-01-02 01:15:00,-69777427328,18605617017895771275,194020.0,194017.0,194017.0,194020.0,717072424,18796609126880517995,7163098395210326228,3751.8005532358082051693103597380302,3752.9262059595473452583431161304305,717.072424,18.796609126880517995
2022-01-02 01:16:00,-305000000,81335548474774400,194020.0,194020.0,194020.0,194020.0,0,81335548474774400,7163098395210326228,3751.8005532358082051693103597380302,3751.8005532358082051693103597380302,0,0.0813355484747744
2022-01-02 01:17:00,-37346565142,9960210013320100368,194021.0,194021.0,194021.0,194021.0,0,9960210013320100368,7163098395210326228,3751.4254106947387312961807416638621,3751.8005532358082051693103597380302,0,9.960210013320100368
2022-01-02 01:18:00,59156296338,-15760290337756932864,194019.0,194019.0,194019.0,194019.0,59156296338,0,8989421088965567769,3752.1757332911317859898272907740055,3751.4254106947387312961807416638621,59156.296338,0
2022-01-02 01:19:00,0,0,194019.0,194019.0,194019.0,194019.0,0,0,8989421088965567769,3752.1757332911317859898272907740055,3752.1757332911317859898272907740055,0,0
2022-01-02 01:20:00,0,0,194019.0,194019.0,194019.0,194019.0,0,0,8989421088965567769,3752.1757332911317859898272907740055,3752.1757332911317859898272907740055,0,0
2022-01-02 01:21:00,20160031747,-5367913394064830967,194018.0,194018.0,194018.0,194018.0,28565055930,2241023312795850576,8989421088965567769,3752.5509508644608991684262735030845,3752.1757332911317859898272907740055,28565.05593,2.241023312795850576
2022-01-02 01:22:00,-58987268149,15729685754116076062,194020.0,194020.0,194020.0,194020.0,0,15729685754116076062,7163098395210326228,3751.8005532358082051693103597380302,3752.5509508644608991684262735030845,0,15.729685754116076062
2022-01-02 01:23:00,220547500000,-58735585827890832170,194012.0,194020.0,194012.0,194020.0,220547500000,0,8989421088965567769,3754.8030443926788534459345288086622,3751.8005532358082051693103597380302,220547.5,0
2022-01-02 01:24:00,0,0,194012.0,194012.0,194012.0,194012.0,0,0,8989421088965567769,3754.8030443926788534459345288086622,3754.8030443926788534459345288086622,0,0
2022-01-02 01:25:00,-110463565729,29441882154026939110,194016.0,194016.0,194016.0,194016.0,0,29441882154026939110,8989421088965567769,3753.3014985801432999928689504420469,3754.8030443926788534459345288086622,0,29.44188215402693911
2022-01-02 01:26:00,29346207215,-7814983436933887600,194015.0,194015.0,194015.0,194015.0,29346207215,0,8989421088965567769,3753.6768287300013143228682373370920,3753.3014985801432999928689504420469,29346.207215,0
2022-01-02 01:27:00,-375156391,100000000000000000,194015.0,194015.0,194015.0,194015.0,0,100000000000000000,8989421088965567769,3753.6768287300013143228682373370920,3753.6768287300013143228682373370920,0,0.1
2022-01-02 01:28:00,0,0,194015.0,194015.0,194015.0,194015.0,0,0,8989421088965567769,3753.6768287300013143228682373370920,3753.6768287300013143228682373370920,0,0
2022-01-02 01:29:00,0,0,194015.0,194015.0,194015.0,194015.0,0,0,8989421088965567769,3753.6768287300013143228682373370920,3753.6768287300013143228682373370920,0,0
2022-01-02 01:30:00,0,0,194015.0,194015.0,194015.0,194015.0,0,0,8989421088965567769,3753.6768287300013143228682373370920,3753.6768287300013143228682373370920,0,0
2022-01-02 01:31:00,-187256251208,49931751239306281856,194023.0,194023.0,194023.0,194023.0,0,49931751239306281856,7163098395210326228,3750.6752381403582782369505691805240,3753.6768287300013143228682373370920,0,49.931751239306281856
2022-01-02 01:32:00,-3748745611,1000000000000000000,194023.0,194023.0,194023.0,194023.0,0,1000000000000000000,7163098395210326228,3750.6752381403582782369505691805240,3750.6752381403582782369505691805240,0,1
2022-01-02 01:33:00,0,0,194023.0,194023.0,194023.0,194023.0,0,0,7163098395210326228,3750.6752381403582782369505691805240,3750.6752381403582782369505691805240,0,0
2022-01-02 01:34:00,0,0,194023.0,194023.0,194023.0,194023.0,0,0,7163098395210326228,3750.6752381403582782369505691805240,3750.6752381403582782369505691805240,0,0
2022-01-02 01:35:00,-23993709991,6400868431580401104,194024.0,194024.0,194024.0,194024.0,0,6400868431580401104,7163098395210326228,3750.3002081195463236045901101695065,3750.6752381403582782369505691805240,0,6.400868431580401104
2022-01-02 01:36:00,9966960235,-2656340288258236245,194023.0,194023.0,194023.0,194023.0,9966960235,0,7163098395210326228,3750.6752381403582782369505691805240,3750.3002081195463236045901101695065,9966.960235,0
2022-01-02 01:37:00,-64943566432,17328048517511569809,194026.0,194023.0,194023.0,194026.0,552824299,17475381606665038922,7163098395210326228,3749.5502605719293320188930113782987,3750.6752381403582782369505691805240,552.824299,17.475381606665038922
2022-01-02 01:38:00,69775402252,-18593095643193451596,194023.0,194023.0,194023.0,194024.0,89252061477,5196102435559028482,7163098395210326228,3750.6752381403582782369505691805240,3749.5502605719293320188930113782987,89252.061477,5.196102435559028482
2022-01-02 01:39:00,-72250833415,19278412641240128672,194026.0,194026.0,194026.0,194026.0,3465683803,20202324171949263697,7163098395210326228,3749.5502605719293320188930113782987,3750.6752381403582782369505691805240,3465.683803,20.202324171949263697
2022-01-02 01:40:00,-275179588328,73479821935924447597,194039.0,194027.0,194027.0,194039.0,0,73479821935924447597,7154135868127604165,3744.6792556185597619775744710606057,3749.5502605719293320188930113782987,0,73.479821935924447597
2022-01-02 01:41:00,101310807327,-27028204377463391700,194034.0,194033.0,194033.0,194034.0,131267632907,8000000000000000000,7154135868127604165,3746.5519697517432686477996555094260,3744.6792556185597619775744710606057,131267.632907,8
2022-01-02 01:42:00,28630545460,-7637695214797970779,194033.0,194034.0,194033.0,194034.0,30502713322,500000000000000000,7154135868127604165,3746.9266249487184429746644354749744,3746.5519697517432686477996555094260,30502.713322,0.5
2022-01-02 01:43:00,24810027891,-6618131673370885809,194032.0,194032.0,194032.0,194032.0,24810027891,0,7154135868127604165,3747.3013176112133148189619019185230,3746.9266249487184429746644354749744,24810.027891,0
2022-01-02 01:44:00,30066292115,-8019247745568805765,194031.0,194031.0,194031.0,194031.0,30066292115,0,7154135868127604165,3747.6760477429744361504437981087153,3747.3013176112133148189619019185230,30066.292115,0
2022-01-02 01:45:00,44277310663,-11807043736254224635,194029.0,194029.0,194029.0,194029.0,46330242087,547959304359578327,7163098395210326228,3748.4256204292835084674182483727765,3747.6760477429744361504437981087153,46330.242087,0.547959304359578327
2022-01-02 01:46:00,-49081333129,13106380545269207951,194031.0,194029.0,194029.0,194032.0,16634378184,17543045220789806998,7154135868127604165,3747.6760477429744361504437981087153,3748.4256204292835084674182483727765,16634.378184,17.543045220789806998
2022-01-02 01:47:00,-2290983924,612765180396912127,194031.0,194031.0,194031.0,194031.0,4234642625,1742194498840823848,7154135868127604165,3747.6760477429744361504437981087153,3747.6760477429744361504437981087153,4234.642625,1.742194498840823848
2022-01-02 01:48:00,-1611744106,446282352817551479,194031.0,194030.0,194028.0,194031.0,59887477553,16416645111086186617,7154135868127604165,3747.6760477429744361504437981087153,3747.6760477429744361504437981087153,59887.477553,16.416645111086186617
2022-01-02 01:49:00,88336580176,-23555614141905037713,194027.0,194030.0,194027.0,194030.0,88336580176,0,7163098395210326228,3749.1753430376255694619468166966299,3747.6760477429744361504437981087153,88336.580176,0
2022-01-02 01:50:00,-152221619856,40637592678217542510,194034.0,194033.0,194033.0,194034.0,0,40637592678217542510,7154135868127604165,3746.5519697517432686477996555094260,3749.1753430376255694619468166966299,0,40.63759267821754251
2022-01-02 01:51:00,0,0,194034.0,194034.0,194034.0,194034.0,0,0,7154135868127604165,3746.5519697517432686477996555094260,3746.5519697517432686477996555094260,0,0
2022-01-02 01:52:00,1311901396,-350000000000000000,194034.0,194034.0,194034.0,194034.0,1311901396,0,7154135868127604165,3746.5519697517432686477996555094260,3746.5519697517432686477996555094260,1311.901396,0
2022-01-02 01:53:00,-22189360929,5926069698388235626,194035.0,194035.0,194035.0,194035.0,0,5926069698388235626,7154135868127604165,3746.1773520165416144863510204073844,3746.5519697517432686477996555094260,0,5.926069698388235626
2022-01-02 01:54:00,-73835788932,19723506487091596377,194038.0,194035.0,194035.0,194038.0,0,19723506487091596377,7154135868127604165,3745.0537235441216179537722285077101,3746.1773520165416144863510204073844,0,19.723506487091596377
2022-01-02 01:55:00,0,0,194038.0,194038.0,194038.0,194038.0,0,0,7154135868127604165,3745.0537235441216179537722285077101,3745.0537235441216179537722285077101,0,0
2022-01-02 01:56:00,369315102,-97603056846995061,194038.0,194038.0,194038.0,194038.0,3996210166,968994050952719446,7154135868127604165,3745.0537235441216179537722285077101,3745.0537235441216179537722285077101,3996.210166,0.968994050952719446
2022-01-02 01:57:00,-131776456709,35216319530620729080,194043.0,194043.0,194043.0,194043.0,0,35216319530620729080,8701649514251435364,3743.1817583093574190970772337303480,3745.0537235441216179537722285077101,0,35.21631953062072908
2022-01-02 01:58:00,375871905358,-100000000000000000000,194027.0,193999.0,193985.0,194027.0,1482496099270,294695289170898822314,7163098395210326228,3749.1753430376255694619468166966299,3743.1817583093574190970772337303480,1482496.09927,294.695289170898822314
2022-01-02 01:59:00,50757160167,-13460698317315485248,194025.0,194019.0,194017.0,194029.0,313159406465,70000000000000000000,7163098395210326228,3749.9252155979865249520949006794390,3749.1753430376255694619468166966299,313159.406465,70
2022-01-02 02:00:00,-394937846274,105469000000000000000,194042.0,194042.0,194042.0,194042.0,0,105469000000000000000,8701649514251435364,3743.5560764851883548389869414537188,3749.9252155979865249520949006794390,0,105.469
2022-01-02 02:01:00,92446353292,-24228877950802288852,194039.0,194057.0,194039.0,194091.0,1779023942745,451683931267727433728,7154135868127604165,3744.6792556185597619775744710606057,3743.5560764851883548389869414537188,1779023.942745,451.683931267727433728
2022-01-02 02:02:00,5003730000,-1335558521997314840,194038.0,194038.0,194038.0,194038.0,5003730000,0,7154135868127604165,3745.0537235441216179537722285077101,3744.6792556185597619775744710606057,5003.73,0
2022-01-02 02:03:00,-7380000000,1972651687319927582,194039.0,194039.0,194039.0,194039.0,3200000000,2826797253766167917,7154135868127604165,3744.6792556185597619775744710606057,3745.0537235441216179537722285077101,3200,2.826797253766167917
2022-01-02 02:04:00,-63052329030,16862208765401961724,194041.0,194042.0,194040.0,194042.0,49924093754,30190545217052552380,8701649514251435364,3743.9304320928368736744708401478638,3744.6792556185597619775744710606057,49924.093754,30.19054521705255238
2022-01-02 02:05:00,-53263892014,14280100699579117549,194043.0,194034.0,194034.0,194043.0,163809846570,58000000000000000000,8701649514251435364,3743.1817583093574190970772337303480,3743.9304320928368736744708401478638,163809.84657,58
2022-01-02 02:06:00,236181675526,-62991728896086929047,194033.0,194025.0,194025.0,194033.0,416003954289,48000000000000000000,7154135868127604165,3746.9266249487184429746644354749744,3743.1817583093574190970772337303480,416003.954289,48
2022-01-02 02:07:00,-30615566258,8176146043942975656,194035.0,194035.0,194035.0,194035.0,0,8176146043942975656,7154135868127604165,3746.1773520165416144863510204073844,3746.9266249487184429746644354749744,0,8.176146043942975656
2022-01-02 02:08:00,47716173179,-12729621587103079748,194033.0,194035.0,194032.0,194035.0,48278081750,150040061570208132,7154135868127604165,3746.9266249487184429746644354749744,3746.1773520165416144863510204073844,48278.08175,0.150040061570208132
2022-01-02 02:09:00,0,0,194033.0,194033.0,194033.0,194033.0,0,0,7154135868127604165,3746.9266249487184429746644354749744,3746.9266249487184429746644354749744,0,0
2022-01-02 02:10:00,-11310790102,3020273478716130092,194033.0,194033.0,194033.0,194033.0,0,3020273478716130092,7154135868127604165,3746.9266249487184429746644354749744,3746.9266249487184429746644354749744,0,3.020273478716130092
2022-01-02 02:11:00,167439979715,-44645566392956951293,194025.0,194032.0,194025.0,194033.0,184808000000,4637590909077967184,7163098395210326228,3749.9252155979865249520949006794390,3746.9266249487184429746644354749744,184808,4.637590909077967184
2022-01-02 02:12:00,0,0,194025.0,194025.0,194025.0,194025.0,0,0,7163098395210326228,3749.9252155979865249520949006794390,3749.9252155979865249520949006794390,0,0
2022-01-02 02:13:00,-8957791441,2391791066231447214,194026.0,194025.0,194025.0,194026.0,5789488540,3935029262435972612,7163098395210326228,3749.5502605719293320188930113782987,3749.9252155979865249520949006794390,5789.48854,3.935029262435972612
2022-01-02 02:14:00,0,0,194026.0,194026.0,194026.0,194026.0,0,0,7163098395210326228,3749.5502605719293320188930113782987,3749.5502605719293320188930113782987,0,0
2022-01-02 02:15:00,-184234909343,49181876726736845838,194034.0,194034.0,194034.0,194034.0,0,49181876726736845838,7154135868127604165,3746.5519697517432686477996555094260,3749.5502605719293320188930113782987,0,49.181876726736845838
2022-01-02 02:16:00,5925070800,-1580771442900760275,194034.0,194034.0,194034.0,194034.0,5925070800,0,7154135868127604165,3746.5519697517432686477996555094260,3746.5519697517432686477996555094260,5925.0708,0
2022-01-02 02:17:00,54983136537,-14667114202750508326,194031.0,194031.0,194031.0,194031.0,54983136537,0,7154135868127604165,3747.6760477429744361504437981087153,3746.5519697517432686477996555094260,54983.136537,0
2022-01-02 02:18:00,-8227433326,2197685131858377874,194032.0,194031.0,194031.0,194032.0,3750418909,3198000000000000000,7154135868127604165,3747.3013176112133148189619019185230,3747.6760477429744361504437981087153,3750.418909,3.198
2022-01-02 02:19:00,-20725933432,5568539951463158588,194033.0,194039.0,194033.0,194039.0,129035525841,40000000000000000000,7154135868127604165,3746.9266249487184429746644354749744,3747.3013176112133148189619019185230,129035.525841,40
2022-01-02 02:20:00,-23197737534,6194713987039086927,194034.0,194033.0,194033.0,194034.0,0,6194713987039086927,7154135868127604165,3746.5519697517432686477996555094260,3746.9266249487184429746644354749744,0,6.194713987039086927
2022-01-02 02:21:00,0,0,194034.0,194034.0,194034.0,194034.0,0,0,7154135868127604165,3746.5519697517432686477996555094260,3746.5519697517432686477996555094260,0,0
2022-01-02 02:22:00,-39111509592,10452399078447946781,194036.0,194033.0,194033.0,194036.0,24691009402,17039261933902470521,7159666138900609915,3745.8027717393676777185791624911351,3746.5519697517432686477996555094260,24691.009402,17.039261933902470521
2022-01-02 02:23:00,305313066760,-81411348906740269704,194022.0,194022.0,194022.0,194022.0,305313066760,0,7168628665983331978,3751.0503056641723140647742642374412,3745.8027717393676777185791624911351,305313.06676,0
2022-01-02 02:24:00,-217340675826,58000000000000000000,194032.0,194032.0,194032.0,194032.0,0,58000000000000000000,7159666138900609915,3747.3013176112133148189619019185230,3751.0503056641723140647742642374412,0,58
2022-01-02 02:25:00,60000000000,-16001457954789841650,194029.0,194029.0,194029.0,194029.0,60000000000,0,7168628665983331978,3748.4256204292835084674182483727765,3747.3013176112133148189619019185230,60000,0
2022-01-02 02:26:00,-9365854847,2500000000000000000,194029.0,194029.0,194029.0,194029.0,0,2500000000000000000,7168628665983331978,3748.4256204292835084674182483727765,3748.4256204292835084674182483727765,0,2.5
2022-01-02 02:27:00,0,0,194029.0,194029.0,194029.0,194029.0,0,0,7168628665983331978,3748.4256204292835084674182483727765,3748.4256204292835084674182483727765,0,0
2022-01-02 02:28:00,1066553407,-284412711707127521,194029.0,194029.0,194029.0,194029.0,1066553407,0,7168628665983331978,3748.4256204292835084674182483727765,3748.4256204292835084674182483727765,1066.553407,0
2022-01-02 02:29:00,-34030575999,9094545381753941789,194031.0,194032.0,194031.0,194032.0,37500000000,19096876067304386560,7159666138900609915,3747.6760477429744361504437981087153,3748.4256204292835084674182483727765,37500,19.09687606730438656
2022-01-02 02:30:00,0,0,194031.0,194031.0,194031.0,194031.0,0,0,7159666138900609915,3747.6760477429744361504437981087153,3747.6760477429744361504437981087153,0,0
2022-01-02 02:31:00,89419641974,-23840346519310020346,194027.0,194027.0,194026.0,194027.0,102725997088,3550881774422604462,7168628665983331978,3749.1753430376255694619468166966299,3747.6760477429744361504437981087153,102725.997088,3.550881774422604462
2022-01-02 02:32:00,-136906842948,36560283644940667967,194033.0,194035.0,194033.0,194035.0,50000000000,49900000000000000000,7159666138900609915,3746.9266249487184429746644354749744,3749.1753430376255694619468166966299,50000,49.9
2022-01-02 02:33:00,22030398040,-5876619714120184614,194032.0,194032.0,194032.0,194032.0,22030398040,0,7159666138900609915,3747.3013176112133148189619019185230,3746.9266249487184429746644354749744,22030.39804,0
2022-01-02 02:34:00,62913969869,-16779082438345337125,194029.0,194030.0,194029.0,194030.0,62913969869,0,7168628665983331978,3748.4256204292835084674182483727765,3747.3013176112133148189619019185230,62913.969869,0
2022-01-02 02:35:00,34675198216,-9245778605021665380,194027.0,194027.0,194027.0,194027.0,34675198216,0,7168628665983331978,3749.1753430376255694619468166966299,3748.4256204292835084674182483727765,34675.198216,0
2022-01-02 02:36:00,-7944182950,2134728694523212429,194028.0,194029.0,194027.0,194029.0,54358999997,16628743516976706174,7168628665983331978,3748.8004629913264368182649901976100,3749.1753430376255694619468166966299,54358.999997,16.628743516976706174
2022-01-02 02:37:00,2500000000,-666566609203614399,194028.0,194028.0,194028.0,194028.0,2500000000,0,7168628665983331978,3748.8004629913264368182649901976100,3748.8004629913264368182649901976100,2500,0
2022-01-02 02:38:00,15133123612,-3994919673889541767,194027.0,194029.0,194027.0,194035.0,164320151354,39830364653939522392,7168628665983331978,3749.1753430376255694619468166966299,3748.8004629913264368182649901976100,164320.151354,39.830364653939522392
2022-01-02 02:39:00,17797645434,-4743472820359940154,194026.0,194026.0,194026.0,194026.0,22703883229,1309224834251137840,7168628665983331978,3749.5502605719293320188930113782987,3749.1753430376255694619468166966299,22703.883229,1.30922483425113784
2022-01-02 02:40:00,0,0,194026.0,194026.0,194026.0,194026.0,0,0,7168628665983331978,3749.5502605719293320188930113782987,3749.5502605719293320188930113782987,0,0
2022-01-02 02:41:00,-47251908931,12613013636549437378,194028.0,194029.0,194028.0,194029.0,8951822777,15000000000000000000,7168628665983331978,3748.8004629913264368182649901976100,3749.5502605719293320188930113782987,8951.822777,15
2022-01-02 02:42:00,-2080112854,555387719714759819,194028.0,194028.0,194028.0,194028.0,686663668,738481250000000000,7168628665983331978,3748.8004629913264368182649901976100,3748.8004629913264368182649901976100,686.663668,0.73848125
2022-01-02 02:43:00,0,0,194028.0,194028.0,194028.0,194028.0,0,0,7168628665983331978,3748.8004629913264368182649901976100,3748.8004629913264368182649901976100,0,0
2022-01-02 02:44:00,0,0,194028.0,194028.0,194028.0,194028.0,0,0,7168628665983331978,3748.8004629913264368182649901976100,3748.8004629913264368182649901976100,0,0
2022-01-02 02:45:00,-37087738951,9900000000000000000,194030.0,194030.0,194030.0,194030.0,0,9900000000000000000,7159666138900609915,3748.0508153477487335940588424885263,3748.8004629913264368182649901976100,0,9.9
2022-01-02 02:46:00,13216125224,-3524505730045958008,194030.0,194030.0,194030.0,194030.0,13216125224,0,7159666138900609915,3748.0508153477487335940588424885263,3748.0508153477487335940588424885263,13216.125224,0
2022-01-02 02:47:00,-372433119339,99850699736024580451,194045.0,194081.0,194045.0,194095.0,1311798088832,451096114554083475456,8707179785024441114,3742.4332342381774412270574099777758,3748.0508153477487335940588424885263,1311798.088832,451.096114554083475456
2022-01-02 02:48:00,1008953018,-192085958010623462,194045.0,194043.0,194034.0,194046.0,290648134986,77400000000000000000,8707179785024441114,3742.4332342381774412270574099777758,3742.4332342381774412270574099777758,290648.134986,77.4
2022-01-02 02:49:00,19277112283,-5148616598915035911,194045.0,194045.0,194045.0,194045.0,19277112283,0,8707179785024441114,3742.4332342381774412270574099777758,3742.4332342381774412270574099777758,19277.112283,0
2022-01-02 02:50:00,335552845,-89617642916112259,194045.0,194045.0,194045.0,194045.0,335552845,0,8707179785024441114,3742.4332342381774412270574099777758,3742.4332342381774412270574099777758,335.552845,0
2022-01-02 02:51:00,238923898174,-63780711850697821621,194035.0,194035.0,194035.0,194035.0,238923898174,0,7159666138900609915,3746.1773520165416144863510204073844,3742.4332342381774412270574099777758,238923.898174,0
2022-01-02 02:52:00,-14776288035,3946633828886812527,194035.0,194035.0,194035.0,194035.0,200000000,4000000000000000000,7159666138900609915,3746.1773520165416144863510204073844,3746.1773520165416144863510204073844,200,4
2022-01-02 02:53:00,2491526859,-664142329277346231,194035.0,194035.0,194035.0,194035.0,5000000000,670000000000000000,7159666138900609915,3746.1773520165416144863510204073844,3746.1773520165416144863510204073844,5000,0.67
2022-01-02 02:54:00,15218601136,-3960585842475316596,194035.0,194018.0,194018.0,194035.0,389962446371,100000000000000000000,7159666138900609915,3746.1773520165416144863510204073844,3746.1773520165416144863510204073844,389962.446371,100
2022-01-02 02:55:00,-16874907867,4507517438567651872,194035.0,194035.0,194035.0,194036.0,1700000000,4961130126437418706,7159666138900609915,3746.1773520165416144863510204073844,3746.1773520165416144863510204073844,1700,4.961130126437418706
2022-01-02 02:56:00,6025889213,-1607865666972671334,194035.0,194035.0,194035.0,194035.0,6025889213,0,7159666138900609915,3746.1773520165416144863510204073844,3746.1773520165416144863510204073844,6025.889213,0
2022-01-02 02:57:00,-45388429107,12135416823786793534,194037.0,194039.0,194037.0,194039.0,42612989726,23508989003482983060,7159666138900609915,3745.4282289164760301155676057305591,3746.1773520165416144863510204073844,42612.989726,23.50898900348298306
2022-01-02 02:58:00,114960964524,-30672500841100392149,194032.0,194032.0,194032.0,194032.0,114960964524,0,7159666138900609915,3747.3013176112133148189619019185230,3745.4282289164760301155676057305591,114960.964524,0
2022-01-02 02:59:00,-4360826866,1164500293572994937,194032.0,194032.0,194032.0,194032.0,473296656,1290746366809524847,7159666138900609915,3747.3013176112133148189619019185230,3747.3013176112133148189619019185230,473.296656,1.290746366809524847
2022-01-02 03:00:00,10839579939,-2886733537309412334,194032.0,194031.0,194031.0,194032.0,28000000000,4581602570874203032,7159666138900609915,3747.3013176112133148189619019185230,3747.3013176112133148189619019185230,28000,4.581602570874203032
2022-01-02 03:01:00,0,0,194032.0,194032.0,194032.0,194032.0,0,0,7159666138900609915,3747.3013176112133148189619019185230,3747.3013176112133148189619019185230,0,0
2022-01-02 03:02:00,112181106093,-29900523914195993097,194027.0,194026.0,194026.0,194028.0,164312657923,13912731836769370112,7168628665983331978,3749.1753430376255694619468166966299,3747.3013176112133148189619019185230,164312.657923,13.912731836769370112
2022-01-02 03:03:00,-165561116435,44198425045399183745,194034.0,194028.0,194028.0,194034.0,0,44198425045399183745,7159666138900609915,3746.5519697517432686477996555094260,3749.1753430376255694619468166966299,0,44.198425045399183745
2022-01-02 03:04:00,-8611804697,2333078866265512011,194035.0,194040.0,194034.0,194040.0,124123317119,35458441516788625208,7159666138900609915,3746.1773520165416144863510204073844,3746.5519697517432686477996555094260,124123.317119,35.458441516788625208
2022-01-02 03:05:00,55032412643,-14675792698352956886,194032.0,194035.0,194032.0,194035.0,75000000000,5333042414954836467,7159666138900609915,3747.3013176112133148189619019185230,3746.1773520165416144863510204073844,75000,5.333042414954836467
2022-01-02 03:06:00,300869722162,-80107867029075789840,194019.0,194032.0,194006.0,194032.0,641868109665,90869875779743607457,8994951359738573519,3752.1757332911317859898272907740055,3747.3013176112133148189619019185230,641868.109665,90.869875779743607457
2022-01-02 03:07:00,0,0,194019.0,194019.0,194019.0,194019.0,0,0,8994951359738573519,3752.1757332911317859898272907740055,3752.1757332911317859898272907740055,0,0
2022-01-02 03:08:00,10322562752,-2744687033610869777,194018.0,194019.0,194018.0,194019.0,29032055685,4988995025437664443,8994951359738573519,3752.5509508644608991684262735030845,3752.1757332911317859898272907740055,29032.055685,4.988995025437664443
2022-01-02 03:09:00,50099385487,-13342461946873153956,194016.0,194018.0,194016.0,194018.0,55011130284,1309663493075411811,8994951359738573519,3753.3014985801432999928689504420469,3752.5509508644608991684262735030845,55011.130284,1.309663493075411811
2022-01-02 03:10:00,-382299244705,102334842912318327195,194033.0,194067.0,194033.0,194081.0,1259906429762,439257873129130996228,7159666138900609915,3746.9266249487184429746644354749744,3753.3014985801432999928689504420469,1259906.429762,439.257873129130996228
2022-01-02 03:11:00,18992507400,-5066328533878290092,194032.0,194032.0,194032.0,194032.0,18992507400,0,7159666138900609915,3747.3013176112133148189619019185230,3746.9266249487184429746644354749744,18992.5074,0
2022-01-02 03:12:00,679271732,-175835639587236170,194032.0,194031.0,194031.0,194032.0,20739250995,5355942844973638590,7166831616085672219,3747.3013176112133148189619019185230,3747.3013176112133148189619019185230,20739.250995,5.35594284497363859
2022-01-02 03:13:00,0,0,194032.0,194032.0,194032.0,194032.0,0,0,7166831616085672219,3747.3013176112133148189619019185230,3747.3013176112133148189619019185230,0,0
2022-01-02 03:14:00,-74123803522,19795040418772703357,194035.0,194032.0,194032.0,194035.0,0,19795040418772703357,7166831616085672219,3746.1773520165416144863510204073844,3747.3013176112133148189619019185230,0,19.795040418772703357
2022-01-02 03:15:00,7710052148,-2049606394274579490,194035.0,194034.0,194034.0,194035.0,36341477419,7646654549581094050,7166831616085672219,3746.1773520165416144863510204073844,3746.1773520165416144863510204073844,36341.477419,7.64665454958109405
2022-01-02 03:16:00,-32694692136,8736747500374197063,194037.0,194035.0,194035.0,194037.0,13805307864,12420888199198198013,7166831616085672219,3745.4282289164760301155676057305591,3746.1773520165416144863510204073844,13805.307864,12.420888199198198013
2022-01-02 03:17:00,0,0,194037.0,194037.0,194037.0,194037.0,0,0,7166831616085672219,3745.4282289164760301155676057305591,3745.4282289164760301155676057305591,0,0
2022-01-02 03:18:00,-20085068679,5365557048398742706,194038.0,194038.0,194038.0,194038.0,0,5365557048398742706,7166831616085672219,3745.0537235441216179537722285077101,3745.4282289164760301155676057305591,0,5.365557048398742706
2022-01-02 03:19:00,-643813044,176364071249632954,194038.0,194038.0,194038.0,194038.0,16349023338,4539876998146881480,7166831616085672219,3745.0537235441216179537722285077101,3745.0537235441216179537722285077101,16349.023338,4.53987699814688148
2022-01-02 03:20:00,97273049970,-25944977700711731480,194033.0,194038.0,194033.0,194039.0,135589500000,10237310686142290698,7166831616085672219,3746.9266249487184429746644354749744,3745.0537235441216179537722285077101,135589.5,10.237310686142290698
2022-01-02 03:21:00,114975845046,-30659691549822589948,194028.0,194034.0,194028.0,194034.0,131077937886,4300000000000000000,7175794143168394282,3748.8004629913264368182649901976100,3746.9266249487184429746644354749744,131077.937886,4.3
2022-01-02 03:22:00,6910740065,-1842034839750915556,194028.0,194028.0,194028.0,194028.0,8950000000,544273745013445171,7175794143168394282,3748.8004629913264368182649901976100,3748.8004629913264368182649901976100,8950,0.544273745013445171
2022-01-02 03:23:00,18527970580,-3578563164301736157,194027.0,194030.0,194024.0,194188.0,5102587119547,1366268082001961035652,7175794143168394282,3749.1753430376255694619468166966299,3748.8004629913264368182649901976100,5102587.119547,1366.268082001961035652
2022-01-02 03:24:00,255410076237,-67843348182103854403,194016.0,194025.0,193987.0,194025.0,1047597770779,210880628486670845465,9002116836923635823,3753.3014985801432999928689504420469,3749.1753430376255694619468166966299,1047597.770779,210.880628486670845465
2022-01-02 03:25:00,-155028131958,41487477855592313323,194022.0,194046.0,194022.0,194046.0,553318437671,189117708085683584769,7175794143168394282,3751.0503056641723140647742642374412,3753.3014985801432999928689504420469,553318.437671,189.117708085683584769
2022-01-02 03:26:00,1500000000,-399453503031937475,194022.0,194022.0,194022.0,194022.0,2500000000,266748319403144370,7175794143168394282,3751.0503056641723140647742642374412,3751.0503056641723140647742642374412,2500,0.26674831940314437
2022-01-02 03:27:00,-17152736901,4676961073561062917,194023.0,194039.0,194022.0,194039.0,379908545075,106000000000000000000,7175794143168394282,3750.6752381403582782369505691805240,3751.0503056641723140647742642374412,379908.545075,106
2022-01-02 03:28:00,-4494121278,1209895390747702176,194023.0,194025.0,194023.0,194025.0,41243118027,12202101447661890645,7175794143168394282,3750.6752381403582782369505691805240,3750.6752381403582782369505691805240,41243.118027,12.202101447661890645
2022-01-02 03:29:00,-3186213212,850000000000000000,194023.0,194023.0,194023.0,194023.0,0,850000000000000000,7175794143168394282,3750.6752381403582782369505691805240,3750.6752381403582782369505691805240,0,0.85
2022-01-02 03:30:00,179077738567,-47705401745497647681,194016.0,194024.0,194016.0,194024.0,187205400000,2168307525111150662,9002116836923635823,3753.3014985801432999928689504420469,3750.6752381403582782369505691805240,187205.4,2.168307525111150662
2022-01-02 03:31:00,225936295788,-60124724924700714596,194008.0,194019.0,194008.0,194019.0,304700051184,21000000000000000000,9002116836923635823,3756.3051909136381762059192640579251,3753.3014985801432999928689504420469,304700.051184,21
2022-01-02 03:32:00,0,0,194008.0,194008.0,194008.0,194008.0,0,0,9002116836923635823,3756.3051909136381762059192640579251,3756.3051909136381762059192640579251,0,0
2022-01-02 03:33:00,0,0,194008.0,194008.0,194008.0,194008.0,0,0,9002116836923635823,3756.3051909136381762059192640579251,3756.3051909136381762059192640579251,0,0
2022-01-02 03:34:00,33985789623,-9005075754280890673,194007.0,194008.0,194002.0,194008.0,176356800000,37908326118305740764,9002116836923635823,3756.6808214327295400235398559843308,3756.3051909136381762059192640579251,176356.8,37.908326118305740764
2022-01-02 03:35:00,105566753031,-27641239944179967257,194003.0,194007.0,194003.0,194072.0,1759377604021,441916466012610140202,9002116836923635823,3758.1837191771790167571347347721645,3756.6808214327295400235398559843308,1759377.604021,441.916466012610140202
2022-01-02 03:36:00,0,0,194003.0,194003.0,194003.0,194003.0,0,0,9002116836923635823,3758.1837191771790167571347347721645,3758.1837191771790167571347347721645,0,0
2022-01-02 03:37:00,-29991565621,8091681427455345539,194004.0,194003.0,194003.0,194017.0,400311232584,114631436846736200567,9002116836923635823,3757.8079383833406826888658481873451,3758.1837191771790167571347347721645,400311.232584,114.631436846736200567
2022-01-02 03:38:00,34275237722,-9110702694358182472,194003.0,194002.0,194002.0,194003.0,55714735438,5707534104435011886,9002116836923635823,3758.1837191771790167571347347721645,3757.8079383833406826888658481873451,55714.735438,5.707534104435011886
2022-01-02 03:39:00,-395459189188,105684893064191104334,194017.0,194004.0,194004.0,194067.0,1228248051938,433660661624595570267,9002116836923635823,3752.9262059595473452583431161304305,3758.1837191771790167571347347721645,1228248.051938,433.660661624595570267
2022-01-02 03:40:00,30000000000,-7989839236945610097,194016.0,194016.0,194016.0,194016.0,30000000000,0,9159341514645380251,3753.3014985801432999928689504420469,3752.9262059595473452583431161304305,30000,0
2022-01-02 03:41:00,-2665667036,712521814471021995,194016.0,194016.0,194016.0,194016.0,7145000000,2615309289240535136,9159341514645380251,3753.3014985801432999928689504420469,3753.3014985801432999928689504420469,7145,2.615309289240535136
2022-01-02 03:42:00,21893489174,-5830365141767745991,194015.0,194016.0,194015.0,194016.0,21893489174,0,9159341514645380251,3753.6768287300013143228682373370920,3753.3014985801432999928689504420469,21893.489174,0
2022-01-02 03:43:00,3313784388,-876747612184831388,194015.0,194015.0,194015.0,194015.0,24677000000,5694432589548647315,9159341514645380251,3753.6768287300013143228682373370920,3753.6768287300013143228682373370920,24677,5.694432589548647315
2022-01-02 03:44:00,-17219584899,4591637855693632145,194016.0,194015.0,194015.0,194016.0,5494000000,6054734719806437986,10651393324764030467,3753.3014985801432999928689504420469,3753.6768287300013143228682373370920,5494,6.054734719806437986
2022-01-02 03:45:00,-18755876097,5000000000000000000,194016.0,194016.0,194016.0,194016.0,0,5000000000000000000,10651393324764030467,3753.3014985801432999928689504420469,3753.3014985801432999928689504420469,0,5
2022-01-02 03:46:00,-30447583817,8117424023018911273,194017.0,194017.0,194017.0,194017.0,0,8117424023018911273,10651393324764030467,3752.9262059595473452583431161304305,3753.3014985801432999928689504420469,0,8.117424023018911273
2022-01-02 03:47:00,-331701826761,88489831821979593356,194029.0,194030.0,194029.0,194030.0,7878972560,90590905493407039488,8825070631008788926,3748.4256204292835084674182483727765,3752.9262059595473452583431161304305,7878.97256,90.590905493407039488
2022-01-02 03:48:00,13258028177,-3519945051299873878,194029.0,194029.0,194029.0,194031.0,71019758106,15420014616799104016,8825070631008788926,3748.4256204292835084674182483727765,3748.4256204292835084674182483727765,71019.758106,15.420014616799104016
2022-01-02 03:49:00,-23233165497,6202183224836082691,194030.0,194030.0,194030.0,194030.0,2088033945,6759010751042328263,8816108103926066863,3748.0508153477487335940588424885263,3748.4256204292835084674182483727765,2088.033945,6.759010751042328263
2022-01-02 03:50:00,-37236892434,9940752454123997904,194031.0,194030.0,194030.0,194031.0,0,9940752454123997904,8816108103926066863,3747.6760477429744361504437981087153,3748.0508153477487335940588424885263,0,9.940752454123997904
2022-01-02 03:51:00,9661640969,-2565972281309511183,194031.0,194031.0,194029.0,194031.0,50315836874,10852578817852145694,8816108103926066863,3747.6760477429744361504437981087153,3747.6760477429744361504437981087153,50315.836874,10.852578817852145694
2022-01-02 03:52:00,141351508863,-37687863023789404198,194025.0,194025.0,194025.0,194025.0,145000000000,973516880821085969,8825070631008788926,3749.9252155979865249520949006794390,3747.6760477429744361504437981087153,145000,0.973516880821085969
2022-01-02 03:53:00,0,0,194025.0,194025.0,194025.0,194025.0,0,0,8825070631008788926,3749.9252155979865249520949006794390,3749.9252155979865249520949006794390,0,0
2022-01-02 03:54:00,30092194352,-8020997978207824668,194024.0,194024.0,194024.0,194024.0,30092194352,0,8825070631008788926,3750.3002081195463236045901101695065,3749.9252155979865249520949006794390,30092.194352,0
2022-01-02 03:55:00,508724692,-135591600832242986,194024.0,194024.0,194024.0,194024.0,508724692,0,8873540586503848351,3750.3002081195463236045901101695065,3750.3002081195463236045901101695065,508.724692,0
2022-01-02 03:56:00,0,0,194024.0,194024.0,194024.0,194024.0,0,0,8873540586503848351,3750.3002081195463236045901101695065,3750.3002081195463236045901101695065,0,0
2022-01-02 03:57:00,538980741025,-143527113283844715840,194007.0,194010.0,194007.0,194010.0,538980741025,0,10651393324764030467,3756.6808214327295400235398559843308,3750.3002081195463236045901101695065,538980.741025,0
2022-01-02 03:58:00,-177339322510,47249714468114722686,194012.0,194006.0,194006.0,194012.0,17853468989,52000000000000000000,10651393324764030467,3754.8030443926788534459345288086622,3756.6808214327295400235398559843308,17853.468989,52
2022-01-02 03:59:00,-28368518836,7560037963986039433,194013.0,194013.0,194013.0,194013.0,0,7560037963986039433,10651393324764030467,3754.4276016325156018857459542132428,3754.8030443926788534459345288086622,0,7.560037963986039433
2022-01-02 04:00:00,-1129257033,300953742655821144,194013.0,194013.0,194013.0,194013.0,0,300953742655821144,10651393324764030467,3754.4276016325156018857459542132428,3754.4276016325156018857459542132428,0,0.300953742655821144
2022-01-02 04:01:00,105910346407,-28192996856192050827,194010.0,194010.0,194010.0,194010.0,105910346407,0,10651393324764030467,3755.5540425495878331434122501737686,3754.4276016325156018857459542132428,105910.346407,0
2022-01-02 04:02:00,49075764604,-13060042242344430854,194009.0,194009.0,194008.0,194009.0,51590978510,670000000000000000,10651393324764030467,3755.9295979538427919267265913987867,3755.5540425495878331434122501737686,51590.97851,0.67
2022-01-02 04:03:00,4504646716,-1198739699112536665,194008.0,194008.0,194008.0,194008.0,4504646716,0,10651393324764030467,3756.3051909136381762059192640579251,3755.9295979538427919267265913987867,4504.646716,0
2022-01-02 04:04:00,185102999410,-49241943543114881183,194003.0,194008.0,194003.0,194008.0,192069210714,1855606113737849510,10651393324764030467,3758.1837191771790167571347347721645,3756.3051909136381762059192640579251,192069.210714,1.85560611373784951
2022-01-02 04:05:00,-930835987,247812500000000000,194003.0,194003.0,194003.0,194003.0,0,247812500000000000,10651393324764030467,3758.1837191771790167571347347721645,3758.1837191771790167571347347721645,0,0.2478125
2022-01-02 04:06:00,-57869749498,15407804403868057616,194005.0,194005.0,194005.0,194005.0,0,15407804403868057616,10651393324764030467,3757.4321951638243002588399641909240,3758.1837191771790167571347347721645,0,15.407804403868057616
2022-01-02 04:07:00,105060502209,-27886371666994321571,194001.0,194009.0,194000.0,194009.0,315353760302,56000000000000000000,10651393324764030467,3758.9353935028516443322763292904667,3757.4321951638243002588399641909240,315353.760302,56
2022-01-02 04:08:00,15042370907,-4000000000000000000,194001.0,194001.0,194001.0,194001.0,15042370907,0,10651393324764030467,3758.9353935028516443322763292904667,3758.9353935028516443322763292904667,15042.370907,0
2022-01-02 04:09:00,-18195118356,4843229937472565333,194001.0,194001.0,194001.0,194001.0,0,4843229937472565333,10651393324764030467,3758.9353935028516443322763292904667,3758.9353935028516443322763292904667,0,4.843229937472565333
2022-01-02 04:10:00,-27254276747,7255128214486493470,194002.0,194001.0,194001.0,194002.0,0,7255128214486493470,10651393324764030467,3758.5595375490967346588104482456441,3758.9353935028516443322763292904667,0,7.25512821448649347
2022-01-02 04:11:00,7830019984,-2078073056219729475,194002.0,194002.0,194002.0,194002.0,23866134558,4268808201643630916,10651393324764030467,3758.5595375490967346588104482456441,3758.5595375490967346588104482456441,23866.134558,4.268808201643630916
2022-01-02 04:12:00,281075082119,-74710172986155351348,193992.0,193992.0,193992.0,193992.0,296832330943,4190538267507600060,9162173175796791656,3762.3197888895438122155393715800911,3758.5595375490967346588104482456441,296832.330943,4.19053826750760006
2022-01-02 04:13:00,-53113521430,14126928283709730487,193994.0,193992.0,193992.0,193994.0,0,14126928283709730487,9162173175796791656,3761.5674377863121719180340455906335,3762.3197888895438122155393715800911,0,14.126928283709730487
2022-01-02 04:14:00,-822438847811,219086708929032587334,194020.0,193991.0,193991.0,194020.0,99996070829,245654471724690075652,8873540586503848351,3751.8005532358082051693103597380302,3761.5674377863121719180340455906335,99996.070829,245.654471724690075652
2022-01-02 04:15:00,2324893833,-617370177883955031,194020.0,194021.0,194020.0,194021.0,10000000000,2046946499999999744,8873540586503848351,3751.8005532358082051693103597380302,3751.8005532358082051693103597380302,10000,2.046946499999999744
2022-01-02 04:16:00,-18747474168,5000000000000000000,194021.0,194021.0,194021.0,194021.0,0,5000000000000000000,8873540586503848351,3751.4254106947387312961807416638621,3751.8005532358082051693103597380302,0,5
2022-01-02 04:17:00,286554146322,-76314140093467693556,194012.0,194021.0,194012.0,194021.0,292377875413,1552300994332477111,10651393324764030467,3754.8030443926788534459345288086622,3751.4254106947387312961807416638621,292377.875413,1.552300994332477111
2022-01-02 04:18:00,-88120793395,23543438005528713951,194015.0,194012.0,194005.0,194015.0,220044810391,82102008665621902658,10651393324764030467,3753.6768287300013143228682373370920,3754.8030443926788534459345288086622,220044.810391,82.102008665621902658
2022-01-02 04:19:00,-217797540387,58072662745488899181,194022.0,194015.0,194015.0,194022.0,2000000000,58605593484480617286,8873540586503848351,3751.0503056641723140647742642374412,3753.6768287300013143228682373370920,2000,58.605593484480617286
2022-01-02 04:20:00,1800000000,-479634337474102197,194022.0,194022.0,194022.0,194022.0,1800000000,0,9012167525453619382,3751.0503056641723140647742642374412,3751.0503056641723140647742642374412,1800,0
2022-01-02 04:21:00,131204519952,-34950470816898755466,194017.0,194022.0,194017.0,194022.0,141480879169,2741057287370120424,10790020263713801498,3752.9262059595473452583431161304305,3751.0503056641723140647742642374412,141480.879169,2.741057287370120424
2022-01-02 04:22:00,-23725510086,6325781489967838880,194018.0,194017.0,194017.0,194018.0,0,6325781489967838880,10790020263713801498,3752.5509508644608991684262735030845,3752.9262059595473452583431161304305,0,6.32578148996783888
2022-01-02 04:23:00,-11053397180,2953665674727665788,194018.0,194018.0,194018.0,194019.0,24059468760,9362753020918808805,10790020263713801498,3752.5509508644608991684262735030845,3752.5509508644608991684262735030845,24059.46876,9.362753020918808805
2022-01-02 04:24:00,-35693059381,9517787115711552728,194019.0,194019.0,194019.0,194019.0,0,9517787115711552728,10790020263713801498,3752.1757332911317859898272907740055,3752.5509508644608991684262735030845,0,9.517787115711552728
2022-01-02 04:25:00,-125780657413,33549661540366955061,194024.0,194023.0,194023.0,194024.0,0,33549661540366955061,9012167525453619382,3750.3002081195463236045901101695065,3752.1757332911317859898272907740055,0,33.549661540366955061
2022-01-02 04:26:00,141707894210,-37745540854255701627,194019.0,194025.0,194019.0,194026.0,192581709256,13573886307399916018,10790020263713801498,3752.1757332911317859898272907740055,3750.3002081195463236045901101695065,192581.709256,13.573886307399916018
2022-01-02 04:27:00,0,0,194019.0,194019.0,194019.0,194019.0,0,0,10790020263713801498,3752.1757332911317859898272907740055,3752.1757332911317859898272907740055,0,0
2022-01-02 04:28:00,0,0,194019.0,194019.0,194019.0,194019.0,0,0,10790020263713801498,3752.1757332911317859898272907740055,3752.1757332911317859898272907740055,0,0
2022-01-02 04:29:00,-21850792332,5826886212977115906,194020.0,194020.0,194020.0,194020.0,0,5826886212977115906,9012167525453619382,3751.8005532358082051693103597380302,3752.1757332911317859898272907740055,0,5.826886212977115906
2022-01-02 04:30:00,0,0,194020.0,194020.0,194020.0,194020.0,0,0,9012167525453619382,3751.8005532358082051693103597380302,3751.8005532358082051693103597380302,0,0
2022-01-02 04:31:00,41799818271,-11135169981011235485,194018.0,194018.0,194018.0,194018.0,41799818271,0,11047664627587368639,3752.5509508644608991684262735030845,3751.8005532358082051693103597380302,41799.818271,0
2022-01-02 04:32:00,67500733168,-17978802924598265291,194016.0,194016.0,194016.0,194016.0,67500733168,0,11047664627587368639,3753.3014985801432999928689504420469,3752.5509508644608991684262735030845,67500.733168,0
2022-01-02 04:33:00,3000253843,-799033638609787189,194016.0,194016.0,194016.0,194016.0,3000253843,0,11047664627587368639,3753.3014985801432999928689504420469,3753.3014985801432999928689504420469,3000.253843,0
2022-01-02 04:34:00,-265386122493,70778222634892428383,194025.0,194024.0,194024.0,194025.0,0,70778222634892428383,9269811889327186523,3749.9252155979865249520949006794390,3753.3014985801432999928689504420469,0,70.778222634892428383
2022-01-02 04:35:00,-1824725994,486875748750178806,194025.0,194025.0,194025.0,194025.0,0,486875748750178806,9269811889327186523,3749.9252155979865249520949006794390,3749.9252155979865249520949006794390,0,0.486875748750178806
2022-01-02 04:36:00,384986717555,-102548449095948835219,194013.0,194025.0,194012.0,194025.0,408037778156,6144390780521584801,11047664627587368639,3754.4276016325156018857459542132428,3749.9252155979865249520949006794390,408037.778156,6.144390780521584801
2022-01-02 04:37:00,-190759782852,50850838280269499242,194018.0,194013.0,194013.0,194018.0,100000000,50877476128200239528,11047664627587368639,3752.5509508644608991684262735030845,3754.4276016325156018857459542132428,100,50.877476128200239528
2022-01-02 04:38:00,49974751063,-13309614187068608518,194017.0,194019.0,194017.0,194019.0,55975557059,1600000000000000000,11047664627587368639,3752.9262059595473452583431161304305,3752.5509508644608991684262735030845,55975.557059,1.6
2022-01-02 04:39:00,194330959135,-51724678390948625167,194011.0,194018.0,194011.0,194019.0,263412900000,18419516778106139993,11047664627587368639,3755.1785246971181213312791222615424,3752.9262059595473452583431161304305,263412.9,18.419516778106139993
2022-01-02 04:40:00,0,0,194011.0,194011.0,194011.0,194011.0,0,0,11047664627587368639,3755.1785246971181213312791222615424,3755.1785246971181213312791222615424,0,0
2022-01-02 04:41:00,-2401918505,640000000000000000,194011.0,194011.0,194011.0,194011.0,0,640000000000000000,11047664627587368639,3755.1785246971181213312791222615424,3755.1785246971181213312791222615424,0,0.64
2022-01-02 04:42:00,-622473238100,166022601382094293070,194032.0,194031.0,194031.0,194032.0,0,166022601382094293070,9260849362244464460,3747.3013176112133148189619019185230,3755.1785246971181213312791222615424,0,166.02260138209429307
2022-01-02 04:43:00,3374207450,-900000000000000000,194032.0,194032.0,194032.0,194032.0,3374207450,0,9260849362244464460,3747.3013176112133148189619019185230,3747.3013176112133148189619019185230,3374.20745,0
2022-01-02 04:44:00,-11201990874,2990930546378278453,194032.0,194032.0,194032.0,194032.0,0,2990930546378278453,9279311687277042994,3747.3013176112133148189619019185230,3747.3013176112133148189619019185230,0,2.990930546378278453
2022-01-02 04:45:00,-1224484337803,327654320473275557443,194075.0,194051.0,194051.0,194076.0,20631646967,333181566762667110155,9248992946814842907,3731.2233183028369039280455046345875,3747.3013176112133148189619019185230,20631.646967,333.181566762667110155
2022-01-02 04:46:00,56871733242,-15233925768388667335,194073.0,194074.0,194073.0,194074.0,56871733242,0,9248992946814842907,3731.9696002787306543372001530159684,3731.2233183028369039280455046345875,56871.733242,0
2022-01-02 04:47:00,-589672979701,158259947857054019796,194094.0,194094.0,194094.0,194094.0,0,158259947857054019796,9154872837748169898,3724.1410783625674106979591808314390,3731.9696002787306543372001530159684,0,158.259947857054019796
2022-01-02 04:48:00,126356641747,-33906314477000003584,194090.0,194090.0,194090.0,194090.0,126356641747,0,9154872837748169898,3725.6309582572740761438411122808522,3724.1410783625674106979591808314390,126356.641747,0
2022-01-02 04:49:00,91054034121,-24420843109751897233,194086.0,194088.0,194086.0,194089.0,102128773998,2973750000000000000,9248992946814842907,3727.1214341933373776068681393882150,3725.6309582572740761438411122808522,102128.773998,2.97375
2022-01-02 04:50:00,-3961640366,1063547337372199642,194086.0,194086.0,194086.0,194086.0,0,1063547337372199642,9248992946814842907,3727.1214341933373776068681393882150,3727.1214341933373776068681393882150,0,1.063547337372199642
2022-01-02 04:51:00,9999890358,-2681871536821983684,194086.0,194086.0,194086.0,194086.0,9999890358,0,9248992946814842907,3727.1214341933373776068681393882150,3727.1214341933373776068681393882150,9999.890358,0
2022-01-02 04:52:00,-6214459815,1668313300645360040,194086.0,194086.0,194086.0,194086.0,0,1668313300645360040,9248992946814842907,3727.1214341933373776068681393882150,3727.1214341933373776068681393882150,0,1.66831330064536004
2022-01-02 04:53:00,-348487441721,93613443867274946539,194099.0,194086.0,194086.0,194099.0,1955326982,94137843640083404641,9154872837748169898,3722.2795663142290079309446725437429,3727.1214341933373776068681393882150,1955.326982,94.137843640083404641
2022-01-02 04:54:00,0,0,194099.0,194099.0,194099.0,194099.0,0,0,9154872837748169898,3722.2795663142290079309446725437429,3722.2795663142290079309446725437429,0,0
2022-01-02 04:55:00,-1975000000,530869766521837902,194099.0,194099.0,194099.0,194099.0,0,530869766521837902,9154872837748169898,3722.2795663142290079309446725437429,3722.2795663142290079309446725437429,0,0.530869766521837902
2022-01-02 04:56:00,46092128151,-12375961961603143004,194097.0,194099.0,194097.0,194099.0,46092128151,0,9154872837748169898,3723.0240594502875168748209407877009,3722.2795663142290079309446725437429,46092.128151,0
2022-01-02 04:57:00,0,0,194097.0,194097.0,194097.0,194097.0,0,0,9154872837748169898,3723.0240594502875168748209407877009,3723.0240594502875168748209407877009,0,0
2022-01-02 04:58:00,-159785589606,43855975530484435375,194103.0,194213.0,194103.0,194227.0,3341463348276,946948908211042188486,9074835594838692255,3720.7910266412273823187066770984875,3723.0240594502875168748209407877009,3341463.348276,946.948908211042188486
2022-01-02 04:59:00,616003937064,-165300146434713061894,194081.0,194084.0,194081.0,194084.0,616003937064,0,9248992946814842907,3728.9853676598505435693310189314142,3720.7910266412273823187066770984875,616003.937064,0
2022-01-02 05:00:00,-104487806569,28041263136376800478,194085.0,194081.0,194081.0,194085.0,741000000,28239890823806014434,9248992946814842907,3727.4941463367567113446288262021548,3728.9853676598505435693310189314142,741,28.239890823806014434
2022-01-02 05:01:00,-43852166096,11771927246233750132,194086.0,194085.0,194085.0,194086.0,1368984820,12139017127363217482,9248992946814842907,3727.1214341933373776068681393882150,3727.4941463367567113446288262021548,1368.98482,12.139017127363217482
2022-01-02 05:02:00,-71622587642,19230111157652122141,194089.0,194086.0,194086.0,194089.0,0,19230111157652122141,9248992946814842907,3726.0035213530998035514554963920800,3727.1214341933373776068681393882150,0,19.230111157652122141
2022-01-02 05:03:00,-27506371818,7388424612353533588,194090.0,194089.0,194089.0,194090.0,7000000000,9266206453730921418,9154872837748169898,3725.6309582572740761438411122808522,3726.0035213530998035514554963920800,7000,9.266206453730921418
2022-01-02 05:04:00,0,0,194090.0,194090.0,194090.0,194090.0,0,0,9154872837748169898,3725.6309582572740761438411122808522,3725.6309582572740761438411122808522,0,0
2022-01-02 05:05:00,263688644859,-70710437751443884531,194080.0,194081.0,194080.0,194081.0,263688644859,0,9248992946814842907,3729.3582661966165286236879520333061,3725.6309582572740761438411122808522,263688.644859,0
2022-01-02 05:06:00,31480222519,-8433226833918647140,194079.0,194079.0,194079.0,194079.0,46630778205,4064361502905849390,9248992946814842907,3729.7312020232361902765503208285125,3729.3582661966165286236879520333061,46630.778205,4.06436150290584939
2022-01-02 05:07:00,0,0,194079.0,194079.0,194079.0,194079.0,0,0,9248992946814842907,3729.7312020232361902765503208285125,3729.7312020232361902765503208285125,0,0
2022-01-02 05:08:00,-3660919574,982128738124344652,194079.0,194079.0,194079.0,194079.0,0,982128738124344652,9248992946814842907,3729.7312020232361902765503208285125,3729.7312020232361902765503208285125,0,0.982128738124344652
2022-01-02 05:09:00,19000908861,-5092211289426737277,194079.0,194079.0,194079.0,194079.0,19000908861,0,9248992946814842907,3729.7312020232361902765503208285125,3729.7312020232361902765503208285125,19000.908861,0
2022-01-02 05:10:00,0,0,194079.0,194079.0,194079.0,194079.0,0,0,9248992946814842907,3729.7312020232361902765503208285125,3729.7312020232361902765503208285125,0,0
2022-01-02 05:11:00,7470476729,-2000990304640990081,194079.0,194079.0,194079.0,194079.0,11165596483,991250000000000000,9248992946814842907,3729.7312020232361902765503208285125,3729.7312020232361902765503208285125,11165.596483,0.99125
2022-01-02 05:12:00,-3834883553,1028715993552954637,194079.0,194079.0,194079.0,194079.0,0,1028715993552954637,9248992946814842907,3729.7312020232361902765503208285125,3729.7312020232361902765503208285125,0,1.028715993552954637
2022-01-02 05:13:00,-12674222180,3399987500000000000,194079.0,194079.0,194079.0,194079.0,0,3399987500000000000,9248992946814842907,3729.7312020232361902765503208285125,3729.7312020232361902765503208285125,0,3.3999875
2022-01-02 05:14:00,-34074300264,9141530140579334610,194080.0,194080.0,194080.0,194080.0,0,9141530140579334610,9248992946814842907,3729.3582661966165286236879520333061,3729.7312020232361902765503208285125,0,9.14153014057933461
2022-01-02 05:15:00,-29790497156,7993165554255925870,194081.0,194081.0,194081.0,194081.0,0,7993165554255925870,9248992946814842907,3728.9853676598505435693310189314142,3729.3582661966165286236879520333061,0,7.99316555425592587
2022-01-02 05:16:00,-6082257713,1632050000000000000,194082.0,194082.0,194082.0,194082.0,0,1632050000000000000,9248992946814842907,3728.6125064092096226070703119002275,3728.9853676598505435693310189314142,0,1.63205
2022-01-02 05:17:00,-279168620586,74947136285297390093,194091.0,194091.0,194091.0,194091.0,197010000,75000000000000000000,9154872837748169898,3725.2584324140326728765534569351581,3728.6125064092096226070703119002275,197.01,75
2022-01-02 05:18:00,280633139213,-75262759348573642470,194082.0,194091.0,194082.0,194092.0,288079187002,2000000000000000000,9248992946814842907,3728.6125064092096226070703119002275,3725.2584324140326728765534569351581,288079.187002,2
2022-01-02 05:19:00,-23280162723,6247053171048325526,194082.0,194082.0,194082.0,194082.0,0,6247053171048325526,9248992946814842907,3728.6125064092096226070703119002275,3728.6125064092096226070703119002275,0,6.247053171048325526
2022-01-02 05:20:00,280689995337,-75208445280652792019,194072.0,194082.0,194072.0,194082.0,291880615138,3000000000000000000,9248992946814842907,3732.3427972387585274026338730312736,3728.6125064092096226070703119002275,291880.615138,3
2022-01-02 05:21:00,11220483655,-3000000000000000000,194072.0,194073.0,194072.0,194073.0,29870531654,5000000000000000000,9248992946814842907,3732.3427972387585274026338730312736,3732.3427972387585274026338730312736,29870.531654,5
2022-01-02 05:22:00,-23566165276,6317828836199312808,194073.0,194072.0,194072.0,194073.0,126644512,6351745889403727835,9248992946814842907,3731.9696002787306543372001530159684,3732.3427972387585274026338730312736,126.644512,6.351745889403727835
2022-01-02 05:23:00,283638579,-75967073430834812,194073.0,194073.0,194073.0,194073.0,283638579,0,9248992946814842907,3731.9696002787306543372001530159684,3731.9696002787306543372001530159684,283.638579,0
2022-01-02 05:24:00,-43940350366,11873411772858825026,194074.0,194073.0,194073.0,194087.0,343679661209,103991437307401466340,9278145891576780212,3731.5964406346671876184383091850493,3731.9696002787306543372001530159684,343679.661209,103.99143730740146634
2022-01-02 05:25:00,-1379871936,370000000000000000,194074.0,194074.0,194074.0,194074.0,0,370000000000000000,9278145891576780212,3731.5964406346671876184383091850493,3731.5964406346671876184383091850493,0,0.37
2022-01-02 05:26:00,-117998053412,31650113779662740663,194079.0,194079.0,194079.0,194079.0,12500000000,35000000000000000000,9278145891576780212,3729.7312020232361902765503208285125,3731.5964406346671876184383091850493,12500,35
2022-01-02 05:27:00,14868750000,-3984497295218979461,194078.0,194078.0,194078.0,194078.0,14868750000,0,9278145891576780212,3730.1041751434385138955779758605945,3729.7312020232361902765503208285125,14868.75,0
2022-01-02 05:28:00,17455564535,-4677439877465575933,194077.0,194077.0,194077.0,194077.0,17455564535,0,9278145891576780212,3730.4771855609528577469675336581826,3730.1041751434385138955779758605945,17455.564535,0
2022-01-02 05:29:00,700000000,-187567870173209644,194077.0,194077.0,194077.0,194077.0,700000000,0,9278145891576780212,3730.4771855609528577469675336581826,3730.4771855609528577469675336581826,700,0
2022-01-02 05:30:00,279716006070,-74856522033871051599,194068.0,194079.0,194064.0,194079.0,494221599211,57501569223143337805,9279303747144387226,3733.8359583131516095623413287239782,3730.4771855609528577469675336581826,494221.599211,57.501569223143337805
2022-01-02 05:31:00,227787453236,-60793969003560161242,194060.0,194088.0,194060.0,194088.0,817154535871,158089705138559357032,9279303747144387226,3736.8240727629914111407392484885923,3733.8359583131516095623413287239782,817154.535871,158.089705138559357032
2022-01-02 05:32:00,0,0,194060.0,194060.0,194060.0,194060.0,0,0,9279303747144387226,3736.8240727629914111407392484885923,3736.8240727629914111407392484885923,0,0
2022-01-02 05:33:00,-89096921300,23858804897406542434,194063.0,194060.0,194060.0,194063.0,0,23858804897406542434,9279303747144387226,3735.7032497132442432207324878770323,3736.8240727629914111407392484885923,0,23.858804897406542434
2022-01-02 05:34:00,-13441198630,3600000000000000000,194063.0,194063.0,194063.0,194063.0,0,3600000000000000000,9279303747144387226,3735.7032497132442432207324878770323,3735.7032497132442432207324878770323,0,3.6
2022-01-02 05:35:00,-44882950347,12032023775391774466,194065.0,194063.0,194062.0,194065.0,36001489444,21664397089588897433,9279303747144387226,3734.9562211194581403980714696023982,3735.7032497132442432207324878770323,36001.489444,21.664397089588897433
2022-01-02 05:36:00,-223639980036,59932765340868250652,194073.0,194073.0,194073.0,194073.0,0,59932765340868250652,9278145891576780212,3731.9696002787306543372001530159684,3734.9562211194581403980714696023982,0,59.932765340868250652
2022-01-02 05:37:00,-12130865012,3252274955257063093,194073.0,194073.0,194073.0,194073.0,0,3252274955257063093,9278145891576780212,3731.9696002787306543372001530159684,3731.9696002787306543372001530159684,0,3.252274955257063093
2022-01-02 05:38:00,0,0,194073.0,194073.0,194073.0,194073.0,0,0,9278145891576780212,3731.9696002787306543372001530159684,3731.9696002787306543372001530159684,0,0
2022-01-02 05:39:00,231896700000,-62085100416971030886,194065.0,194065.0,194065.0,194065.0,231896700000,0,9279303747144387226,3734.9562211194581403980714696023982,3731.9696002787306543372001530159684,231896.7,0
2022-01-02 05:40:00,18926664156,-5057358261514089843,194064.0,194064.0,194064.0,194065.0,47262131465,7590093761083383508,9279303747144387226,3735.3297167415700862121112767493561,3734.9562211194581403980714696023982,47262.131465,7.590093761083383508
2022-01-02 05:41:00,164239866649,-43934343569551282978,194058.0,194065.0,194058.0,194065.0,177496289293,3551053516119286859,9313376777754131841,3737.5714749457847370528815077456842,3735.3297167415700862121112767493561,177496.289293,3.551053516119286859
2022-01-02 05:42:00,-548016598032,147703062544379225663,194078.0,194171.0,194078.0,194191.0,3160995559337,999520101059814726075,9278145891576780212,3730.1041751434385138955779758605945,3737.5714749457847370528815077456842,3160995.559337,999.520101059814726075
2022-01-02 05:43:00,0,0,194078.0,194078.0,194078.0,194078.0,0,0,9278145891576780212,3730.1041751434385138955779758605945,3730.1041751434385138955779758605945,0,0
2022-01-02 05:44:00,175154636092,-46920691541673981776,194072.0,194078.0,194072.0,194078.0,175154636092,0,9278145891576780212,3732.3427972387585274026338730312736,3730.1041751434385138955779758605945,175154.636092,0
2022-01-02 05:45:00,101632360374,-27212146602314398103,194068.0,194072.0,194068.0,194072.0,101632360374,0,9279303747144387226,3733.8359583131516095623413287239782,3732.3427972387585274026338730312736,101632.360374,0
2022-01-02 05:46:00,-456169727,122240237677658705,194068.0,194068.0,194068.0,194068.0,0,122240237677658705,9279303747144387226,3733.8359583131516095623413287239782,3733.8359583131516095623413287239782,0,0.122240237677658705
2022-01-02 05:47:00,-347479046456,93171472038831245290,194080.0,194080.0,194080.0,194080.0,0,93171472038831245290,9278145891576780212,3729.3582661966165286236879520333061,3733.8359583131516095623413287239782,0,93.17147203883124529
2022-01-02 05:48:00,0,0,194080.0,194080.0,194080.0,194080.0,0,0,9278145891576780212,3729.3582661966165286236879520333061,3729.3582661966165286236879520333061,0,0
2022-01-02 05:49:00,7772454266,-2082879003878650727,194080.0,194080.0,194080.0,194080.0,9102492351,356850000000000000,9278145891576780212,3729.3582661966165286236879520333061,3729.3582661966165286236879520333061,9102.492351,0.35685
2022-01-02 05:50:00,12702755919,-3404571930629647783,194080.0,194080.0,194080.0,194080.0,12702755919,0,9278145891576780212,3729.3582661966165286236879520333061,3729.3582661966165286236879520333061,12702.755919,0
2022-01-02 05:51:00,885342261461,-236912860876862786213,194048.0,194053.0,194048.0,194053.0,885342261461,0,9363926468044161282,3741.3107287764813228069991447015883,3729.3582661966165286236879520333061,885342.261461,0
2022-01-02 05:52:00,37471226231,-10009859258880328207,194047.0,194047.0,194047.0,194047.0,41178092717,991250000000000000,9363926468044161282,3741.6848598493589709392798446160565,3741.3107287764813228069991447015883,41178.092717,0.99125
2022-01-02 05:53:00,0,0,194047.0,194047.0,194047.0,194047.0,0,0,9363926468044161282,3741.6848598493589709392798446160565,3741.6848598493589709392798446160565,0,0
2022-01-02 05:54:00,-12679063066,3390594420516964777,194048.0,194048.0,194048.0,194048.0,0,3390594420516964777,9363926468044161282,3741.3107287764813228069991447015883,3741.6848598493589709392798446160565,0,3.390594420516964777
2022-01-02 05:55:00,-85387189705,22837984456413973536,194051.0,194048.0,194048.0,194051.0,385532163,22940981370624026788,9313376777754131841,3740.1885599990846088917942550623498,3741.3107287764813228069991447015883,385.532163,22.940981370624026788
2022-01-02 05:56:00,3675219390,-982141627681654537,194050.0,194050.0,194050.0,194050.0,3675219390,0,9313376777754131841,3740.5625788550845173526834344878524,3740.1885599990846088917942550623498,3675.21939,0
2022-01-02 05:57:00,-4783480078,1279849771840550713,194051.0,194051.0,194051.0,194051.0,979810903,1541687761421609456,9313376777754131841,3740.1885599990846088917942550623498,3740.5625788550845173526834344878524,979.810903,1.541687761421609456
2022-01-02 05:58:00,5419072343,-1448158717830066044,194050.0,194050.0,194050.0,194050.0,5419072343,0,9313376777754131841,3740.5625788550845173526834344878524,3740.1885599990846088917942550623498,5419.072343,0
2022-01-02 05:59:00,0,0,194050.0,194050.0,194050.0,194050.0,0,0,9313376777754131841,3740.5625788550845173526834344878524,3740.5625788550845173526834344878524,0,0
2022-01-02 06:00:00,-20037176705,5375155583193407784,194051.0,194053.0,194051.0,194053.0,56271636617,20415234621427076846,9313376777754131841,3740.1885599990846088917942550623498,3740.5625788550845173526834344878524,56271.636617,20.415234621427076846
2022-01-02 06:01:00,19834719421,-5299378950232161908,194050.0,194050.0,194050.0,194050.0,24564719421,1265258874531362355,9313376777754131841,3740.5625788550845173526834344878524,3740.1885599990846088917942550623498,24564.719421,1.265258874531362355
2022-01-02 06:02:00,-12170928953,3256019109807918458,194051.0,194051.0,194051.0,194051.0,899271159,3496336410262103149,9313376777754131841,3740.1885599990846088917942550623498,3740.5625788550845173526834344878524,899.271159,3.496336410262103149
2022-01-02 06:03:00,-68683945545,18375875035580238470,194053.0,194051.0,194051.0,194053.0,0,18375875035580238470,9313376777754131841,3739.4406344777827075724526888000629,3740.1885599990846088917942550623498,0,18.37587503558023847
2022-01-02 06:04:00,35613185387,-9517954728799512684,194052.0,194053.0,194052.0,194053.0,39776083670,1113894711880672062,9313376777754131841,3739.8145785412304858432099340689411,3739.4406344777827075724526888000629,39776.08367,1.113894711880672062
2022-01-02 06:05:00,0,0,194052.0,194052.0,194052.0,194052.0,0,0,9313376777754131841,3739.8145785412304858432099340689411,3739.8145785412304858432099340689411,0,0
2022-01-02 06:06:00,-22757905471,6088923630541337137,194053.0,194052.0,194052.0,194053.0,0,6088923630541337137,9313376777754131841,3739.4406344777827075724526888000629,3739.8145785412304858432099340689411,0,6.088923630541337137
2022-01-02 06:07:00,-13386079221,3581699868360368226,194053.0,194053.0,194053.0,194053.0,0,3581699868360368226,9313376777754131841,3739.4406344777827075724526888000629,3739.4406344777827075724526888000629,0,3.581699868360368226
2022-01-02 06:08:00,-1495978115,400555342460511718,194053.0,194053.0,194053.0,194053.0,1000000000,667865000000000000,9313376777754131841,3739.4406344777827075724526888000629,3739.4406344777827075724526888000629,1000,0.667865
2022-01-02 06:09:00,-62978512401,16853446163856398353,194056.0,194053.0,194053.0,194056.0,0,16853446163856398353,9313376777754131841,3738.3190266164886434581394545760475,3739.4406344777827075724526888000629,0,16.853446163856398353
2022-01-02 06:10:00,547813304843,-146326505299468300193,194036.0,194036.0,194036.0,194036.0,551744100322,1050000000000000000,9308464632038980299,3745.8027717393676777185791624911351,3738.3190266164886434581394545760475,551744.100322,1.05
2022-01-02 06:11:00,-339079333048,90790265331884271622,194048.0,194016.0,194016.0,194048.0,600916520876,250981642545845789419,9363926468044161282,3741.3107287764813228069991447015883,3745.8027717393676777185791624911351,600916.520876,250.981642545845789419
2022-01-02 06:12:00,44346105300,-11847170909072776676,194047.0,194047.0,194047.0,194047.0,44346105300,0,9363926468044161282,3741.6848598493589709392798446160565,3741.3107287764813228069991447015883,44346.1053,0
2022-01-02 06:13:00,0,0,194047.0,194047.0,194047.0,194047.0,0,0,9363926468044161282,3741.6848598493589709392798446160565,3741.6848598493589709392798446160565,0,0
2022-01-02 06:14:00,0,0,194047.0,194047.0,194047.0,194047.0,0,0,9363926468044161282,3741.6848598493589709392798446160565,3741.6848598493589709392798446160565,0,0
2022-01-02 06:15:00,-131356836521,35135380578730380554,194051.0,194051.0,194051.0,194051.0,9777032301,37748314094116134984,9313376777754131841,3740.1885599990846088917942550623498,3741.6848598493589709392798446160565,9777.032301,37.748314094116134984
2022-01-02 06:16:00,-14482634464,3876647908143997630,194052.0,194051.0,194051.0,194052.0,7945163780,6000000000000000000,9313376777754131841,3739.8145785412304858432099340689411,3740.1885599990846088917942550623498,7945.16378,6
2022-01-02 06:17:00,584795758168,-156115582661500595113,194031.0,194054.0,194031.0,194054.0,667245377868,22047500000000000000,9308464632038980299,3747.6760477429744361504437981087153,3739.8145785412304858432099340689411,667245.377868,22.0475
2022-01-02 06:18:00,-31059449277,8292976154330223801,194032.0,194032.0,194032.0,194032.0,0,8292976154330223801,9308464632038980299,3747.3013176112133148189619019185230,3747.6760477429744361504437981087153,0,8.292976154330223801
2022-01-02 06:19:00,-13136822064,3507847212886765279,194033.0,194033.0,194033.0,194033.0,0,3507847212886765279,9308464632038980299,3746.9266249487184429746644354749744,3747.3013176112133148189619019185230,0,3.507847212886765279
2022-01-02 06:20:00,-61175677851,16337506984926380032,194035.0,194035.0,194035.0,194035.0,0,16337506984926380032,9308464632038980299,3746.1773520165416144863510204073844,3746.9266249487184429746644354749744,0,16.337506984926380032
2022-01-02 06:21:00,-21473984844,5735649970000000000,194036.0,194036.0,194036.0,194036.0,0,5735649970000000000,9308464632038980299,3745.8027717393676777185791624911351,3746.1773520165416144863510204073844,0,5.73564997
2022-01-02 06:22:00,-18009342896,4810585785448517395,194036.0,194036.0,194036.0,194036.0,0,4810585785448517395,9308464632038980299,3745.8027717393676777185791624911351,3745.8027717393676777185791624911351,0,4.810585785448517395
2022-01-02 06:23:00,-408533708026,109578849578746809738,194051.0,194038.0,194038.0,194100.0,1387136849195,481184127615992950150,9313376777754131841,3740.1885599990846088917942550623498,3745.8027717393676777185791624911351,1387136.849195,481.18412761599295015
2022-01-02 06:24:00,467802904527,-124913378451024460958,194034.0,194035.0,194034.0,194035.0,467802904527,0,9308464632038980299,3746.5519697517432686477996555094260,3740.1885599990846088917942550623498,467802.904527,0
2022-01-02 06:25:00,-602041409,160787283964010996,194034.0,194034.0,194034.0,194034.0,0,160787283964010996,9308464632038980299,3746.5519697517432686477996555094260,3746.5519697517432686477996555094260,0,0.160787283964010996
2022-01-02 06:26:00,-371475236029,99657020321803739755,194047.0,194034.0,194034.0,194098.0,1428495150180,482233728472490835968,9363926468044161282,3741.6848598493589709392798446160565,3746.5519697517432686477996555094260,1428495.15018,482.233728472490835968
2022-01-02 06:27:00,-11326485076,3028970805542077831,194048.0,194047.0,194047.0,194048.0,0,3028970805542077831,9363926468044161282,3741.3107287764813228069991447015883,3741.6848598493589709392798446160565,0,3.028970805542077831
2022-01-02 06:28:00,375662244825,-100000000000000000000,194035.0,194011.0,194000.0,194035.0,1488025563943,296544155570382421883,9308464632038980299,3746.1773520165416144863510204073844,3741.3107287764813228069991447015883,1488025.563943,296.544155570382421883
2022-01-02 06:29:00,4385450692,-1170079553042553754,194035.0,194035.0,194035.0,194035.0,4385450692,0,9308464632038980299,3746.1773520165416144863510204073844,3746.1773520165416144863510204073844,4385.450692,0
2022-01-02 06:30:00,-34607656471,9244749377866790142,194036.0,194035.0,194034.0,194036.0,5129502741,10613338001000803126,9308464632038980299,3745.8027717393676777185791624911351,3746.1773520165416144863510204073844,5129.502741,10.613338001000803126
2022-01-02 06:31:00,0,0,194036.0,194036.0,194036.0,194036.0,0,0,9308464632038980299,3745.8027717393676777185791624911351,3745.8027717393676777185791624911351,0,0
2022-01-02 06:32:00,-13091924280,3497022703119862809,194036.0,194036.0,194036.0,194036.0,0,3497022703119862809,9308464632038980299,3745.8027717393676777185791624911351,3745.8027717393676777185791624911351,0,3.497022703119862809
2022-01-02 06:33:00,-380760247036,102153812692306902269,194050.0,194086.0,194049.0,194099.0,1410651573011,480018097234885591040,9313376777754131841,3740.5625788550845173526834344878524,3745.8027717393676777185791624911351,1410651.573011,480.01809723488559104
2022-01-02 06:34:00,43173692,-11536363140171417,194050.0,194050.0,194050.0,194050.0,43173692,0,9313376777754131841,3740.5625788550845173526834344878524,3740.5625788550845173526834344878524,43.173692,0
2022-01-02 06:35:00,0,0,194050.0,194050.0,194050.0,194050.0,0,0,9313376777754131841,3740.5625788550845173526834344878524,3740.5625788550845173526834344878524,0,0
2022-01-02 06:36:00,5000000000,-1336029036562078350,194049.0,194049.0,194049.0,194049.0,5000000000,0,9363926468044161282,3740.9366351129700258044187028313054,3740.5625788550845173526834344878524,5000,0
2022-01-02 06:37:00,317573656522,-84809495697421559096,194038.0,194041.0,194038.0,194041.0,318621411289,280000000000000000,9308464632038980299,3745.0537235441216179537722285077101,3740.9366351129700258044187028313054,318621.411289,0.28
2022-01-02 06:38:00,0,0,194038.0,194038.0,194038.0,194038.0,0,0,9308464632038980299,3745.0537235441216179537722285077101,3745.0537235441216179537722285077101,0,0
2022-01-02 06:39:00,-372172482114,99880576942809085751,194051.0,194088.0,194051.0,194102.0,1422378935228,480973502456431378432,9313376777754131841,3740.1885599990846088917942550623498,3745.0537235441216179537722285077101,1422378.935228,480.973502456431378432
2022-01-02 06:40:00,0,0,194051.0,194051.0,194051.0,194051.0,0,0,9313376777754131841,3740.1885599990846088917942550623498,3740.1885599990846088917942550623498,0,0
2022-01-02 06:41:00,0,0,194051.0,194051.0,194051.0,194051.0,0,0,9313376777754131841,3740.1885599990846088917942550623498,3740.1885599990846088917942550623498,0,0
2022-01-02 06:42:00,-8209111849,2196361385387815629,194052.0,194051.0,194051.0,194052.0,761939288,2400000000000000000,9313376777754131841,3739.8145785412304858432099340689411,3740.1885599990846088917942550623498,761.939288,2.4
2022-01-02 06:43:00,-42545794035,11385440117891336823,194053.0,194051.0,194051.0,194053.0,8541507768,13668236711631823760,9313376777754131841,3739.4406344777827075724526888000629,3739.8145785412304858432099340689411,8541.507768,13.66823671163182376
2022-01-02 06:44:00,518807753059,-138553180951430915668,194035.0,194035.0,194035.0,194035.0,518807753059,0,9308464632038980299,3746.1773520165416144863510204073844,3739.4406344777827075724526888000629,518807.753059,0
2022-01-02 06:45:00,-27743024847,7410118975242066711,194036.0,194035.0,194035.0,194036.0,0,7410118975242066711,9308464632038980299,3745.8027717393676777185791624911351,3746.1773520165416144863510204073844,0,7.410118975242066711
2022-01-02 06:46:00,-16838848357,4497982297659203188,194037.0,194036.0,194036.0,194037.0,0,4497982297659203188,9308464632038980299,3745.4282289164760301155676057305591,3745.8027717393676777185791624911351,0,4.497982297659203188
2022-01-02 06:47:00,-4117857872,1100000000000000000,194037.0,194037.0,194037.0,194037.0,0,1100000000000000000,9308464632038980299,3745.4282289164760301155676057305591,3745.4282289164760301155676057305591,0,1.1
2022-01-02 06:48:00,-6049452610,1616380555554079878,194037.0,194037.0,194037.0,194037.0,1371900000,1982500000000000000,9308464632038980299,3745.4282289164760301155676057305591,3745.4282289164760301155676057305591,1371.9,1.9825
2022-01-02 06:49:00,-66224602872,17693845506008504457,194039.0,194037.0,194037.0,194039.0,2849383715,18454307997836570468,9308464632038980299,3744.6792556185597619775744710606057,3745.4282289164760301155676057305591,2849.383715,18.454307997836570468
2022-01-02 06:50:00,5448202392,-1454284437919730364,194039.0,194039.0,194039.0,194039.0,5448202392,0,9308464632038980299,3744.6792556185597619775744710606057,3744.6792556185597619775744710606057,5448.202392,0
2022-01-02 06:51:00,0,0,194039.0,194039.0,194039.0,194039.0,0,0,9308464632038980299,3744.6792556185597619775744710606057,3744.6792556185597619775744710606057,0,0
2022-01-02 06:52:00,9811829363,-2618868380867652469,194039.0,194039.0,194039.0,194039.0,10281620218,125520777806865962,9308464632038980299,3744.6792556185597619775744710606057,3744.6792556185597619775744710606057,10281.620218,0.125520777806865962
2022-01-02 06:53:00,19617434788,-5222459329703655654,194038.0,194037.0,194037.0,194039.0,70522954836,13600000000000000000,9308464632038980299,3745.0537235441216179537722285077101,3744.6792556185597619775744710606057,70522.954836,13.6
2022-01-02 06:54:00,-183718264301,49106164481159573761,194044.0,194037.0,194037.0,194044.0,26456628734,56167087899224159737,9363926468044161282,3742.8074775616012589711801157187789,3745.0537235441216179537722285077101,26456.628734,56.167087899224159737
2022-01-02 06:55:00,-473071372966,126984094310315376439,194061.0,194044.0,194043.0,194108.0,1527751877135,536464492144673345877,9279303747144387226,3736.4504277202193892018190665819328,3742.8074775616012589711801157187789,1527751.877135,536.464492144673345877
2022-01-02 06:56:00,203831193769,-54504826799916066179,194054.0,194061.0,194054.0,194061.0,216901732853,3500000000000000000,9313376777754131841,3739.0667278050022073517175170483591,3736.4504277202193892018190665819328,216901.732853,3.5
2022-01-02 06:57:00,2516024884,-672589044892745934,194054.0,194054.0,194054.0,194054.0,2516024884,0,9313376777754131841,3739.0667278050022073517175170483591,3739.0667278050022073517175170483591,2516.024884,0
2022-01-02 06:58:00,19495394755,-5211348457501692302,194053.0,194053.0,194053.0,194053.0,19495394755,0,9313376777754131841,3739.4406344777827075724526888000629,3739.0667278050022073517175170483591,19495.394755,0
2022-01-02 06:59:00,17000000000,-4544009014635111445,194053.0,194053.0,194053.0,194053.0,17000000000,0,9313376777754131841,3739.4406344777827075724526888000629,3739.4406344777827075724526888000629,17000,0
2022-01-02 07:00:00,-39926884682,10683353081721977172,194054.0,194054.0,194054.0,194054.0,0,10683353081721977172,9313376777754131841,3739.0667278050022073517175170483591,3739.4406344777827075724526888000629,0,10.683353081721977172
2022-01-02 07:01:00,100784389350,-26937336750154849459,194050.0,194051.0,194050.0,194051.0,100784389350,0,9313376777754131841,3740.5625788550845173526834344878524,3739.0667278050022073517175170483591,100784.38935,0
2022-01-02 07:02:00,4408730000,-1178134069113910053,194050.0,194050.0,194050.0,194050.0,4408730000,0,9313376777754131841,3740.5625788550845173526834344878524,3740.5625788550845173526834344878524,4408.73,0
2022-01-02 07:03:00,0,0,194050.0,194050.0,194050.0,194050.0,0,0,9313376777754131841,3740.5625788550845173526834344878524,3740.5625788550845173526834344878524,0,0
2022-01-02 07:04:00,1400000,-374115659714004,194050.0,194050.0,194050.0,194050.0,1400000,0,9313376777754131841,3740.5625788550845173526834344878524,3740.5625788550845173526834344878524,1.4,0
2022-01-02 07:05:00,-1679708520,449445136608127963,194050.0,194050.0,194050.0,194050.0,500000000,583058777291565363,9313376777754131841,3740.5625788550845173526834344878524,3740.5625788550845173526834344878524,500,0.583058777291565363
2022-01-02 07:06:00,-3312340775,886038007740498284,194050.0,194050.0,194050.0,194050.0,0,886038007740498284,9313376777754131841,3740.5625788550845173526834344878524,3740.5625788550845173526834344878524,0,0.886038007740498284
2022-01-02 07:07:00,-105663837629,28273095282794502767,194054.0,194053.0,194053.0,194055.0,11323518644,31300250000000000000,9313376777754131841,3739.0667278050022073517175170483591,3740.5625788550845173526834344878524,11323.518644,31.30025
2022-01-02 07:08:00,22594122167,-6039632221723780921,194053.0,194053.0,194053.0,194053.0,23341575332,200000000000000000,9313376777754131841,3739.4406344777827075724526888000629,3739.0667278050022073517175170483591,23341.575332,0.2
2022-01-02 07:09:00,19126766669,-5112568721276624359,194053.0,194053.0,194053.0,194053.0,19126766669,0,9313376777754131841,3739.4406344777827075724526888000629,3739.4406344777827075724526888000629,19126.766669,0
2022-01-02 07:10:00,-9964840841,2666350110476886292,194053.0,194053.0,194053.0,194053.0,500000000,2800000000000000000,9313111997164422619,3739.4406344777827075724526888000629,3739.4406344777827075724526888000629,500,2.8
2022-01-02 07:11:00,0,0,194053.0,194053.0,194053.0,194053.0,0,0,9313111997164422619,3739.4406344777827075724526888000629,3739.4406344777827075724526888000629,0,0
2022-01-02 07:12:00,-22415719327,5997997362675979673,194054.0,194054.0,194054.0,194054.0,200000000,6051461499072355798,9313111997164422619,3739.0667278050022073517175170483591,3739.4406344777827075724526888000629,200,6.051461499072355798
2022-01-02 07:13:00,0,0,194054.0,194054.0,194054.0,194054.0,0,0,9313111997164422619,3739.0667278050022073517175170483591,3739.0667278050022073517175170483591,0,0
2022-01-02 07:14:00,-47092086405,12604700501835206275,194055.0,194054.0,194054.0,194056.0,8880220226,14978854692076001388,9313111997164422619,3738.6928585191502923224852685215032,3739.0667278050022073517175170483591,8880.220226,14.978854692076001388
2022-01-02 07:15:00,0,0,194055.0,194055.0,194055.0,194055.0,0,0,9313111997164422619,3738.6928585191502923224852685215032,3738.6928585191502923224852685215032,0,0
2022-01-02 07:16:00,40403140711,-10801611990265624787,194054.0,194054.0,194054.0,194054.0,40403140711,0,9313111997164422619,3739.0667278050022073517175170483591,3738.6928585191502923224852685215032,40403.140711,0
2022-01-02 07:17:00,0,0,194054.0,194054.0,194054.0,194054.0,0,0,9313111997164422619,3739.0667278050022073517175170483591,3739.0667278050022073517175170483591,0,0
2022-01-02 07:18:00,285071720635,-76167379772347402152,194044.0,194044.0,194044.0,194044.0,292209118881,1908000000000000000,9363661687454452060,3742.8074775616012589711801157187789,3739.0667278050022073517175170483591,292209.118881,1.908
2022-01-02 07:19:00,0,0,194044.0,194044.0,194044.0,194044.0,0,0,9363661687454452060,3742.8074775616012589711801157187789,3742.8074775616012589711801157187789,0,0
2022-01-02 07:20:00,-1533694436,410000000000000030,194044.0,194044.0,194044.0,194044.0,0,410000000000000030,9363661687454452060,3742.8074775616012589711801157187789,3742.8074775616012589711801157187789,0,0.41000000000000003
2022-01-02 07:21:00,-452252116624,121369489193096172360,194060.0,194044.0,194044.0,194109.0,1393960658664,495151312742322034076,9279038966554678004,3736.8240727629914111407392484885923,3742.8074775616012589711801157187789,1393960.658664,495.151312742322034076
2022-01-02 07:22:00,405491306040,-108386177819632945176,194046.0,194046.0,194046.0,194046.0,405491306040,0,9363661687454452060,3742.0590283353439068363737726005183,3736.8240727629914111407392484885923,405491.30604,0
2022-01-02 07:23:00,0,0,194046.0,194046.0,194046.0,194046.0,0,0,9363661687454452060,3742.0590283353439068363737726005183,3742.0590283353439068363737726005183,0,0
2022-01-02 07:24:00,0,0,194046.0,194046.0,194046.0,194046.0,0,0,9363661687454452060,3742.0590283353439068363737726005183,3742.0590283353439068363737726005183,0,0
2022-01-02 07:25:00,0,0,194046.0,194046.0,194046.0,194046.0,0,0,9363661687454452060,3742.0590283353439068363737726005183,3742.0590283353439068363737726005183,0,0
2022-01-02 07:26:00,-100081228514,26763750000000000000,194049.0,194049.0,194049.0,194049.0,0,26763750000000000000,9363661687454452060,3740.9366351129700258044187028313054,3742.0590283353439068363737726005183,0,26.76375
2022-01-02 07:27:00,0,0,194049.0,194049.0,194049.0,194049.0,0,0,9363661687454452060,3740.9366351129700258044187028313054,3740.9366351129700258044187028313054,0,0
2022-01-02 07:28:00,0,0,194049.0,194049.0,194049.0,194049.0,0,0,9363661687454452060,3740.9366351129700258044187028313054,3740.9366351129700258044187028313054,0,0
2022-01-02 07:29:00,219687951317,-58659166068243436830,194042.0,194049.0,194041.0,194051.0,290292876051,18881731977008960209,9363661687454452060,3743.5560764851883548389869414537188,3740.9366351129700258044187028313054,290292.876051,18.881731977008960209
2022-01-02 07:30:00,40153172438,-10719939924503934188,194040.0,194040.0,194040.0,194040.0,40153172438,0,9363661687454452060,3744.3048251360461573618382872318793,3743.5560764851883548389869414537188,40153.172438,0
2022-01-02 07:31:00,17745782850,-4734796211207151274,194040.0,194041.0,194040.0,194041.0,26827886233,2427000101073234702,9363661687454452060,3744.3048251360461573618382872318793,3744.3048251360461573618382872318793,26827.886233,2.427000101073234702
2022-01-02 07:32:00,-12149040077,3246390513284025436,194040.0,194040.0,194040.0,194040.0,0,3246390513284025436,9363661687454452060,3744.3048251360461573618382872318793,3744.3048251360461573618382872318793,0,3.246390513284025436
2022-01-02 07:33:00,0,0,194040.0,194040.0,194040.0,194040.0,0,0,9363661687454452060,3744.3048251360461573618382872318793,3744.3048251360461573618382872318793,0,0
2022-01-02 07:34:00,-1742218649,466090368880205424,194040.0,194040.0,194040.0,194040.0,2000000000,1000000000000000000,9363661687454452060,3744.3048251360461573618382872318793,3744.3048251360461573618382872318793,2000,1
2022-01-02 07:35:00,-5683994194,1518897899259038099,194040.0,194040.0,194040.0,194040.0,0,1518897899259038099,9363661687454452060,3744.3048251360461573618382872318793,3744.3048251360461573618382872318793,0,1.518897899259038099
2022-01-02 07:36:00,542721797047,-144746797396906129978,194021.0,194021.0,194021.0,194021.0,542721797047,0,9317162378531993140,3751.4254106947387312961807416638621,3744.3048251360461573618382872318793,542721.797047,0
2022-01-02 07:37:00,-18329928471,4889085883798164646,194022.0,194021.0,194021.0,194022.0,0,4889085883798164646,9317162378531993140,3751.0503056641723140647742642374412,3751.4254106947387312961807416638621,0,4.889085883798164646
2022-01-02 07:38:00,-20079072792,5355990269438599774,194023.0,194023.0,194023.0,194023.0,0,5355990269438599774,9319269728165862158,3750.6752381403582782369505691805240,3751.0503056641723140647742642374412,0,5.355990269438599774
2022-01-02 07:39:00,0,0,194023.0,194023.0,194023.0,194023.0,0,0,9319269728165862158,3750.6752381403582782369505691805240,3750.6752381403582782369505691805240,0,0
2022-01-02 07:40:00,-215601656287,57534400000000008192,194030.0,194030.0,194030.0,194030.0,0,57534400000000008192,9310307201083140095,3748.0508153477487335940588424885263,3750.6752381403582782369505691805240,0,57.534400000000008192
2022-01-02 07:41:00,-3713135170,991250000000000000,194030.0,194030.0,194030.0,194030.0,0,991250000000000000,9310307201083140095,3748.0508153477487335940588424885263,3748.0508153477487335940588424885263,0,0.99125
2022-01-02 07:42:00,-32877387720,8777435074238338449,194031.0,194031.0,194031.0,194031.0,0,8777435074238338449,9310307201083140095,3747.6760477429744361504437981087153,3748.0508153477487335940588424885263,0,8.777435074238338449
2022-01-02 07:43:00,2550337108,-680231311625483004,194031.0,194031.0,194031.0,194031.0,2550337108,0,9310307201083140095,3747.6760477429744361504437981087153,3747.6760477429744361504437981087153,2550.337108,0
2022-01-02 07:44:00,-9408633755,2512032318694516136,194032.0,194032.0,194032.0,194032.0,0,2512032318694516136,9310307201083140095,3747.3013176112133148189619019185230,3747.6760477429744361504437981087153,0,2.512032318694516136
2022-01-02 07:45:00,-239796613608,64053932183195360901,194040.0,194032.0,194031.0,194040.0,7820000000,66139730616990374245,9365769037088321078,3744.3048251360461573618382872318793,3747.3013176112133148189619019185230,7820,66.139730616990374245
2022-01-02 07:46:00,0,0,194040.0,194040.0,194040.0,194040.0,0,0,9365769037088321078,3744.3048251360461573618382872318793,3744.3048251360461573618382872318793,0,0
2022-01-02 07:47:00,0,0,194040.0,194040.0,194040.0,194040.0,0,0,9365769037088321078,3744.3048251360461573618382872318793,3744.3048251360461573618382872318793,0,0
2022-01-02 07:48:00,-2312194859,618671890691866617,194040.0,194040.0,194040.0,194040.0,3000000000,1419545255416533894,9365769037088321078,3744.3048251360461573618382872318793,3744.3048251360461573618382872318793,3000,1.419545255416533894
2022-01-02 07:49:00,0,0,194040.0,194040.0,194040.0,194040.0,0,0,9365769037088321078,3744.3048251360461573618382872318793,3744.3048251360461573618382872318793,0,0
2022-01-02 07:50:00,-140767194237,37625701339805324235,194045.0,194040.0,194040.0,194045.0,561874834,37775701339805324235,9365769037088321078,3742.4332342381774412270574099777758,3744.3048251360461573618382872318793,561.874834,37.775701339805324235
2022-01-02 07:51:00,-1888748331,509461714379708526,194045.0,194045.0,194045.0,194045.0,16813375341,5000000000000000000,9365769037088321078,3742.4332342381774412270574099777758,3742.4332342381774412270574099777758,16813.375341,5
2022-01-02 07:52:00,-10158628523,2716025000000000000,194045.0,194045.0,194045.0,194045.0,0,2716025000000000000,9365769037088321078,3742.4332342381774412270574099777758,3742.4332342381774412270574099777758,0,2.716025
2022-01-02 07:53:00,-94146393480,25191990933251599175,194049.0,194044.0,194044.0,194050.0,60955366389,41475851889198639838,9365769037088321078,3740.9366351129700258044187028313054,3742.4332342381774412270574099777758,60955.366389,41.475851889198639838
2022-01-02 07:54:00,-36929092534,9877595202649796506,194050.0,194049.0,194049.0,194050.0,458125026,10000000000000000000,9315219346798291637,3740.5625788550845173526834344878524,3740.9366351129700258044187028313054,458.125026,10
2022-01-02 07:55:00,-25181780891,6741890183719455562,194051.0,194049.0,194049.0,194051.0,21511073955,12489888229552052804,9315219346798291637,3740.1885599990846088917942550623498,3740.5625788550845173526834344878524,21511.073955,12.489888229552052804
2022-01-02 07:56:00,80631520724,-21545312986221434505,194048.0,194048.0,194048.0,194048.0,80631520724,0,9365769037088321078,3741.3107287764813228069991447015883,3740.1885599990846088917942550623498,80631.520724,0
2022-01-02 07:57:00,8969256067,-2391174729362082486,194048.0,194047.0,194047.0,194048.0,28040413170,5100000000000000000,9365769037088321078,3741.3107287764813228069991447015883,3741.3107287764813228069991447015883,28040.41317,5.1
2022-01-02 07:58:00,434666638612,-116037899533061519728,194033.0,194048.0,194033.0,194048.0,434666638612,0,9310307201083140095,3746.9266249487184429746644354749744,3741.3107287764813228069991447015883,434666.638612,0
2022-01-02 07:59:00,-3519345976,939928406863911118,194033.0,194033.0,194033.0,194033.0,671083315,1118945812309688199,9310307201083140095,3746.9266249487184429746644354749744,3746.9266249487184429746644354749744,671.083315,1.118945812309688199
2022-01-02 08:00:00,79242796530,-21133763337667815303,194030.0,194030.0,194030.0,194030.0,86701814268,1991250000000000000,9310307201083140095,3748.0508153477487335940588424885263,3746.9266249487184429746644354749744,86701.814268,1.99125
2022-01-02 08:01:00,-28608349864,7637418973354799553,194031.0,194031.0,194031.0,194031.0,0,7637418973354799553,9310307201083140095,3747.6760477429744361504437981087153,3748.0508153477487335940588424885263,0,7.637418973354799553
2022-01-02 08:02:00,-77902672012,20801149018402187151,194034.0,194034.0,194034.0,194034.0,0,20801149018402187151,9310307201083140095,3746.5519697517432686477996555094260,3747.6760477429744361504437981087153,0,20.801149018402187151
2022-01-02 08:03:00,-85407242912,22811515141792998705,194037.0,194036.0,194036.0,194037.0,0,22811515141792998705,9310307201083140095,3745.4282289164760301155676057305591,3746.5519697517432686477996555094260,0,22.811515141792998705
2022-01-02 08:04:00,24318440828,-6488252335555462639,194036.0,194037.0,194036.0,194037.0,28771275076,1189500000000000000,9310307201083140095,3745.8027717393676777185791624911351,3745.4282289164760301155676057305591,28771.275076,1.1895
2022-01-02 08:05:00,-200490014170,53598347029844777746,194043.0,194046.0,194043.0,194046.0,100898766496,80545956634882516753,9365769037088321078,3743.1817583093574190970772337303480,3745.8027717393676777185791624911351,100898.766496,80.545956634882516753
2022-01-02 08:06:00,-303587297644,81195589700743103791,194053.0,194054.0,194053.0,194054.0,18281603694,86082647058823544832,9315219346798291637,3739.4406344777827075724526888000629,3743.1817583093574190970772337303480,18281.603694,86.082647058823544832
2022-01-02 08:07:00,-70997956401,19000000000000000000,194056.0,194055.0,194055.0,194056.0,0,19000000000000000000,9315219346798291637,3738.3190266164886434581394545760475,3739.4406344777827075724526888000629,0,19
2022-01-02 08:08:00,9217955034,-2464648809427985307,194056.0,194056.0,194056.0,194056.0,9217955034,0,9315219346798291637,3738.3190266164886434581394545760475,3738.3190266164886434581394545760475,9217.955034,0
2022-01-02 08:09:00,-286634278145,76754256525815094618,194066.0,194064.0,194064.0,194066.0,5000000000,78092193947420021782,9281146316188547022,3734.5827628431738230157698926131382,3738.3190266164886434581394545760475,5000,78.092193947420021782
2022-01-02 08:10:00,40867907399,-10937115531317807690,194064.0,194065.0,194064.0,194065.0,40867907399,0,9281146316188547022,3735.3297167415700862121112767493561,3734.5827628431738230157698926131382,40867.907399,0
2022-01-02 08:11:00,10592476877,-2833977256609088948,194064.0,194064.0,194064.0,194064.0,12595170031,536462627490911308,9281146316188547022,3735.3297167415700862121112767493561,3735.3297167415700862121112767493561,12595.170031,0.536462627490911308
2022-01-02 08:12:00,0,0,194064.0,194064.0,194064.0,194064.0,0,0,9281146316188547022,3735.3297167415700862121112767493561,3735.3297167415700862121112767493561,0,0
2022-01-02 08:13:00,6136927889,-1642174242143411457,194064.0,194064.0,194064.0,194064.0,6136927889,0,9281146316188547022,3735.3297167415700862121112767493561,3735.3297167415700862121112767493561,6136.927889,0
2022-01-02 08:14:00,66483859976,-17788071700994792744,194061.0,194062.0,194061.0,194062.0,66483859976,0,9281146316188547022,3736.4504277202193892018190665819328,3735.3297167415700862121112767493561,66483.859976,0
2022-01-02 08:15:00,3850000000,-1029958093713298123,194061.0,194061.0,194061.0,194061.0,3850000000,0,9281146316188547022,3736.4504277202193892018190665819328,3736.4504277202193892018190665819328,3850,0
2022-01-02 08:16:00,-5469737608,1466250074124762621,194061.0,194061.0,194061.0,194061.0,5635153257,2973750000000000000,9281146316188547022,3736.4504277202193892018190665819328,3736.4504277202193892018190665819328,5635.153257,2.97375
2022-01-02 08:17:00,0,0,194061.0,194061.0,194061.0,194061.0,0,0,9281146316188547022,3736.4504277202193892018190665819328,3736.4504277202193892018190665819328,0,0
2022-01-02 08:18:00,47777418410,-12779636574709155209,194060.0,194060.0,194060.0,194060.0,51281918106,938319749845286912,9281146316188547022,3736.8240727629914111407392484885923,3736.4504277202193892018190665819328,51281.918106,0.938319749845286912
2022-01-02 08:19:00,0,0,194060.0,194060.0,194060.0,194060.0,0,0,9281146316188547022,3736.8240727629914111407392484885923,3736.8240727629914111407392484885923,0,0
2022-01-02 08:20:00,9666289020,-2579965373976298630,194059.0,194060.0,194059.0,194060.0,30320006648,5530183042851422410,9315219346798291637,3737.1977551702677102818533224134427,3736.8240727629914111407392484885923,30320.006648,5.53018304285142241
2022-01-02 08:21:00,152823335629,-40855182020102964874,194054.0,194061.0,194054.0,194061.0,188835485730,9642450002280766041,9315219346798291637,3739.0667278050022073517175170483591,3737.1977551702677102818533224134427,188835.48573,9.642450002280766041
2022-01-02 08:22:00,230676543814,-61625235391331071712,194046.0,194044.0,194044.0,194046.0,290522957909,16000000000000000000,9365769037088321078,3742.0590283353439068363737726005183,3739.0667278050022073517175170483591,290522.957909,16
2022-01-02 08:23:00,-1200806418,321258151458120775,194046.0,194046.0,194046.0,194046.0,700000000,508237310319046209,9365769037088321078,3742.0590283353439068363737726005183,3742.0590283353439068363737726005183,700,0.508237310319046209
2022-01-02 08:24:00,72500000000,-19363225821357516129,194043.0,194044.0,194043.0,194044.0,72500000000,0,9365769037088321078,3743.1817583093574190970772337303480,3742.0590283353439068363737726005183,72500,0
2022-01-02 08:25:00,1318422037,-351390891856460723,194043.0,194044.0,194043.0,194044.0,3887500249,686749659208689655,9365769037088321078,3743.1817583093574190970772337303480,3743.1817583093574190970772337303480,3887.500249,0.686749659208689655
2022-01-02 08:26:00,0,0,194043.0,194043.0,194043.0,194043.0,0,0,9365769037088321078,3743.1817583093574190970772337303480,3743.1817583093574190970772337303480,0,0
2022-01-02 08:27:00,11564264630,-3076342214905445715,194043.0,194043.0,194043.0,194045.0,55578517478,11766176853231818805,9365769037088321078,3743.1817583093574190970772337303480,3743.1817583093574190970772337303480,55578.517478,11.766176853231818805
2022-01-02 08:28:00,0,0,194043.0,194043.0,194043.0,194043.0,0,0,9365769037088321078,3743.1817583093574190970772337303480,3743.1817583093574190970772337303480,0,0
2022-01-02 08:29:00,-54371477225,14535968769474013045,194045.0,194043.0,194043.0,194045.0,4000000000,15604094196689927879,9365769037088321078,3742.4332342381774412270574099777758,3743.1817583093574190970772337303480,4000,15.604094196689927879
2022-01-02 08:30:00,5105094008,-1363476307226015081,194045.0,194045.0,194045.0,194045.0,5105094008,0,9365769037088321078,3742.4332342381774412270574099777758,3742.4332342381774412270574099777758,5105.094008,0
2022-01-02 08:31:00,0,0,194045.0,194045.0,194045.0,194045.0,0,0,9365769037088321078,3742.4332342381774412270574099777758,3742.4332342381774412270574099777758,0,0
2022-01-02 08:32:00,-30006059634,8022433033831749163,194046.0,194046.0,194046.0,194046.0,0,8022433033831749163,9365769037088321078,3742.0590283353439068363737726005183,3742.4332342381774412270574099777758,0,8.022433033831749163
2022-01-02 08:33:00,151287795864,-40399385613407513000,194041.0,194041.0,194041.0,194041.0,151287795864,0,9365769037088321078,3743.9304320928368736744708401478638,3742.0590283353439068363737726005183,151287.795864,0
2022-01-02 08:34:00,114500000,-30567622059502908,194041.0,194041.0,194041.0,194041.0,114500000,0,9365769037088321078,3743.9304320928368736744708401478638,3743.9304320928368736744708401478638,114.5,0
2022-01-02 08:35:00,-168324627395,44995954504789037354,194046.0,194046.0,194046.0,194047.0,3000000000,45797327632900878810,9365769037088321078,3742.0590283353439068363737726005183,3743.9304320928368736744708401478638,3000,45.79732763290087881
2022-01-02 08:36:00,37944409840,-10134604050230940037,194045.0,194046.0,194045.0,194046.0,39997355919,548939837953287736,9365769037088321078,3742.4332342381774412270574099777758,3742.0590283353439068363737726005183,39997.355919,0.548939837953287736
2022-01-02 08:37:00,-2263145454,608057391324552873,194045.0,194046.0,194045.0,194046.0,11193588963,3597808439846733212,9365769037088321078,3742.4332342381774412270574099777758,3742.4332342381774412270574099777758,11193.588963,3.597808439846733212
2022-01-02 08:38:00,0,0,194045.0,194045.0,194045.0,194045.0,0,0,9365769037088321078,3742.4332342381774412270574099777758,3742.4332342381774412270574099777758,0,0
2022-01-02 08:39:00,-223854033824,59879051350281784263,194053.0,194044.0,194044.0,194053.0,25003502446,66556938811527698433,9315219346798291637,3739.4406344777827075724526888000629,3742.4332342381774412270574099777758,25003.502446,66.556938811527698433
2022-01-02 08:40:00,86311138350,-22919376789426732669,194050.0,194031.0,194031.0,194050.0,640083621041,147982998946003364880,9315219346798291637,3740.5625788550845173526834344878524,3739.4406344777827075724526888000629,640083.621041,147.98299894600336488
2022-01-02 08:41:00,-16552166823,4427833784842707156,194051.0,194051.0,194051.0,194051.0,880000000,4663000000000000000,9315219346798291637,3740.1885599990846088917942550623498,3740.5625788550845173526834344878524,880,4.663
2022-01-02 08:42:00,-10767095973,2885332391699335110,194051.0,194050.0,194050.0,194052.0,18938918661,7946757843776405523,9315219346798291637,3740.1885599990846088917942550623498,3740.1885599990846088917942550623498,18938.918661,7.946757843776405523
2022-01-02 08:43:00,157933132,-42206675389492592,194051.0,194051.0,194051.0,194051.0,157933132,0,9315219346798291637,3740.1885599990846088917942550623498,3740.1885599990846088917942550623498,157.933132,0
2022-01-02 08:44:00,-69263644027,18540530336990766518,194053.0,194050.0,194050.0,194054.0,35396604081,28000000000000000000,9315219346798291637,3739.4406344777827075724526888000629,3740.1885599990846088917942550623498,35396.604081,28
2022-01-02 08:45:00,142672468354,-38127455004572789809,194048.0,194048.0,194048.0,194048.0,145001700000,622933352447524111,9365769037088321078,3741.3107287764813228069991447015883,3739.4406344777827075724526888000629,145001.7,0.622933352447524111
2022-01-02 08:46:00,63210830906,-16886508696573044406,194046.0,194048.0,194046.0,194048.0,63210830906,0,9365769037088321078,3742.0590283353439068363737726005183,3741.3107287764813228069991447015883,63210.830906,0
2022-01-02 08:47:00,-49501458403,13237025231592264316,194048.0,194047.0,194047.0,194048.0,0,13237025231592264316,9365769037088321078,3741.3107287764813228069991447015883,3742.0590283353439068363737726005183,0,13.237025231592264316
2022-01-02 08:48:00,-7100000000,1898775678586933951,194048.0,194048.0,194048.0,194048.0,0,1898775678586933951,9365769037088321078,3741.3107287764813228069991447015883,3741.3107287764813228069991447015883,0,1.898775678586933951
2022-01-02 08:49:00,-22702659260,6071760562412529997,194049.0,194048.0,194048.0,194049.0,0,6071760562412529997,9365769037088321078,3740.9366351129700258044187028313054,3741.3107287764813228069991447015883,0,6.071760562412529997
2022-01-02 08:50:00,13925472557,-3720661018963449237,194048.0,194048.0,194048.0,194048.0,13925472557,0,9365769037088321078,3741.3107287764813228069991447015883,3740.9366351129700258044187028313054,13925.472557,0
2022-01-02 08:51:00,0,0,194048.0,194048.0,194048.0,194048.0,0,0,9365769037088321078,3741.3107287764813228069991447015883,3741.3107287764813228069991447015883,0,0
2022-01-02 08:52:00,20036813200,-5353198849663311531,194048.0,194048.0,194048.0,194048.0,20036813200,0,9554098512861990994,3741.3107287764813228069991447015883,3741.3107287764813228069991447015883,20036.8132,0
2022-01-02 08:53:00,-407728750,109037500000000000,194048.0,194048.0,194048.0,194048.0,0,109037500000000000,9554098512861990994,3741.3107287764813228069991447015883,3741.3107287764813228069991447015883,0,0.1090375
2022-01-02 08:54:00,23358437584,-6240176717815347397,194047.0,194048.0,194047.0,194048.0,23358437584,0,9554098512861990994,3741.6848598493589709392798446160565,3741.3107287764813228069991447015883,23358.437584,0
2022-01-02 08:55:00,-52219651511,13968098177484043800,194049.0,194047.0,194047.0,194049.0,11347831782,17000000000000000000,9554098512861990994,3740.9366351129700258044187028313054,3741.6848598493589709392798446160565,11347.831782,17
2022-01-02 08:56:00,164045240793,-43816423137879701299,194043.0,194043.0,194043.0,194043.0,170933690698,1841282753957359220,9553156912156784110,3743.1817583093574190970772337303480,3740.9366351129700258044187028313054,170933.690698,1.84128275395735922
2022-01-02 08:57:00,-11410023424,3055918472542591626,194044.0,194042.0,194042.0,194044.0,22166010301,8974815228269822784,9553156912156784110,3742.8074775616012589711801157187789,3743.1817583093574190970772337303480,22166.010301,8.974815228269822784
2022-01-02 08:58:00,14913220501,-3982419748376779991,194043.0,194043.0,194043.0,194043.0,14913220501,0,9553156912156784110,3743.1817583093574190970772337303480,3742.8074775616012589711801157187789,14913.220501,0
2022-01-02 08:59:00,-27698979662,7404369630328161590,194044.0,194044.0,194044.0,194044.0,307230000,7486417918217489318,9553156912156784110,3742.8074775616012589711801157187789,3743.1817583093574190970772337303480,307.23,7.486417918217489318
2022-01-02 09:00:00,2000000000,-534114284968823205,194044.0,194044.0,194044.0,194044.0,2000000000,0,9553156912156784110,3742.8074775616012589711801157187789,3742.8074775616012589711801157187789,2000,0
2022-01-02 09:01:00,-449437491,120145289209345575,194044.0,194044.0,194044.0,194044.0,0,120145289209345575,9553156912156784110,3742.8074775616012589711801157187789,3742.8074775616012589711801157187789,0,0.120145289209345575
2022-01-02 09:02:00,-32230071676,8619168010147513379,194045.0,194044.0,194044.0,194045.0,10567159032,11441560333768664894,9553156912156784110,3742.4332342381774412270574099777758,3742.8074775616012589711801157187789,10567.159032,11.441560333768664894
2022-01-02 09:03:00,238836304529,-63759923234346480110,194036.0,194043.0,194036.0,194043.0,251410229554,3360586683865290254,8005643266032952911,3745.8027717393676777185791624911351,3742.4332342381774412270574099777758,251410.229554,3.360586683865290254
2022-01-02 09:04:00,-193045370961,51591444224734021535,194043.0,194036.0,194035.0,194043.0,21500000000,57328561779608817031,9553156912156784110,3743.1817583093574190970772337303480,3745.8027717393676777185791624911351,21500,57.328561779608817031
2022-01-02 09:05:00,-297389991411,79538462381082990438,194054.0,194044.0,194044.0,194054.0,8055359968,81691788655766473316,9502607221866754669,3739.0667278050022073517175170483591,3743.1817583093574190970772337303480,8055.359968,81.691788655766473316
2022-01-02 09:06:00,9837400726,-2621661710580235469,194053.0,194055.0,194053.0,194055.0,39732965089,8000000000000000000,9502607221866754669,3739.4406344777827075724526888000629,3739.0667278050022073517175170483591,39732.965089,8
2022-01-02 09:07:00,305051154825,-81446006326892463984,194043.0,194060.0,194043.0,194060.0,506634967923,53957592441446022668,9553156912156784110,3743.1817583093574190970772337303480,3739.4406344777827075724526888000629,506634.967923,53.957592441446022668
2022-01-02 09:08:00,-272311908815,72821792081668658554,194052.0,194052.0,194052.0,194052.0,0,72821792081668658554,9502607221866754669,3739.8145785412304858432099340689411,3743.1817583093574190970772337303480,0,72.821792081668658554
2022-01-02 09:09:00,-4507242091,1205901693618415246,194052.0,194052.0,194052.0,194052.0,0,1205901693618415246,9502607221866754669,3739.8145785412304858432099340689411,3739.8145785412304858432099340689411,0,1.205901693618415246
2022-01-02 09:10:00,-20480433,5743987621629215,194052.0,194052.0,194052.0,194052.0,988677987,270000000000000000,9502607221866754669,3739.8145785412304858432099340689411,3739.8145785412304858432099340689411,988.677987,0.27
2022-01-02 09:11:00,0,0,194052.0,194052.0,194052.0,194052.0,0,0,9502607221866754669,3739.8145785412304858432099340689411,3739.8145785412304858432099340689411,0,0
2022-01-02 09:12:00,0,0,194052.0,194052.0,194052.0,194052.0,0,0,9502607221866754669,3739.8145785412304858432099340689411,3739.8145785412304858432099340689411,0,0
2022-01-02 09:13:00,196846009326,-52589578076205077033,194046.0,194053.0,194046.0,194053.0,219576276134,6080672314294022263,9553156912156784110,3742.0590283353439068363737726005183,3739.8145785412304858432099340689411,219576.276134,6.080672314294022263
2022-01-02 09:14:00,0,0,194046.0,194046.0,194046.0,194046.0,0,0,9553156912156784110,3742.0590283353439068363737726005183,3742.0590283353439068363737726005183,0,0
2022-01-02 09:15:00,726244800,-193981088472124682,194046.0,194046.0,194046.0,194046.0,726244800,0,9553156912156784110,3742.0590283353439068363737726005183,3742.0590283353439068363737726005183,726.2448,0
2022-01-02 09:16:00,56300104665,-15036376862985769041,194044.0,194045.0,194044.0,194045.0,56300104665,0,9553156912156784110,3742.8074775616012589711801157187789,3742.0590283353439068363737726005183,56300.104665,0
2022-01-02 09:17:00,-41153206430,11001726545375661583,194045.0,194045.0,194045.0,194045.0,0,11001726545375661583,9553156912156784110,3742.4332342381774412270574099777758,3742.8074775616012589711801157187789,0,11.001726545375661583
2022-01-02 09:18:00,3744117203,-1000000000000000000,194045.0,194045.0,194045.0,194045.0,3744117203,0,9553156912156784110,3742.4332342381774412270574099777758,3742.4332342381774412270574099777758,3744.117203,0
2022-01-02 09:19:00,-45646408699,12207171761899634727,194047.0,194045.0,194045.0,194047.0,9707847063,14800000000000000000,9553156912156784110,3741.6848598493589709392798446160565,3742.4332342381774412270574099777758,9707.847063,14.8
2022-01-02 09:20:00,19021643140,-5081004004942129795,194046.0,194046.0,194046.0,194046.0,19021643140,0,9553156912156784110,3742.0590283353439068363737726005183,3741.6848598493589709392798446160565,19021.64314,0
2022-01-02 09:21:00,513361936840,-136993480570342571658,194026.0,194046.0,194026.0,194046.0,513361936840,0,8014605793115674974,3749.5502605719293320188930113782987,3742.0590283353439068363737726005183,513361.93684,0
2022-01-02 09:22:00,1425925014451,-379072568851181057056,193979.0,193975.0,193975.0,193979.0,1842248815235,110548305836398282939,31891424632621952364,3767.2137403008280669304207029887321,3749.5502605719293320188930113782987,1842248.815235,110.548305836398282939
2022-01-02 09:23:00,-259929983467,69056303191489363968,193986.0,193986.0,193986.0,193986.0,0,69056303191489363968,9797066128482102018,3764.5777451860979114176576877471317,3767.2137403008280669304207029887321,0,69.056303191489363968
2022-01-02 09:24:00,4453083184,-1182362619154062797,193986.0,193986.0,193986.0,193986.0,4453083184,0,9797066128482102018,3764.5777451860979114176576877471317,3764.5777451860979114176576877471317,4453.083184,0
2022-01-02 09:25:00,-17885041482,4753850666304316538,193987.0,193986.0,193986.0,193987.0,889351762,4990000000000000000,9797066128482102018,3764.2013250535925521624414436027727,3764.5777451860979114176576877471317,889.351762,4.99
2022-01-02 09:26:00,2118857353,-562116934977723848,193986.0,193987.0,193986.0,193987.0,4000000000,500000000000000000,9797066128482102018,3764.5777451860979114176576877471317,3764.2013250535925521624414436027727,4000,0.5
2022-01-02 09:27:00,-100904125733,26830797108088474391,193990.0,193986.0,193986.0,193990.0,25075000000,33488856001641261085,9795290192527268495,3763.0722904705196098734206016098014,3764.5777451860979114176576877471317,25075,33.488856001641261085
2022-01-02 09:28:00,0,0,193990.0,193990.0,193990.0,193990.0,0,0,9795290192527268495,3763.0722904705196098734206016098014,3763.0722904705196098734206016098014,0,0
2022-01-02 09:29:00,-57411692014,15354276711017718716,193992.0,193990.0,193982.0,193994.0,331271403482,103325585106382979072,9795290192527268495,3762.3197888895438122155393715800911,3763.0722904705196098734206016098014,331271.403482,103.325585106382979072
2022-01-02 09:30:00,-52619329865,14073502905597111581,193994.0,193992.0,193983.0,193994.0,297311908815,93031702157179869159,9795290192527268495,3761.5674377863121719180340455906335,3762.3197888895438122155393715800911,297311.908815,93.031702157179869159
2022-01-02 09:31:00,-173429807554,46142502346917909679,193999.0,193993.0,193993.0,193999.0,1128607389,46442388833250000000,9798509794166674289,3759.6872181709061496896592278790905,3761.5674377863121719180340455906335,1128.607389,46.44238883325
2022-01-02 09:32:00,-1452185345,386476442031094248,193999.0,193999.0,193999.0,193999.0,0,386476442031094248,9798509794166674289,3759.6872181709061496896592278790905,3759.6872181709061496896592278790905,0,0.386476442031094248
2022-01-02 09:33:00,0,0,193999.0,193999.0,193999.0,193999.0,0,0,9798509794166674289,3759.6872181709061496896592278790905,3759.6872181709061496896592278790905,0,0
2022-01-02 09:34:00,-1653545155,440634854932674209,193999.0,193999.0,193999.0,193999.0,2132418894,1007576819222566718,9798509794166674289,3759.6872181709061496896592278790905,3759.6872181709061496896592278790905,2132.418894,1.007576819222566718
2022-01-02 09:35:00,0,0,193999.0,193999.0,193999.0,193999.0,0,0,9798509794166674289,3759.6872181709061496896592278790905,3759.6872181709061496896592278790905,0,0
2022-01-02 09:36:00,-2954198046,786223753554602318,193999.0,193999.0,193999.0,193999.0,0,786223753554602318,9798509794166674289,3759.6872181709061496896592278790905,3759.6872181709061496896592278790905,0,0.786223753554602318
2022-01-02 09:37:00,0,0,193999.0,193999.0,193999.0,193999.0,0,0,9798509794166674289,3759.6872181709061496896592278790905,3759.6872181709061496896592278790905,0,0
2022-01-02 09:38:00,-36151874285,9622006582738364082,194001.0,194000.0,194000.0,194001.0,0,9622006582738364082,9795678133015262884,3758.9353935028516443322763292904667,3759.6872181709061496896592278790905,0,9.622006582738364082
2022-01-02 09:39:00,0,0,194001.0,194001.0,194001.0,194001.0,0,0,9795678133015262884,3758.9353935028516443322763292904667,3758.9353935028516443322763292904667,0,0
2022-01-02 09:40:00,46215937872,-12278745289340813368,193999.0,193998.0,193998.0,193999.0,81398133671,9362497352786842348,9798509794166674289,3759.6872181709061496896592278790905,3758.9353935028516443322763292904667,81398.133671,9.362497352786842348
2022-01-02 09:41:00,-12173187707,3239718805443469418,194000.0,194000.0,194000.0,194000.0,0,3239718805443469418,9795678133015262884,3759.3112870422019294967095569233935,3759.6872181709061496896592278790905,0,3.239718805443469418
2022-01-02 09:42:00,8331589673,-2212567860177240536,193999.0,193999.0,193999.0,194000.0,17961653866,2562971211037273081,9798509794166674289,3759.6872181709061496896592278790905,3759.3112870422019294967095569233935,17961.653866,2.562971211037273081
2022-01-02 09:43:00,48673852648,-12938134428209020786,193998.0,193998.0,193997.0,193998.0,54750620216,1616954018302928076,9798509794166674289,3760.0631868927232403046281938018737,3759.6872181709061496896592278790905,54750.620216,1.616954018302928076
2022-01-02 09:44:00,-161714662197,43049284114712525985,194003.0,194004.0,194003.0,194004.0,26132546748,50000000000000000000,9795678133015262884,3758.1837191771790167571347347721645,3760.0631868927232403046281938018737,26132.546748,50
2022-01-02 09:45:00,66952000658,-17805085968913965892,194001.0,194002.0,194001.0,194002.0,66952000658,0,9795678133015262884,3758.9353935028516443322763292904667,3758.1837191771790167571347347721645,66952.000658,0
2022-01-02 09:46:00,194949103347,-51821801493275956377,193994.0,193994.0,193994.0,193994.0,194949103347,0,9798509794166674289,3761.5674377863121719180340455906335,3758.9353935028516443322763292904667,194949.103347,0
2022-01-02 09:47:00,780000000,-207247230500440064,193994.0,193994.0,193994.0,193994.0,880000000,26600199627571290,9798509794166674289,3761.5674377863121719180340455906335,3761.5674377863121719180340455906335,880,0.02660019962757129
2022-01-02 09:48:00,376314523,-100000000000000000,193994.0,193994.0,193994.0,193994.0,376314523,0,9798509794166674289,3761.5674377863121719180340455906335,3761.5674377863121719180340455906335,376.314523,0
2022-01-02 09:49:00,-327870967358,87261595744680853504,194005.0,194005.0,194005.0,194005.0,0,87261595744680853504,9795678133015262884,3757.4321951638243002588399641909240,3761.5674377863121719180340455906335,0,87.261595744680853504
2022-01-02 09:50:00,23544610213,-6263215271596152378,194004.0,194005.0,194004.0,194005.0,23544610213,0,9795678133015262884,3757.8079383833406826888658481873451,3757.4321951638243002588399641909240,23544.610213,0
2022-01-02 09:51:00,2160836871,-574790038012220448,194004.0,194004.0,194004.0,194004.0,2160836871,0,9795678133015262884,3757.8079383833406826888658481873451,3757.8079383833406826888658481873451,2160.836871,0
2022-01-02 09:52:00,-135877858468,36188707977565546547,194009.0,194005.0,194005.0,194009.0,1878844015,36688707977565546547,9795678133015262884,3755.9295979538427919267265913987867,3757.8079383833406826888658481873451,1878.844015,36.688707977565546547
2022-01-02 09:53:00,3127238240,-829942951442300496,194009.0,194009.0,194009.0,194009.0,11697530625,2283049652934224937,9795678133015262884,3755.9295979538427919267265913987867,3755.9295979538427919267265913987867,11697.530625,2.283049652934224937
2022-01-02 09:54:00,50935604849,-13553841060023284879,194007.0,194009.0,194007.0,194009.0,50935604849,0,9795678133015262884,3756.6808214327295400235398559843308,3755.9295979538427919267265913987867,50935.604849,0
2022-01-02 09:55:00,-22046894733,5872213976927416199,194008.0,194008.0,194008.0,194008.0,0,5872213976927416199,9795678133015262884,3756.3051909136381762059192640579251,3756.6808214327295400235398559843308,0,5.872213976927416199
2022-01-02 09:56:00,99960223033,-26594445335118862545,194004.0,194004.0,194004.0,194004.0,99960223033,0,9795678133015262884,3757.8079383833406826888658481873451,3756.3051909136381762059192640579251,99960.223033,0
2022-01-02 09:57:00,-24502538878,6548649247441148704,194005.0,194008.0,194005.0,194008.0,90285622219,30569398636238327296,9795678133015262884,3757.4321951638243002588399641909240,3757.8079383833406826888658481873451,90285.622219,30.569398636238327296
2022-01-02 09:58:00,0,0,194005.0,194005.0,194005.0,194005.0,0,0,9795678133015262884,3757.4321951638243002588399641909240,3757.4321951638243002588399641909240,0,0
2022-01-02 09:59:00,19299875339,-5133722724121553768,194005.0,194005.0,194005.0,194005.0,20858694676,415100264669807311,9795678133015262884,3757.4321951638243002588399641909240,3757.4321951638243002588399641909240,20858.694676,0.415100264669807311
2022-01-02 10:00:00,20524491647,-5459547263426118103,194004.0,194004.0,194004.0,194004.0,20524491647,0,9795678133015262884,3757.8079383833406826888658481873451,3757.4321951638243002588399641909240,20524.491647,0
2022-01-02 10:01:00,-27053548630,7204211644218609250,194005.0,194004.0,194004.0,194005.0,2422016245,7848447191116535938,9795678133015262884,3757.4321951638243002588399641909240,3757.8079383833406826888658481873451,2422.016245,7.848447191116535938
2022-01-02 10:02:00,-4506455262,1200000000000000000,194005.0,194005.0,194005.0,194005.0,0,1200000000000000000,9795678133015262884,3757.4321951638243002588399641909240,3757.4321951638243002588399641909240,0,1.2
2022-01-02 10:03:00,-19179157011,5107317165732627829,194006.0,194006.0,194006.0,194006.0,0,5107317165732627829,9795678133015262884,3757.0564895148728129775422099699325,3757.4321951638243002588399641909240,0,5.107317165732627829
2022-01-02 10:04:00,-53624207668,14281599954492128416,194007.0,194007.0,194007.0,194007.0,0,14281599954492128416,9795678133015262884,3756.6808214327295400235398559843308,3757.0564895148728129775422099699325,0,14.281599954492128416
2022-01-02 10:05:00,2500000000,-665209683538507372,194007.0,194007.0,194007.0,194007.0,2500000000,0,9795678133015262884,3756.6808214327295400235398559843308,3756.6808214327295400235398559843308,2500,0
2022-01-02 10:06:00,-4505332389,1200000000000000000,194008.0,194008.0,194008.0,194008.0,0,1200000000000000000,9795678133015262884,3756.3051909136381762059192640579251,3756.6808214327295400235398559843308,0,1.2
2022-01-02 10:07:00,0,0,194008.0,194008.0,194008.0,194008.0,0,0,9795678133015262884,3756.3051909136381762059192640579251,3756.3051909136381762059192640579251,0,0
2022-01-02 10:08:00,-4875209707,1298537500000000000,194008.0,194008.0,194008.0,194008.0,0,1298537500000000000,9795678133015262884,3756.3051909136381762059192640579251,3756.3051909136381762059192640579251,0,1.2985375
2022-01-02 10:09:00,-1832324598,488054654035586781,194008.0,194008.0,194008.0,194008.0,0,488054654035586781,9795678133015262884,3756.3051909136381762059192640579251,3756.3051909136381762059192640579251,0,0.488054654035586781
2022-01-02 10:10:00,-4793782119,1277451236051391600,194008.0,194008.0,194008.0,194008.0,2155636892,1851060991778196592,9795678133015262884,3756.3051909136381762059192640579251,3756.3051909136381762059192640579251,2155.636892,1.851060991778196592
2022-01-02 10:11:00,-73950040847,19700000000000000000,194010.0,194010.0,194010.0,194010.0,0,19700000000000000000,9795678133015262884,3755.5540425495878331434122501737686,3756.3051909136381762059192640579251,0,19.7
2022-01-02 10:12:00,-159652359154,42547316033944341300,194016.0,194016.0,194016.0,194016.0,0,42547316033944341300,9795678133015262884,3753.3014985801432999928689504420469,3755.5540425495878331434122501737686,0,42.5473160339443413
2022-01-02 10:13:00,49935638681,-13296962338788806364,194014.0,194016.0,194014.0,194016.0,49935638681,0,9795678133015262884,3754.0521964128743144543005241608252,3753.3014985801432999928689504420469,49935.638681,0
2022-01-02 10:14:00,245519851660,-65345364778344094916,194006.0,194006.0,194006.0,194006.0,245519851660,0,9795678133015262884,3757.0564895148728129775422099699325,3754.0521964128743144543005241608252,245519.85166,0
2022-01-02 10:15:00,-2803443594,748537310201166706,194006.0,194006.0,194006.0,194006.0,7335250000,2700000000000000000,9795678133015262884,3757.0564895148728129775422099699325,3757.0564895148728129775422099699325,7335.25,2.7
2022-01-02 10:16:00,-1797598763,478721751022004166,194006.0,194006.0,194006.0,194006.0,0,478721751022004166,9795678133015262884,3757.0564895148728129775422099699325,3757.0564895148728129775422099699325,0,0.478721751022004166
2022-01-02 10:17:00,-22698109363,6045818811203745107,194007.0,194006.0,194006.0,194007.0,2997000000,6843155729117663209,9795678133015262884,3756.6808214327295400235398559843308,3757.0564895148728129775422099699325,2997,6.843155729117663209
2022-01-02 10:18:00,32340394460,-8604051408536663229,194006.0,194007.0,194006.0,194007.0,33015394460,179755034005369529,9795678133015262884,3757.0564895148728129775422099699325,3756.6808214327295400235398559843308,33015.39446,0.179755034005369529
2022-01-02 10:19:00,-52917956255,14099105434794982524,194007.0,194006.0,194005.0,194007.0,21021221857,19691384506491113679,9795678133015262884,3756.6808214327295400235398559843308,3757.0564895148728129775422099699325,21021.221857,19.691384506491113679
2022-01-02 10:20:00,15162719190,-4026177996093135079,194007.0,194006.0,194006.0,194007.0,46290244932,8290000000000000000,9795678133015262884,3756.6808214327295400235398559843308,3756.6808214327295400235398559843308,46290.244932,8.29
2022-01-02 10:21:00,0,0,194007.0,194007.0,194007.0,194007.0,0,0,9795678133015262884,3756.6808214327295400235398559843308,3756.6808214327295400235398559843308,0,0
2022-01-02 10:22:00,-33691645939,8983868162528631539,194008.0,194007.0,194007.0,194009.0,37600000000,18989861286890149156,9795678133015262884,3756.3051909136381762059192640579251,3756.6808214327295400235398559843308,37600,18.989861286890149156
2022-01-02 10:23:00,-256570568639,68824253198049128341,194017.0,194007.0,194007.0,194071.0,1697435145732,522019052920393393449,9795678133015262884,3752.9262059595473452583431161304305,3756.3051909136381762059192640579251,1697435.145732,522.019052920393393449
2022-01-02 10:24:00,11626820066,-3096505615093785179,194016.0,194017.0,194016.0,194017.0,11626820066,0,9795678133015262884,3753.3014985801432999928689504420469,3752.9262059595473452583431161304305,11626.820066,0
2022-01-02 10:25:00,-12873866333,3432663535202316869,194017.0,194016.0,194016.0,194017.0,2253943658,4032939801561851836,9795678133015262884,3752.9262059595473452583431161304305,3753.3014985801432999928689504420469,2253.943658,4.032939801561851836
2022-01-02 10:26:00,0,0,194017.0,194017.0,194017.0,194017.0,0,0,9795678133015262884,3752.9262059595473452583431161304305,3752.9262059595473452583431161304305,0,0
2022-01-02 10:27:00,59061781971,-15728415419284801401,194015.0,194015.0,194015.0,194015.0,59061781971,0,9795678133015262884,3753.6768287300013143228682373370920,3752.9262059595473452583431161304305,59061.781971,0
2022-01-02 10:28:00,-19821482398,5283486265692284257,194015.0,194015.0,194015.0,194015.0,0,5283486265692284257,9795678133015262884,3753.6768287300013143228682373370920,3753.6768287300013143228682373370920,0,5.283486265692284257
2022-01-02 10:29:00,842744788,-223844224861776275,194015.0,194015.0,194015.0,194015.0,3000000000,575039322891246574,9795678133015262884,3753.6768287300013143228682373370920,3753.6768287300013143228682373370920,3000,0.575039322891246574
2022-01-02 10:30:00,-141460896908,37746167532346183051,194020.0,194012.0,194012.0,194020.0,109572915525,66920645424765668432,8017825394755080768,3751.8005532358082051693103597380302,3753.6768287300013143228682373370920,109572.915525,66.920645424765668432
2022-01-02 10:31:00,0,0,194020.0,194020.0,194020.0,194020.0,0,0,8017825394755080768,3751.8005532358082051693103597380302,3751.8005532358082051693103597380302,0,0
2022-01-02 10:32:00,17749589070,-4723249706682818729,194019.0,194021.0,194019.0,194021.0,38371860219,5500000000000000000,9795678133015262884,3752.1757332911317859898272907740055,3751.8005532358082051693103597380302,38371.860219,5.5
2022-01-02 10:33:00,2500000000,-666009697288436373,194019.0,194019.0,194019.0,194019.0,2500000000,0,9795678133015262884,3752.1757332911317859898272907740055,3752.1757332911317859898272907740055,2500,0
2022-01-02 10:34:00,-21325351759,5699364309493044204,194020.0,194018.0,194018.0,194020.0,46176629095,18000000000000000000,8017825394755080768,3751.8005532358082051693103597380302,3752.1757332911317859898272907740055,46176.629095,18
2022-01-02 10:35:00,0,0,194020.0,194020.0,194020.0,194020.0,0,0,8017825394755080768,3751.8005532358082051693103597380302,3751.8005532358082051693103597380302,0,0
2022-01-02 10:36:00,4000000000,-1065692701117932608,194020.0,194020.0,194020.0,194020.0,4000000000,0,8017825394755080768,3751.8005532358082051693103597380302,3751.8005532358082051693103597380302,4000,0
2022-01-02 10:37:00,-205787754290,54911733801230142986,194028.0,194028.0,194027.0,194029.0,28777304919,62584660194580674277,8017825394755080768,3748.8004629913264368182649901976100,3751.8005532358082051693103597380302,28777.304919,62.584660194580674277
2022-01-02 10:38:00,856632286,-228400594769511476,194028.0,194028.0,194028.0,194028.0,913769624,15250602501258240,8017825394755080768,3748.8004629913264368182649901976100,3748.8004629913264368182649901976100,913.769624,0.01525060250125824
2022-01-02 10:39:00,30000190037,-7998867508030267645,194027.0,194027.0,194027.0,194027.0,30000190037,0,8017825394755080768,3749.1753430376255694619468166966299,3748.8004629913264368182649901976100,30000.190037,0
2022-01-02 10:40:00,0,0,194027.0,194027.0,194027.0,194027.0,0,0,8017825394755080768,3749.1753430376255694619468166966299,3749.1753430376255694619468166966299,0,0
2022-01-02 10:41:00,-797643333,214201462887891402,194027.0,194027.0,194027.0,194027.0,4976782308,1541052639568569337,8017825394755080768,3749.1753430376255694619468166966299,3749.1753430376255694619468166966299,4976.782308,1.541052639568569337
2022-01-02 10:42:00,-1726786704,465420187396648851,194027.0,194027.0,194027.0,194027.0,17151301213,5038000000000000000,8017825394755080768,3749.1753430376255694619468166966299,3749.1753430376255694619468166966299,17151.301213,5.038
2022-01-02 10:43:00,-5000000000,1334416142230512043,194028.0,194028.0,194028.0,194028.0,0,1334416142230512043,8017825394755080768,3748.8004629913264368182649901976100,3749.1753430376255694619468166966299,0,1.334416142230512043
2022-01-02 10:44:00,-26227031096,7000000000000000000,194029.0,194029.0,194029.0,194029.0,0,7000000000000000000,8017825394755080768,3748.4256204292835084674182483727765,3748.8004629913264368182649901976100,0,7
2022-01-02 10:45:00,5000000000,-1333224517731086468,194028.0,194028.0,194028.0,194028.0,5000000000,0,8017825394755080768,3748.8004629913264368182649901976100,3748.4256204292835084674182483727765,5000,0
2022-01-02 10:46:00,1437587853,-383320449732131936,194028.0,194028.0,194028.0,194028.0,1437587853,0,8017825394755080768,3748.8004629913264368182649901976100,3748.8004629913264368182649901976100,1437.587853,0
2022-01-02 10:47:00,-3746588180,1000000000000000000,194028.0,194028.0,194028.0,194028.0,0,1000000000000000000,8017825394755080768,3748.8004629913264368182649901976100,3748.8004629913264368182649901976100,0,1
2022-01-02 10:48:00,-5733618387,1530386805753883583,194029.0,194029.0,194029.0,194029.0,0,1530386805753883583,8017825394755080768,3748.4256204292835084674182483727765,3748.8004629913264368182649901976100,0,1.530386805753883583
2022-01-02 10:49:00,67976147203,-18123394244595470489,194026.0,194026.0,194026.0,194026.0,67976147203,0,8017825394755080768,3749.5502605719293320188930113782987,3748.4256204292835084674182483727765,67976.147203,0
2022-01-02 10:50:00,33764995428,-9000356850853298848,194025.0,194025.0,194025.0,194025.0,33764995428,0,8017825394755080768,3749.9252155979865249520949006794390,3749.5502605719293320188930113782987,33764.995428,0
2022-01-02 10:51:00,-10119457454,2700000000000000000,194025.0,194025.0,194025.0,194025.0,0,2700000000000000000,8017825394755080768,3749.9252155979865249520949006794390,3749.9252155979865249520949006794390,0,2.7
2022-01-02 10:52:00,-19588542439,5282596198227056190,194026.0,194034.0,194026.0,194034.0,209150577656,61060221188575526893,8017825394755080768,3749.5502605719293320188930113782987,3749.9252155979865249520949006794390,209150.577656,61.060221188575526893
2022-01-02 10:53:00,-267310337098,71370579910019121110,194037.0,194025.0,194025.0,194037.0,10161579683,74079325182275349772,8008862867672358705,3745.4282289164760301155676057305591,3749.5502605719293320188930113782987,10161.579683,74.079325182275349772
2022-01-02 10:54:00,0,0,194037.0,194037.0,194037.0,194037.0,0,0,8008862867672358705,3745.4282289164760301155676057305591,3745.4282289164760301155676057305591,0,0
2022-01-02 10:55:00,0,0,194037.0,194037.0,194037.0,194037.0,0,0,8008862867672358705,3745.4282289164760301155676057305591,3745.4282289164760301155676057305591,0,0
2022-01-02 10:56:00,11292608810,-3013516791401924728,194036.0,194037.0,194036.0,194037.0,11292608810,0,8008862867672358705,3745.8027717393676777185791624911351,3745.4282289164760301155676057305591,11292.60881,0
2022-01-02 10:57:00,2000000000,-533700433302850021,194036.0,194036.0,194036.0,194036.0,2000000000,0,8008862867672358705,3745.8027717393676777185791624911351,3745.8027717393676777185791624911351,2000,0
2022-01-02 10:58:00,0,0,194036.0,194036.0,194036.0,194036.0,0,0,8008862867672358705,3745.8027717393676777185791624911351,3745.8027717393676777185791624911351,0,0
2022-01-02 10:59:00,5270500000,-1406413215595525818,194036.0,194036.0,194036.0,194036.0,5270500000,0,8008862867672358705,3745.8027717393676777185791624911351,3745.8027717393676777185791624911351,5270.5,0
2022-01-02 11:00:00,0,0,194036.0,194036.0,194036.0,194036.0,0,0,8008862867672358705,3745.8027717393676777185791624911351,3745.8027717393676777185791624911351,0,0
2022-01-02 11:01:00,-268863020217,71852868894853240716,194046.0,194036.0,194036.0,194046.0,900000000,72093027507396676402,9556376513796189904,3742.0590283353439068363737726005183,3745.8027717393676777185791624911351,900,72.093027507396676402
2022-01-02 11:02:00,7699702206,-2056596920840415841,194045.0,194045.0,194045.0,194045.0,7699702206,0,9556376513796189904,3742.4332342381774412270574099777758,3742.0590283353439068363737726005183,7699.702206,0
2022-01-02 11:03:00,22464584769,-6000000000000000000,194045.0,194045.0,194045.0,194045.0,22464584769,0,9556376513796189904,3742.4332342381774412270574099777758,3742.4332342381774412270574099777758,22464.584769,0
2022-01-02 11:04:00,39248215498,-10481584713489306976,194043.0,194043.0,194043.0,194043.0,39248215498,0,9556376513796189904,3743.1817583093574190970772337303480,3742.4332342381774412270574099777758,39248.215498,0
2022-01-02 11:05:00,4635028641,-1237732723060303320,194043.0,194043.0,194043.0,194043.0,4635028641,0,9556376513796189904,3743.1817583093574190970772337303480,3743.1817583093574190970772337303480,4635.028641,0
2022-01-02 11:06:00,0,0,194043.0,194043.0,194043.0,194043.0,0,0,9556376513796189904,3743.1817583093574190970772337303480,3743.1817583093574190970772337303480,0,0
2022-01-02 11:07:00,269356138651,-71892565607269671962,194033.0,194033.0,194033.0,194033.0,269356138651,0,8008862867672358705,3746.9266249487184429746644354749744,3743.1817583093574190970772337303480,269356.138651,0
2022-01-02 11:08:00,11196224434,-2986663945897501123,194032.0,194032.0,194032.0,194032.0,11196224434,0,8008862867672358705,3747.3013176112133148189619019185230,3746.9266249487184429746644354749744,11196.224434,0
2022-01-02 11:09:00,14499766117,-3867702033129369337,194032.0,194032.0,194032.0,194032.0,14499766117,0,8008862867672358705,3747.3013176112133148189619019185230,3747.3013176112133148189619019185230,14499.766117,0
2022-01-02 11:10:00,945000000,-252063606086150166,194032.0,194032.0,194032.0,194032.0,945000000,0,8008862867672358705,3747.3013176112133148189619019185230,3747.3013176112133148189619019185230,945,0
2022-01-02 11:11:00,0,0,194032.0,194032.0,194032.0,194032.0,0,0,8008862867672358705,3747.3013176112133148189619019185230,3747.3013176112133148189619019185230,0,0
2022-01-02 11:12:00,-201497996108,53848868110385655480,194040.0,194043.0,194040.0,194043.0,100000000000,80548356442244890204,9556376513796189904,3744.3048251360461573618382872318793,3747.3013176112133148189619019185230,100000,80.548356442244890204
2022-01-02 11:13:00,-52761192040,14100000000000000000,194042.0,194042.0,194042.0,194042.0,0,14100000000000000000,9556376513796189904,3743.5560764851883548389869414537188,3744.3048251360461573618382872318793,0,14.1
2022-01-02 11:14:00,122895366958,-32805735388277680019,194037.0,194037.0,194037.0,194037.0,122895366958,0,8008862867672358705,3745.4282289164760301155676057305591,3743.5560764851883548389869414537188,122895.366958,0
2022-01-02 11:15:00,204025411566,-54426959461715193317,194029.0,194029.0,194029.0,194029.0,204025411566,0,8017825394755080768,3748.4256204292835084674182483727765,3745.4282289164760301155676057305591,204025.411566,0
2022-01-02 11:16:00,-159871924379,42795248970570376491,194035.0,194040.0,194035.0,194050.0,404586900000,150831506127019229743,8008862867672358705,3746.1773520165416144863510204073844,3748.4256204292835084674182483727765,404586.9,150.831506127019229743
2022-01-02 11:17:00,-32320280674,8633182561725086770,194037.0,194037.0,194037.0,194037.0,0,8633182561725086770,8008862867672358705,3745.4282289164760301155676057305591,3746.1773520165416144863510204073844,0,8.63318256172508677
2022-01-02 11:18:00,33853333891,-9033613374542300225,194035.0,194036.0,194035.0,194036.0,33853333891,0,8008862867672358705,3746.1773520165416144863510204073844,3745.4282289164760301155676057305591,33853.333891,0
2022-01-02 11:19:00,5008289589,-1335734314056472761,194035.0,194035.0,194035.0,194035.0,7254744113,600000000000000000,8008862867672358705,3746.1773520165416144863510204073844,3746.1773520165416144863510204073844,7254.744113,0.6
2022-01-02 11:20:00,-56844501837,15184484042928149745,194037.0,194035.0,194035.0,194037.0,732947683,15380050562996087437,8008862867672358705,3745.4282289164760301155676057305591,3746.1773520165416144863510204073844,732.947683,15.380050562996087437
2022-01-02 11:21:00,22024838454,-5877804899511675163,194037.0,194037.0,194037.0,194037.0,22024838454,0,8008862867672358705,3745.4282289164760301155676057305591,3745.4282289164760301155676057305591,22024.838454,0
2022-01-02 11:22:00,-13298493200,3552479258954728483,194037.0,194037.0,194037.0,194037.0,0,3552479258954728483,8008862867672358705,3745.4282289164760301155676057305591,3745.4282289164760301155676057305591,0,3.552479258954728483
2022-01-02 11:23:00,216226787527,-57671387998044803849,194028.0,194027.0,194027.0,194028.0,248147100000,8519163779703765124,8017825394755080768,3748.8004629913264368182649901976100,3745.4282289164760301155676057305591,248147.1,8.519163779703765124
2022-01-02 11:24:00,-35543323591,9490859248685948906,194030.0,194028.0,194028.0,194030.0,12934115801,12939911353905793631,8008862867672358705,3748.0508153477487335940588424885263,3748.8004629913264368182649901976100,12934.115801,12.939911353905793631
2022-01-02 11:25:00,-37769424540,10083117106032711595,194031.0,194030.0,194030.0,194031.0,0,10083117106032711595,8008862867672358705,3747.6760477429744361504437981087153,3748.0508153477487335940588424885263,0,10.083117106032711595
2022-01-02 11:26:00,-1212756262,324456601933177973,194031.0,194031.0,194031.0,194031.0,2500000000,991250000000000000,8008862867672358705,3747.6760477429744361504437981087153,3747.6760477429744361504437981087153,2500,0.99125
2022-01-02 11:27:00,-11749000191,3136905014840692595,194032.0,194032.0,194032.0,194032.0,0,3136905014840692595,8008862867672358705,3747.3013176112133148189619019185230,3747.6760477429744361504437981087153,0,3.136905014840692595
2022-01-02 11:28:00,-24093410420,6433250875228795239,194033.0,194032.0,194032.0,194033.0,0,6433250875228795239,8008862867672358705,3746.9266249487184429746644354749744,3747.3013176112133148189619019185230,0,6.433250875228795239
2022-01-02 11:29:00,-2464934554,660546170333986506,194033.0,194032.0,194032.0,194033.0,8770070699,3000000000000000000,8008862867672358705,3746.9266249487184429746644354749744,3746.9266249487184429746644354749744,8770.070699,3
2022-01-02 11:30:00,636711136225,-169639470576073080153,194009.0,194009.0,194009.0,194009.0,636831257223,32000000000000000,9795678133015262884,3755.9295979538427919267265913987867,3746.9266249487184429746644354749744,636831.257223,0.032
2022-01-02 11:31:00,-40166375537,10702401423512625860,194011.0,194011.0,194011.0,194011.0,5402566894,12140401507588090071,9795678133015262884,3755.1785246971181213312791222615424,3755.9295979538427919267265913987867,5402.566894,12.140401507588090071
2022-01-02 11:32:00,-187663846,50000000000000000,194011.0,194011.0,194011.0,194011.0,0,50000000000000000,9795678133015262884,3755.1785246971181213312791222615424,3755.1785246971181213312791222615424,0,0.05
2022-01-02 11:33:00,-122927395209,32758737204158467939,194015.0,194011.0,194011.0,194015.0,0,32758737204158467939,9795678133015262884,3753.6768287300013143228682373370920,3755.1785246971181213312791222615424,0,32.758737204158467939
2022-01-02 11:34:00,0,0,194015.0,194015.0,194015.0,194015.0,0,0,9795678133015262884,3753.6768287300013143228682373370920,3753.6768287300013143228682373370920,0,0
2022-01-02 11:35:00,-10000000000,2665475260265188068,194015.0,194015.0,194015.0,194015.0,0,2665475260265188068,9795678133015262884,3753.6768287300013143228682373370920,3753.6768287300013143228682373370920,0,2.665475260265188068
2022-01-02 11:36:00,-12006079380,3201107594040272994,194015.0,194015.0,194015.0,194015.0,3000000000,4000000000000000000,9795678133015262884,3753.6768287300013143228682373370920,3753.6768287300013143228682373370920,3000,4
2022-01-02 11:37:00,-208832393380,55687015159731549636,194023.0,194015.0,194015.0,194023.0,0,55687015159731549636,8017825394755080768,3750.6752381403582782369505691805240,3753.6768287300013143228682373370920,0,55.687015159731549636
2022-01-02 11:38:00,0,0,194023.0,194023.0,194023.0,194023.0,0,0,8017825394755080768,3750.6752381403582782369505691805240,3750.6752381403582782369505691805240,0,0
2022-01-02 11:39:00,0,0,194023.0,194023.0,194023.0,194023.0,0,0,8017825394755080768,3750.6752381403582782369505691805240,3750.6752381403582782369505691805240,0,0
2022-01-02 11:40:00,0,0,194023.0,194023.0,194023.0,194023.0,0,0,8017825394755080768,3750.6752381403582782369505691805240,3750.6752381403582782369505691805240,0,0
2022-01-02 11:41:00,0,0,194023.0,194023.0,194023.0,194023.0,0,0,8017825394755080768,3750.6752381403582782369505691805240,3750.6752381403582782369505691805240,0,0
2022-01-02 11:42:00,41273592520,-10998424630460981561,194021.0,194021.0,194021.0,194021.0,41273592520,0,8017825394755080768,3751.4254106947387312961807416638621,3750.6752381403582782369505691805240,41273.59252,0
2022-01-02 11:43:00,-7887313833,2103740779796102851,194022.0,194021.0,194021.0,194022.0,0,2103740779796102851,8017825394755080768,3751.0503056641723140647742642374412,3751.4254106947387312961807416638621,0,2.103740779796102851
2022-01-02 11:44:00,0,0,194022.0,194022.0,194022.0,194022.0,0,0,8017825394755080768,3751.0503056641723140647742642374412,3751.0503056641723140647742642374412,0,0
2022-01-02 11:45:00,351169272791,-93515289950896635740,194010.0,194021.0,194010.0,194021.0,351169272791,0,9795678133015262884,3755.5540425495878331434122501737686,3751.0503056641723140647742642374412,351169.272791,0
2022-01-02 11:46:00,-515398050991,137450129786855764264,194028.0,194032.0,194028.0,194032.0,82353449939,159412557041030139103,8017825394755080768,3748.8004629913264368182649901976100,3755.5540425495878331434122501737686,82353.449939,159.412557041030139103
2022-01-02 11:47:00,-246878777913,65931140916772486074,194038.0,194039.0,194038.0,194039.0,15440000000,70052352941176479744,8008862867672358705,3745.0537235441216179537722285077101,3748.8004629913264368182649901976100,15440,70.052352941176479744
2022-01-02 11:48:00,20096348263,-5363685884331233357,194038.0,194038.0,194038.0,194038.0,20096348263,0,8008862867672358705,3745.0537235441216179537722285077101,3745.0537235441216179537722285077101,20096.348263,0
2022-01-02 11:49:00,-170820208,45635434631352550,194038.0,194038.0,194038.0,194038.0,0,45635434631352550,8008862867672358705,3745.0537235441216179537722285077101,3745.0537235441216179537722285077101,0,0.04563543463135255
2022-01-02 11:50:00,1136077187,-303204417475942530,194038.0,194038.0,194038.0,194038.0,1136077187,0,8008862867672358705,3745.0537235441216179537722285077101,3745.0537235441216179537722285077101,1136.077187,0
2022-01-02 11:51:00,14266828246,-3807513718419979463,194037.0,194037.0,194037.0,194037.0,14266828246,0,8008862867672358705,3745.4282289164760301155676057305591,3745.0537235441216179537722285077101,14266.828246,0
2022-01-02 11:52:00,3786272394,-1010438557318743228,194037.0,194037.0,194037.0,194037.0,3786272394,0,8008862867672358705,3745.4282289164760301155676057305591,3745.4282289164760301155676057305591,3786.272394,0
2022-01-02 11:53:00,0,0,194037.0,194037.0,194037.0,194037.0,0,0,8008862867672358705,3745.4282289164760301155676057305591,3745.4282289164760301155676057305591,0,0
2022-01-02 11:54:00,0,0,194037.0,194037.0,194037.0,194037.0,0,0,8008862867672358705,3745.4282289164760301155676057305591,3745.4282289164760301155676057305591,0,0
2022-01-02 11:55:00,0,0,194037.0,194037.0,194037.0,194037.0,0,0,8008862867672358705,3745.4282289164760301155676057305591,3745.4282289164760301155676057305591,0,0
2022-01-02 11:56:00,-3104841085,829413753793838792,194037.0,194037.0,194037.0,194037.0,0,829413753793838792,8008862867672358705,3745.4282289164760301155676057305591,3745.4282289164760301155676057305591,0,0.829413753793838792
2022-01-02 11:57:00,0,0,194037.0,194037.0,194037.0,194037.0,0,0,8008862867672358705,3745.4282289164760301155676057305591,3745.4282289164760301155676057305591,0,0
2022-01-02 11:58:00,0,0,194037.0,194037.0,194037.0,194037.0,0,0,8008862867672358705,3745.4282289164760301155676057305591,3745.4282289164760301155676057305591,0,0
2022-01-02 11:59:00,-3710609952,991250000000000000,194037.0,194037.0,194037.0,194037.0,0,991250000000000000,8008862867672358705,3745.4282289164760301155676057305591,3745.4282289164760301155676057305591,0,0.99125
2022-01-02 12:00:00,-54108134197,14456160610042838698,194039.0,194037.0,194037.0,194039.0,159014851,14498597575779861418,8008862867672358705,3744.6792556185597619775744710606057,3745.4282289164760301155676057305591,159.014851,14.498597575779861418
2022-01-02 12:01:00,0,0,194039.0,194039.0,194039.0,194039.0,0,0,8008862867672358705,3744.6792556185597619775744710606057,3744.6792556185597619775744710606057,0,0
2022-01-02 12:02:00,11132289318,-2971156798818481299,194039.0,194039.0,194039.0,194039.0,12457134133,354000000000000000,8008862867672358705,3744.6792556185597619775744710606057,3744.6792556185597619775744710606057,12457.134133,0.354
2022-01-02 12:03:00,-160071931947,42819077256582456113,194044.0,194039.0,194033.0,194044.0,140715474407,80368234805751297334,9556376513796189904,3742.8074775616012589711801157187789,3744.6792556185597619775744710606057,140715.474407,80.368234805751297334
2022-01-02 12:04:00,-408394200128,109262816594585978768,194058.0,194059.0,194058.0,194059.0,27058796187,116499894209945340490,9505826823506160463,3737.5714749457847370528815077456842,3742.8074775616012589711801157187789,27058.796187,116.49989420994534049
2022-01-02 12:05:00,7000463195,-1872216609571062305,194058.0,194058.0,194058.0,194058.0,7000463195,0,9505826823506160463,3737.5714749457847370528815077456842,3737.5714749457847370528815077456842,7000.463195,0
2022-01-02 12:06:00,60410131249,-16119804271489154545,194056.0,194063.0,194056.0,194063.0,189381691139,34534169305135442355,9505826823506160463,3738.3190266164886434581394545760475,3737.5714749457847370528815077456842,189381.691139,34.534169305135442355
2022-01-02 12:07:00,-450241282713,120603382095368936173,194072.0,194056.0,194056.0,194072.0,8825129381,122963036663788415965,9470595937328808834,3732.3427972387585274026338730312736,3738.3190266164886434581394545760475,8825.129381,122.963036663788415965
2022-01-02 12:08:00,-477257353103,128892452343690581916,194088.0,194182.0,194088.0,194200.0,3157163575169,980473531108412597296,9470595937328808834,3726.3761217052351135318106419417202,3732.3427972387585274026338730312736,3157163.575169,980.473531108412597296
2022-01-02 12:09:00,612553557858,-164139277927087221356,194067.0,194071.0,194067.0,194071.0,612553557858,0,9471753792896415848,3734.2093419089829247232975628568515,3726.3761217052351135318106419417202,612553.557858,0
2022-01-02 12:10:00,0,0,194067.0,194067.0,194067.0,194067.0,0,0,9471753792896415848,3734.2093419089829247232975628568515,3734.2093419089829247232975628568515,0,0
2022-01-02 12:11:00,31870296892,-8530430903476720987,194066.0,194066.0,194066.0,194066.0,31870296892,0,9471753792896415848,3734.5827628431738230157698926131382,3734.2093419089829247232975628568515,31870.296892,0
2022-01-02 12:12:00,0,0,194066.0,194066.0,194066.0,194066.0,0,0,9471753792896415848,3734.5827628431738230157698926131382,3734.5827628431738230157698926131382,0,0
2022-01-02 12:13:00,9629597270,-2576270548635066273,194066.0,194066.0,194066.0,194066.0,13404202669,1011235606587278852,9471753792896415848,3734.5827628431738230157698926131382,3734.5827628431738230157698926131382,13404.202669,1.011235606587278852
2022-01-02 12:14:00,151493743243,-40534461477450214007,194060.0,194066.0,194060.0,194066.0,152614131017,300000000000000000,9471753792896415848,3736.8240727629914111407392484885923,3734.5827628431738230157698926131382,152614.131017,0.3
2022-01-02 12:15:00,0,0,194060.0,194060.0,194060.0,194060.0,0,0,9471753792896415848,3736.8240727629914111407392484885923,3736.8240727629914111407392484885923,0,0
2022-01-02 12:16:00,-36527434085,9781383800730321013,194062.0,194062.0,194062.0,194062.0,0,9781383800730321013,9471753792896415848,3736.0768200382155676450545611258193,3736.8240727629914111407392484885923,0,9.781383800730321013
2022-01-02 12:17:00,15916856676,-4247748588964076905,194061.0,194062.0,194061.0,194063.0,54713710542,10390347684917451638,9471753792896415848,3736.4504277202193892018190665819328,3736.0768200382155676450545611258193,54713.710542,10.390347684917451638
2022-01-02 12:18:00,47201415718,-12625370669343470013,194059.0,194059.0,194059.0,194059.0,50002650002,750000000000000000,9505826823506160463,3737.1977551702677102818533224134427,3736.4504277202193892018190665819328,50002.650002,0.75
2022-01-02 12:19:00,-117633000153,31515659601436324323,194064.0,194059.0,194059.0,194064.0,52855138601,45655602826452678389,9471753792896415848,3735.3297167415700862121112767493561,3737.1977551702677102818533224134427,52855.138601,45.655602826452678389
2022-01-02 12:20:00,-27100706365,7263996876889741590,194064.0,194063.0,194063.0,194065.0,17748573863,12013194389878626118,9471753792896415848,3735.3297167415700862121112767493561,3735.3297167415700862121112767493561,17748.573863,12.013194389878626118
2022-01-02 12:21:00,-3733069508,1000000000000000000,194065.0,194065.0,194065.0,194065.0,0,1000000000000000000,9471753792896415848,3734.9562211194581403980714696023982,3735.3297167415700862121112767493561,0,1
2022-01-02 12:22:00,332217726072,-88853554941658818534,194053.0,194064.0,194053.0,194064.0,333389982814,313995084552362684,9505826823506160463,3739.4406344777827075724526888000629,3734.9562211194581403980714696023982,333389.982814,0.313995084552362684
2022-01-02 12:23:00,-94628508081,25324000000000000000,194056.0,194056.0,194056.0,194056.0,0,25324000000000000000,9505826823506160463,3738.3190266164886434581394545760475,3739.4406344777827075724526888000629,0,25.324
2022-01-02 12:24:00,107651974796,-28699899382548351934,194053.0,194067.0,194053.0,194067.0,406332906423,79985665560010585456,9505826823506160463,3739.4406344777827075724526888000629,3738.3190266164886434581394545760475,406332.906423,79.985665560010585456
2022-01-02 12:25:00,13974211758,-3734856046737253547,194052.0,194052.0,194052.0,194052.0,14908619973,250000000000000000,9505826823506160463,3739.8145785412304858432099340689411,3739.4406344777827075724526888000629,14908.619973,0.25
2022-01-02 12:26:00,66731102339,-17832962591398080612,194050.0,194051.0,194050.0,194051.0,69824826341,827521298564631892,9505826823506160463,3740.5625788550845173526834344878524,3739.8145785412304858432099340689411,69824.826341,0.827521298564631892
2022-01-02 12:27:00,21981812361,-5871360321832836599,194049.0,194050.0,194049.0,194050.0,30775077163,2351856362151293955,9556376513796189904,3740.9366351129700258044187028313054,3740.5625788550845173526834344878524,30775.077163,2.351856362151293955
2022-01-02 12:28:00,35883839571,-9572127728784476564,194048.0,194051.0,194048.0,194051.0,93345212358,15369877426504525577,9556376513796189904,3741.3107287764813228069991447015883,3740.9366351129700258044187028313054,93345.212358,15.369877426504525577
2022-01-02 12:29:00,232300000,-62058735428768166,194048.0,194048.0,194048.0,194048.0,246000000,3663820026366466,9556376513796189904,3741.3107287764813228069991447015883,3741.3107287764813228069991447015883,246,0.003663820026366466
2022-01-02 12:30:00,-2023091255,541041466145188343,194048.0,194048.0,194048.0,194048.0,0,541041466145188343,9556376513796189904,3741.3107287764813228069991447015883,3741.3107287764813228069991447015883,0,0.541041466145188343
2022-01-02 12:31:00,-18904927897,5055983564277169415,194049.0,194049.0,194049.0,194049.0,0,5055983564277169415,9556376513796189904,3740.9366351129700258044187028313054,3741.3107287764813228069991447015883,0,5.055983564277169415
2022-01-02 12:32:00,5372703001,-1435486509428563299,194048.0,194049.0,194048.0,194049.0,5372703001,0,9556376513796189904,3741.3107287764813228069991447015883,3740.9366351129700258044187028313054,5372.703001,0
2022-01-02 12:33:00,-126417582924,33821534354011083492,194053.0,194048.0,194048.0,194053.0,15983896279,38091978775689039064,9505826823506160463,3739.4406344777827075724526888000629,3741.3107287764813228069991447015883,15983.896279,38.091978775689039064
2022-01-02 12:34:00,15915181846,-4243563843730085695,194052.0,194054.0,194052.0,194054.0,54679803414,10372653442472603542,9505826823506160463,3739.8145785412304858432099340689411,3739.4406344777827075724526888000629,54679.803414,10.372653442472603542
2022-01-02 12:35:00,363638031314,-97132802178521273019,194040.0,194040.0,194040.0,194040.0,363638031314,0,9556376513796189904,3744.3048251360461573618382872318793,3739.8145785412304858432099340689411,363638.031314,0
2022-01-02 12:36:00,-2464256057,658782966145372275,194040.0,194040.0,194040.0,194040.0,1100000000,952425115490607289,9556376513796189904,3744.3048251360461573618382872318793,3744.3048251360461573618382872318793,1100,0.952425115490607289
2022-01-02 12:37:00,241290698104,-64367922996913389165,194030.0,194040.0,194028.0,194040.0,291885717011,13505287879819488976,8008862867672358705,3748.0508153477487335940588424885263,3744.3048251360461573618382872318793,291885.717011,13.505287879819488976
2022-01-02 12:38:00,-98436363092,26283526549254477736,194034.0,194032.0,194032.0,194034.0,0,26283526549254477736,8008862867672358705,3746.5519697517432686477996555094260,3748.0508153477487335940588424885263,0,26.283526549254477736
2022-01-02 12:39:00,233076435109,-62124463207169582160,194025.0,194035.0,194024.0,194037.0,347733247203,30611334130391950133,8130034361145745666,3749.9252155979865249520949006794390,3746.5519697517432686477996555094260,347733.247203,30.611334130391950133
2022-01-02 12:40:00,239151774568,-63695908930426634575,194016.0,194027.0,194016.0,194028.0,313867800000,19938302974266806392,9907887099405927782,3753.3014985801432999928689504420469,3749.9252155979865249520949006794390,313867.8,19.938302974266806392
2022-01-02 12:41:00,-7502379770,2000000000000000000,194016.0,194016.0,194016.0,194016.0,0,2000000000000000000,9907887099405927782,3753.3014985801432999928689504420469,3753.3014985801432999928689504420469,0,2
2022-01-02 12:42:00,-54039695912,14407475283698237531,194018.0,194016.0,194016.0,194018.0,0,14407475283698237531,9907887099405927782,3752.5509508644608991684262735030845,3753.3014985801432999928689504420469,0,14.407475283698237531
2022-01-02 12:43:00,-2250277024,600000000000000000,194018.0,194018.0,194018.0,194018.0,0,600000000000000000,9907887099405927782,3752.5509508644608991684262735030845,3752.5509508644608991684262735030845,0,0.6
2022-01-02 12:44:00,41747187334,-11105106000494213125,194017.0,194019.0,194017.0,194020.0,95224944303,14260300926636217944,9907887099405927782,3752.9262059595473452583431161304305,3752.5509508644608991684262735030845,95224.944303,14.260300926636217944
2022-01-02 12:45:00,-2006758668,535000000000000000,194017.0,194017.0,194017.0,194017.0,0,535000000000000000,9907887099405927782,3752.9262059595473452583431161304305,3752.9262059595473452583431161304305,0,0.535
2022-01-02 12:46:00,-59490837935,15861809350739180051,194019.0,194017.0,194017.0,194019.0,0,15861809350739180051,9907887099405927782,3752.1757332911317859898272907740055,3752.9262059595473452583431161304305,0,15.861809350739180051
2022-01-02 12:47:00,-23704540528,6321115454575540032,194020.0,194019.0,194019.0,194020.0,0,6321115454575540032,8130034361145745666,3751.8005532358082051693103597380302,3752.1757332911317859898272907740055,0,6.321115454575540032
2022-01-02 12:48:00,239994551213,-63907216487612763127,194012.0,194020.0,194011.0,194020.0,253576362933,3618960837923055737,9907887099405927782,3754.8030443926788534459345288086622,3751.8005532358082051693103597380302,253576.362933,3.618960837923055737
2022-01-02 12:49:00,19814100462,-5272522633815615727,194011.0,194012.0,194011.0,194012.0,26342832396,1739680120427319973,9907887099405927782,3755.1785246971181213312791222615424,3754.8030443926788534459345288086622,26342.832396,1.739680120427319973
2022-01-02 12:50:00,0,0,194011.0,194011.0,194011.0,194011.0,0,0,9907887099405927782,3755.1785246971181213312791222615424,3755.1785246971181213312791222615424,0,0
2022-01-02 12:51:00,-21114125655,5625948733500000000,194012.0,194011.0,194011.0,194012.0,0,5625948733500000000,9907887099405927782,3754.8030443926788534459345288086622,3755.1785246971181213312791222615424,0,5.6259487335
2022-01-02 12:52:00,0,0,194012.0,194012.0,194012.0,194012.0,0,0,9907887099405927782,3754.8030443926788534459345288086622,3754.8030443926788534459345288086622,0,0
2022-01-02 12:53:00,-32838349703,8750695800577739384,194013.0,194013.0,194013.0,194013.0,0,8750695800577739384,9907887099405927782,3754.4276016325156018857459542132428,3754.8030443926788534459345288086622,0,8.750695800577739384
2022-01-02 12:54:00,2095532445,-556883394136166681,194013.0,194013.0,194013.0,194013.0,5848034371,1000000000000000000,9907887099405927782,3754.4276016325156018857459542132428,3754.4276016325156018857459542132428,5848.034371,1
2022-01-02 12:55:00,11895642134,-3166844525101820665,194012.0,194013.0,194012.0,194013.0,11895642134,0,9907887099405927782,3754.8030443926788534459345288086622,3754.4276016325156018857459542132428,11895.642134,0
2022-01-02 12:56:00,-85748055237,22855449527650979033,194015.0,194012.0,194012.0,194015.0,7780307906,24926647288960773493,9907887099405927782,3753.6768287300013143228682373370920,3754.8030443926788534459345288086622,7780.307906,24.926647288960773493
2022-01-02 12:57:00,-83266299107,22198228429273662515,194018.0,194016.0,194016.0,194018.0,389223808,22301902911483446324,9907887099405927782,3752.5509508644608991684262735030845,3753.6768287300013143228682373370920,389.223808,22.301902911483446324
2022-01-02 12:58:00,37680251133,-10035962729350997921,194017.0,194017.0,194017.0,194017.0,37680251133,0,9907887099405927782,3752.9262059595473452583431161304305,3752.5509508644608991684262735030845,37680.251133,0
2022-01-02 12:59:00,47047425750,-12529118685238153690,194015.0,194016.0,194015.0,194016.0,47047425750,0,9907887099405927782,3753.6768287300013143228682373370920,3752.9262059595473452583431161304305,47047.42575,0
2022-01-02 13:00:00,0,0,194015.0,194015.0,194015.0,194015.0,0,0,9907887099405927782,3753.6768287300013143228682373370920,3753.6768287300013143228682373370920,0,0
2022-01-02 13:01:00,0,0,194015.0,194015.0,194015.0,194015.0,0,0,9907887099405927782,3753.6768287300013143228682373370920,3753.6768287300013143228682373370920,0,0
2022-01-02 13:02:00,-7756152045,2069292404207752965,194015.0,194015.0,194015.0,194015.0,6873171455,3899512313162247501,9907887099405927782,3753.6768287300013143228682373370920,3753.6768287300013143228682373370920,6873.171455,3.899512313162247501
2022-01-02 13:03:00,0,0,194015.0,194015.0,194015.0,194015.0,0,0,9907887099405927782,3753.6768287300013143228682373370920,3753.6768287300013143228682373370920,0,0
2022-01-02 13:04:00,-147616986976,39365820420718020723,194020.0,194016.0,194015.0,194020.0,27319231615,46640693603405868204,8130034361145745666,3751.8005532358082051693103597380302,3753.6768287300013143228682373370920,27319.231615,46.640693603405868204
2022-01-02 13:05:00,4000000000,-1065703842834491580,194020.0,194020.0,194020.0,194020.0,4000000000,0,8130034361145745666,3751.8005532358082051693103597380302,3751.8005532358082051693103597380302,4000,0
2022-01-02 13:06:00,14565285423,-3880425560796408363,194020.0,194020.0,194020.0,194020.0,14565285423,0,8130034361145745666,3751.8005532358082051693103597380302,3751.8005532358082051693103597380302,14565.285423,0
2022-01-02 13:07:00,224339523240,-59715786193425556223,194012.0,194019.0,194012.0,194024.0,329111251866,27945198741210408328,9907887099405927782,3754.8030443926788534459345288086622,3751.8005532358082051693103597380302,329111.251866,27.945198741210408328
2022-01-02 13:08:00,-340356136685,91337772396121297155,194024.0,194012.0,194012.0,194095.0,2201964782456,680174224610415108096,8130034361145745666,3750.3002081195463236045901101695065,3754.8030443926788534459345288086622,2201964.782456,680.174224610415108096
2022-01-02 13:09:00,-1400000000,373521764211124427,194024.0,194024.0,194024.0,194024.0,0,373521764211124427,8130034361145745666,3750.3002081195463236045901101695065,3750.3002081195463236045901101695065,0,0.373521764211124427
2022-01-02 13:10:00,2569471027,-682869184847794196,194024.0,194024.0,194024.0,194024.0,10000000000,1982430057674859143,8130034361145745666,3750.3002081195463236045901101695065,3750.3002081195463236045901101695065,10000,1.982430057674859143
2022-01-02 13:11:00,50221126784,-13384214504854052150,194022.0,194022.0,194022.0,194022.0,50221126784,0,8130034361145745666,3751.0503056641723140647742642374412,3750.3002081195463236045901101695065,50221.126784,0
2022-01-02 13:12:00,9800000000,-2611440789010761898,194022.0,194022.0,194022.0,194022.0,9800000000,0,8130034361145745666,3751.0503056641723140647742642374412,3751.0503056641723140647742642374412,9800,0
2022-01-02 13:13:00,0,0,194022.0,194022.0,194022.0,194022.0,0,0,8130034361145745666,3751.0503056641723140647742642374412,3751.0503056641723140647742642374412,0,0
2022-01-02 13:14:00,-212647227284,56744687328750838503,194030.0,194022.0,194022.0,194030.0,0,56744687328750838503,8121071834063023603,3748.0508153477487335940588424885263,3751.0503056641723140647742642374412,0,56.744687328750838503
2022-01-02 13:15:00,-90772121313,24237221053007156024,194034.0,194032.0,194032.0,194034.0,0,24237221053007156024,8121071834063023603,3746.5519697517432686477996555094260,3748.0508153477487335940588424885263,0,24.237221053007156024
2022-01-02 13:16:00,-9462136033,2527010781504094428,194034.0,194034.0,194034.0,194034.0,0,2527010781504094428,8121071834063023603,3746.5519697517432686477996555094260,3746.5519697517432686477996555094260,0,2.527010781504094428
2022-01-02 13:17:00,1124424929,-300000000000000000,194034.0,194034.0,194034.0,194034.0,1124424929,0,8121071834063023603,3746.5519697517432686477996555094260,3746.5519697517432686477996555094260,1124.424929,0
2022-01-02 13:18:00,63499487547,-16939655674508924762,194032.0,194032.0,194032.0,194032.0,63499487547,0,8121071834063023603,3747.3013176112133148189619019185230,3746.5519697517432686477996555094260,63499.487547,0
2022-01-02 13:19:00,-22481995015,6002992481538150439,194033.0,194032.0,194032.0,194033.0,0,6002992481538150439,8121071834063023603,3746.9266249487184429746644354749744,3747.3013176112133148189619019185230,0,6.002992481538150439
2022-01-02 13:20:00,140043272304,-37342265488299943344,194027.0,194033.0,194027.0,194033.0,158579454059,4949816134305994100,8130034361145745666,3749.1753430376255694619468166966299,3746.9266249487184429746644354749744,158579.454059,4.9498161343059941
2022-01-02 13:21:00,-623886389,166500000000000000,194027.0,194027.0,194027.0,194027.0,0,166500000000000000,8130034361145745666,3749.1753430376255694619468166966299,3749.1753430376255694619468166966299,0,0.1665
2022-01-02 13:22:00,5559472921,-1480418058444630468,194027.0,194027.0,194027.0,194027.0,12197667640,1771597463408003802,8130034361145745666,3749.1753430376255694619468166966299,3749.1753430376255694619468166966299,12197.66764,1.771597463408003802
2022-01-02 13:23:00,0,0,194027.0,194027.0,194027.0,194027.0,0,0,8130034361145745666,3749.1753430376255694619468166966299,3749.1753430376255694619468166966299,0,0
2022-01-02 13:24:00,-1361810000,363427082644127705,194027.0,194027.0,194027.0,194027.0,0,363427082644127705,8130034361145745666,3749.1753430376255694619468166966299,3749.1753430376255694619468166966299,0,0.363427082644127705
2022-01-02 13:25:00,0,0,194027.0,194027.0,194027.0,194027.0,0,0,8130034361145745666,3749.1753430376255694619468166966299,3749.1753430376255694619468166966299,0,0
2022-01-02 13:26:00,42049585351,-11208343584543919199,194025.0,194027.0,194025.0,194027.0,47000000000,1321136992342837676,8130034361145745666,3749.9252155979865249520949006794390,3749.1753430376255694619468166966299,47000,1.321136992342837676
2022-01-02 13:27:00,-7495400218,2000000000000000000,194026.0,194026.0,194026.0,194026.0,0,2000000000000000000,8130034361145745666,3749.5502605719293320188930113782987,3749.9252155979865249520949006794390,0,2
2022-01-02 13:28:00,52995876889,-14125478876247582107,194023.0,194025.0,194023.0,194025.0,52995876889,0,8130034361145745666,3750.6752381403582782369505691805240,3749.5502605719293320188930113782987,52995.876889,0
2022-01-02 13:29:00,5989162361,-1596157546620290725,194023.0,194023.0,194023.0,194023.0,5989162361,0,8130034361145745666,3750.6752381403582782369505691805240,3750.6752381403582782369505691805240,5989.162361,0
2022-01-02 13:30:00,5000000000,-1332508820860577534,194023.0,194023.0,194023.0,194023.0,5000000000,0,8130034361145745666,3750.6752381403582782369505691805240,3750.6752381403582782369505691805240,5000,0
2022-01-02 13:31:00,99787003599,-26587833870884677292,194019.0,194019.0,194019.0,194019.0,99787003599,0,9907887099405927782,3752.1757332911317859898272907740055,3750.6752381403582782369505691805240,99787.003599,0
2022-01-02 13:32:00,4834380829,-1287843160781556069,194019.0,194019.0,194019.0,194019.0,4834380829,0,9907887099405927782,3752.1757332911317859898272907740055,3752.1757332911317859898272907740055,4834.380829,0
2022-01-02 13:33:00,22524165056,-6000000000000000000,194018.0,194018.0,194018.0,194018.0,22524165056,0,9907887099405927782,3752.5509508644608991684262735030845,3752.1757332911317859898272907740055,22524.165056,0
2022-01-02 13:34:00,0,0,194018.0,194018.0,194018.0,194018.0,0,0,9907887099405927782,3752.5509508644608991684262735030845,3752.5509508644608991684262735030845,0,0
2022-01-02 13:35:00,6000000000,-1598208361107813942,194018.0,194018.0,194018.0,194018.0,6000000000,0,9907887099405927782,3752.5509508644608991684262735030845,3752.5509508644608991684262735030845,6000,0
2022-01-02 13:36:00,-37400830628,9972872595883857124,194019.0,194019.0,194019.0,194019.0,0,9972872595883857124,9907887099405927782,3752.1757332911317859898272907740055,3752.5509508644608991684262735030845,0,9.972872595883857124
2022-01-02 13:37:00,505000000,-134531009451831997,194019.0,194019.0,194019.0,194019.0,505000000,0,9907887099405927782,3752.1757332911317859898272907740055,3752.1757332911317859898272907740055,505,0
2022-01-02 13:38:00,-189333208283,50509970511325067812,194027.0,194019.0,194019.0,194027.0,9923465470,53153516844890980352,8130034361145745666,3749.1753430376255694619468166966299,3752.1757332911317859898272907740055,9923.46547,53.153516844890980352
2022-01-02 13:39:00,170986911648,-45566859705075885936,194020.0,194020.0,194020.0,194020.0,180019304763,2408737500000000000,8130034361145745666,3751.8005532358082051693103597380302,3749.1753430376255694619468166966299,180019.304763,2.4087375
2022-01-02 13:40:00,46941405243,-12485403327062434893,194018.0,194022.0,194018.0,194023.0,120032059906,19494860021679568580,9907887099405927782,3752.5509508644608991684262735030845,3751.8005532358082051693103597380302,120032.059906,19.49486002167956858
2022-01-02 13:41:00,-11794911213,3145049446706839552,194019.0,194019.0,194019.0,194019.0,0,3145049446706839552,9907887099405927782,3752.1757332911317859898272907740055,3752.5509508644608991684262735030845,0,3.145049446706839552
2022-01-02 13:42:00,0,0,194019.0,194019.0,194019.0,194019.0,0,0,9907887099405927782,3752.1757332911317859898272907740055,3752.1757332911317859898272907740055,0,0
2022-01-02 13:43:00,-28780538875,7794986377441881551,194020.0,194019.0,194004.0,194020.0,451395583149,127951948174571225009,8130034361145745666,3751.8005532358082051693103597380302,3752.1757332911317859898272907740055,451395.583149,127.951948174571225009
2022-01-02 13:44:00,265000000000,-70567499771130099950,194011.0,194011.0,194011.0,194011.0,265000000000,0,9907887099405927782,3755.1785246971181213312791222615424,3751.8005532358082051693103597380302,265000,0
2022-01-02 13:45:00,-321975547107,85834050159951645668,194022.0,194022.0,194022.0,194022.0,589971680,85991260391389172553,8130034361145745666,3751.0503056641723140647742642374412,3755.1785246971181213312791222615424,589.97168,85.991260391389172553
2022-01-02 13:46:00,0,0,194022.0,194022.0,194022.0,194022.0,0,0,8130034361145745666,3751.0503056641723140647742642374412,3751.0503056641723140647742642374412,0,0
2022-01-02 13:47:00,-11246772596,3000000000000000000,194022.0,194022.0,194022.0,194022.0,0,3000000000000000000,8130034361145745666,3751.0503056641723140647742642374412,3751.0503056641723140647742642374412,0,3
2022-01-02 13:48:00,26048119635,-6941005954772959070,194021.0,194022.0,194021.0,194022.0,26048119635,0,8130034361145745666,3751.4254106947387312961807416638621,3751.0503056641723140647742642374412,26048.119635,0
2022-01-02 13:49:00,-318716475905,85062934381967627225,194034.0,194033.0,194033.0,194034.0,0,85062934381967627225,8121071834063023603,3746.5519697517432686477996555094260,3751.4254106947387312961807416638621,0,85.062934381967627225
2022-01-02 13:50:00,-62282806204,16638504843423082209,194037.0,194034.0,194034.0,194037.0,11132973907,19608922415138635866,8121071834063023603,3745.4282289164760301155676057305591,3746.5519697517432686477996555094260,11132.973907,19.608922415138635866
2022-01-02 13:51:00,165201520706,-44071550235607168126,194030.0,194034.0,194030.0,194034.0,165201520706,0,8121071834063023603,3748.0508153477487335940588424885263,3745.4282289164760301155676057305591,165201.520706,0
2022-01-02 13:52:00,0,0,194030.0,194030.0,194030.0,194030.0,0,0,8121071834063023603,3748.0508153477487335940588424885263,3748.0508153477487335940588424885263,0,0
2022-01-02 13:53:00,-1517235211,406365803366227753,194030.0,194030.0,194030.0,194030.0,5000000000,1739781811041683530,8121071834063023603,3748.0508153477487335940588424885263,3748.0508153477487335940588424885263,5000,1.73978181104168353
2022-01-02 13:54:00,-2766246040,743950855842663122,194030.0,194029.0,194029.0,194030.0,20552752561,6224886868163699095,8121071834063023603,3748.0508153477487335940588424885263,3748.0508153477487335940588424885263,20552.752561,6.224886868163699095
2022-01-02 13:55:00,11425381803,-3041776895805864461,194030.0,194029.0,194029.0,194030.0,30887071414,5195000000000000000,8121071834063023603,3748.0508153477487335940588424885263,3748.0508153477487335940588424885263,30887.071414,5.195
2022-01-02 13:56:00,-8896800282,2375000000000000000,194030.0,194030.0,194030.0,194030.0,0,2375000000000000000,8121071834063023603,3748.0508153477487335940588424885263,3748.0508153477487335940588424885263,0,2.375
2022-01-02 13:57:00,-34791841167,9288494943677170048,194031.0,194030.0,194030.0,194031.0,0,9288494943677170048,8121071834063023603,3747.6760477429744361504437981087153,3748.0508153477487335940588424885263,0,9.288494943677170048
2022-01-02 13:58:00,17654617910,-4703712227292249132,194031.0,194032.0,194031.0,194032.0,36577244695,5052290274561610127,8121071834063023603,3747.6760477429744361504437981087153,3747.6760477429744361504437981087153,36577.244695,5.052290274561610127
2022-01-02 13:59:00,65458684284,-17455940440226455138,194028.0,194028.0,194028.0,194028.0,65458684284,0,8130034361145745666,3748.8004629913264368182649901976100,3747.6760477429744361504437981087153,65458.684284,0
2022-01-02 14:00:00,-164388213263,43910289090525354877,194035.0,194027.0,194025.0,194035.0,75287074914,63981538099783927978,8121071834063023603,3746.1773520165416144863510204073844,3748.8004629913264368182649901976100,75287.074914,63.981538099783927978
2022-01-02 14:01:00,8492480764,-2265860935165992102,194034.0,194035.0,194034.0,194035.0,8492480764,0,8121071834063023603,3746.5519697517432686477996555094260,3746.1773520165416144863510204073844,8492.480764,0
2022-01-02 14:02:00,-3894749650,1042277290759316172,194035.0,194034.0,194034.0,194035.0,7853742585,3137712022467002336,8121071834063023603,3746.1773520165416144863510204073844,3746.5519697517432686477996555094260,7853.742585,3.137712022467002336
2022-01-02 14:03:00,24634693408,-6572396039330759676,194034.0,194034.0,194034.0,194034.0,24634693408,0,8121071834063023603,3746.5519697517432686477996555094260,3746.1773520165416144863510204073844,24634.693408,0
2022-01-02 14:04:00,93981237346,-25067680328574628274,194030.0,194030.0,194030.0,194030.0,93981237346,0,8121071834063023603,3748.0508153477487335940588424885263,3746.5519697517432686477996555094260,93981.237346,0
2022-01-02 14:05:00,182775571,-45743410159095220,194030.0,194030.0,194030.0,194030.0,11420700000,3000000000000000000,8121071834063023603,3748.0508153477487335940588424885263,3748.0508153477487335940588424885263,11420.7,3
2022-01-02 14:06:00,-1200000000,320337156069948800,194030.0,194030.0,194030.0,194030.0,0,320337156069948800,8121071834063023603,3748.0508153477487335940588424885263,3748.0508153477487335940588424885263,0,0.3203371560699488
2022-01-02 14:07:00,9173138692,-2445505874233362648,194029.0,194030.0,194029.0,194030.0,12000000000,754611480708637146,8130034361145745666,3748.4256204292835084674182483727765,3748.0508153477487335940588424885263,12000,0.754611480708637146
2022-01-02 14:08:00,-32247891784,8613745159904688297,194031.0,194029.0,194029.0,194031.0,18679157011,13594758246351690444,8121071834063023603,3747.6760477429744361504437981087153,3748.4256204292835084674182483727765,18679.157011,13.594758246351690444
2022-01-02 14:09:00,0,0,194031.0,194031.0,194031.0,194031.0,0,0,8121071834063023603,3747.6760477429744361504437981087153,3747.6760477429744361504437981087153,0,0
2022-01-02 14:10:00,-20640160594,5513144278086783945,194032.0,194032.0,194032.0,194032.0,9547113005,8059678546953192561,8121071834063023603,3747.3013176112133148189619019185230,3747.6760477429744361504437981087153,9547.113005,8.059678546953192561
2022-01-02 14:11:00,-299630622,80000000000000000,194032.0,194032.0,194032.0,194032.0,0,80000000000000000,8121071834063023603,3747.3013176112133148189619019185230,3747.3013176112133148189619019185230,0,0.08
2022-01-02 14:12:00,191016095938,-50915841954232182347,194024.0,194032.0,194024.0,194034.0,243756221091,14082873703980012410,8130034361145745666,3750.3002081195463236045901101695065,3747.3013176112133148189619019185230,243756.221091,14.08287370398001241
2022-01-02 14:13:00,-38441600790,10256657387229235986,194025.0,194024.0,194024.0,194025.0,0,10256657387229235986,8130034361145745666,3749.9252155979865249520949006794390,3750.3002081195463236045901101695065,0,10.256657387229235986
2022-01-02 14:14:00,3751455125,-1000000000000000000,194025.0,194025.0,194025.0,194025.0,3751455125,0,8130034361145745666,3749.9252155979865249520949006794390,3749.9252155979865249520949006794390,3751.455125,0
2022-01-02 14:15:00,250286351615,-66680286973740704349,194016.0,194026.0,194016.0,194026.0,264881990889,3894098547223733296,9907887099405927782,3753.3014985801432999928689504420469,3749.9252155979865249520949006794390,264881.990889,3.894098547223733296
2022-01-02 14:16:00,-16566818432,4416505050660152889,194017.0,194017.0,194017.0,194017.0,0,4416505050660152889,9907887099405927782,3752.9262059595473452583431161304305,3753.3014985801432999928689504420469,0,4.416505050660152889
2022-01-02 14:17:00,4375506500,-1164618443701501296,194016.0,194017.0,194016.0,194017.0,6978289050,693875000000000000,9907887099405927782,3753.3014985801432999928689504420469,3752.9262059595473452583431161304305,6978.28905,0.693875
2022-01-02 14:18:00,-74026026126,19737689268717254451,194019.0,194017.0,194017.0,194019.0,2333300651,20359120772113685448,9907887099405927782,3752.1757332911317859898272907740055,3753.3014985801432999928689504420469,2333.300651,20.359120772113685448
2022-01-02 14:19:00,39395619829,-10492460854685747779,194018.0,194019.0,194018.0,194019.0,44757890557,1429700546539888016,9907887099405927782,3752.5509508644608991684262735030845,3752.1757332911317859898272907740055,44757.890557,1.429700546539888016
2022-01-02 14:20:00,69137354402,-18412734678409944442,194015.0,194018.0,194015.0,194018.0,70000000000,230000000000000000,9907887099405927782,3753.6768287300013143228682373370920,3752.5509508644608991684262735030845,70000,0.23
2022-01-02 14:21:00,-30493736575,8128836402571819681,194016.0,194016.0,194016.0,194016.0,0,8128836402571819681,9907887099405927782,3753.3014985801432999928689504420469,3753.6768287300013143228682373370920,0,8.128836402571819681
2022-01-02 14:22:00,-18393554114,4903637595337642715,194017.0,194017.0,194017.0,194017.0,0,4903637595337642715,9912530087576607236,3752.9262059595473452583431161304305,3753.3014985801432999928689504420469,0,4.903637595337642715
2022-01-02 14:23:00,-242345144345,64638456244712974119,194026.0,194026.0,194026.0,194026.0,0,64638456244712974119,8134677349316425120,3749.5502605719293320188930113782987,3752.9262059595473452583431161304305,0,64.638456244712974119
2022-01-02 14:24:00,2570842584,-684673657485953955,194026.0,194026.0,194026.0,194026.0,5049277566,661368750000000000,8134677349316425120,3749.5502605719293320188930113782987,3749.5502605719293320188930113782987,5049.277566,0.66136875
2022-01-02 14:25:00,-15998821111,4281356399339914217,194027.0,194026.0,194025.0,194027.0,45016559677,16281356399339914217,8134677349316425120,3749.1753430376255694619468166966299,3749.5502605719293320188930113782987,45016.559677,16.281356399339914217
2022-01-02 14:26:00,-30690631923,8191998329444569471,194028.0,194028.0,194028.0,194028.0,4935698932,9507995066143334649,8134677349316425120,3748.8004629913264368182649901976100,3749.1753430376255694619468166966299,4935.698932,9.507995066143334649
2022-01-02 14:27:00,-3174748862,847331026537161328,194028.0,194028.0,194028.0,194028.0,0,847331026537161328,8134677349316425120,3748.8004629913264368182649901976100,3748.8004629913264368182649901976100,0,0.847331026537161328
2022-01-02 14:28:00,-74135366043,19793445055968384843,194031.0,194028.0,194028.0,194031.0,14476994473,23654079486240924103,8125714822233703057,3747.6760477429744361504437981087153,3748.8004629913264368182649901976100,14476.994473,23.654079486240924103
2022-01-02 14:29:00,-101845854322,27196476700262846085,194035.0,194035.0,194035.0,194035.0,1050000000,27476634978171002664,8125714822233703057,3746.1773520165416144863510204073844,3747.6760477429744361504437981087153,1050,27.476634978171002664
2022-01-02 14:30:00,16526312080,-4404341861645450697,194034.0,194035.0,194034.0,194036.0,35521373172,5073539242447822882,8125714822233703057,3746.5519697517432686477996555094260,3746.1773520165416144863510204073844,35521.373172,5.073539242447822882
2022-01-02 14:31:00,248972438955,-66389817053310671207,194024.0,194035.0,194024.0,194035.0,262218945810,3537644745102076375,8134677349316425120,3750.3002081195463236045901101695065,3746.5519697517432686477996555094260,262218.94581,3.537644745102076375
2022-01-02 14:32:00,-8864240791,2366185147842642488,194025.0,194024.0,194024.0,194025.0,4263415444,3502530155898516543,8134677349316425120,3749.9252155979865249520949006794390,3750.3002081195463236045901101695065,4263.415444,3.502530155898516543
2022-01-02 14:33:00,-1873968290,500000000000000000,194025.0,194025.0,194025.0,194025.0,0,500000000000000000,8134677349316425120,3749.9252155979865249520949006794390,3749.9252155979865249520949006794390,0,0.5
2022-01-02 14:34:00,13435758288,-3581174401006495680,194024.0,194024.0,194024.0,194024.0,13435758288,0,8134677349316425120,3750.3002081195463236045901101695065,3749.9252155979865249520949006794390,13435.758288,0
2022-01-02 14:35:00,1000000000,-266532829606956153,194024.0,194024.0,194024.0,194024.0,1000000000,0,8134677349316425120,3750.3002081195463236045901101695065,3750.3002081195463236045901101695065,1000,0
2022-01-02 14:36:00,-47805919304,12990587727261863715,194026.0,194058.0,194026.0,194058.0,879349230031,247800000000000000000,8134677349316425120,3749.5502605719293320188930113782987,3750.3002081195463236045901101695065,879349.230031,247.8
2022-01-02 14:37:00,599000000,-159683582000872057,194026.0,194026.0,194026.0,194026.0,599000000,0,8134677349316425120,3749.5502605719293320188930113782987,3749.5502605719293320188930113782987,599,0
2022-01-02 14:38:00,451336472542,-120217668303559630020,194010.0,194010.0,194010.0,194010.0,451336472542,0,9912530087576607236,3755.5540425495878331434122501737686,3749.5502605719293320188930113782987,451336.472542,0
2022-01-02 14:39:00,-114121911569,30410298422322110423,194014.0,194011.0,194011.0,194014.0,0,30410298422322110423,9912530087576607236,3754.0521964128743144543005241608252,3755.5540425495878331434122501737686,0,30.410298422322110423
2022-01-02 14:40:00,-122466799906,32646693085363061404,194018.0,194018.0,194018.0,194018.0,0,32646693085363061404,9912530087576607236,3752.5509508644608991684262735030845,3754.0521964128743144543005241608252,0,32.646693085363061404
2022-01-02 14:41:00,-195103325114,52039118144855202767,194025.0,194024.0,194024.0,194025.0,0,52039118144855202767,8134677349316425120,3749.9252155979865249520949006794390,3752.5509508644608991684262735030845,0,52.039118144855202767
2022-01-02 14:42:00,134620129867,-35867393791667150220,194020.0,194027.0,194020.0,194027.0,163096160048,7598672649063456114,8134677349316425120,3751.8005532358082051693103597380302,3749.9252155979865249520949006794390,163096.160048,7.598672649063456114
2022-01-02 14:43:00,-13230504329,3530060715065852512,194021.0,194020.0,194020.0,194021.0,5954060048,5116313925066493643,8134677349316425120,3751.4254106947387312961807416638621,3751.8005532358082051693103597380302,5954.060048,5.116313925066493643
2022-01-02 14:44:00,-27504171170,7335749638507419356,194022.0,194021.0,194021.0,194022.0,0,7335749638507419356,8134677349316425120,3751.0503056641723140647742642374412,3751.4254106947387312961807416638621,0,7.335749638507419356
2022-01-02 14:45:00,-67354105992,17967709056858542855,194024.0,194024.0,194024.0,194024.0,0,17967709056858542855,8134677349316425120,3750.3002081195463236045901101695065,3751.0503056641723140647742642374412,0,17.967709056858542855
2022-01-02 14:46:00,320893472051,-85477900373585307371,194013.0,194023.0,194013.0,194023.0,320893472051,0,9912530087576607236,3754.4276016325156018857459542132428,3750.3002081195463236045901101695065,320893.472051,0
2022-01-02 14:47:00,0,0,194013.0,194013.0,194013.0,194013.0,0,0,9912530087576607236,3754.4276016325156018857459542132428,3754.4276016325156018857459542132428,0,0
2022-01-02 14:48:00,-19481249882,5191844123422085564,194014.0,194014.0,194014.0,194014.0,0,5191844123422085564,9912530087576607236,3754.0521964128743144543005241608252,3754.4276016325156018857459542132428,0,5.191844123422085564
2022-01-02 14:49:00,2242747810,-597071160275385261,194013.0,194013.0,194013.0,194013.0,2434180161,51018859821356887,9912530087576607236,3754.4276016325156018857459542132428,3754.0521964128743144543005241608252,2434.180161,0.051018859821356887
2022-01-02 14:50:00,0,0,194013.0,194013.0,194013.0,194013.0,0,0,9912530087576607236,3754.4276016325156018857459542132428,3754.4276016325156018857459542132428,0,0
2022-01-02 14:51:00,-23552319154,6277201534816132196,194014.0,194014.0,194014.0,194014.0,0,6277201534816132196,9912530087576607236,3754.0521964128743144543005241608252,3754.4276016325156018857459542132428,0,6.277201534816132196
2022-01-02 14:52:00,1500000000,-398864276920374015,194014.0,194014.0,194014.0,194014.0,3500000000,533059464984253861,9912530087576607236,3754.0521964128743144543005241608252,3754.0521964128743144543005241608252,3500,0.533059464984253861
2022-01-02 14:53:00,28183634295,-7502791656107313292,194013.0,194014.0,194013.0,194014.0,32505872548,1151893750000000000,9912530087576607236,3754.4276016325156018857459542132428,3754.0521964128743144543005241608252,32505.872548,1.15189375
2022-01-02 14:54:00,-32007487783,8530633544752431104,194014.0,194014.0,194014.0,194014.0,0,8530633544752431104,9912530087576607236,3754.0521964128743144543005241608252,3754.4276016325156018857459542132428,0,8.530633544752431104
2022-01-02 14:55:00,-18516190022,4935344306996852665,194015.0,194014.0,194014.0,194015.0,0,4935344306996852665,9912530087576607236,3753.6768287300013143228682373370920,3754.0521964128743144543005241608252,0,4.935344306996852665
2022-01-02 14:56:00,142672775885,-37973911353104124792,194010.0,194015.0,194010.0,194016.0,175000000000,8614976781242672932,9912530087576607236,3755.5540425495878331434122501737686,3753.6768287300013143228682373370920,175000,8.614976781242672932
2022-01-02 14:57:00,-8307894535,2217547536760275199,194011.0,194010.0,194010.0,194011.0,15337993537,6300000000000000000,9912530087576607236,3755.1785246971181213312791222615424,3755.5540425495878331434122501737686,15337.993537,6.3
2022-01-02 14:58:00,-15334782553,4085786193915016284,194011.0,194011.0,194011.0,194011.0,0,4085786193915016284,9912530087576607236,3755.1785246971181213312791222615424,3755.1785246971181213312791222615424,0,4.085786193915016284
2022-01-02 14:59:00,0,0,194011.0,194011.0,194011.0,194011.0,0,0,9912530087576607236,3755.1785246971181213312791222615424,3755.1785246971181213312791222615424,0,0
2022-01-02 15:00:00,-62010021533,16524000483266452515,194013.0,194013.0,194013.0,194013.0,0,16524000483266452515,9912530087576607236,3754.4276016325156018857459542132428,3755.1785246971181213312791222615424,0,16.524000483266452515
2022-01-02 15:01:00,-31377991960,8362676402276472588,194014.0,194014.0,194014.0,194014.0,0,8362676402276472588,9697060888367378726,3754.0521964128743144543005241608252,3754.4276016325156018857459542132428,0,8.362676402276472588
2022-01-02 15:02:00,0,0,194014.0,194014.0,194014.0,194014.0,0,0,9697060888367378726,3754.0521964128743144543005241608252,3754.0521964128743144543005241608252,0,0
2022-01-02 15:03:00,6190352338,-1648235614741730132,194014.0,194014.0,194014.0,194014.0,6190352338,0,9697060888367378726,3754.0521964128743144543005241608252,3754.0521964128743144543005241608252,6190.352338,0
2022-01-02 15:04:00,-267694660733,71379329259170977261,194023.0,194016.0,194016.0,194023.0,0,71379329259170977261,8692383400349392455,3750.6752381403582782369505691805240,3754.0521964128743144543005241608252,0,71.379329259170977261
2022-01-02 15:05:00,200402098415,-53387899282513755883,194016.0,194016.0,194016.0,194016.0,204153300000,1000000000000000000,9697060888367378726,3753.3014985801432999928689504420469,3750.6752381403582782369505691805240,204153.3,1
2022-01-02 15:06:00,10616682383,-2723385565217256026,194016.0,194017.0,194016.0,194029.0,400581000000,104025436884789688618,10353022945888983607,3753.3014985801432999928689504420469,3753.3014985801432999928689504420469,400581,104.025436884789688618
2022-01-02 15:07:00,-11634204515,3101435362322163277,194016.0,194016.0,194016.0,194016.0,0,3101435362322163277,10353022945888983607,3753.3014985801432999928689504420469,3753.3014985801432999928689504420469,0,3.101435362322163277
2022-01-02 15:08:00,707258684339,-188140557565940861384,193994.0,194005.0,193994.0,194006.0,729000057874,5789719571811053736,10391436392624753849,3761.5674377863121719180340455906335,3753.3014985801432999928689504420469,729000.057874,5.789719571811053736
2022-01-02 15:09:00,0,0,193994.0,193994.0,193994.0,193994.0,0,0,10391436392624753849,3761.5674377863121719180340455906335,3761.5674377863121719180340455906335,0,0
2022-01-02 15:10:00,-390467610300,103925243059322748928,194006.0,193994.0,193994.0,194006.0,0,103925243059322748928,10388604731473342444,3757.0564895148728129775422099699325,3761.5674377863121719180340455906335,0,103.925243059322748928
2022-01-02 15:11:00,325932459814,-86649947206872271929,193996.0,193995.0,193994.0,193996.0,404738447455,20963740240620810593,10391436392624753849,3760.8152371307336538799215224869178,3757.0564895148728129775422099699325,404738.447455,20.963740240620810593
2022-01-02 15:12:00,-51062106547,13586000000000000000,193998.0,193996.0,193996.0,193998.0,0,13586000000000000000,10391436392624753849,3760.0631868927232403046281938018737,3760.8152371307336538799215224869178,0,13.586
2022-01-02 15:13:00,237299729366,-62997921187365041293,193990.0,193998.0,193985.0,193998.0,457171783232,58444776631326153307,10391436392624753849,3763.0722904705196098734206016098014,3760.0631868927232403046281938018737,457171.783232,58.444776631326153307
2022-01-02 15:14:00,244814662800,-65004129122432664487,193983.0,193983.0,193983.0,193983.0,244814662800,0,10393212328579587372,3765.7072314507506741192064254946084,3763.0722904705196098734206016098014,244814.6628,0
2022-01-02 15:15:00,191170958256,-50728326156039942112,193979.0,193979.0,193979.0,193979.0,191170958256,0,32487570832719437718,3767.2137403008280669304207029887321,3765.7072314507506741192064254946084,191170.958256,0
2022-01-02 15:16:00,-109728312200,29143554915367897368,193980.0,193979.0,193979.0,193980.0,0,29143554915367897368,10393212328579587372,3766.8370565951685500754131616725666,3767.2137403008280669304207029887321,0,29.143554915367897368
2022-01-02 15:17:00,-62298420686,16549312039718102064,193982.0,193981.0,193981.0,193982.0,0,16549312039718102064,10393212328579587372,3766.0838021738957491866183461371541,3766.8370565951685500754131616725666,0,16.549312039718102064
2022-01-02 15:18:00,0,0,193982.0,193982.0,193982.0,193982.0,0,0,10393212328579587372,3766.0838021738957491866183461371541,3766.0838021738957491866183461371541,0,0
2022-01-02 15:19:00,903025128126,-239590015960434911886,193979.0,193982.0,193979.0,193984.0,982181635719,21031255848848766741,32487570832719437718,3767.2137403008280669304207029887321,3766.0838021738957491866183461371541,982181.635719,21.031255848848766741
2022-01-02 15:20:00,-19844443023,5282776913500338051,193979.0,193979.0,193979.0,193981.0,45222355935,17282776913500338051,32487570832719437718,3767.2137403008280669304207029887321,3767.2137403008280669304207029887321,45222.355935,17.282776913500338051
2022-01-02 15:21:00,-144758020187,38468418136818491743,193984.0,193980.0,193979.0,193984.0,42000000000,49613288282584292236,10393212328579587372,3765.3306983809125828609203334612615,3767.2137403008280669304207029887321,42000,49.613288282584292236
2022-01-02 15:22:00,-42355608546,11255740795151368602,193985.0,193985.0,193985.0,193985.0,0,11255740795151368602,10393212328579587372,3764.9542029606165212087994535159068,3765.3306983809125828609203334612615,0,11.255740795151368602
2022-01-02 15:23:00,15007313957,-3977644186686960649,193985.0,193986.0,193985.0,193986.0,40000000000,6642353081541641873,10393212328579587372,3764.9542029606165212087994535159068,3764.9542029606165212087994535159068,40000,6.642353081541641873
2022-01-02 15:24:00,7170821940,-1902972164028207775,193985.0,193985.0,193985.0,193985.0,9955479446,740000000000000000,10393212328579587372,3764.9542029606165212087994535159068,3764.9542029606165212087994535159068,9955.479446,0.74
2022-01-02 15:25:00,-140432981943,37328589632593797323,193989.0,193984.0,193984.0,193989.0,4847365638,38615641936644526239,10393212328579587372,3763.4485976995666618344079436699585,3764.9542029606165212087994535159068,4847.365638,38.615641936644526239
2022-01-02 15:26:00,0,0,193989.0,193989.0,193989.0,193989.0,0,0,10393212328579587372,3763.4485976995666618344079436699585,3763.4485976995666618344079436699585,0,0
2022-01-02 15:27:00,-124730762647,33165543009423367472,193991.0,193989.0,193989.0,193991.0,3500000000,34095308618224461013,23997094479239473268,3762.6960208684327665967609255172478,3763.4485976995666618344079436699585,3500,34.095308618224461013
2022-01-02 15:28:00,161631448859,-42913806649134206800,193988.0,193991.0,193988.0,193992.0,228212301533,17705488762270332195,10393212328579587372,3763.8249425593366185005913844643258,3762.6960208684327665967609255172478,228212.301533,17.705488762270332195
2022-01-02 15:29:00,0,0,193988.0,193988.0,193988.0,193988.0,0,0,10393212328579587372,3763.8249425593366185005913844643258,3763.8249425593366185005913844643258,0,0
2022-01-02 15:30:00,-346600231738,92169026613761015244,193993.0,193993.0,193993.0,193994.0,10654280000,95000000000000000000,23997094479239473268,3761.9435945300908031352258489951911,3763.8249425593366185005913844643258,10654.28,95
2022-01-02 15:31:00,369641036254,-98183575524802801081,193987.0,193994.0,193987.0,193994.0,403770923226,9078026436860589869,10393212328579587372,3764.2013250535925521624414436027727,3761.9435945300908031352258489951911,403770.923226,9.078026436860589869
2022-01-02 15:32:00,-385458544194,102498109608079624992,193994.0,193994.0,193994.0,193994.0,0,102498109608079624992,23997094479239473268,3761.5674377863121719180340455906335,3764.2013250535925521624414436027727,0,102.498109608079624992
2022-01-02 15:33:00,0,0,193994.0,193994.0,193994.0,193994.0,0,0,23997094479239473268,3761.5674377863121719180340455906335,3761.5674377863121719180340455906335,0,0
2022-01-02 15:34:00,-10451570776,2786244908684966513,193994.0,193994.0,193994.0,193994.0,23545033459,9042780787238048477,23997094479239473268,3761.5674377863121719180340455906335,3761.5674377863121719180340455906335,23545.033459,9.042780787238048477
2022-01-02 15:35:00,-380573101542,101255899327979187010,193999.0,193995.0,193995.0,193999.0,5629593570,102752590383222984201,24055335304028449036,3759.6872181709061496896592278790905,3761.5674377863121719180340455906335,5629.59357,102.752590383222984201
2022-01-02 15:36:00,-161144630811,42948716144805635161,194001.0,193999.0,193999.0,194004.0,222436806762,102106890623794551040,24052503642877037631,3758.9353935028516443322763292904667,3759.6872181709061496896592278790905,222436.806762,102.10689062379455104
2022-01-02 15:37:00,212661971018,-56542587774594325896,193998.0,193999.0,193998.0,193999.0,212661971018,0,24055335304028449036,3760.0631868927232403046281938018737,3758.9353935028516443322763292904667,212661.971018,0
2022-01-02 15:38:00,11336285467,-3013635285012575992,193998.0,193998.0,193998.0,193998.0,11336285467,0,24055335304028449036,3760.0631868927232403046281938018737,3760.0631868927232403046281938018737,11336.285467,0
2022-01-02 15:39:00,389243192336,-103448002167828392545,193993.0,193998.0,193993.0,193998.0,390108192336,230179873829400994,24055335304028449036,3761.9435945300908031352258489951911,3760.0631868927232403046281938018737,390108.192336,0.230179873829400994
2022-01-02 15:40:00,605808920754,-160864872931497680348,193979.0,193993.0,193979.0,193993.0,612568038945,1797133000000000000,32545811657508413486,3767.2137403008280669304207029887321,3761.9435945300908031352258489951911,612568.038945,1.797133
2022-01-02 15:41:00,-46335216153,12309438575999936103,193980.0,193979.0,193979.0,193980.0,9642470227,14867892889767365305,10451453153368563140,3766.8370565951685500754131616725666,3767.2137403008280669304207029887321,9642.470227,14.867892889767365305
2022-01-02 15:42:00,54978616565,-14587942028307971604,193979.0,193979.0,193979.0,193979.0,54978616565,0,32545811657508413486,3767.2137403008280669304207029887321,3766.8370565951685500754131616725666,54978.616565,0
2022-01-02 15:43:00,991250000,-263008704801813169,193979.0,193979.0,193979.0,193979.0,991250000,0,32545811657508413486,3767.2137403008280669304207029887321,3767.2137403008280669304207029887321,991.25,0
2022-01-02 15:44:00,22767189506,-6040754440955519056,193979.0,193979.0,193979.0,193979.0,22767189506,0,32545811657508413486,3767.2137403008280669304207029887321,3767.2137403008280669304207029887321,22767.189506,0
2022-01-02 15:45:00,444010728864,-117762009192753677709,193974.0,193976.0,193974.0,193976.0,514098673787,18605715341944047601,32545811657508413486,3769.0977239300265320942431748686444,3767.2137403008280669304207029887321,514098.673787,18.605715341944047601
2022-01-02 15:46:00,4728615928078,-1251083698174401484401,193927.0,193973.0,193927.0,193973.0,4756681916995,7449613237319802849,32713786377954541553,3786.8532883620983016147699004710331,3769.0977239300265320942431748686444,4756681.916995,7.449613237319802849
2022-01-02 15:47:00,-1994029214523,527528992252051595048,193947.0,193947.0,193941.0,193947.0,547604100000,672316796685428511045,32686874252819153146,3779.2875283488772510334680220244094,3786.8532883620983016147699004710331,547604.1,672.316796685428511045
2022-01-02 15:48:00,-16587646932,4392519413286306562,193947.0,193947.0,193947.0,193947.0,3781018969,5392519413286306562,32686874252819153146,3779.2875283488772510334680220244094,3779.2875283488772510334680220244094,3781.018969,5.392519413286306562
2022-01-02 15:49:00,-217664698701,57675006552960472890,193949.0,193947.0,193947.0,193950.0,160000000000,100000000000000000000,32686874252819153146,3778.5317842067180653532167251472146,3779.2875283488772510334680220244094,160000,100
2022-01-02 15:50:00,-377563484130,100000000000000000000,193953.0,193953.0,193953.0,193953.0,0,100000000000000000000,32358224725516034718,3777.0207492706563858603318881629559,3778.5317842067180653532167251472146,0,100
2022-01-02 15:51:00,216976932291,-57393476726544007906,193951.0,193953.0,193951.0,193954.0,297700716419,21385115645453859678,32358224725516034718,3777.7761911907180098440678131439063,3777.0207492706563858603318881629559,297700.716419,21.385115645453859678
2022-01-02 15:52:00,195768706601,-51769472749553478765,193949.0,193951.0,193949.0,193951.0,281421983085,22684862288902794426,32686874252819153146,3778.5317842067180653532167251472146,3777.7761911907180098440678131439063,281421.983085,22.684862288902794426
2022-01-02 15:53:00,-36270562525,9631670247906928937,193949.0,193949.0,193949.0,193950.0,102640765980,36785777987727614554,33090955517644192398,3778.5317842067180653532167251472146,3778.5317842067180653532167251472146,102640.76598,36.785777987727614554
2022-01-02 15:54:00,-121611010210,32205285825393824964,193950.0,193949.0,193949.0,193950.0,0,32205285825393824964,32762305990341073970,3778.1539688098370816450522199252182,3778.5317842067180653532167251472146,0,32.205285825393824964
2022-01-02 15:55:00,26974886725,-7123743861114814825,193950.0,193951.0,193950.0,193951.0,76060281197,13000000000000000000,32762305990341073970,3778.1539688098370816450522199252182,3778.1539688098370816450522199252182,76060.281197,13
2022-01-02 15:56:00,-99249888567,26296401276286177138,193951.0,193951.0,193951.0,193952.0,40242802192,36944503612738951657,32762305990341073970,3777.7761911907180098440678131439063,3778.1539688098370816450522199252182,40242.802192,36.944503612738951657
2022-01-02 15:57:00,-303725696417,80473670488047593177,193954.0,193951.0,193951.0,193954.0,66519997026,98073771474595227088,32762305990341073970,3776.6430849621601698433475534076153,3777.7761911907180098440678131439063,66519.997026,98.073771474595227088
2022-01-02 15:58:00,-7773050013,2059900251537701735,193954.0,193954.0,193954.0,193954.0,1975471553,2582757191184101953,32762305990341073970,3776.6430849621601698433475534076153,3776.6430849621601698433475534076153,1975.471553,2.582757191184101953
2022-01-02 15:59:00,0,0,193954.0,193954.0,193954.0,193954.0,0,0,32762305990341073970,3776.6430849621601698433475534076153,3776.6430849621601698433475534076153,0,0
2022-01-02 16:00:00,-13245606342,3611780759477129333,193954.0,193952.0,193952.0,193955.0,386901746809,106010814671704467476,32762305990341073970,3776.6430849621601698433475534076153,3776.6430849621601698433475534076153,386901.746809,106.010814671704467476
2022-01-02 16:01:00,8907615833,-2357637477363471572,193954.0,193954.0,193954.0,193954.0,8907615833,0,32762305990341073970,3776.6430849621601698433475534076153,3776.6430849621601698433475534076153,8907.615833,0
2022-01-02 16:02:00,1987769790352,-525518191376149533012,193935.0,193957.0,193935.0,193957.0,2289662227869,79994639674485551155,33090955517644192398,3783.8251685442949748985497159286072,3776.6430849621601698433475534076153,2289662.227869,79.994639674485551155
2022-01-02 16:03:00,242921748980,-64145910959460822278,193932.0,193932.0,193932.0,193932.0,303849312863,16106271498357493646,33090955517644192398,3784.9604296133971448884128227747763,3783.8251685442949748985497159286072,303849.312863,16.106271498357493646
2022-01-02 16:04:00,-1590968715,420587323496717310,193932.0,193932.0,193932.0,193932.0,0,420587323496717310,33090955517644192398,3784.9604296133971448884128227747763,3784.9604296133971448884128227747763,0,0.42058732349671731
2022-01-02 16:05:00,-31316168640,8278853214409888239,193933.0,193932.0,193932.0,193933.0,0,8278853214409888239,33090955517644192398,3784.5819714162555193364791748572897,3784.9604296133971448884128227747763,0,8.278853214409888239
2022-01-02 16:06:00,-343323950487,90783395446148171316,193936.0,193933.0,193933.0,193936.0,16471245636,95133516396047312820,33090955517644192398,3783.4468238619087840201477011584886,3784.5819714162555193364791748572897,16471.245636,95.13351639604731282
2022-01-02 16:07:00,647789291126,-171086591926563980946,193930.0,193935.0,193930.0,193935.0,647789291126,0,33090955517644192398,3785.7174595489241204513619542234573,3783.4468238619087840201477011584886,647789.291126,0
2022-01-02 16:08:00,0,0,193930.0,193930.0,193930.0,193930.0,0,0,33090955517644192398,3785.7174595489241204513619542234573,3785.7174595489241204513619542234573,0,0
2022-01-02 16:09:00,731290475952,-193006822406131976267,193923.0,193930.0,193923.0,193930.0,740665858343,2477818396978899448,33117867642779580805,3788.3682569037882345000911347337077,3785.7174595489241204513619542234573,740665.858343,2.477818396978899448
2022-01-02 16:10:00,-61999785760,16386446299552883303,193923.0,193924.0,193923.0,193924.0,44911743710,28236722442795969853,33117867642779580805,3788.3682569037882345000911347337077,3788.3682569037882345000911347337077,44911.74371,28.236722442795969853
2022-01-02 16:11:00,-239652119523,63322995856905014204,193926.0,193923.0,193923.0,193926.0,74925576878,83091751506371579281,33117867642779580805,3787.2319736909345114449313774610801,3788.3682569037882345000911347337077,74925.576878,83.091751506371579281
2022-01-02 16:12:00,-24608499579,6501086065810211153,193926.0,193926.0,193926.0,193926.0,0,6501086065810211153,33117867642779580805,3787.2319736909345114449313774610801,3787.2319736909345114449313774610801,0,6.501086065810211153
2022-01-02 16:13:00,-8859952717,2341374456913469850,193926.0,193926.0,193926.0,193926.0,2684981121,3050000000000000000,33117867642779580805,3787.2319736909345114449313774610801,3787.2319736909345114449313774610801,2684.981121,3.05
2022-01-02 16:14:00,132468712981,-34879884136333371087,193925.0,193929.0,193925.0,193929.0,432468433371,79267394800453834852,33117087319089387452,3787.6106968883036048960758705988257,3787.2319736909345114449313774610801,432468.433371,79.267394800453834852
2022-01-02 16:15:00,968436360891,-255437034696702604588,193915.0,193920.0,193915.0,193920.0,968436360891,0,33079495994334019069,3791.4000124645983412343996365247042,3787.6106968883036048960758705988257,968436.360891,0
2022-01-02 16:16:00,0,0,193915.0,193915.0,193915.0,193915.0,0,0,33079495994334019069,3791.4000124645983412343996365247042,3791.4000124645983412343996365247042,0,0
2022-01-02 16:17:00,-2026011481687,535935784808021268322,193935.0,193926.0,193926.0,193959.0,2788412707033,1273394065657324224543,33090175193953999045,3783.8251685442949748985497159286072,3791.4000124645983412343996365247042,2788412.707033,1273.394065657324224543
2022-01-02 16:18:00,573777599175,-151518532395147601062,193929.0,193934.0,193929.0,193934.0,608547154639,9192149542373555869,33117087319089387452,3786.0960312948790128634070904188808,3783.8251685442949748985497159286072,608547.154639,9.192149542373555869
2022-01-02 16:19:00,-58229033034,15389076712563933112,193930.0,193929.0,193929.0,193930.0,0,15389076712563933112,33090175193953999045,3785.7174595489241204513619542234573,3786.0960312948790128634070904188808,0,15.389076712563933112
2022-01-02 16:20:00,-95610195573,25324286512392093029,193931.0,193933.0,193931.0,193933.0,204375189386,79295674689185841782,33090175193953999045,3785.3389256563584846029016640570539,3785.7174595489241204513619542234573,204375.189386,79.295674689185841782
2022-01-02 16:21:00,103633342480,-27361115309938777128,193930.0,193930.0,193930.0,193930.0,112086515350,2234115551265121889,33090175193953999045,3785.7174595489241204513619542234573,3785.3389256563584846029016640570539,112086.51535,2.234115551265121889
2022-01-02 16:22:00,51379765331,-13565281519309134765,193929.0,193929.0,193929.0,193929.0,51379765331,0,33117087319089387452,3786.0960312948790128634070904188808,3785.7174595489241204513619542234573,51379.765331,0
2022-01-02 16:23:00,406285920819,-107243499538502343128,193925.0,193929.0,193925.0,193929.0,406285920819,0,33117087319089387452,3787.6106968883036048960758705988257,3786.0960312948790128634070904188808,406285.920819,0
2022-01-02 16:24:00,-4216942136,1117439416789620111,193925.0,193925.0,193925.0,193925.0,13018824867,4553196744983342217,33117087319089387452,3787.6106968883036048960758705988257,3787.6106968883036048960758705988257,13018.824867,4.553196744983342217
2022-01-02 16:25:00,-9467095866,2504979738269804795,193925.0,193926.0,193925.0,193926.0,15200000000,6516466155696441007,33115601579970804897,3787.6106968883036048960758705988257,3787.6106968883036048960758705988257,15200,6.516466155696441007
2022-01-02 16:26:00,-1519121758,401706973759812161,193925.0,193925.0,193925.0,193925.0,1482663662,793000000000000000,33115601579970804897,3787.6106968883036048960758705988257,3787.6106968883036048960758705988257,1482.663662,0.793
2022-01-02 16:27:00,-1723720107,481777634624161427,193925.0,193925.0,193925.0,193926.0,100000000000,26874048092419542020,33115601579970804897,3787.6106968883036048960758705988257,3787.6106968883036048960758705988257,100000,26.87404809241954202
2022-01-02 16:28:00,-96465018351,25485004590405604670,193926.0,193926.0,193926.0,193926.0,0,25485004590405604670,33115601579970804897,3787.2319736909345114449313774610801,3787.6106968883036048960758705988257,0,25.48500459040560467
2022-01-02 16:29:00,-38052406188,10053693843664451085,193927.0,193926.0,193926.0,193927.0,0,10053693843664451085,33115601579970804897,3786.8532883620983016147699004710331,3787.2319736909345114449313774610801,0,10.053693843664451085
2022-01-02 16:30:00,0,0,193927.0,193927.0,193927.0,193927.0,0,0,33115601579970804897,3786.8532883620983016147699004710331,3786.8532883620983016147699004710331,0,0
2022-01-02 16:31:00,0,0,193927.0,193927.0,193927.0,193927.0,0,0,33115601579970804897,3786.8532883620983016147699004710331,3786.8532883620983016147699004710331,0,0
2022-01-02 16:32:00,0,0,193927.0,193927.0,193927.0,193927.0,0,0,33115601579970804897,3786.8532883620983016147699004710331,3786.8532883620983016147699004710331,0,0
2022-01-02 16:33:00,1301696292821,-343350110684559136513,193914.0,193927.0,193914.0,193927.0,1339165591782,9900000000000000000,33082621346306170077,3791.7791524658448010685230764883568,3786.8532883620983016147699004710331,1339165.591782,9.9
2022-01-02 16:34:00,472366959006,-124486533236946168917,193909.0,193914.0,193909.0,193914.0,493210003736,5500000000000000000,33082621346306170077,3793.6754212579126575056899173366532,3791.7791524658448010685230764883568,493210.003736,5.5
2022-01-02 16:35:00,-51658119045,13626175506400389498,193910.0,193910.0,193910.0,193910.0,3400000000,14522057442273925735,33082621346306170077,3793.2960916487477827274171756190889,3793.6754212579126575056899173366532,3400,14.522057442273925735
2022-01-02 16:36:00,404870213658,-106662805433222088473,193906.0,193908.0,193906.0,193908.0,404870213658,0,33082621346306170077,3794.8136376983463444615792621400572,3793.2960916487477827274171756190889,404870.213658,0
2022-01-02 16:37:00,0,0,193906.0,193906.0,193906.0,193906.0,0,0,33082621346306170077,3794.8136376983463444615792621400572,3794.8136376983463444615792621400572,0,0
2022-01-02 16:38:00,98939766559,-26056180203915476127,193905.0,193905.0,193905.0,193905.0,110319196134,3000000000000000000,33082621346306170077,3795.1931190621161790960254200662709,3794.8136376983463444615792621400572,110319.196134,3
2022-01-02 16:39:00,0,0,193905.0,193905.0,193905.0,193905.0,0,0,33082621346306170077,3795.1931190621161790960254200662709,3795.1931190621161790960254200662709,0,0
2022-01-02 16:40:00,0,0,193905.0,193905.0,193905.0,193905.0,0,0,33082621346306170077,3795.1931190621161790960254200662709,3795.1931190621161790960254200662709,0,0
2022-01-02 16:41:00,0,0,193905.0,193905.0,193905.0,193905.0,0,0,33082621346306170077,3795.1931190621161790960254200662709,3795.1931190621161790960254200662709,0,0
2022-01-02 16:42:00,159914005062,-42104128936098143872,193903.0,193903.0,193903.0,193903.0,195433542291,9362564175000137533,33082621346306170077,3795.9521956378597929530064161105383,3795.1931190621161790960254200662709,195433.542291,9.362564175000137533
2022-01-02 16:43:00,-385384238,101584888370600990,193903.0,193903.0,193903.0,193903.0,0,101584888370600990,33082621346306170077,3795.9521956378597929530064161105383,3795.9521956378597929530064161105383,0,0.10158488837060099
2022-01-02 16:44:00,-136264599790,35920909368316428870,193905.0,193904.0,193904.0,193905.0,0,35920909368316428870,33082621346306170077,3795.1931190621161790960254200662709,3795.9521956378597929530064161105383,0,35.92090936831642887
2022-01-02 16:45:00,0,0,193905.0,193905.0,193905.0,193905.0,0,0,33082621346306170077,3795.1931190621161790960254200662709,3795.1931190621161790960254200662709,0,0
2022-01-02 16:46:00,0,0,193905.0,193905.0,193905.0,193905.0,0,0,33082621346306170077,3795.1931190621161790960254200662709,3795.1931190621161790960254200662709,0,0
2022-01-02 16:47:00,1170173758764,-308001128562001370240,193893.0,193896.0,193893.0,193896.0,1191455863829,5604178026316505257,33129241949935735883,3799.7498564675796778221145501111763,3795.1931190621161790960254200662709,1191455.863829,5.604178026316505257
2022-01-02 16:48:00,252608522037,-66430576919776803647,193891.0,193891.0,193891.0,193891.0,303323913335,13351280371459583642,33129241949935735883,3800.5098444363717584334757512423411,3799.7498564675796778221145501111763,303323.913335,13.351280371459583642
2022-01-02 16:49:00,936499454340,-246189693018433066509,193883.0,193887.0,193883.0,193887.0,966695096682,7942906366239708362,38888512041266451459,3803.5513166675324550100546964915879,3800.5098444363717584334757512423411,966695.096682,7.942906366239708362
2022-01-02 16:50:00,213544142241,-56069493326210139217,193881.0,193883.0,193881.0,193884.0,374939242040,42458066174748037634,38888512041266451459,3804.3120649663791281763812575314325,3803.5513166675324550100546964915879,374939.24204,42.458066174748037634
2022-01-02 16:51:00,213048694209,-55957245216378811763,193879.0,193879.0,193879.0,193879.0,268421202271,14560531366446735392,38888205359674742764,3805.0729654224930536658078155467542,3804.3120649663791281763812575314325,268421.202271,14.560531366446735392
2022-01-02 16:52:00,349516574852,-91802900000000000000,193876.0,193876.0,193876.0,193876.0,349516574852,0,38888205359674742764,3806.2146014681138372221216609193134,3805.0729654224930536658078155467542,349516.574852,0
2022-01-02 16:53:00,235259278716,-61777393046810855673,193874.0,193876.0,193874.0,193876.0,235259278716,0,38888205359674742764,3806.9758824505534746707044574727167,3806.2146014681138372221216609193134,235259.278716,0
2022-01-02 16:54:00,8299319951807,-2171626013643511582999,193805.0,193805.0,193805.0,193805.0,8299319951807,0,39014164593867524345,3833.3335274859007187413383757869921,3806.9758824505534746707044574727167,8299319.951807,0
2022-01-02 16:55:00,-949731309956,248767117737551920735,193813.0,193809.0,193800.0,193816.0,2935437499255,1014493780496407829615,39011395438950420647,3830.2682402041083394452781477343346,3833.3335274859007187413383757869921,2935437.499255,1014.493780496407829615
2022-01-02 16:56:00,1016254052571,-265097626165362634711,193805.0,193813.0,193805.0,193813.0,1022734238577,1692824890512509326,39014164593867524345,3833.3335274859007187413383757869921,3830.2682402041083394452781477343346,1022734.238577,1.692824890512509326
2022-01-02 16:57:00,96916334214,-25269882031770677227,193804.0,193805.0,193804.0,193805.0,96916334214,0,39014164593867524345,3833.7168608386493088132125096245725,3833.3335274859007187413383757869921,96916.334214,0
2022-01-02 16:58:00,783702481672,-204012908364856107098,193798.0,193812.0,193798.0,193812.0,1759489573458,254766971713460617245,39014164593867524345,3836.0176660893617122179878486296311,3833.7168608386493088132125096245725,1759489.573458,254.766971713460617245
2022-01-02 16:59:00,-165855120061,43271369370471781491,193799.0,193798.0,193797.0,193799.0,38266169242,53242125780000006144,39014164593867524345,3835.6341026790938028377040782218084,3836.0176660893617122179878486296311,38266.169242,53.242125780000006144
2022-01-02 17:00:00,1913136691106,-498077451720507893141,193783.0,193793.0,193783.0,193793.0,2232716159111,83252473504543796596,39014164593867524345,3841.7757221529569183130056860292609,3835.6341026790938028377040782218084,2232716.159111,83.252473504543796596
2022-01-02 17:01:00,108897476464,-28295393122469875476,193782.0,193784.0,193782.0,193784.0,249738664121,36679957411391127589,39014164593867524345,3842.1598997251722140048369865978641,3841.7757221529569183130056860292609,249738.664121,36.679957411391127589
2022-01-02 17:02:00,0,0,193782.0,193782.0,193782.0,193782.0,0,0,39014164593867524345,3842.1598997251722140048369865978641,3842.1598997251722140048369865978641,0,0
2022-01-02 17:03:00,56872712494,-14757268482732062926,193782.0,193782.0,193782.0,193783.0,204365630586,38410848196972461256,39014164593867524345,3842.1598997251722140048369865978641,3842.1598997251722140048369865978641,204365.630586,38.410848196972461256
2022-01-02 17:04:00,41667182876,-10837939434682418355,193781.0,193782.0,193781.0,193782.0,47458137577,1507986041051971980,39014164593867524345,3842.5441157151447312262374702965220,3842.1598997251722140048369865978641,47458.137577,1.50798604105197198
2022-01-02 17:05:00,-63731900329,16612164674217408846,193782.0,193782.0,193782.0,193782.0,61383203478,32581578710320645308,39014164593867524345,3842.1598997251722140048369865978641,3842.5441157151447312262374702965220,61383.203478,32.581578710320645308
2022-01-02 17:06:00,285146122024,-74167452033283862073,193780.0,193782.0,193780.0,193782.0,305708106784,5354608752709201969,39014164593867524345,3842.9283701267162456993600940435559,3842.1598997251722140048369865978641,305708.106784,5.354608752709201969
2022-01-02 17:07:00,294750008649,-76652616197052374289,193777.0,193780.0,193777.0,193780.0,294750008649,0,39014164593867524345,3844.0813639294482927446839892982721,3842.9283701267162456993600940435559,294750.008649,0
2022-01-02 17:08:00,475443537,-122129024655182845,193777.0,193777.0,193777.0,193777.0,6238271539,1500000000000000000,39014164593867524345,3844.0813639294482927446839892982721,3844.0813639294482927446839892982721,6238.271539,1.5
2022-01-02 17:09:00,-5248013045600,1368966105241574089789,193821.0,193791.0,193791.0,193821.0,0,1368966105241574089789,38987458274482717068,3827.2054040490057059510048239400753,3844.0813639294482927446839892982721,0,1368.966105241574089789
2022-01-02 17:10:00,998408218680,-260636401477868749072,193812.0,193812.0,193812.0,193812.0,998984460180,150519257270519024,39011395438950420647,3830.6512670281287502792226755491077,3827.2054040490057059510048239400753,998984.46018,0.150519257270519024
2022-01-02 17:11:00,17420679945,-4537110241523590194,193812.0,193812.0,193812.0,193813.0,50668071850,8684515621999142063,39011395438950420647,3830.6512670281287502792226755491077,3830.6512670281287502792226755491077,50668.07185,8.684515621999142063
2022-01-02 17:12:00,-904541169479,236384578368167649580,193820.0,193814.0,193814.0,193820.0,108892955174,264821556433032851493,38987458274482717068,3827.5881245894106065215999244224680,3830.6512670281287502792226755491077,108892.955174,264.821556433032851493
2022-01-02 17:13:00,-1146502777370,299836733278792212883,193829.0,193829.0,193829.0,193829.0,5200000000,301195916230366527488,38987458274482717068,3824.1450170605735780158504660714004,3827.5881245894106065215999244224680,5200,301.195916230366527488
2022-01-02 17:14:00,327883643967,-85692054804136496879,193827.0,193829.0,193827.0,193829.0,327883643967,0,38987458274482717068,3824.9098843054358633371894163231171,3824.1450170605735780158504660714004,327883.643967,0
2022-01-02 17:15:00,-1963149014109,513934543952761199908,193843.0,193832.0,193832.0,193843.0,20133189248,519204244977886964474,38928003245499942075,3818.7952272483452980200064087452032,3824.9098843054358633371894163231171,20133.189248,519.204244977886964474
2022-01-02 17:16:00,-572691339,154908197999700563,193843.0,193843.0,193843.0,193843.0,18561826583,5013316715358739144,38928003245499942075,3818.7952272483452980200064087452032,3818.7952272483452980200064087452032,18561.826583,5.013316715358739144
2022-01-02 17:17:00,-132113285181,34615828040254309239,193844.0,193844.0,193844.0,193844.0,0,34615828040254309239,38928003245499942075,3818.4133859097543225877476339818026,3818.7952272483452980200064087452032,0,34.615828040254309239
2022-01-02 17:18:00,-323554334202,84792763437508236462,193847.0,193847.0,193847.0,193847.0,791465000,85000000000000000000,38928003245499942075,3817.2680909606061438354520771512577,3818.4133859097543225877476339818026,791.465,85
2022-01-02 17:19:00,-287479846098,75386668357081434737,193849.0,193850.0,193849.0,193850.0,110119395861,104228449104954721549,38928003245499942075,3816.5047518451895874660629898926498,3817.2680909606061438354520771512577,110119.395861,104.228449104954721549
2022-01-02 17:20:00,-52325967412,13720458522140745186,193849.0,193849.0,193849.0,193849.0,8332555693,15902781075011276864,38928003245499942075,3816.5047518451895874660629898926498,3816.5047518451895874660629898926498,8332.555693,15.902781075011276864
2022-01-02 17:21:00,0,0,193849.0,193849.0,193849.0,193849.0,0,0,38928003245499942075,3816.5047518451895874660629898926498,3816.5047518451895874660629898926498,0,0
2022-01-02 17:22:00,549973600,-144045274194778480,193849.0,193849.0,193849.0,193849.0,549973600,0,38928003245499942075,3816.5047518451895874660629898926498,3816.5047518451895874660629898926498,549.9736,0
2022-01-02 17:23:00,0,0,193849.0,193849.0,193849.0,193849.0,0,0,38928003245499942075,3816.5047518451895874660629898926498,3816.5047518451895874660629898926498,0,0
2022-01-02 17:24:00,2029436100000,-531087811407312179114,193833.0,193843.0,193833.0,193843.0,2029436100000,0,38960487308245417521,3822.6157413917815366671501406613017,3816.5047518451895874660629898926498,2029436.1,0
2022-01-02 17:25:00,68682312309,-17957981197671879305,193832.0,193832.0,193832.0,193832.0,68682312309,0,38960487308245417521,3822.9980029659207148208168556753665,3822.6157413917815366671501406613017,68682.312309,0
2022-01-02 17:26:00,-37922660461,9939076940807952524,193832.0,193832.0,193832.0,193832.0,52947182866,23782679295705195540,38960487308245417521,3822.9980029659207148208168556753665,3822.9980029659207148208168556753665,52947.182866,23.78267929570519554
2022-01-02 17:27:00,-4283434085,1121220674230409651,193832.0,193832.0,193832.0,193832.0,492529587,1250000000000000000,38960487308245417521,3822.9980029659207148208168556753665,3822.9980029659207148208168556753665,492.529587,1.25
2022-01-02 17:28:00,-388677913377,101775416925127612819,193836.0,193832.0,193832.0,193836.0,119154781047,132931124880590531580,38960487308245417521,3821.4691859880880614200941817425329,3822.9980029659207148208168556753665,119154.781047,132.93112488059053158
2022-01-02 17:29:00,-686390803,181079774928909676,193836.0,193836.0,193836.0,193836.0,5250000000,1554217178180690410,38960487308245417521,3821.4691859880880614200941817425329,3821.4691859880880614200941817425329,5250,1.55421717818069041
2022-01-02 17:30:00,676223027821,-176816986760873279485,193830.0,193830.0,193830.0,193830.0,676223027821,0,38960487308245417521,3823.7626407964939286229881672546723,3821.4691859880880614200941817425329,676223.027821,0
2022-01-02 17:31:00,-3170188970,829530378910669924,193830.0,193830.0,193830.0,193830.0,0,829530378910669924,38960487308245417521,3823.7626407964939286229881672546723,3823.7626407964939286229881672546723,0,0.829530378910669924
2022-01-02 17:32:00,0,0,193830.0,193830.0,193830.0,193830.0,0,0,38960487308245417521,3823.7626407964939286229881672546723,3823.7626407964939286229881672546723,0,0
2022-01-02 17:33:00,-1154714892419,302295176659999122261,193840.0,193840.0,193840.0,193840.0,1391387056,302659240837696389120,38928003245499942075,3819.9409803841954142870196965660373,3823.7626407964939286229881672546723,1391.387056,302.65924083769638912
2022-01-02 17:34:00,102703847777,-26871872903856283881,193839.0,193840.0,193839.0,193840.0,102703847777,0,38960487308245417521,3820.3229744822338338284483985356951,3819.9409803841954142870196965660373,102703.847777,0
2022-01-02 17:35:00,897542647386,-234739427748827594229,193831.0,193831.0,193831.0,193831.0,897542647386,0,38960487308245417521,3823.3803027662173068922989373609357,3820.3229744822338338284483985356951,897542.647386,0
2022-01-02 17:36:00,15126808459,-3954702055995240344,193831.0,193831.0,193831.0,193831.0,15126808459,0,38960487308245417521,3823.3803027662173068922989373609357,3823.3803027662173068922989373609357,15126.808459,0
2022-01-02 17:37:00,-6304993863,1650000000000000000,193831.0,193831.0,193831.0,193831.0,0,1650000000000000000,38960487308245417521,3823.3803027662173068922989373609357,3823.3803027662173068922989373609357,0,1.65
2022-01-02 17:38:00,6694978604,-1750306060602936999,193831.0,193831.0,193831.0,193831.0,6694978604,0,38960487308245417521,3823.3803027662173068922989373609357,3823.3803027662173068922989373609357,6694.978604,0
2022-01-02 17:39:00,797052258204,-208305934162417264526,193825.0,193831.0,193825.0,193831.0,806605417872,2500000000000000000,38987458274482717068,3825.6749045313957935642154875782778,3823.3803027662173068922989373609357,806605.417872,2.5
2022-01-02 17:40:00,498779844696,-130282116336443704786,193820.0,193825.0,193820.0,193825.0,511252200000,3261832648321925120,38987458274482717068,3827.5881245894106065215999244224680,3825.6749045313957935642154875782778,511252.2,3.26183264832192512
2022-01-02 17:41:00,2488071613,-649769667025043263,193820.0,193820.0,193820.0,193820.0,2488071613,0,38987458274482717068,3827.5881245894106065215999244224680,3827.5881245894106065215999244224680,2488.071613,0
2022-01-02 17:42:00,0,0,193820.0,193820.0,193820.0,193820.0,0,0,38987458274482717068,3827.5881245894106065215999244224680,3827.5881245894106065215999244224680,0,0
2022-01-02 17:43:00,339691823908,-88699279290144094594,193818.0,193820.0,193818.0,193820.0,339691823908,0,39011395438950420647,3828.3536804902097345370103096233510,3827.5881245894106065215999244224680,339691.823908,0
2022-01-02 17:44:00,1579152850824,-411719557856463682271,193805.0,193808.0,193796.0,193808.0,2715815599730,296551507901617379542,39014164593867524345,3833.3335274859007187413383757869921,3828.3536804902097345370103096233510,2715815.59973,296.551507901617379542
2022-01-02 17:45:00,-78836742604,20577072413330319671,193805.0,193805.0,193805.0,193805.0,0,20577072413330319671,39014164593867524345,3833.3335274859007187413383757869921,3833.3335274859007187413383757869921,0,20.577072413330319671
2022-01-02 17:46:00,-852155799219,222512447753661609208,193812.0,193805.0,193805.0,193812.0,25461712971,229151759929460811816,39011395438950420647,3830.6512670281287502792226755491077,3833.3335274859007187413383757869921,25461.712971,229.151759929460811816
2022-01-02 17:47:00,1094757659148,-285285748219796521591,193803.0,193820.0,193803.0,193820.0,2057191516412,251489371727748726784,39014164593867524345,3834.1002325247331737440938308755351,3830.6512670281287502792226755491077,2057191.516412,251.489371727748726784
2022-01-02 17:48:00,-4652418439477,1216461851597571722279,193842.0,193808.0,193808.0,193842.0,0,1216461851597571722279,38928003245499942075,3819.1771067710701325498084093860730,3834.1002325247331737440938308755351,0,1216.461851597571722279
2022-01-02 17:49:00,946515600216,-247602004541188697617,193834.0,193842.0,193834.0,193842.0,1003908497889,15035792756387724607,38960487308245417521,3822.2335180399775389132588147798255,3819.1771067710701325498084093860730,1003908.497889,15.035792756387724607
2022-01-02 17:50:00,1013227472722,-264847453978438525799,193825.0,193825.0,193825.0,193825.0,1038288900000,6554699963981550143,38987458274482717068,3825.6749045313957935642154875782778,3822.2335180399775389132588147798255,1038288.9,6.554699963981550143
2022-01-02 17:51:00,-5192498364,1358090881743303778,193826.0,193825.0,193825.0,193826.0,0,1358090881743303778,38987458274482717068,3825.2923752938664069235231352647515,3825.6749045313957935642154875782778,0,1.358090881743303778
2022-01-02 17:52:00,0,0,193826.0,193826.0,193826.0,193826.0,0,0,38987458274482717068,3825.2923752938664069235231352647515,3825.2923752938664069235231352647515,0,0
2022-01-02 17:53:00,-2442037801830,639360883842366639002,193846.0,193837.0,193837.0,193846.0,0,639360883842366639002,38928003245499942075,3817.6498177697022044498356223589748,3825.2923752938664069235231352647515,0,639.360883842366639002
2022-01-02 17:54:00,502092723230,-131429583893408402326,193842.0,193842.0,193842.0,193842.0,502092723230,0,38928003245499942075,3819.1771067710701325498084093860730,3817.6498177697022044498356223589748,502092.72323,0
2022-01-02 17:55:00,558335594992,-146072554748946956978,193837.0,193837.0,193837.0,193837.0,615621429634,15000000000000000000,38960487308245417521,3821.0870772803600254175524264998841,3819.1771067710701325498084093860730,615621.429634,15
2022-01-02 17:56:00,53772654892,-14062949385230481143,193837.0,193837.0,193837.0,193837.0,65229566114,3000000000000000000,38960487308245417521,3821.0870772803600254175524264998841,3821.0870772803600254175524264998841,65229.566114,3
2022-01-02 17:57:00,11388800317,-2979022485977026006,193836.0,193836.0,193836.0,193836.0,11388800317,0,38960487308245417521,3821.4691859880880614200941817425329,3821.0870772803600254175524264998841,11388.800317,0
2022-01-02 17:58:00,0,0,193836.0,193836.0,193836.0,193836.0,0,0,38960487308245417521,3821.4691859880880614200941817425329,3821.4691859880880614200941817425329,0,0
2022-01-02 17:59:00,10000000000,-2615724184790387523,193836.0,193836.0,193836.0,193836.0,10000000000,0,38960487308245417521,3821.4691859880880614200941817425329,3821.4691859880880614200941817425329,10000,0
2022-01-02 18:00:00,3823054980,-1000000000000000000,193836.0,193836.0,193836.0,193836.0,3823054980,0,38960487308245417521,3821.4691859880880614200941817425329,3821.4691859880880614200941817425329,3823.05498,0
2022-01-02 18:01:00,0,0,193836.0,193836.0,193836.0,193836.0,0,0,38960487308245417521,3821.4691859880880614200941817425329,3821.4691859880880614200941817425329,0,0
2022-01-02 18:02:00,-361791824664,94743007221585500739,193839.0,193839.0,193839.0,193839.0,0,94743007221585500739,38960487308245417521,3820.3229744822338338284483985356951,3821.4691859880880614200941817425329,0,94.743007221585500739
2022-01-02 18:03:00,287411184335,-75183338716743824957,193837.0,193837.0,193837.0,193837.0,320153314461,8573360389937928500,38960487308245417521,3821.0870772803600254175524264998841,3820.3229744822338338284483985356951,320153.314461,8.5733603899379285
2022-01-02 18:04:00,33062998297,-8648721782922781676,193837.0,193837.0,193837.0,193837.0,33062998297,0,38960487308245417521,3821.0870772803600254175524264998841,3821.0870772803600254175524264998841,33062.998297,0
2022-01-02 18:05:00,-22490306664,5889479988469121338,193837.0,193837.0,193837.0,193837.0,2040020907,6423107218943645024,38960487308245417521,3821.0870772803600254175524264998841,3821.0870772803600254175524264998841,2040.020907,6.423107218943645024
2022-01-02 18:06:00,-10847600000,2840415449088932212,193837.0,193837.0,193837.0,193837.0,0,2840415449088932212,38960487308245417521,3821.0870772803600254175524264998841,3821.0870772803600254175524264998841,0,2.840415449088932212
2022-01-02 18:07:00,0,0,193837.0,193837.0,193837.0,193837.0,0,0,38960487308245417521,3821.0870772803600254175524264998841,3821.0870772803600254175524264998841,0,0
2022-01-02 18:08:00,-126316464864,33078000858179291238,193838.0,193838.0,193838.0,193838.0,1847804209,33561409562729984192,38960487308245417521,3820.7050067796820572118312433755463,3821.0870772803600254175524264998841,1847.804209,33.561409562729984192
2022-01-02 18:09:00,-535331975538,140221785847243677854,193842.0,193842.0,193842.0,193842.0,0,140221785847243677854,38928003245499942075,3819.1771067710701325498084093860730,3820.7050067796820572118312433755463,0,140.221785847243677854
2022-01-02 18:10:00,-9089908683,2381497314870531190,193843.0,193843.0,193843.0,193843.0,0,2381497314870531190,38928003245499942075,3818.7952272483452980200064087452032,3819.1771067710701325498084093860730,0,2.38149731487053119
2022-01-02 18:11:00,-9730059961,2549232755247263433,193843.0,193843.0,193843.0,193843.0,0,2549232755247263433,38928003245499942075,3818.7952272483452980200064087452032,3818.7952272483452980200064087452032,0,2.549232755247263433
2022-01-02 18:12:00,284613812359,-74484506664470509236,193840.0,193841.0,193840.0,193841.0,284613812359,0,38928003245499942075,3819.9409803841954142870196965660373,3818.7952272483452980200064087452032,284613.812359,0
2022-01-02 18:13:00,0,0,193840.0,193840.0,193840.0,193840.0,0,0,38928003245499942075,3819.9409803841954142870196965660373,3819.9409803841954142870196965660373,0,0
2022-01-02 18:14:00,50000000000,-13083369359142063673,193840.0,193840.0,193840.0,193840.0,50000000000,0,38928003245499942075,3819.9409803841954142870196965660373,3819.9409803841954142870196965660373,50000,0
2022-01-02 18:15:00,-877524579958,229928444268335227830,193847.0,193847.0,193847.0,193847.0,0,229928444268335227830,38928003245499942075,3817.2680909606061438354520771512577,3819.9409803841954142870196965660373,0,229.92844426833522783
2022-01-02 18:16:00,-144691069010,37927978426374810336,193848.0,193847.0,193847.0,193848.0,0,37927978426374810336,38928003245499942075,3816.8864023203741064248095961916430,3817.2680909606061438354520771512577,0,37.927978426374810336
2022-01-02 18:17:00,-381465997,100000000000000000,193848.0,193848.0,193848.0,193848.0,0,100000000000000000,38928003245499942075,3816.8864023203741064248095961916430,3816.8864023203741064248095961916430,0,0.1
2022-01-02 18:18:00,-87733964769,23000000000000000000,193849.0,193849.0,193849.0,193849.0,0,23000000000000000000,38928003245499942075,3816.5047518451895874660629898926498,3816.8864023203741064248095961916430,0,23
2022-01-02 18:19:00,0,0,193849.0,193849.0,193849.0,193849.0,0,0,38928003245499942075,3816.5047518451895874660629898926498,3816.5047518451895874660629898926498,0,0
2022-01-02 18:20:00,-708783248859,185873505625125000000,193855.0,193854.0,193854.0,193855.0,0,185873505625125000000,38892388893389494168,3814.2156502464041734441103007900541,3816.5047518451895874660629898926498,0,185.873505625125
2022-01-02 18:21:00,-915045460971,240127135743186945591,193863.0,193859.0,193859.0,193863.0,1906518024,240627135743186945591,38892388893389494168,3811.1656503862610996957030182644510,3814.2156502464041734441103007900541,1906.518024,240.627135743186945591
2022-01-02 18:22:00,14561760690,-3818915081430843262,193862.0,193863.0,193862.0,193863.0,14561760690,0,38892388893389494168,3811.5467669512997258056725885662807,3811.1656503862610996957030182644510,14561.76069,0
2022-01-02 18:23:00,-1361829985184,357706783358391992319,193874.0,193866.0,193866.0,193874.0,0,357706783358391992319,38888205359674742764,3806.9758824505534746707044574727167,3811.5467669512997258056725885662807,0,357.706783358391992319
2022-01-02 18:24:00,0,0,193874.0,193874.0,193874.0,193874.0,0,0,38888205359674742764,3806.9758824505534746707044574727167,3806.9758824505534746707044574727167,0,0
2022-01-02 18:25:00,14011459206,-3678723325732647962,193874.0,193874.0,193874.0,193874.0,14011459206,0,38888205359674742764,3806.9758824505534746707044574727167,3806.9758824505534746707044574727167,14011.459206,0
2022-01-02 18:26:00,-2395462597701,630190878162884379197,193894.0,193874.0,193874.0,193894.0,0,630190878162884379197,33129241949935735883,3799.3699194756321146106534847626967,3806.9758824505534746707044574727167,0,630.190878162884379197
2022-01-02 18:27:00,30461428236,-8013700401661166577,193894.0,193894.0,193894.0,193894.0,31934758973,388000000000000000,33129241949935735883,3799.3699194756321146106534847626967,3799.3699194756321146106534847626967,31934.758973,0.388
2022-01-02 18:28:00,-1317782478701,347313691742444887338,193907.0,193908.0,193907.0,193909.0,199870990789,399968142036815660922,33082621346306170077,3794.4341942789184526163176303770194,3799.3699194756321146106534847626967,199870.990789,399.968142036815660922
2022-01-02 18:29:00,-829662105158,218907663603988896257,193915.0,193917.0,193915.0,193917.0,171629178273,264159899999999983616,33082621346306170077,3791.4000124645983412343996365247042,3794.4341942789184526163176303770194,171629.178273,264.159899999999983616
2022-01-02 18:30:00,87760453692,-23136225411109253829,193914.0,193915.0,193914.0,193915.0,87760453692,0,33082621346306170077,3791.7791524658448010685230764883568,3791.4000124645983412343996365247042,87760.453692,0
2022-01-02 18:31:00,-524168948685,138355933668852501307,193919.0,193914.0,193914.0,193919.0,6500000000,140069939383659912017,33082621346306170077,3789.8838315237990158856260845098900,3791.7791524658448010685230764883568,6500,140.069939383659912017
2022-01-02 18:32:00,-238665091736,63019162314947491165,193922.0,193922.0,193922.0,193922.0,0,63019162314947491165,33120212671061538460,3788.7470937294786133235411438471777,3789.8838315237990158856260845098900,0,63.019162314947491165
2022-01-02 18:33:00,-2740790336892,724765823570500646768,193949.0,193935.0,193935.0,193949.0,17709979530,729447409861599871638,33093300545926150053,3778.5317842067180653532167251472146,3788.7470937294786133235411438471777,17709.97953,729.447409861599871638
2022-01-02 18:34:00,-54200096909,14354746717457556856,193949.0,193949.0,193949.0,193949.0,10000000000,17000000000000000000,33093300545926150053,3778.5317842067180653532167251472146,3778.5317842067180653532167251472146,10000,17
2022-01-02 18:35:00,1929796897760,-510020094840712542522,193930.0,193930.0,193930.0,193930.0,1953111147511,6161978767956727468,33093300545926150053,3785.7174595489241204513619542234573,3778.5317842067180653532167251472146,1953111.147511,6.161978767956727468
2022-01-02 18:36:00,-52394297704,13848378501913413342,193931.0,193931.0,193931.0,193931.0,0,13848378501913413342,33093300545926150053,3785.3389256563584846029016640570539,3785.7174595489241204513619542234573,0,13.848378501913413342
2022-01-02 18:37:00,768663225389,-202891279579846504724,193923.0,193923.0,193923.0,193923.0,769799069434,300000000000000000,33120212671061538460,3788.3682569037882345000911347337077,3785.3389256563584846029016640570539,769799.069434,0.3
2022-01-02 18:38:00,-1725845090457,456259659323948204126,193940.0,193942.0,193940.0,193942.0,173509038838,502121977608494398377,33093300545926150053,3781.9338234013907101656509278685519,3788.3682569037882345000911347337077,173509.038838,502.121977608494398377
2022-01-02 18:39:00,1629491016275,-430003630728247812038,193924.0,193932.0,193924.0,193944.0,2876782122589,329905788889008352464,33120212671061538460,3787.9894579579924352565654781858846,3781.9338234013907101656509278685519,2876782.122589,329.905788889008352464
2022-01-02 18:40:00,9918000000,-2617145704743415033,193924.0,193924.0,193924.0,193924.0,9918000000,0,33120212671061538460,3787.9894579579924352565654781858846,3787.9894579579924352565654781858846,9918,0
2022-01-02 18:41:00,0,0,193924.0,193924.0,193924.0,193924.0,0,0,33120212671061538460,3787.9894579579924352565654781858846,3787.9894579579924352565654781858846,0,0
2022-01-02 18:42:00,218682989234,-57371926452865746228,193922.0,193932.0,193919.0,193934.0,1458117299991,327482699474942967961,33120212671061538460,3788.7470937294786133235411438471777,3787.9894579579924352565654781858846,1458117.299991,327.482699474942967961
2022-01-02 18:43:00,-12549189797,3315711031911709026,193922.0,193922.0,193922.0,193922.0,6218298650,4956250000000000000,33120212671061538460,3788.7470937294786133235411438471777,3788.7470937294786133235411438471777,6218.29865,4.95625
2022-01-02 18:44:00,21264589864,-5584054783300925511,193922.0,193921.0,193921.0,193922.0,119723446832,26000000000000000000,33120212671061538460,3788.7470937294786133235411438471777,3788.7470937294786133235411438471777,119723.446832,26
2022-01-02 18:45:00,15528339947,-4096631061897465518,193922.0,193922.0,193922.0,193922.0,15528339947,0,33120212671061538460,3788.7470937294786133235411438471777,3788.7470937294786133235411438471777,15528.339947,0
2022-01-02 18:46:00,-582025347258,153744230721666152252,193927.0,193924.0,193924.0,193927.0,0,153744230721666152252,33120212671061538460,3786.8532883620983016147699004710331,3788.7470937294786133235411438471777,0,153.744230721666152252
2022-01-02 18:47:00,-1800000000,475613120476491169,193927.0,193927.0,193927.0,193927.0,0,475613120476491169,33120212671061538460,3786.8532883620983016147699004710331,3786.8532883620983016147699004710331,0,0.475613120476491169
2022-01-02 18:48:00,99262706042,-26200662407251634133,193927.0,193927.0,193927.0,193927.0,99262706042,0,33120212671061538460,3786.8532883620983016147699004710331,3786.8532883620983016147699004710331,99262.706042,0
2022-01-02 18:49:00,2617287632034,-689920533749876738580,193901.0,193920.0,193901.0,193920.0,2617287632034,0,33082621346306170077,3796.7114240365093212901949469238237,3786.8532883620983016147699004710331,2617287.632034,0
2022-01-02 18:50:00,-4477717449,1180000000000000000,193901.0,193901.0,193901.0,193901.0,0,1180000000000000000,33082621346306170077,3796.7114240365093212901949469238237,3796.7114240365093212901949469238237,0,1.18
2022-01-02 18:51:00,-408185837616,107589820365538859378,193905.0,193901.0,193901.0,193905.0,0,107589820365538859378,33082621346306170077,3795.1931190621161790960254200662709,3796.7114240365093212901949469238237,0,107.589820365538859378
2022-01-02 18:52:00,0,0,193905.0,193905.0,193905.0,193905.0,0,0,33082621346306170077,3795.1931190621161790960254200662709,3795.1931190621161790960254200662709,0,0
2022-01-02 18:53:00,-1471599021645,388242808724852880799,193919.0,193905.0,193905.0,193919.0,0,388242808724852880799,33083463784923077847,3789.8838315237990158856260845098900,3795.1931190621161790960254200662709,0,388.242808724852880799
2022-01-02 18:54:00,20511850753,-5381059400562701689,193919.0,193920.0,193919.0,193920.0,129987053164,28904583698146219184,33083463784923077847,3789.8838315237990158856260845098900,3789.8838315237990158856260845098900,129987.053164,28.904583698146219184
2022-01-02 18:55:00,-16800813541,4435604441034391552,193919.0,193919.0,193919.0,193919.0,0,4435604441034391552,33083463784923077847,3789.8838315237990158856260845098900,3789.8838315237990158856260845098900,0,4.435604441034391552
2022-01-02 18:56:00,106363554203,-28046673615169548577,193918.0,193919.0,193918.0,193919.0,126059328700,5200000000000000000,33083463784923077847,3790.2628199069513957872146471183444,3789.8838315237990158856260845098900,126059.3287,5.2
2022-01-02 18:57:00,394965278172,-104137714909406751454,193914.0,193918.0,193914.0,193918.0,406821825179,3129979558383692742,33083463784923077847,3791.7791524658448010685230764883568,3790.2628199069513957872146471183444,406821.825179,3.129979558383692742
2022-01-02 18:58:00,20000000000,-5272344016925447084,193914.0,193914.0,193914.0,193914.0,20000000000,0,33083463784923077847,3791.7791524658448010685230764883568,3791.7791524658448010685230764883568,20000,0
2022-01-02 18:59:00,0,0,193914.0,193914.0,193914.0,193914.0,0,0,33083463784923077847,3791.7791524658448010685230764883568,3791.7791524658448010685230764883568,0,0
2022-01-02 19:00:00,0,0,193914.0,193914.0,193914.0,193914.0,0,0,33083463784923077847,3791.7791524658448010685230764883568,3791.7791524658448010685230764883568,0,0
2022-01-02 19:01:00,363023752941,-95681324240082254493,193911.0,193911.0,193911.0,193911.0,363023752941,0,33083463784923077847,3792.9167999687509076366535102680620,3791.7791524658448010685230764883568,363023.752941,0
2022-01-02 19:02:00,-203933988766,53800000000000000000,193913.0,193911.0,193911.0,193913.0,0,53800000000000000000,33083463784923077847,3792.1583303810913855486299287960043,3792.9167999687509076366535102680620,0,53.8
2022-01-02 19:03:00,1127538261880,-297024889954382157010,193902.0,193903.0,193902.0,193903.0,1127538261880,0,33083463784923077847,3796.3317908574235789323017167521488,3792.1583303810913855486299287960043,1127538.26188,0
2022-01-02 19:04:00,32168970919,-8469381556791393883,193901.0,193901.0,193901.0,193901.0,32168970919,0,33083463784923077847,3796.7114240365093212901949469238237,3796.3317908574235789323017167521488,32168.970919,0
2022-01-02 19:05:00,590709642275,-155473385625341287630,193895.0,193895.0,193895.0,193895.0,590709642275,0,33130084388552643653,3798.9900204735847561350399807646228,3796.7114240365093212901949469238237,590709.642275,0
2022-01-02 19:06:00,1131165013326,-297470146964760796876,193885.0,193891.0,193885.0,193891.0,1147159721013,4210057308681535488,38889354479883359229,3802.7907204955261448258280826167837,3798.9900204735847561350399807646228,1147159.721013,4.210057308681535488
2022-01-02 19:07:00,0,0,193885.0,193885.0,193885.0,193885.0,0,0,38889354479883359229,3802.7907204955261448258280826167837,3802.7907204955261448258280826167837,0,0
2022-01-02 19:08:00,0,0,193885.0,193885.0,193885.0,193885.0,0,0,38889354479883359229,3802.7907204955261448258280826167837,3802.7907204955261448258280826167837,0,0
2022-01-02 19:09:00,194280221421,-51061950512119933032,193884.0,193885.0,193884.0,193885.0,196279577091,526057567291014649,38889354479883359229,3803.1709995675756974403106654250469,3802.7907204955261448258280826167837,196279.577091,0.526057567291014649
2022-01-02 19:10:00,-6842246943,1800000000000000000,193884.0,193884.0,193884.0,193884.0,0,1800000000000000000,38889354479883359229,3803.1709995675756974403106654250469,3803.1709995675756974403106654250469,0,1.8
2022-01-02 19:11:00,9620213415,-2528270644423118417,193884.0,193884.0,193884.0,193884.0,9620213415,0,38889354479883359229,3803.1709995675756974403106654250469,3803.1709995675756974403106654250469,9620.213415,0
2022-01-02 19:12:00,2759192418,-725134557814908520,193883.0,193883.0,193883.0,193883.0,2759192418,0,38889354479883359229,3803.5513166675324550100546964915879,3803.1709995675756974403106654250469,2759.192418,0
2022-01-02 19:13:00,-4939972726,1303294051800687602,193884.0,193883.0,193883.0,193884.0,14201906325,5035646147254495744,38889354479883359229,3803.1709995675756974403106654250469,3803.5513166675324550100546964915879,14201.906325,5.035646147254495744
2022-01-02 19:14:00,-1027315555481,270379699935597953189,193893.0,193886.0,193886.0,193893.0,21000000000,275901300663916608940,33130084388552643653,3799.7498564675796778221145501111763,3803.1709995675756974403106654250469,21000,275.90130066391660894
2022-01-02 19:15:00,-22064043938,5811253522660255419,193893.0,193892.0,193892.0,193893.0,5895329216,7361984376502228153,33130084388552643653,3799.7498564675796778221145501111763,3799.7498564675796778221145501111763,5895.329216,7.361984376502228153
2022-01-02 19:16:00,59032452379,-15519840129595830364,193892.0,193893.0,193892.0,193893.0,90269714194,8224944570164518387,33130084388552643653,3800.1298314532264357898967615661850,3799.7498564675796778221145501111763,90269.714194,8.224944570164518387
2022-01-02 19:17:00,1392679654076,-365871462213682549157,193880.0,193873.0,193873.0,193880.0,2254940905927,226679556446000000000,38889354479883359229,3804.6924961728757660891988956571854,3800.1298314532264357898967615661850,2254940.905927,226.679556446
2022-01-02 19:18:00,-1023155697149,269189964703960129620,193889.0,193880.0,193880.0,193889.0,11341454690,272169574176906794604,38889354479883359229,3801.2699844103574771488800307273478,3804.6924961728757660891988956571854,11341.45469,272.169574176906794604
2022-01-02 19:19:00,-56209075618,14795151283556925194,193889.0,193889.0,193889.0,193889.0,669508042,14971201581165167800,38889354479883359229,3801.2699844103574771488800307273478,3801.2699844103574771488800307273478,669.508042,14.9712015811651678
2022-01-02 19:20:00,-1058868649706,278858253134067291201,193899.0,193900.0,193899.0,193900.0,1500000000,279253094937158141329,33130084388552643653,3797.4708042884308635195461988151604,3801.2699844103574771488800307273478,1500,279.253094937158141329
2022-01-02 19:21:00,417524058000,-109881425683832260034,193895.0,193895.0,193895.0,193895.0,417524058000,0,33130084388552643653,3798.9900204735847561350399807646228,3797.4708042884308635195461988151604,417524.058,0
2022-01-02 19:22:00,29583852320,-7783993232800199410,193895.0,193895.0,193895.0,193895.0,29583852320,0,33130084388552643653,3798.9900204735847561350399807646228,3798.9900204735847561350399807646228,29583.85232,0
2022-01-02 19:23:00,-501843454288,132230023334603009595,193900.0,193900.0,193900.0,193900.0,91553015610,156330598563250000000,33083463784923077847,3797.0910951789129722223239664185140,3798.9900204735847561350399807646228,91553.01561,156.33059856325
2022-01-02 19:24:00,5521226417,-1451928753025194496,193900.0,193900.0,193900.0,193900.0,11159511068,1485705851845892159,33083463784923077847,3797.0910951789129722223239664185140,3797.0910951789129722223239664185140,11159.511068,1.485705851845892159
2022-01-02 19:25:00,-46522949969,12260406883923630038,193900.0,193900.0,193900.0,193900.0,4359968877,13408181921744128414,33083463784923077847,3797.0910951789129722223239664185140,3797.0910951789129722223239664185140,4359.968877,13.408181921744128414
2022-01-02 19:26:00,-917010377179,241755586337500000000,193909.0,193908.0,193908.0,193909.0,0,241755586337500000000,33083463784923077847,3793.6754212579126575056899173366532,3797.0910951789129722223239664185140,0,241.7555863375
2022-01-02 19:27:00,-6243393148,1647203285044899224,193909.0,193909.0,193909.0,193909.0,1833812500,2130393142773628123,33083463784923077847,3793.6754212579126575056899173366532,3793.6754212579126575056899173366532,1833.8125,2.130393142773628123
2022-01-02 19:28:00,-499299811973,131724989638673419771,193914.0,193914.0,193914.0,193914.0,0,131724989638673419771,33083463784923077847,3791.7791524658448010685230764883568,3793.6754212579126575056899173366532,0,131.724989638673419771
2022-01-02 19:29:00,-56711679712,14967969061456252863,193915.0,193914.0,193914.0,193915.0,8500000000,17208732015328848897,33083463784923077847,3791.4000124645983412343996365247042,3791.7791524658448010685230764883568,8500,17.208732015328848897
2022-01-02 19:30:00,24901849767,-6564917711318958133,193915.0,193915.0,193915.0,193915.0,24901849767,0,33083463784923077847,3791.4000124645983412343996365247042,3791.4000124645983412343996365247042,24901.849767,0
2022-01-02 19:31:00,14387536062,-3792937889516208742,193915.0,193915.0,193915.0,193915.0,14387536062,0,33083463784923077847,3791.4000124645983412343996365247042,3791.4000124645983412343996365247042,14387.536062,0
2022-01-02 19:32:00,-610945095820,161270692818979290664,193921.0,193919.0,193919.0,193921.0,3320942195,162146702185994472871,33121055109678446230,3789.1259684388515611848734979615652,3791.4000124645983412343996365247042,3320.942195,162.146702185994472871
2022-01-02 19:33:00,-114494140524,30234580726708671401,193922.0,193921.0,193921.0,193922.0,4000000000,31289833130794949391,33121055109678446230,3788.7470937294786133235411438471777,3789.1259684388515611848734979615652,4000,31.289833130794949391
2022-01-02 19:34:00,-25601844977,6761792627761401029,193922.0,193922.0,193922.0,193922.0,3256207503,7620844090716670253,33121055109678446230,3788.7470937294786133235411438471777,3788.7470937294786133235411438471777,3256.207503,7.620844090716670253
2022-01-02 19:35:00,-6597614811,1745998171710510842,193922.0,193922.0,193922.0,193922.0,13912431707,5416339881044026380,33121055109678446230,3788.7470937294786133235411438471777,3788.7470937294786133235411438471777,13912.431707,5.41633988104402638
2022-01-02 19:36:00,893241842453,-235552517551995949352,193913.0,193922.0,193913.0,193922.0,893810339690,150000000000000000,33083463784923077847,3792.1583303810913855486299287960043,3788.7470937294786133235411438471777,893810.33969,0.15
2022-01-02 19:37:00,157123093605,-41404260421194450560,193912.0,193911.0,193911.0,193912.0,189706322666,8595739578805549440,33083463784923077847,3792.5375462141294946871847917888858,3792.1583303810913855486299287960043,189706.322666,8.59573957880554944
2022-01-02 19:38:00,0,0,193912.0,193912.0,193912.0,193912.0,0,0,33083463784923077847,3792.5375462141294946871847917888858,3792.5375462141294946871847917888858,0,0
2022-01-02 19:39:00,654812090747,-172519769913701578771,193905.0,193912.0,193905.0,193912.0,654812090747,0,33083463784923077847,3795.1931190621161790960254200662709,3792.5375462141294946871847917888858,654812.090747,0
2022-01-02 19:40:00,43242545054,-11381397724557645670,193905.0,193905.0,193905.0,193905.0,72000468224,7581411519948256092,33083463784923077847,3795.1931190621161790960254200662709,3795.1931190621161790960254200662709,72000.468224,7.581411519948256092
2022-01-02 19:41:00,-13659303282,3601058182213651704,193905.0,193905.0,193905.0,193905.0,0,3601058182213651704,33083463784923077847,3795.1931190621161790960254200662709,3795.1931190621161790960254200662709,0,3.601058182213651704
2022-01-02 19:42:00,68415184714,-18012599767298114275,193904.0,193905.0,193904.0,193905.0,89133319384,5461672211261593137,33083463784923077847,3795.5726383740223907139350226082803,3795.1931190621161790960254200662709,89133.319384,5.461672211261593137
2022-01-02 19:43:00,-63864115111,16836269573951999353,193905.0,193905.0,193905.0,193905.0,0,16836269573951999353,33083463784923077847,3795.1931190621161790960254200662709,3795.5726383740223907139350226082803,0,16.836269573951999353
2022-01-02 19:44:00,-15000000000,3954549680587064554,193905.0,193905.0,193905.0,193905.0,0,3954549680587064554,33083463784923077847,3795.1931190621161790960254200662709,3795.1931190621161790960254200662709,0,3.954549680587064554
2022-01-02 19:45:00,0,0,193905.0,193905.0,193905.0,193905.0,0,0,33083463784923077847,3795.1931190621161790960254200662709,3795.1931190621161790960254200662709,0,0
2022-01-02 19:46:00,-95920637707,25289912800623766660,193906.0,193905.0,193905.0,193906.0,1294771758,25630923112722895720,33083463784923077847,3794.8136376983463444615792621400572,3795.1931190621161790960254200662709,1294.771758,25.63092311272289572
2022-01-02 19:47:00,141573275648,-37284218202957657230,193905.0,193905.0,193905.0,193905.0,155104041571,3567051709123029638,33083463784923077847,3795.1931190621161790960254200662709,3794.8136376983463444615792621400572,155104.041571,3.567051709123029638
2022-01-02 19:48:00,-45951376549,12114287269592833215,193905.0,193905.0,193905.0,193905.0,0,12114287269592833215,33083463784923077847,3795.1931190621161790960254200662709,3795.1931190621161790960254200662709,0,12.114287269592833215
2022-01-02 19:49:00,2689315901,-708136978836197395,193905.0,193905.0,193905.0,193905.0,3300000000,161000000000000000,33083463784923077847,3795.1931190621161790960254200662709,3795.1931190621161790960254200662709,3300,0.161
2022-01-02 19:50:00,-272022639775,71732982872715411045,193908.0,193905.0,193905.0,193908.0,30000000000,79634143959566553367,33083463784923077847,3794.0547888000384487714404863283840,3795.1931190621161790960254200662709,30000,79.634143959566553367
2022-01-02 19:51:00,3486711453728,-916590955571056667467,193876.0,193912.0,193866.0,193912.0,5191557085208,448394898643825945794,38889047798291650534,3806.2146014681138372221216609193134,3794.0547888000384487714404863283840,5191557.085208,448.394898643825945794
2022-01-02 19:52:00,0,0,193876.0,193876.0,193876.0,193876.0,0,0,38889047798291650534,3806.2146014681138372221216609193134,3806.2146014681138372221216609193134,0,0
2022-01-02 19:53:00,-536664093086,141107984550684115113,193880.0,193878.0,193878.0,193881.0,9893916042,143707388711628435542,38889354479883359229,3804.6924961728757660891988956571854,3806.2146014681138372221216609193134,9893.916042,143.707388711628435542
2022-01-02 19:54:00,-518910087641,136525724413754698740,193885.0,193884.0,193884.0,193885.0,107804363300,164860554013566296547,38889354479883359229,3802.7907204955261448258280826167837,3804.6924961728757660891988956571854,107804.3633,164.860554013566296547
2022-01-02 19:55:00,0,0,193885.0,193885.0,193885.0,193885.0,0,0,38889354479883359229,3802.7907204955261448258280826167837,3802.7907204955261448258280826167837,0,0
2022-01-02 19:56:00,-87618217032,23057422068950313072,193885.0,193885.0,193885.0,193885.0,15000000000,27000000000000000000,38889354479883359229,3802.7907204955261448258280826167837,3802.7907204955261448258280826167837,15000,27
2022-01-02 19:57:00,-27651351882,7275775000000000000,193886.0,193886.0,193886.0,193886.0,0,7275775000000000000,38889354479883359229,3802.4104794475813866871593666801149,3802.7907204955261448258280826167837,0,7.275775
2022-01-02 19:58:00,-290830900542,76535182310833994824,193888.0,193886.0,193886.0,193888.0,0,76535182310833994824,38889354479883359229,3801.6501114087985128965949187304199,3802.4104794475813866871593666801149,0,76.535182310833994824
2022-01-02 19:59:00,-19111346058,5030000000000000000,193888.0,193888.0,193888.0,193888.0,0,5030000000000000000,38889354479883359229,3801.6501114087985128965949187304199,3801.6501114087985128965949187304199,0,5.03
2022-01-02 20:00:00,-374390168,98818161691438842,193888.0,193888.0,193888.0,193888.0,1063920192,378558532637661526,38889354479883359229,3801.6501114087985128965949187304199,3801.6501114087985128965949187304199,1063.920192,0.378558532637661526
2022-01-02 20:01:00,-316059763768,83197403217703473819,193891.0,193891.0,193891.0,193891.0,0,83197403217703473819,33130084388552643653,3800.5098444363717584334757512423411,3801.6501114087985128965949187304199,0,83.197403217703473819
2022-01-02 20:02:00,-53934219261,14204341137963825033,193892.0,193891.0,193891.0,193892.0,17329727359,18762206000864455982,33130084388552643653,3800.1298314532264357898967615661850,3800.5098444363717584334757512423411,17329.727359,18.762206000864455982
2022-01-02 20:03:00,0,0,193892.0,193892.0,193892.0,193892.0,0,0,33130084388552643653,3800.1298314532264357898967615661850,3800.1298314532264357898967615661850,0,0
2022-01-02 20:04:00,-16907907539,4451661600643664863,193892.0,193892.0,193892.0,193892.0,0,4451661600643664863,33130084388552643653,3800.1298314532264357898967615661850,3800.1298314532264357898967615661850,0,4.451661600643664863
2022-01-02 20:05:00,0,0,193892.0,193892.0,193892.0,193892.0,0,0,33130084388552643653,3800.1298314532264357898967615661850,3800.1298314532264357898967615661850,0,0
2022-01-02 20:06:00,6602486550,-1736394930202982916,193892.0,193892.0,193892.0,193892.0,7500000000,236305507216554294,33130084388552643653,3800.1298314532264357898967615661850,3800.1298314532264357898967615661850,7500,0.236305507216554294
2022-01-02 20:07:00,-2778853884,738223816821503746,193892.0,193892.0,193892.0,193892.0,25000000000,7313817589602391480,33130084388552643653,3800.1298314532264357898967615661850,3800.1298314532264357898967615661850,25000,7.31381758960239148
2022-01-02 20:08:00,-310888678872,81868198443292921144,193895.0,193892.0,193892.0,193895.0,7127809991,83743029997267085998,33130084388552643653,3798.9900204735847561350399807646228,3800.1298314532264357898967615661850,7127.809991,83.743029997267085998
2022-01-02 20:09:00,1463697517510,-384846209854792432248,193882.0,193890.0,193882.0,193890.0,1473933491804,2692335153492021832,38889354479883359229,3803.9316717991992082555557019612383,3798.9900204735847561350399807646228,1473933.491804,2.692335153492021832
2022-01-02 20:10:00,0,0,193882.0,193882.0,193882.0,193882.0,0,0,38889354479883359229,3803.9316717991992082555557019612383,3803.9316717991992082555557019612383,0,0
2022-01-02 20:11:00,984544622988,-258595332549761666941,193874.0,193882.0,193874.0,193882.0,993519666935,2360695638037264865,38889047798291650534,3806.9758824505534746707044574727167,3803.9316717991992082555557019612383,993519.666935,2.360695638037264865
2022-01-02 20:12:00,973689697479,-255538041696838579517,193866.0,193866.0,193866.0,193866.0,973689697479,0,38893231332006401938,3810.0225293229783039858351698344633,3806.9758824505534746707044574727167,973689.697479,0
2022-01-02 20:13:00,243848017,-61408932139085169,193866.0,193866.0,193866.0,193866.0,10000000000,2561967496789972084,38893231332006401938,3810.0225293229783039858351698344633,3810.0225293229783039858351698344633,10000,2.561967496789972084
2022-01-02 20:14:00,0,0,193866.0,193866.0,193866.0,193866.0,0,0,38893231332006401938,3810.0225293229783039858351698344633,3810.0225293229783039858351698344633,0,0
2022-01-02 20:15:00,-37144377473,9759469057567297347,193866.0,193865.0,193865.0,193866.0,19953925822,14994069643285069007,38893231332006401938,3810.0225293229783039858351698344633,3810.0225293229783039858351698344633,19953.925822,14.994069643285069007
2022-01-02 20:16:00,8875312031,-2327886708895702999,193866.0,193866.0,193866.0,193866.0,10762651861,495625000000000000,38893231332006401938,3810.0225293229783039858351698344633,3810.0225293229783039858351698344633,10762.651861,0.495625
2022-01-02 20:17:00,-7549329648,1982500000000000000,193866.0,193866.0,193866.0,193866.0,0,1982500000000000000,38893231332006401938,3810.0225293229783039858351698344633,3810.0225293229783039858351698344633,0,1.9825
2022-01-02 20:18:00,-6418248075,1685493900819066956,193866.0,193866.0,193866.0,193866.0,49562500,1698496343804490859,38893231332006401938,3810.0225293229783039858351698344633,3810.0225293229783039858351698344633,49.5625,1.698496343804490859
2022-01-02 20:19:00,0,0,193866.0,193866.0,193866.0,193866.0,0,0,38893231332006401938,3810.0225293229783039858351698344633,3810.0225293229783039858351698344633,0,0
2022-01-02 20:20:00,40075534109,-10511442610259575188,193866.0,193866.0,193866.0,193866.0,47805708336,2029933857112595560,38893231332006401938,3810.0225293229783039858351698344633,3810.0225293229783039858351698344633,47805.708336,2.02993385711259556
2022-01-02 20:21:00,-31214781252,8198645738088718021,193866.0,193866.0,193866.0,193866.0,5908261853,9748645738088718021,38893231332006401938,3810.0225293229783039858351698344633,3810.0225293229783039858351698344633,5908.261853,9.748645738088718021
2022-01-02 20:22:00,8717597015,-2281164481082082523,193866.0,193866.0,193866.0,193866.0,30943593573,5836710970499079697,38893231332006401938,3810.0225293229783039858351698344633,3810.0225293229783039858351698344633,30943.593573,5.836710970499079697
2022-01-02 20:23:00,-346387115328,90975938953000000000,193869.0,193866.0,193866.0,193869.0,0,90975938953000000000,38893231332006401938,3808.8797511274386588139037956198519,3810.0225293229783039858351698344633,0,90.975938953
2022-01-02 20:24:00,-544748181040,143131096349235645812,193873.0,193869.0,193869.0,193873.0,15232791389,147129723894063125269,38889047798291650534,3807.3565800387985300181715279184646,3808.8797511274386588139037956198519,15232.791389,147.129723894063125269
2022-01-02 20:25:00,93100000000,-24441231751002111789,193872.0,193873.0,193872.0,193873.0,93100000000,0,38889047798291650534,3807.7373156968024098711733450712537,3807.3565800387985300181715279184646,93100,0
2022-01-02 20:26:00,-3000000000,788338555319820988,193872.0,193872.0,193872.0,193872.0,0,788338555319820988,38889047798291650534,3807.7373156968024098711733450712537,3807.7373156968024098711733450712537,0,0.788338555319820988
2022-01-02 20:27:00,103890797645,-27270565933456581543,193872.0,193872.0,193872.0,193873.0,109099125000,1368646323024750416,38889047798291650534,3807.7373156968024098711733450712537,3807.7373156968024098711733450712537,109099.125,1.368646323024750416
2022-01-02 20:28:00,-5281482069,1387750000000000000,193872.0,193872.0,193872.0,193872.0,0,1387750000000000000,38889047798291650534,3807.7373156968024098711733450712537,3807.7373156968024098711733450712537,0,1.38775
2022-01-02 20:29:00,4120362003,-1051633166854245891,193872.0,193872.0,193872.0,193873.0,118098043032,29950000000000000000,38889047798291650534,3807.7373156968024098711733450712537,3807.7373156968024098711733450712537,118098.043032,29.95
2022-01-02 20:30:00,-3055788684,803129050122468823,193872.0,193872.0,193872.0,193872.0,750000000,1000000000000000000,38889047798291650534,3807.7373156968024098711733450712537,3807.7373156968024098711733450712537,750,1
2022-01-02 20:31:00,0,0,193872.0,193872.0,193872.0,193872.0,0,0,38889047798291650534,3807.7373156968024098711733450712537,3807.7373156968024098711733450712537,0,0
2022-01-02 20:32:00,-231082870579,60724730366743574835,193874.0,193874.0,193874.0,193874.0,0,60724730366743574835,38889047798291650534,3806.9758824505534746707044574727167,3807.7373156968024098711733450712537,0,60.724730366743574835
2022-01-02 20:33:00,0,0,193874.0,193874.0,193874.0,193874.0,0,0,38889047798291650534,3806.9758824505534746707044574727167,3806.9758824505534746707044574727167,0,0
2022-01-02 20:34:00,0,0,193874.0,193874.0,193874.0,193874.0,0,0,38889047798291650534,3806.9758824505534746707044574727167,3806.9758824505534746707044574727167,0,0
2022-01-02 20:35:00,0,0,193874.0,193874.0,193874.0,193874.0,0,0,38889047798291650534,3806.9758824505534746707044574727167,3806.9758824505534746707044574727167,0,0
2022-01-02 20:36:00,-26356970163,6926915977287292764,193874.0,193874.0,193874.0,193874.0,0,6926915977287292764,38889047798291650534,3806.9758824505534746707044574727167,3806.9758824505534746707044574727167,0,6.926915977287292764
2022-01-02 20:37:00,0,0,193874.0,193874.0,193874.0,193874.0,0,0,38889047798291650534,3806.9758824505534746707044574727167,3806.9758824505534746707044574727167,0,0
2022-01-02 20:38:00,0,0,193874.0,193874.0,193874.0,193874.0,0,0,38889047798291650534,3806.9758824505534746707044574727167,3806.9758824505534746707044574727167,0,0
2022-01-02 20:39:00,-21168653831,5563476754627502096,193874.0,193874.0,193874.0,193874.0,0,5563476754627502096,38889047798291650534,3806.9758824505534746707044574727167,3806.9758824505534746707044574727167,0,5.563476754627502096
2022-01-02 20:40:00,0,0,193874.0,193874.0,193874.0,193874.0,0,0,38889047798291650534,3806.9758824505534746707044574727167,3806.9758824505534746707044574727167,0,0
2022-01-02 20:41:00,-608629416354,160000000000000000000,193879.0,193879.0,193879.0,193879.0,0,160000000000000000000,38889047798291650534,3805.0729654224930536658078155467542,3806.9758824505534746707044574727167,0,160
2022-01-02 20:42:00,-274368635729,72155158025278646635,193881.0,193880.0,193880.0,193881.0,3805897986,73155158025278646635,38889354479883359229,3804.3120649663791281763812575314325,3805.0729654224930536658078155467542,3805.897986,73.155158025278646635
2022-01-02 20:43:00,-48763796007,12826279935544386930,193882.0,193882.0,193882.0,193882.0,2000000000,13351801068393788000,38889354479883359229,3803.9316717991992082555557019612383,3804.3120649663791281763812575314325,2000,13.351801068393788
2022-01-02 20:44:00,0,0,193882.0,193882.0,193882.0,193882.0,0,0,38889354479883359229,3803.9316717991992082555557019612383,3803.9316717991992082555557019612383,0,0
2022-01-02 20:45:00,0,0,193882.0,193882.0,193882.0,193882.0,0,0,38889354479883359229,3803.9316717991992082555557019612383,3803.9316717991992082555557019612383,0,0
2022-01-02 20:46:00,3493174867,-917866505438239910,193882.0,193882.0,193882.0,193882.0,3493174867,0,38889354479883359229,3803.9316717991992082555557019612383,3803.9316717991992082555557019612383,3493.174867,0
2022-01-02 20:47:00,0,0,193882.0,193882.0,193882.0,193882.0,0,0,38889354479883359229,3803.9316717991992082555557019612383,3803.9316717991992082555557019612383,0,0
2022-01-02 20:48:00,0,0,193882.0,193882.0,193882.0,193882.0,0,0,38889354479883359229,3803.9316717991992082555557019612383,3803.9316717991992082555557019612383,0,0
2022-01-02 20:49:00,0,0,193882.0,193882.0,193882.0,193882.0,0,0,38889354479883359229,3803.9316717991992082555557019612383,3803.9316717991992082555557019612383,0,0
2022-01-02 20:50:00,0,0,193882.0,193882.0,193882.0,193882.0,0,0,38889354479883359229,3803.9316717991992082555557019612383,3803.9316717991992082555557019612383,0,0
2022-01-02 20:51:00,-50876214596,13381875000000000000,193882.0,193882.0,193882.0,193882.0,0,13381875000000000000,38889354479883359229,3803.9316717991992082555557019612383,3803.9316717991992082555557019612383,0,13.381875
2022-01-02 20:52:00,0,0,193882.0,193882.0,193882.0,193882.0,0,0,38889354479883359229,3803.9316717991992082555557019612383,3803.9316717991992082555557019612383,0,0
2022-01-02 20:53:00,0,0,193882.0,193882.0,193882.0,193882.0,0,0,38889354479883359229,3803.9316717991992082555557019612383,3803.9316717991992082555557019612383,0,0
2022-01-02 20:54:00,0,0,193882.0,193882.0,193882.0,193882.0,0,0,38889354479883359229,3803.9316717991992082555557019612383,3803.9316717991992082555557019612383,0,0
2022-01-02 20:55:00,18220635366,-4787813299942754162,193882.0,193882.0,193882.0,193882.0,18220635366,0,38889354479883359229,3803.9316717991992082555557019612383,3803.9316717991992082555557019612383,18220.635366,0
2022-01-02 20:56:00,0,0,193882.0,193882.0,193882.0,193882.0,0,0,38889354479883359229,3803.9316717991992082555557019612383,3803.9316717991992082555557019612383,0,0
2022-01-02 20:57:00,0,0,193882.0,193882.0,193882.0,193882.0,0,0,38889354479883359229,3803.9316717991992082555557019612383,3803.9316717991992082555557019612383,0,0
2022-01-02 20:58:00,1267659000000,-332922751388967351938,193871.0,193871.0,193871.0,193871.0,1267659000000,0,38889047798291650534,3808.1180894283720901121604624057632,3803.9316717991992082555557019612383,1267659,0
2022-01-02 20:59:00,0,0,193871.0,193871.0,193871.0,193871.0,0,0,38889047798291650534,3808.1180894283720901121604624057632,3808.1180894283720901121604624057632,0,0
2022-01-02 21:00:00,0,0,193871.0,193871.0,193871.0,193871.0,0,0,38889047798291650534,3808.1180894283720901121604624057632,3808.1180894283720901121604624057632,0,0
2022-01-02 21:01:00,0,0,193871.0,193871.0,193871.0,193871.0,0,0,38889047798291650534,3808.1180894283720901121604624057632,3808.1180894283720901121604624057632,0,0
2022-01-02 21:02:00,0,0,193871.0,193871.0,193871.0,193871.0,0,0,38889047798291650534,3808.1180894283720901121604624057632,3808.1180894283720901121604624057632,0,0
2022-01-02 21:03:00,3809684580,-1000000000000000000,193871.0,193871.0,193871.0,193871.0,3809684580,0,38889047798291650534,3808.1180894283720901121604624057632,3808.1180894283720901121604624057632,3809.68458,0
2022-01-02 21:04:00,38097510754,-10000000000000000000,193871.0,193871.0,193871.0,193871.0,38097510754,0,38889047798291650534,3808.1180894283720901121604624057632,3808.1180894283720901121604624057632,38097.510754,0
2022-01-02 21:05:00,-89746722176,23582610237809931258,193872.0,193871.0,193871.0,193872.0,5400000000,25000000000000000000,38889047798291650534,3807.7373156968024098711733450712537,3808.1180894283720901121604624057632,5400,25
2022-01-02 21:06:00,0,0,193872.0,193872.0,193872.0,193872.0,0,0,38889047798291650534,3807.7373156968024098711733450712537,3807.7373156968024098711733450712537,0,0
2022-01-02 21:07:00,14000000000,-3674975911646017380,193872.0,193872.0,193872.0,193872.0,14000000000,0,38889047798291650534,3807.7373156968024098711733450712537,3807.7373156968024098711733450712537,14000,0
2022-01-02 21:08:00,-14122532627,3710850638704438613,193872.0,193872.0,193872.0,193872.0,0,3710850638704438613,38889047798291650534,3807.7373156968024098711733450712537,3807.7373156968024098711733450712537,0,3.710850638704438613
2022-01-02 21:09:00,-6035852901,1586000000000000000,193872.0,193872.0,193872.0,193872.0,0,1586000000000000000,38889047798291650534,3807.7373156968024098711733450712537,3807.7373156968024098711733450712537,0,1.586
2022-01-02 21:10:00,-46594505961,12247530423062067318,193872.0,193872.0,193872.0,193872.0,15000000000,16185115799392919923,38889047798291650534,3807.7373156968024098711733450712537,3807.7373156968024098711733450712537,15000,16.185115799392919923
2022-01-02 21:11:00,60000000000,-15750287669375660468,193872.0,193872.0,193872.0,193872.0,60000000000,0,38889047798291650534,3807.7373156968024098711733450712537,3807.7373156968024098711733450712537,60000,0
2022-01-02 21:12:00,-14961008780,3931193083422902470,193872.0,193872.0,193872.0,193872.0,0,3931193083422902470,38889047798291650534,3807.7373156968024098711733450712537,3807.7373156968024098711733450712537,0,3.93119308342290247
2022-01-02 21:13:00,1127010520316,-295697178865585718023,193862.0,193862.0,193862.0,193862.0,1149804000000,5983635295478040873,38893231332006401938,3811.5467669512997258056725885662807,3807.7373156968024098711733450712537,1149804,5.983635295478040873
2022-01-02 21:14:00,659462759031,-172878671582298986289,193857.0,193863.0,193857.0,193863.0,741177000000,21452165517446311936,38893231332006401938,3813.4529215275694442795599460052522,3811.5467669512997258056725885662807,741177,21.452165517446311936
2022-01-02 21:15:00,37560597091,-9843167079935477761,193857.0,193857.0,193857.0,193857.0,44184351796,1737903474030986134,38893231332006401938,3813.4529215275694442795599460052522,3813.4529215275694442795599460052522,44184.351796,1.737903474030986134
2022-01-02 21:16:00,-202055263792,53016779560464111758,193858.0,193857.0,193857.0,193858.0,0,53016779560464111758,38893231332006401938,3813.0716143661328309964602999752595,3813.4529215275694442795599460052522,0,53.016779560464111758
2022-01-02 21:17:00,-253568843806,66547925666617971753,193860.0,193860.0,193860.0,193860.0,7628049356,68547925666617971753,38893231332006401938,3812.3091144201576552638309811407174,3813.0716143661328309964602999752595,7628.049356,68.547925666617971753
2022-01-02 21:18:00,-15827245449,4154125653414236925,193861.0,193861.0,193861.0,193861.0,0,4154125653414236925,38893231332006401938,3811.9279216279948557782531558251369,3812.3091144201576552638309811407174,0,4.154125653414236925
2022-01-02 21:19:00,55374621508,-14519227550949067356,193860.0,193860.0,193860.0,193860.0,55374621508,0,38893231332006401938,3812.3091144201576552638309811407174,3811.9279216279948557782531558251369,55374.621508,0
2022-01-02 21:20:00,2607252814,-683605273837626543,193860.0,193860.0,193860.0,193860.0,2607252814,0,38893231332006401938,3812.3091144201576552638309811407174,3812.3091144201576552638309811407174,2607.252814,0
2022-01-02 21:21:00,0,0,193860.0,193860.0,193860.0,193860.0,0,0,38893231332006401938,3812.3091144201576552638309811407174,3812.3091144201576552638309811407174,0,0
2022-01-02 21:22:00,1200000000,-314631946866705149,193860.0,193860.0,193860.0,193860.0,1200000000,0,38893231332006401938,3812.3091144201576552638309811407174,3812.3091144201576552638309811407174,1200,0
2022-01-02 21:23:00,-8353550774,2192613048418223095,193860.0,193860.0,193860.0,193860.0,646647054,2362160706843656704,38893231332006401938,3812.3091144201576552638309811407174,3812.3091144201576552638309811407174,646.647054,2.362160706843656704
2022-01-02 21:24:00,-7175905718,1883375000000000000,193860.0,193860.0,193860.0,193860.0,0,1883375000000000000,38893231332006401938,3812.3091144201576552638309811407174,3812.3091144201576552638309811407174,0,1.883375
2022-01-02 21:25:00,71293316556,-18692306915781171307,193860.0,193860.0,193860.0,193860.0,71293316556,0,38893231332006401938,3812.3091144201576552638309811407174,3812.3091144201576552638309811407174,71293.316556,0
2022-01-02 21:26:00,0,0,193860.0,193860.0,193860.0,193860.0,0,0,38893231332006401938,3812.3091144201576552638309811407174,3812.3091144201576552638309811407174,0,0
2022-01-02 21:27:00,27847033142,-7299300351111645355,193859.0,193859.0,193859.0,193859.0,33860340044,1578117274962422469,38893231332006401938,3812.6903453315996710293573642388345,3812.3091144201576552638309811407174,33860.340044,1.578117274962422469
2022-01-02 21:28:00,-223718277056,58717487163087788530,193861.0,193860.0,193860.0,193861.0,0,58717487163087788530,38893231332006401938,3811.9279216279948557782531558251369,3812.6903453315996710293573642388345,0,58.71748716308778853
2022-01-02 21:29:00,0,0,193861.0,193861.0,193861.0,193861.0,0,0,38893231332006401938,3811.9279216279948557782531558251369,3811.9279216279948557782531558251369,0,0
2022-01-02 21:30:00,26444568114,-6934317959403244001,193861.0,193861.0,193861.0,193861.0,26444568114,0,38893231332006401938,3811.9279216279948557782531558251369,3811.9279216279948557782531558251369,26444.568114,0
2022-01-02 21:31:00,-22247826813,5840328848612043948,193861.0,193861.0,193861.0,193861.0,2500000000,6495873154090171369,38893231332006401938,3811.9279216279948557782531558251369,3811.9279216279948557782531558251369,2500,6.495873154090171369
2022-01-02 21:32:00,-14895351033,3912010478915994050,193861.0,193861.0,193861.0,193861.0,8291746207,6086288332576065145,38893231332006401938,3811.9279216279948557782531558251369,3811.9279216279948557782531558251369,8291.746207,6.086288332576065145
2022-01-02 21:33:00,-12734315960,3342629623316677303,193861.0,193861.0,193861.0,193861.0,0,3342629623316677303,38893231332006401938,3811.9279216279948557782531558251369,3811.9279216279948557782531558251369,0,3.342629623316677303
2022-01-02 21:34:00,43057828386,-11290804177020738417,193861.0,193861.0,193861.0,193861.0,43057828386,0,38893231332006401938,3811.9279216279948557782531558251369,3811.9279216279948557782531558251369,43057.828386,0
2022-01-02 21:35:00,19798021066,-5187420191546218446,193861.0,193861.0,193861.0,193861.0,34904168075,3965000000000000000,38893231332006401938,3811.9279216279948557782531558251369,3811.9279216279948557782531558251369,34904.168075,3.965
2022-01-02 21:36:00,-19000000000,4987113523131428590,193861.0,193861.0,193861.0,193861.0,0,4987113523131428590,38893231332006401938,3811.9279216279948557782531558251369,3811.9279216279948557782531558251369,0,4.98711352313142859
2022-01-02 21:37:00,-190225243517,49934607974045062412,193863.0,193862.0,193862.0,193863.0,0,49934607974045062412,38893231332006401938,3811.1656503862610996957030182644510,3811.9279216279948557782531558251369,0,49.934607974045062412
2022-01-02 21:38:00,888829255197,-233003801630964710781,193855.0,193855.0,193855.0,193855.0,946465705860,15119359752038297628,38893231332006401938,3814.2156502464041734441103007900541,3811.1656503862610996957030182644510,946465.70586,15.119359752038297628
2022-01-02 21:39:00,-3400779713,892125000000000000,193855.0,193855.0,193855.0,193855.0,0,892125000000000000,38893231332006401938,3814.2156502464041734441103007900541,3814.2156502464041734441103007900541,0,0.892125
2022-01-02 21:40:00,-76337454562,20026234658241887331,193856.0,193856.0,193856.0,193856.0,0,20026234658241887331,38893231332006401938,3813.8342668197222012239879019998580,3814.2156502464041734441103007900541,0,20.026234658241887331
2022-01-02 21:41:00,3131878651992,-819729718775560064919,193830.0,193829.0,193829.0,193830.0,3203908398864,18847084620721983533,38961329746862325291,3823.7626407964939286229881672546723,3813.8342668197222012239879019998580,3203908.398864,18.847084620721983533
2022-01-02 21:42:00,0,0,193830.0,193830.0,193830.0,193830.0,0,0,38961329746862325291,3823.7626407964939286229881672546723,3823.7626407964939286229881672546723,0,0
2022-01-02 21:43:00,-28471206071,7450000000000000000,193830.0,193830.0,193830.0,193830.0,0,7450000000000000000,38961329746862325291,3823.7626407964939286229881672546723,3823.7626407964939286229881672546723,0,7.45
2022-01-02 21:44:00,0,0,193830.0,193830.0,193830.0,193830.0,0,0,38961329746862325291,3823.7626407964939286229881672546723,3823.7626407964939286229881672546723,0,0
2022-01-02 21:45:00,-1008746156990,264070152859623054980,193839.0,193831.0,193831.0,193839.0,0,264070152859623054980,38961329746862325291,3820.3229744822338338284483985356951,3823.7626407964939286229881672546723,0,264.07015285962305498
2022-01-02 21:46:00,-5440383381,1424786505771131139,193839.0,193839.0,193839.0,193839.0,0,1424786505771131139,38961329746862325291,3820.3229744822338338284483985356951,3820.3229744822338338284483985356951,0,1.424786505771131139
2022-01-02 21:47:00,-326223939478,85460320903652338590,193841.0,193842.0,193841.0,193842.0,51511667574,98941240476260368384,38928845684116849845,3819.5590244817472395630633902270121,3820.3229744822338338284483985356951,51511.667574,98.941240476260368384
2022-01-02 21:48:00,51600000000,-13503458236382838621,193841.0,193841.0,193841.0,193841.0,51600000000,0,38928845684116849845,3819.5590244817472395630633902270121,3819.5590244817472395630633902270121,51600,0
2022-01-02 21:49:00,29428083552,-7699502950180618005,193841.0,193841.0,193841.0,193841.0,34842677157,1418362500000000000,38928845684116849845,3819.5590244817472395630633902270121,3819.5590244817472395630633902270121,34842.677157,1.4183625
2022-01-02 21:50:00,-919572734962,240969397507516291607,193848.0,193841.0,193841.0,193848.0,0,240969397507516291607,38928845684116849845,3816.8864023203741064248095961916430,3819.5590244817472395630633902270121,0,240.969397507516291607
2022-01-02 21:51:00,599443335,-154520325280621195,193848.0,193848.0,193848.0,193848.0,10000000000,2464320000000000000,38928845684116849845,3816.8864023203741064248095961916430,3816.8864023203741064248095961916430,10000,2.46432
2022-01-02 21:52:00,-20543190128,5386048690337905726,193848.0,193848.0,193848.0,193848.0,2700000000,6093145513718011918,38928845684116849845,3816.8864023203741064248095961916430,3816.8864023203741064248095961916430,2700,6.093145513718011918
2022-01-02 21:53:00,-132520396475,34760480404497277448,193850.0,193850.0,193849.0,193850.0,70236238689,53156848694276917405,38893231332006401938,3816.1231395312364638196810217904743,3816.8864023203741064248095961916430,70236.238689,53.156848694276917405
2022-01-02 21:54:00,-248397551878,65131207444017373324,193852.0,193850.0,193850.0,193852.0,0,65131207444017373324,38893231332006401938,3815.3600293717618177385151413770477,3816.1231395312364638196810217904743,0,65.131207444017373324
2022-01-02 21:55:00,-32457113451,8513002052046638620,193852.0,193852.0,193852.0,193852.0,6000000000,10084840678130864947,38893231332006401938,3815.3600293717618177385151413770477,3815.3600293717618177385151413770477,6000,10.084840678130864947
2022-01-02 21:56:00,-51955805201,13632405538706442936,193852.0,193852.0,193852.0,193852.0,27597452282,20862421331419843884,38893231332006401938,3815.3600293717618177385151413770477,3815.3600293717618177385151413770477,27597.452282,20.862421331419843884
2022-01-02 21:57:00,1982500000,-519392509252973049,193852.0,193852.0,193852.0,193852.0,1982500000,0,38893231332006401938,3815.3600293717618177385151413770477,3815.3600293717618177385151413770477,1982.5,0
2022-01-02 21:58:00,-42907621908,11254283558352198824,193853.0,193853.0,193853.0,193853.0,5842761808,12785068821771966735,38893231332006401938,3814.9785315186099567428408572913169,3815.3600293717618177385151413770477,5842.761808,12.785068821771966735
2022-01-02 21:59:00,-88659909533,23259360663448269429,193853.0,193853.0,193853.0,193853.0,25000000000,29809454460991427071,38893231332006401938,3814.9785315186099567428408572913169,3814.9785315186099567428408572913169,25000,29.809454460991427071
2022-01-02 22:00:00,-5405687548,1424258043377478337,193853.0,193853.0,193853.0,193853.0,24615725719,7874015256634226435,38893231332006401938,3814.9785315186099567428408572913169,3814.9785315186099567428408572913169,24615.725719,7.874015256634226435
2022-01-02 22:01:00,1403561192,-359994697025052956,193853.0,193853.0,193853.0,193853.0,31012373546,7765754647531723407,38893231332006401938,3814.9785315186099567428408572913169,3814.9785315186099567428408572913169,31012.373546,7.765754647531723407
2022-01-02 22:02:00,129000000000,-33798510587394344823,193852.0,193852.0,193852.0,193852.0,129000000000,0,38893231332006401938,3815.3600293717618177385151413770477,3814.9785315186099567428408572913169,129000,0
2022-01-02 22:03:00,23800975521,-6231598367506129681,193852.0,193852.0,193852.0,193852.0,38885917379,3955954246498525911,38893231332006401938,3815.3600293717618177385151413770477,3815.3600293717618177385151413770477,38885.917379,3.955954246498525911
2022-01-02 22:04:00,87543079891,-22932974848800982961,193851.0,193852.0,193851.0,193852.0,91884183219,1138401129499449206,38893231332006401938,3815.7415653746989939202889928911831,3815.3600293717618177385151413770477,91884.183219,1.138401129499449206
2022-01-02 22:05:00,0,0,193851.0,193851.0,193851.0,193851.0,0,0,38893231332006401938,3815.7415653746989939202889928911831,3815.7415653746989939202889928911831,0,0
2022-01-02 22:06:00,-5167241671,1355477598043086680,193851.0,193851.0,193851.0,193851.0,1832187910,1835447484089630594,38893231332006401938,3815.7415653746989939202889928911831,3815.7415653746989939202889928911831,1832.18791,1.835447484089630594
2022-01-02 22:07:00,184225573078,-48250777369814758280,193850.0,193850.0,193850.0,193850.0,209019493805,6500619394933740833,38893231332006401938,3816.1231395312364638196810217904743,3815.7415653746989939202889928911831,209019.493805,6.500619394933740833
2022-01-02 22:08:00,0,0,193850.0,193850.0,193850.0,193850.0,0,0,38893231332006401938,3816.1231395312364638196810217904743,3816.1231395312364638196810217904743,0,0
2022-01-02 22:09:00,63813644159,-16714047303660463278,193849.0,193849.0,193849.0,193849.0,63813644159,0,38928845684116849845,3816.5047518451895874660629898926498,3816.1231395312364638196810217904743,63813.644159,0
2022-01-02 22:10:00,197951157656,-51814870001762303133,193848.0,193849.0,193847.0,193849.0,300166669399,26792804656773070007,38928845684116849845,3816.8864023203741064248095961916430,3816.5047518451895874660629898926498,300166.669399,26.792804656773070007
2022-01-02 22:11:00,-180163119475,47230000000000000000,193849.0,193849.0,193849.0,193849.0,0,47230000000000000000,38928845684116849845,3816.5047518451895874660629898926498,3816.8864023203741064248095961916430,0,47.23
2022-01-02 22:12:00,1030027323218,-269657838131672174198,193841.0,193846.0,193841.0,193846.0,1030027323218,0,38928845684116849845,3819.5590244817472395630633902270121,3816.5047518451895874660629898926498,1030027.323218,0
2022-01-02 22:13:00,0,0,193841.0,193841.0,193841.0,193841.0,0,0,38928845684116849845,3819.5590244817472395630633902270121,3819.5590244817472395630633902270121,0,0
2022-01-02 22:14:00,1214072681555,-317544253960116136108,193831.0,193839.0,193831.0,193839.0,1214072681555,0,38961329746862325291,3823.3803027662173068922989373609357,3819.5590244817472395630633902270121,1214072.681555,0
2022-01-02 22:15:00,-3439273607,900000000000000000,193831.0,193831.0,193831.0,193831.0,0,900000000000000000,38961329746862325291,3823.3803027662173068922989373609357,3823.3803027662173068922989373609357,0,0.9
2022-01-02 22:16:00,431208472080,-112682661032763235180,193827.0,193826.0,193826.0,193827.0,525000000000,24533970079611123944,38988300713099624838,3824.9098843054358633371894163231171,3823.3803027662173068922989373609357,525000,24.533970079611123944
2022-01-02 22:17:00,-1025705816946,268442950014235918566,193836.0,193827.0,193827.0,193836.0,54855895546,282778391141992722920,38961329746862325291,3821.4691859880880614200941817425329,3824.9098843054358633371894163231171,54855.895546,282.77839114199272292
2022-01-02 22:18:00,799366348667,-208997166216733746841,193829.0,193836.0,193829.0,193836.0,832278028139,8616816731359877627,38988300713099624838,3824.1450170605735780158504660714004,3821.4691859880880614200941817425329,832278.028139,8.616816731359877627
2022-01-02 22:19:00,-3846000463,1011464234498574848,193829.0,193829.0,193829.0,193829.0,19872631860,6205682774494710060,38988300713099624838,3824.1450170605735780158504660714004,3824.1450170605735780158504660714004,19872.63186,6.20568277449471006
2022-01-02 22:20:00,97436901676,-25447333067162600364,193828.0,193828.0,193828.0,193828.0,172167353983,19550293406556447910,38988300713099624838,3824.5274315622796353736520511180035,3824.1450170605735780158504660714004,172167.353983,19.55029340655644791
2022-01-02 22:21:00,42629339049,-11141294411066666590,193828.0,193828.0,193828.0,193828.0,42629339049,0,38988300713099624838,3824.5274315622796353736520511180035,3824.5274315622796353736520511180035,42629.339049,0
2022-01-02 22:22:00,48009952821,-12547061096893648632,193827.0,193827.0,193827.0,193827.0,48009952821,0,38988300713099624838,3824.9098843054358633371894163231171,3824.5274315622796353736520511180035,48009.952821,0
2022-01-02 22:23:00,-10494878142,2745464193573411142,193828.0,193828.0,193828.0,193828.0,0,2745464193573411142,38988300713099624838,3824.5274315622796353736520511180035,3824.9098843054358633371894163231171,0,2.745464193573411142
2022-01-02 22:24:00,1500000000,-392009741988950799,193828.0,193828.0,193828.0,193828.0,1500000000,0,38988300713099624838,3824.5274315622796353736520511180035,3824.5274315622796353736520511180035,1500,0
2022-01-02 22:25:00,-22975514401,6010479440823380733,193828.0,193828.0,193828.0,193828.0,0,6010479440823380733,38988300713099624838,3824.5274315622796353736520511180035,3824.5274315622796353736520511180035,0,6.010479440823380733
2022-01-02 22:26:00,84891077881,-22181054383267298323,193827.0,193828.0,193827.0,193828.0,100161284485,3994737500000000000,38988300713099624838,3824.9098843054358633371894163231171,3824.5274315622796353736520511180035,100161.284485,3.9947375
2022-01-02 22:27:00,64151221787,-16760719793790804204,193826.0,193827.0,193826.0,193827.0,76513600078,3233863640800255951,38988300713099624838,3825.2923752938664069235231352647515,3824.9098843054358633371894163231171,76513.600078,3.233863640800255951
2022-01-02 22:28:00,0,0,193826.0,193826.0,193826.0,193826.0,0,0,38988300713099624838,3825.2923752938664069235231352647515,3825.2923752938664069235231352647515,0,0
2022-01-02 22:29:00,0,0,193826.0,193826.0,193826.0,193826.0,0,0,38988300713099624838,3825.2923752938664069235231352647515,3825.2923752938664069235231352647515,0,0
2022-01-02 22:30:00,0,0,193826.0,193826.0,193826.0,193826.0,0,0,38988300713099624838,3825.2923752938664069235231352647515,3825.2923752938664069235231352647515,0,0
2022-01-02 22:31:00,53984391833,-14106473086811128491,193826.0,193826.0,193826.0,193826.0,53984391833,0,38988300713099624838,3825.2923752938664069235231352647515,3825.2923752938664069235231352647515,53984.391833,0
2022-01-02 22:32:00,-3410752287,892125000000000000,193826.0,193826.0,193826.0,193826.0,0,892125000000000000,38988300713099624838,3825.2923752938664069235231352647515,3825.2923752938664069235231352647515,0,0.892125
2022-01-02 22:33:00,-264065394551,69078583052023008853,193828.0,193828.0,193828.0,193828.0,5000000000,70385378979427499752,38988300713099624838,3824.5274315622796353736520511180035,3825.2923752938664069235231352647515,5000,70.385378979427499752
2022-01-02 22:34:00,-13626988506,3566393903581392056,193828.0,193828.0,193828.0,193828.0,4887310192,4843751696145387034,38988300713099624838,3824.5274315622796353736520511180035,3824.5274315622796353736520511180035,4887.310192,4.843751696145387034
2022-01-02 22:35:00,-30000000,7848694789331280,193828.0,193828.0,193828.0,193828.0,0,7848694789331280,38988300713099624838,3824.5274315622796353736520511180035,3824.5274315622796353736520511180035,0,0.00784869478933128
2022-01-02 22:36:00,-7950340168,2080000000000000000,193828.0,193828.0,193828.0,193828.0,0,2080000000000000000,38988300713099624838,3824.5274315622796353736520511180035,3824.5274315622796353736520511180035,0,2.08
2022-01-02 22:37:00,1327318344111,-346706671010314221706,193817.0,193824.0,193817.0,193824.0,1384306571992,14900135327744462567,39012237877567328417,3828.7365158582587555104640106543133,3824.5274315622796353736520511180035,1384306.571992,14.900135327744462567
2022-01-02 22:38:00,854749390655,-223074731866823061728,193810.0,193810.0,193810.0,193810.0,858004200000,850000000000000000,39012237877567328417,3831.4174355880470463105660228764432,3828.7365158582587555104640106543133,858004.2,0.85
2022-01-02 22:39:00,-134622279731,35158886372176842752,193811.0,193811.0,193811.0,193811.0,0,35158886372176842752,39012237877567328417,3831.0343321548315631542505978166595,3831.4174355880470463105660228764432,0,35.158886372176842752
2022-01-02 22:40:00,-61404022514,16038766296541497867,193812.0,193811.0,193811.0,193812.0,2928856952,16802963799451636815,39012237877567328417,3830.6512670281287502792226755491077,3831.0343321548315631542505978166595,2928.856952,16.802963799451636815
2022-01-02 22:41:00,-18376951077,4800000000000000000,193812.0,193812.0,193812.0,193812.0,0,4800000000000000000,39012237877567328417,3830.6512670281287502792226755491077,3830.6512670281287502792226755491077,0,4.8
2022-01-02 22:42:00,-1634712903676,428126215448598153095,193826.0,193812.0,193812.0,193853.0,3255845683593,1279999999770463830016,38988300713099624838,3825.2923752938664069235231352647515,3830.6512670281287502792226755491077,3255845.683593,1279.999999770463830016
2022-01-02 22:43:00,0,0,193826.0,193826.0,193826.0,193826.0,0,0,38988300713099624838,3825.2923752938664069235231352647515,3825.2923752938664069235231352647515,0,0
2022-01-02 22:44:00,0,0,193826.0,193826.0,193826.0,193826.0,0,0,38988300713099624838,3825.2923752938664069235231352647515,3825.2923752938664069235231352647515,0,0
2022-01-02 22:45:00,-36340863192,9508982951351834819,193826.0,193826.0,193826.0,193826.0,14413871949,13275236394371814847,38988300713099624838,3825.2923752938664069235231352647515,3825.2923752938664069235231352647515,14413.871949,13.275236394371814847
2022-01-02 22:46:00,801959763958,-209482155967190441057,193819.0,193826.0,193819.0,193826.0,801959763958,0,39012237877567328417,3827.9708834018695475822520844149076,3825.2923752938664069235231352647515,801959.763958,0
2022-01-02 22:47:00,-17000000000,4443615797312759872,193819.0,193819.0,193819.0,193819.0,0,4443615797312759872,39012237877567328417,3827.9708834018695475822520844149076,3827.9708834018695475822520844149076,0,4.443615797312759872
2022-01-02 22:48:00,-584880898621,153049073993173514087,193824.0,193815.0,193815.0,193824.0,495054478261,282295994764397969408,38988300713099624838,3826.0574720218489331435719091270321,3827.9708834018695475822520844149076,495054.478261,282.295994764397969408
2022-01-02 22:49:00,0,0,193824.0,193824.0,193824.0,193824.0,0,0,38988300713099624838,3826.0574720218489331435719091270321,3826.0574720218489331435719091270321,0,0
2022-01-02 22:50:00,3006285435,-783570485643659270,193824.0,193824.0,193824.0,193824.0,10043500150,1840347433254665319,38988300713099624838,3826.0574720218489331435719091270321,3826.0574720218489331435719091270321,10043.50015,1.840347433254665319
2022-01-02 22:51:00,-4005000000,1047378191120744156,193824.0,193824.0,193824.0,193824.0,0,1047378191120744156,38988300713099624838,3826.0574720218489331435719091270321,3826.0574720218489331435719091270321,0,1.047378191120744156
2022-01-02 22:52:00,57093291354,-14915648073982569232,193824.0,193824.0,193824.0,193824.0,57093291354,0,38988300713099624838,3826.0574720218489331435719091270321,3826.0574720218489331435719091270321,57093.291354,0
2022-01-02 22:53:00,-253190322981,66236978609888992091,193826.0,193826.0,193826.0,193827.0,73849832919,85534354892143769923,38988300713099624838,3825.2923752938664069235231352647515,3826.0574720218489331435719091270321,73849.832919,85.534354892143769923
2022-01-02 22:54:00,315561368266,-82444019420830923381,193823.0,193823.0,193823.0,193823.0,319811368266,1111339998646229909,38988300713099624838,3826.4400777690511180368862663179473,3825.2923752938664069235231352647515,319811.368266,1.111339998646229909
2022-01-02 22:55:00,100576394,-26273650395477747,193823.0,193823.0,193823.0,193823.0,100576394,0,38988300713099624838,3826.4400777690511180368862663179473,3826.4400777690511180368862663179473,100.576394,0
2022-01-02 22:56:00,-91130401506,23851703638623355029,193824.0,193824.0,193824.0,193825.0,79990722752,44750000000000000000,38988300713099624838,3826.0574720218489331435719091270321,3826.4400777690511180368862663179473,79990.722752,44.75
2022-01-02 22:57:00,5605318359,-1464388983956190013,193824.0,193824.0,193824.0,193824.0,5605318359,0,38988300713099624838,3826.0574720218489331435719091270321,3826.0574720218489331435719091270321,5605.318359,0
2022-01-02 22:58:00,731609456,-190670073625130294,193824.0,193824.0,193824.0,193824.0,2500000000,462453495214609692,38988300713099624838,3826.0574720218489331435719091270321,3826.0574720218489331435719091270321,2500,0.462453495214609692
2022-01-02 22:59:00,378447298947,-98853532388220911029,193821.0,193824.0,193821.0,193824.0,378447298947,0,38988300713099624838,3827.2054040490057059510048239400753,3826.0574720218489331435719091270321,378447.298947,0
2022-01-02 23:00:00,166493854342,-43479737427040437984,193820.0,193821.0,193820.0,193821.0,166493854342,0,38988300713099624838,3827.5881245894106065215999244224680,3827.2054040490057059510048239400753,166493.854342,0
2022-01-02 23:01:00,-614389848,161119795497892478,193820.0,193820.0,193820.0,193820.0,2000738606,683574608733192757,38988300713099624838,3827.5881245894106065215999244224680,3827.5881245894106065215999244224680,2000.738606,0.683574608733192757
2022-01-02 23:02:00,-2460096288,643051737267189391,193820.0,193820.0,193820.0,193820.0,0,643051737267189391,38988300713099624838,3827.5881245894106065215999244224680,3827.5881245894106065215999244224680,0,0.643051737267189391
2022-01-02 23:03:00,60659630380,-15839763718364006385,193819.0,193819.0,193819.0,193819.0,60659630380,0,39012237877567328417,3827.9708834018695475822520844149076,3827.5881245894106065215999244224680,60659.63038,0
2022-01-02 23:04:00,-1214197801870,317566428946431521530,193829.0,193830.0,193829.0,193830.0,151102382961,357064319371727798272,38988300713099624838,3824.1450170605735780158504660714004,3827.9708834018695475822520844149076,151102.382961,357.064319371727798272
2022-01-02 23:05:00,-15997252604,4186817744749174796,193829.0,193829.0,193829.0,193829.0,4642899042,5400400396117551218,38988300713099624838,3824.1450170605735780158504660714004,3824.1450170605735780158504660714004,4642.899042,5.400400396117551218
2022-01-02 23:06:00,0,0,193829.0,193829.0,193829.0,193829.0,0,0,38988300713099624838,3824.1450170605735780158504660714004,3824.1450170605735780158504660714004,0,0
2022-01-02 23:07:00,1053335700000,-275206275693016285909,193821.0,193821.0,193821.0,193821.0,1053335700000,0,38988300713099624838,3827.2054040490057059510048239400753,3824.1450170605735780158504660714004,1053335.7,0
2022-01-02 23:08:00,300000000000,-78337408815155155908,193818.0,193818.0,193818.0,193818.0,300000000000,0,39012237877567328417,3828.3536804902097345370103096233510,3827.2054040490057059510048239400753,300000,0
2022-01-02 23:09:00,-104621177948,27344300697477362057,193819.0,193818.0,193818.0,193819.0,0,27344300697477362057,39012237877567328417,3827.9708834018695475822520844149076,3828.3536804902097345370103096233510,0,27.344300697477362057
2022-01-02 23:10:00,6745940411,-1761460562734000414,193819.0,193819.0,193819.0,193819.0,6745940411,0,39012237877567328417,3827.9708834018695475822520844149076,3827.9708834018695475822520844149076,6745.940411,0
2022-01-02 23:11:00,-3634622726,950000000000000000,193819.0,193819.0,193819.0,193819.0,0,950000000000000000,39012237877567328417,3827.9708834018695475822520844149076,3827.9708834018695475822520844149076,0,0.95
2022-01-02 23:12:00,12178830603,-3180049776987945154,193819.0,193819.0,193819.0,193819.0,12178830603,0,39012237877567328417,3827.9708834018695475822520844149076,3827.9708834018695475822520844149076,12178.830603,0
2022-01-02 23:13:00,5000000000,-1305555212512599570,193819.0,193819.0,193819.0,193819.0,5000000000,0,39012237877567328417,3827.9708834018695475822520844149076,3827.9708834018695475822520844149076,5000,0
2022-01-02 23:14:00,-2552856310,668710812268556974,193819.0,193819.0,193819.0,193819.0,5608113315,2133044693800321024,39012237877567328417,3827.9708834018695475822520844149076,3827.9708834018695475822520844149076,5608.113315,2.133044693800321024
2022-01-02 23:15:00,3333000000,-870281944546152499,193819.0,193819.0,193819.0,193819.0,3333000000,0,39012237877567328417,3827.9708834018695475822520844149076,3827.9708834018695475822520844149076,3333,0
2022-01-02 23:16:00,-8315048994,2173325482280401205,193819.0,193819.0,193819.0,193819.0,0,2173325482280401205,39012237877567328417,3827.9708834018695475822520844149076,3827.9708834018695475822520844149076,0,2.173325482280401205
2022-01-02 23:17:00,11394598324,-2975253835180356171,193819.0,193819.0,193819.0,193819.0,11394598324,0,39012237877567328417,3827.9708834018695475822520844149076,3827.9708834018695475822520844149076,11394.598324,0
2022-01-02 23:18:00,4999481262,-1305410194840831660,193819.0,193819.0,193819.0,193819.0,4999481262,0,39012237877567328417,3827.9708834018695475822520844149076,3827.9708834018695475822520844149076,4999.481262,0
2022-01-02 23:19:00,785530088002,-205039973591479434004,193812.0,193819.0,193812.0,193819.0,793115100000,1982500000000000000,39012237877567328417,3830.6512670281287502792226755491077,3827.9708834018695475822520844149076,793115.1,1.9825
2022-01-02 23:20:00,0,0,193812.0,193812.0,193812.0,193812.0,0,0,39012237877567328417,3830.6512670281287502792226755491077,3830.6512670281287502792226755491077,0,0
2022-01-02 23:21:00,0,0,193812.0,193812.0,193812.0,193812.0,0,0,39012237877567328417,3830.6512670281287502792226755491077,3830.6512670281287502792226755491077,0,0
2022-01-02 23:22:00,-191409067064,50000000000000000000,193814.0,193814.0,193814.0,193814.0,0,50000000000000000000,39012237877567328417,3829.8852516789404454007380739269387,3830.6512670281287502792226755491077,0,50
2022-01-02 23:23:00,467914931378,-122083188238004495642,193810.0,193814.0,193810.0,193814.0,504997639285,9687685671770332089,39012237877567328417,3831.4174355880470463105660228764432,3829.8852516789404454007380739269387,504997.639285,9.687685671770332089
2022-01-02 23:24:00,261759988243,-68275869133591559269,193808.0,193810.0,193808.0,193810.0,278783447822,4445423021083476898,39015007032484432115,3832.1837573893390116002985991866784,3831.4174355880470463105660228764432,278783.447822,4.445423021083476898
2022-01-02 23:25:00,-68678442163,17943150167588821781,193808.0,193809.0,193808.0,193809.0,45300676440,29759483467557090973,39015007032484432115,3832.1837573893390116002985991866784,3832.1837573893390116002985991866784,45300.67644,29.759483467557090973
2022-01-02 23:26:00,-1284430051344,335550878071672122224,193819.0,193809.0,193809.0,193819.0,37175381896,345253489932066542217,39012237877567328417,3827.9708834018695475822520844149076,3832.1837573893390116002985991866784,37175.381896,345.253489932066542217
2022-01-02 23:27:00,0,0,193819.0,193819.0,193819.0,193819.0,0,0,39012237877567328417,3827.9708834018695475822520844149076,3827.9708834018695475822520844149076,0,0
2022-01-02 23:28:00,719323655311,-187770343305741524279,193813.0,193813.0,193813.0,193813.0,719323655311,0,39012237877567328417,3830.2682402041083394452781477343346,3827.9708834018695475822520844149076,719323.655311,0
2022-01-02 23:29:00,-56063327913,14645507273887737710,193813.0,193813.0,193813.0,193813.0,1000000000,14906479122470473420,39012237877567328417,3830.2682402041083394452781477343346,3830.2682402041083394452781477343346,1000,14.90647912247047342
2022-01-02 23:30:00,1959596815035,-510983066795242868557,193797.0,193808.0,193797.0,193808.0,1966522799830,1806358127151242445,39015007032484432115,3836.4012678559706483892096474144938,3830.2682402041083394452781477343346,1966522.79983,1.806358127151242445
2022-01-02 23:31:00,-196017917563,51127501478321919009,193799.0,193797.0,193797.0,193799.0,0,51127501478321919009,39015007032484432115,3835.6341026790938028377040782218084,3836.4012678559706483892096474144938,0,51.127501478321919009
2022-01-02 23:32:00,-123590583635,32240489507937028713,193800.0,193800.0,193800.0,193800.0,0,32240489507937028713,39015007032484432115,3835.2505776213316696707370045213556,3835.6341026790938028377040782218084,0,32.240489507937028713
2022-01-02 23:33:00,-58177000455,15177500000000000000,193800.0,193800.0,193800.0,193800.0,0,15177500000000000000,39015007032484432115,3835.2505776213316696707370045213556,3835.2505776213316696707370045213556,0,15.1775
2022-01-02 23:34:00,-30457292165,7949535341449324699,193801.0,193801.0,193801.0,193801.0,13022562819,11343714189779529248,39015007032484432115,3834.8670909122404456261743870826448,3835.2505776213316696707370045213556,13022.562819,11.343714189779529248
2022-01-02 23:35:00,-139229053920,36326639565552378199,193802.0,193802.0,193802.0,193802.0,0,36326639565552378199,39015007032484432115,3834.4836425479856470614682402586205,3834.8670909122404456261743870826448,0,36.326639565552378199
2022-01-02 23:36:00,-869931978637,227080781574768675907,193809.0,193801.0,193801.0,193809.0,36650809525,236635195822454341632,39015007032484432115,3831.8005773316058510151970794787327,3834.4836425479856470614682402586205,36650.809525,236.635195822454341632
2022-01-02 23:37:00,10000000000,-2608537046305649598,193809.0,193809.0,193809.0,193809.0,10000000000,0,39015007032484432115,3831.8005773316058510151970794787327,3831.8005773316058510151970794787327,10000,0
2022-01-02 23:38:00,14572563929,-3799868978992324690,193809.0,193809.0,193809.0,193809.0,19934290000,1400000000000000000,39017986580489501555,3831.8005773316058510151970794787327,3831.8005773316058510151970794787327,19934.29,1.4
2022-01-02 23:39:00,75988929402,-19818436706377550353,193808.0,193808.0,193808.0,193808.0,85998079419,2613319231470887045,39017986580489501555,3832.1837573893390116002985991866784,3831.8005773316058510151970794787327,85998.079419,2.613319231470887045
2022-01-02 23:40:00,-49483844230,12920204702179065856,193809.0,193808.0,193808.0,193809.0,0,12920204702179065856,39017986580489501555,3831.8005773316058510151970794787327,3832.1837573893390116002985991866784,0,12.920204702179065856
2022-01-02 23:41:00,4100873002,-1069685332801641847,193808.0,193808.0,193808.0,193808.0,4100873002,0,39017986580489501555,3832.1837573893390116002985991866784,3831.8005773316058510151970794787327,4100.873002,0
2022-01-02 23:42:00,-51380981573,13418062500000000000,193809.0,193808.0,193808.0,193809.0,7667475374,15418062500000000000,39017986580489501555,3831.8005773316058510151970794787327,3832.1837573893390116002985991866784,7667.475374,15.4180625
2022-01-02 23:43:00,-88118867468,23010000000000000000,193810.0,193810.0,193810.0,193810.0,0,23010000000000000000,39015217425572397857,3831.4174355880470463105660228764432,3831.8005773316058510151970794787327,0,23.01
2022-01-02 23:44:00,30489323033,-7952508525659848877,193809.0,193810.0,193809.0,193810.0,35211110129,1232986013793389751,39017986580489501555,3831.8005773316058510151970794787327,3831.4174355880470463105660228764432,35211.110129,1.232986013793389751
2022-01-02 23:45:00,914767942330,-238541762749885921112,193802.0,193802.0,193802.0,193802.0,915457782422,180000000000000000,39017986580489501555,3834.4836425479856470614682402586205,3831.8005773316058510151970794787327,915457.782422,0.18
2022-01-02 23:46:00,282873497180,-73720727037550537647,193799.0,193799.0,193799.0,193799.0,309734273644,7007061694842551874,39017986580489501555,3835.6341026790938028377040782218084,3834.4836425479856470614682402586205,309734.273644,7.007061694842551874
2022-01-02 23:47:00,-15051953139,3926610008620582199,193800.0,193799.0,193799.0,193800.0,0,3926610008620582199,39017986580489501555,3835.2505776213316696707370045213556,3835.6341026790938028377040782218084,0,3.926610008620582199
2022-01-02 23:48:00,73443405975,-19133600505469083097,193799.0,193800.0,193799.0,193800.0,96442964490,6000000000000000000,39017986580489501555,3835.6341026790938028377040782218084,3835.2505776213316696707370045213556,96442.96449,6
2022-01-02 23:49:00,-62313765527,16255353928772323929,193800.0,193799.0,193799.0,193800.0,0,16255353928772323929,39017986580489501555,3835.2505776213316696707370045213556,3835.6341026790938028377040782218084,0,16.255353928772323929
2022-01-02 23:50:00,0,0,193800.0,193800.0,193800.0,193800.0,0,0,39017986580489501555,3835.2505776213316696707370045213556,3835.2505776213316696707370045213556,0,0
2022-01-02 23:51:00,3800795721,-990519605902705592,193799.0,193799.0,193799.0,193799.0,3800795721,0,39017986580489501555,3835.6341026790938028377040782218084,3835.2505776213316696707370045213556,3800.795721,0
2022-01-02 23:52:00,0,0,193799.0,193799.0,193799.0,193799.0,0,0,39017986580489501555,3835.6341026790938028377040782218084,3835.6341026790938028377040782218084,0,0
2022-01-02 23:53:00,100000000000,-26059729369753465127,193799.0,193799.0,193799.0,193799.0,100000000000,0,39017986580489501555,3835.6341026790938028377040782218084,3835.6341026790938028377040782218084,100000,0
2022-01-02 23:54:00,-1072064616850,279782860763015559193,193808.0,193799.0,193799.0,193808.0,52047096913,293354922748463452969,39017986580489501555,3832.1837573893390116002985991866784,3835.6341026790938028377040782218084,52047.096913,293.354922748463452969
2022-01-02 23:55:00,3722991047,-947987205669783684,193807.0,193807.0,193807.0,193808.0,91970247673,23040049310723573285,39017986580489501555,3832.5669757650779455014586290465974,3832.1837573893390116002985991866784,91970.247673,23.040049310723573285
2022-01-02 23:56:00,111033636974,-28958140555014433582,193807.0,193807.0,193807.0,193807.0,111033636974,0,39017986580489501555,3832.5669757650779455014586290465974,3832.5669757650779455014586290465974,111033.636974,0
2022-01-02 23:57:00,-1117175339335,291787299438275083402,193816.0,193816.0,193816.0,193816.0,34909435668,300900000000000000000,39015217425572397857,3829.1193895098445813860150570553780,3832.5669757650779455014586290465974,34909.435668,300.9
2022-01-02 23:58:00,820819568,-214262194361413801,193816.0,193816.0,193816.0,193816.0,820819568,0,39015217425572397857,3829.1193895098445813860150570553780,3829.1193895098445813860150570553780,820.819568,0
2022-01-02 23:59:00,93010930289,-24270116977490544158,193815.0,193816.0,193815.0,193816.0,123630341323,8000000000000000000,39015217425572397857,3829.5023014487955658441536585610859,3829.1193895098445813860150570553780,123630.341323,8
2022-01-03 00:00:00,-596202893554,155811677192422803421,193820.0,193815.0,193815.0,193820.0,0,155811677192422803421,38991280261104694278,3827.5881245894106065215999244224680,3829.5023014487955658441536585610859,0,155.811677192422803421
2022-01-03 00:01:00,-1841097481220,481643314332467631283,193835.0,193820.0,193820.0,193835.0,16658059095,485996041812113948309,38964309294867394731,3821.8513329066868702262361911607068,3827.5881245894106065215999244224680,16658.059095,485.996041812113948309
2022-01-03 00:02:00,0,0,193835.0,193835.0,193835.0,193835.0,0,0,38964309294867394731,3821.8513329066868702262361911607068,3821.8513329066868702262361911607068,0,0
2022-01-03 00:03:00,-520764722141,136398391721799752499,193840.0,193835.0,193835.0,193840.0,116620604584,166903917753926733824,38931825232121919285,3819.9409803841954142870196965660373,3821.8513329066868702262361911607068,116620.604584,166.903917753926733824
2022-01-03 00:04:00,-91291676087,23912600659978062519,193840.0,193840.0,193840.0,193840.0,3103340000,24724605821705605711,38931825232121919285,3819.9409803841954142870196965660373,3819.9409803841954142870196965660373,3103.34,24.724605821705605711
2022-01-03 00:05:00,1117224049918,-292214361110643055388,193831.0,193831.0,193831.0,193831.0,1117988300000,200000000000000000,38964309294867394731,3823.3803027662173068922989373609357,3819.9409803841954142870196965660373,1117988.3,0.2
2022-01-03 00:06:00,4032397229,-1054199526965198294,193831.0,193831.0,193831.0,193831.0,4032397229,0,38964309294867394731,3823.3803027662173068922989373609357,3823.3803027662173068922989373609357,4032.397229,0
2022-01-03 00:07:00,-1118723416243,292899965368139931868,193840.0,193831.0,193831.0,193840.0,4364343338,294040942408376975360,38931825232121919285,3819.9409803841954142870196965660373,3823.3803027662173068922989373609357,4364.343338,294.04094240837697536
2022-01-03 00:08:00,-226051967023,59437474132980344034,193842.0,193835.0,193833.0,193842.0,842334157126,279778217091192304354,38931825232121919285,3819.1771067710701325498084093860730,3819.9409803841954142870196965660373,842334.157126,279.778217091192304354
2022-01-03 00:09:00,-846468710234,222017918249410288541,193849.0,193854.0,193849.0,193854.0,674295211377,398660524934383271936,38931825232121919285,3816.5047518451895874660629898926498,3819.1771067710701325498084093860730,674295.211377,398.660524934383271936
2022-01-03 00:10:00,-12314648547,3228556692534552455,193849.0,193849.0,193849.0,193849.0,0,3228556692534552455,38931825232121919285,3816.5047518451895874660629898926498,3816.5047518451895874660629898926498,0,3.228556692534552455
2022-01-03 00:11:00,-1238735390874,324934013694390257580,193860.0,193849.0,193849.0,193860.0,11598200306,327971698691910915210,38896210880011471378,3812.3091144201576552638309811407174,3816.5047518451895874660629898926498,11598.200306,327.97169869191091521
2022-01-03 00:12:00,3000000000,-786543645691432857,193860.0,193860.0,193860.0,193860.0,3000000000,0,38896210880011471378,3812.3091144201576552638309811407174,3812.3091144201576552638309811407174,3000,0
2022-01-03 00:13:00,154972466845,-40624765362526553043,193858.0,193860.0,193858.0,193860.0,168058220975,3434286758724731852,38896210880011471378,3813.0716143661328309964602999752595,3812.3091144201576552638309811407174,168058.220975,3.434286758724731852
2022-01-03 00:14:00,-220091289917,57759451157005280031,193860.0,193860.0,193860.0,193860.0,500000000,57890547128322945504,38896210880011471378,3812.3091144201576552638309811407174,3813.0716143661328309964602999752595,500,57.890547128322945504
2022-01-03 00:15:00,777258195515,-203705693934683844351,193854.0,193854.0,193854.0,193855.0,860055154348,21717833872579343843,38896210880011471378,3814.5970718114288138614547118201350,3812.3091144201576552638309811407174,860055.154348,21.717833872579343843
2022-01-03 00:16:00,-4956377317,1300000000000000000,193854.0,193854.0,193854.0,193854.0,0,1300000000000000000,38896210880011471378,3814.5970718114288138614547118201350,3814.5970718114288138614547118201350,0,1.3
2022-01-03 00:17:00,-164747714213,43277934858199655045,193855.0,193857.0,193855.0,193857.0,242027712477,106710122983041146923,38896210880011471378,3814.2156502464041734441103007900541,3814.5970718114288138614547118201350,242027.712477,106.710122983041146923
2022-01-03 00:18:00,0,0,193855.0,193855.0,193855.0,193855.0,0,0,38896210880011471378,3814.2156502464041734441103007900541,3814.2156502464041734441103007900541,0,0
2022-01-03 00:19:00,-543521692959,142676353753984743415,193860.0,193858.0,193858.0,193861.0,247041480243,207443057749364179430,38896210880011471378,3812.3091144201576552638309811407174,3814.2156502464041734441103007900541,247041.480243,207.44305774936417943
2022-01-03 00:20:00,806442263673,-211350791119130392547,193853.0,193859.0,193853.0,193859.0,853503687011,12349711763247871031,38896210880011471378,3814.9785315186099567428408572913169,3812.3091144201576552638309811407174,853503.687011,12.349711763247871031
2022-01-03 00:21:00,587995728880,-154018757574253861426,193848.0,193853.0,193848.0,193853.0,594175149341,1620000000000000000,38931825232121919285,3816.8864023203741064248095961916430,3814.9785315186099567428408572913169,594175.149341,1.62
2022-01-03 00:22:00,-37858311749,9924335505854589373,193848.0,193848.0,193848.0,193848.0,98001959,9950000000000000000,38931825232121919285,3816.8864023203741064248095961916430,3816.8864023203741064248095961916430,98.001959,9.95
2022-01-03 00:23:00,-116565766770,30558918498645059036,193849.0,193849.0,193849.0,193849.0,0,30558918498645059036,38931825232121919285,3816.5047518451895874660629898926498,3816.8864023203741064248095961916430,0,30.558918498645059036
2022-01-03 00:24:00,425715171365,-111479727630970591571,193846.0,193846.0,193846.0,193846.0,425715171365,0,38931825232121919285,3817.6498177697022044498356223589748,3816.5047518451895874660629898926498,425715.171365,0
2022-01-03 00:25:00,2613064726,-684147331865263284,193846.0,193846.0,193846.0,193846.0,2613064726,0,38931825232121919285,3817.6498177697022044498356223589748,3817.6498177697022044498356223589748,2613.064726,0
2022-01-03 00:26:00,-181051013056,47463443849377887586,193847.0,193846.0,193846.0,193847.0,38449176384,57530000000000000000,38931825232121919285,3817.2680909606061438354520771512577,3817.6498177697022044498356223589748,38449.176384,57.53
2022-01-03 00:27:00,145933526924,-38210226270990070988,193846.0,193847.0,193846.0,193847.0,150472295840,1189700594845646898,38931825232121919285,3817.6498177697022044498356223589748,3817.2680909606061438354520771512577,150472.29584,1.189700594845646898
2022-01-03 00:28:00,-55622615785,14578322993307910331,193847.0,193847.0,193847.0,193847.0,0,14578322993307910331,38931825232121919285,3817.2680909606061438354520771512577,3817.6498177697022044498356223589748,0,14.578322993307910331
2022-01-03 00:29:00,-54420652107,14263975386745909567,193847.0,193847.0,193847.0,193847.0,101684234,14290600578127795870,38931825232121919285,3817.2680909606061438354520771512577,3817.2680909606061438354520771512577,101.684234,14.29060057812779587
2022-01-03 00:30:00,106202634622,-27589767082448368326,193846.0,193840.0,193839.0,193846.0,938691856099,218110226729125000000,38931825232121919285,3817.6498177697022044498356223589748,3817.2680909606061438354520771512577,938691.856099,218.110226729125
2022-01-03 00:31:00,-893840443754,234354859553037318679,193854.0,193849.0,193849.0,193854.0,9946641325,236961100184625000000,38896210880011471378,3814.5970718114288138614547118201350,3817.6498177697022044498356223589748,9946.641325,236.961100184625
2022-01-03 00:32:00,-518013303101,135899434764515899251,193858.0,193853.0,193853.0,193858.0,14818759200,139782364204836374005,38896210880011471378,3813.0716143661328309964602999752595,3814.5970718114288138614547118201350,14818.7592,139.782364204836374005
2022-01-03 00:33:00,-363641784991,95435390772870675190,193861.0,193858.0,193858.0,193861.0,10000000000,98056721185799180267,38896210880011471378,3811.9279216279948557782531558251369,3813.0716143661328309964602999752595,10000,98.056721185799180267
2022-01-03 00:34:00,0,0,193861.0,193861.0,193861.0,193861.0,0,0,38896210880011471378,3811.9279216279948557782531558251369,3811.9279216279948557782531558251369,0,0
2022-01-03 00:35:00,7797280763,-2038965705892225764,193861.0,193861.0,193861.0,193861.0,29062243575,5581590482585786677,38896210880011471378,3811.9279216279948557782531558251369,3811.9279216279948557782531558251369,29062.243575,5.581590482585786677
2022-01-03 00:36:00,55461356204,-14541410663644526701,193860.0,193861.0,193860.0,193861.0,58804481137,877471650766142859,38896210880011471378,3812.3091144201576552638309811407174,3811.9279216279948557782531558251369,58804.481137,0.877471650766142859
2022-01-03 00:37:00,-62616171141,16434801521784764711,193861.0,193861.0,193861.0,193861.0,0,16434801521784764711,38896210880011471378,3811.9279216279948557782531558251369,3812.3091144201576552638309811407174,0,16.434801521784764711
2022-01-03 00:38:00,-11345282535,2977876257494183957,193861.0,193861.0,193861.0,193861.0,0,2977876257494183957,38896210880011471378,3811.9279216279948557782531558251369,3811.9279216279948557782531558251369,0,2.977876257494183957
2022-01-03 00:39:00,0,0,193861.0,193861.0,193861.0,193861.0,0,0,38896210880011471378,3811.9279216279948557782531558251369,3811.9279216279948557782531558251369,0,0
2022-01-03 00:40:00,-29221897199,7670438667190542336,193861.0,193861.0,193861.0,193861.0,883359725,7902073934468641083,38896210880011471378,3811.9279216279948557782531558251369,3811.9279216279948557782531558251369,883.359725,7.902073934468641083
2022-01-03 00:41:00,5100000000,-1337330667794769386,193861.0,193861.0,193861.0,193861.0,5100000000,0,38896210880011471378,3811.9279216279948557782531558251369,3811.9279216279948557782531558251369,5100,0
2022-01-03 00:42:00,125579455330,-32923988203389569591,193860.0,193860.0,193860.0,193860.0,140362858872,3880000000000000000,38896210880011471378,3812.3091144201576552638309811407174,3811.9279216279948557782531558251369,140362.858872,3.88
2022-01-03 00:43:00,-842024253192,221071935491445273116,193867.0,193861.0,193861.0,193867.0,0,221071935491445273116,38896210880011471378,3809.6415651664616578200531645180116,3812.3091144201576552638309811407174,0,221.071935491445273116
2022-01-03 00:44:00,831648562345,-218130503701417105416,193860.0,193867.0,193860.0,193867.0,831648562345,0,38896210880011471378,3812.3091144201576552638309811407174,3809.6415651664616578200531645180116,831648.562345,0
2022-01-03 00:45:00,-684277922463,181249584646289110602,193866.0,193860.0,193860.0,193921.0,6100901328637,1785999999770463830016,38896210880011471378,3810.0225293229783039858351698344633,3812.3091144201576552638309811407174,6100901.328637,1785.999999770463830016
2022-01-03 00:46:00,-4529542922,1189500000000000000,193866.0,193866.0,193866.0,193866.0,0,1189500000000000000,38896210880011471378,3810.0225293229783039858351698344633,3810.0225293229783039858351698344633,0,1.1895
2022-01-03 00:47:00,-7615838602,2000000000000000000,193866.0,193866.0,193866.0,193866.0,0,2000000000000000000,38896210880011471378,3810.0225293229783039858351698344633,3810.0225293229783039858351698344633,0,2
2022-01-03 00:48:00,210406082599,-55191703487874038735,193864.0,193866.0,193864.0,193866.0,222842477505,3265956496383421336,38896210880011471378,3810.7845719290681928764153767267785,3810.0225293229783039858351698344633,222842.477505,3.265956496383421336
2022-01-03 00:49:00,111987444730,-29373266748271552731,193863.0,193864.0,193863.0,193864.0,111987444730,0,38896210880011471378,3811.1656503862610996957030182644510,3810.7845719290681928764153767267785,111987.44473,0
2022-01-03 00:50:00,0,0,193863.0,193863.0,193863.0,193863.0,0,0,38896210880011471378,3811.1656503862610996957030182644510,3811.1656503862610996957030182644510,0,0
2022-01-03 00:51:00,508516965916,-133320916940235968667,193859.0,193863.0,193858.0,193863.0,599679242058,23922795279093058532,38896210880011471378,3812.6903453315996710293573642388345,3811.1656503862610996957030182644510,599679.242058,23.922795279093058532
2022-01-03 00:52:00,0,0,193859.0,193859.0,193859.0,193859.0,0,0,38896210880011471378,3812.6903453315996710293573642388345,3812.6903453315996710293573642388345,0,0
2022-01-03 00:53:00,-35368207305,9296882017190677281,193859.0,193860.0,193859.0,193860.0,57443109996,24357402274231016807,38896210880011471378,3812.6903453315996710293573642388345,3812.6903453315996710293573642388345,57443.109996,24.357402274231016807
2022-01-03 00:54:00,695950000000,-182408014324605395689,193854.0,193858.0,193854.0,193858.0,695950000000,0,38896210880011471378,3814.5970718114288138614547118201350,3812.6903453315996710293573642388345,695950,0
2022-01-03 00:55:00,500190800339,-131034227666443393931,193849.0,193854.0,193849.0,193854.0,500975000000,205684375000000000,38931825232121919285,3816.5047518451895874660629898926498,3814.5970718114288138614547118201350,500975,0.205684375
2022-01-03 00:56:00,-80008648098,20986906960299155008,193850.0,193849.0,193849.0,193850.0,37467379040,30800000000000000000,38896210880011471378,3816.1231395312364638196810217904743,3816.5047518451895874660629898926498,37467.37904,30.8
2022-01-03 00:57:00,4963341706,-1294056072030885330,193850.0,193850.0,193850.0,193850.0,27847017725,6000000000000000000,38896210880011471378,3816.1231395312364638196810217904743,3816.1231395312364638196810217904743,27847.017725,6
2022-01-03 00:58:00,-2068969472854,542944451250292305565,193867.0,193850.0,193850.0,193867.0,29929921101,550784382900032793891,38902123715288643519,3809.6415651664616578200531645180116,3816.1231395312364638196810217904743,29929.921101,550.784382900032793891
2022-01-03 00:59:00,22178342511,-5819153880185528618,193867.0,193867.0,193867.0,193867.0,22178342511,0,38902123715288643519,3809.6415651664616578200531645180116,3809.6415651664616578200531645180116,22178.342511,0
2022-01-03 01:00:00,-121957058348,32032446518509709671,193868.0,193867.0,193867.0,193868.0,0,32032446518509709671,38972021802687634277,3809.2606391025514026797851859994104,3809.6415651664616578200531645180116,0,32.032446518509709671
2022-01-03 01:01:00,-78141247779,20527029593755275770,193869.0,193868.0,193868.0,193869.0,4763481085,21777029593755275770,38972021802687634277,3808.8797511274386588139037956198519,3809.2606391025514026797851859994104,4763.481085,21.77702959375527577
2022-01-03 01:02:00,49413978947,-12967012041382470356,193868.0,193869.0,193868.0,193869.0,49413978947,0,38972021802687634277,3809.2606391025514026797851859994104,3808.8797511274386588139037956198519,49413.978947,0
2022-01-03 01:03:00,442728396928,-116141688590217631357,193865.0,193869.0,193865.0,193869.0,494192371678,13515714627576887319,38972021802687634277,3810.4035315759106018162337533514467,3809.2606391025514026797851859994104,494192.371678,13.515714627576887319
2022-01-03 01:04:00,179775000000,-47153968909202543277,193863.0,193863.0,193863.0,193863.0,179775000000,0,38972021802687634277,3811.1656503862610996957030182644510,3810.4035315759106018162337533514467,179775,0
2022-01-03 01:05:00,-402273483466,105639119783065722397,193867.0,193863.0,193863.0,193867.0,36898012255,115316522367455691320,38972021802687634277,3809.6415651664616578200531645180116,3811.1656503862610996957030182644510,36898.012255,115.31652236745569132
2022-01-03 01:06:00,-219340916487,57609675806084587254,193868.0,193867.0,193867.0,193868.0,0,57609675806084587254,38972021802687634277,3809.2606391025514026797851859994104,3809.6415651664616578200531645180116,0,57.609675806084587254
2022-01-03 01:07:00,24498678434,-6428641588156839057,193868.0,193868.0,193868.0,193868.0,24498678434,0,38972021802687634277,3809.2606391025514026797851859994104,3809.2606391025514026797851859994104,24498.678434,0
2022-01-03 01:08:00,-9779640460,2571585895026539909,193868.0,193868.0,193868.0,193868.0,10588432420,5350078520826539909,38972021802687634277,3809.2606391025514026797851859994104,3809.2606391025514026797851859994104,10588.43242,5.350078520826539909
2022-01-03 01:09:00,-626170616004,164518916351005917669,193873.0,193868.0,193868.0,193873.0,0,164518916351005917669,38967838268972882873,3807.3565800387985300181715279184646,3809.2606391025514026797851859994104,0,164.518916351005917669
2022-01-03 01:10:00,0,0,193873.0,193873.0,193873.0,193873.0,0,0,38967838268972882873,3807.3565800387985300181715279184646,3807.3565800387985300181715279184646,0,0
2022-01-03 01:11:00,-8675550344,2280000000000000000,193874.0,193874.0,193874.0,193874.0,0,2280000000000000000,38967838268972882873,3806.9758824505534746707044574727167,3807.3565800387985300181715279184646,0,2.28
2022-01-03 01:12:00,0,0,193874.0,193874.0,193874.0,193874.0,0,0,38967838268972882873,3806.9758824505534746707044574727167,3806.9758824505534746707044574727167,0,0
2022-01-03 01:13:00,-957169684218,251653416365868911095,193882.0,193879.0,193879.0,193882.0,3500000000,252573058177867915431,38968144950564591568,3803.9316717991992082555557019612383,3806.9758824505534746707044574727167,3500,252.573058177867915431
2022-01-03 01:14:00,-5187322468,1364361384024286879,193882.0,193882.0,193882.0,193882.0,0,1364361384024286879,38968144950564591568,3803.9316717991992082555557019612383,3803.9316717991992082555557019612383,0,1.364361384024286879
2022-01-03 01:15:00,580815344538,-152574115216865072266,193877.0,193877.0,193877.0,193877.0,587551073659,1770764185710593931,38967838268972882873,3805.8340180663072065014715137679402,3803.9316717991992082555557019612383,587551.073659,1.770764185710593931
2022-01-03 01:16:00,52085192470,-13678793657717582255,193876.0,193876.0,193876.0,193876.0,52085192470,0,38967838268972882873,3806.2146014681138372221216609193134,3805.8340180663072065014715137679402,52085.19247,0
2022-01-03 01:17:00,-41086351441,10815084851239903026,193877.0,193876.0,193876.0,193877.0,53633952015,24900000000000000000,38967838268972882873,3805.8340180663072065014715137679402,3806.2146014681138372221216609193134,53633.952015,24.9
2022-01-03 01:18:00,941759500000,-247234439414298412418,193869.0,193869.0,193869.0,193869.0,941759500000,0,38972021802687634277,3808.8797511274386588139037956198519,3805.8340180663072065014715137679402,941759.5,0
2022-01-03 01:19:00,-44897201575,11795853853917630145,193869.0,193869.0,193869.0,193869.0,7100000000,13659119550000000000,38972021802687634277,3808.8797511274386588139037956198519,3808.8797511274386588139037956198519,7100,13.65911955
2022-01-03 01:20:00,-190320720389,50000000000000000000,193871.0,193871.0,193871.0,193871.0,0,50000000000000000000,38967838268972882873,3808.1180894283720901121604624057632,3808.8797511274386588139037956198519,0,50
2022-01-03 01:21:00,-22849296808,6003508772104310447,193871.0,193871.0,193871.0,193871.0,520000000,6139994471447054110,38967838268972882873,3808.1180894283720901121604624057632,3808.1180894283720901121604624057632,520,6.13999447144705411
2022-01-03 01:22:00,-254960768520,66995682736557813940,193873.0,193871.0,193871.0,193873.0,500000000,67126949370161429488,38967838268972882873,3807.3565800387985300181715279184646,3808.1180894283720901121604624057632,500,67.126949370161429488
2022-01-03 01:23:00,-791044500010,207959231949342282539,193880.0,193877.0,193876.0,193880.0,28648619528,215483141086645570124,38968144950564591568,3804.6924961728757660891988956571854,3807.3565800387985300181715279184646,28648.619528,215.483141086645570124
2022-01-03 01:24:00,-115622496435,30406589245609460995,193881.0,193880.0,193880.0,193881.0,0,30406589245609460995,38968144950564591568,3804.3120649663791281763812575314325,3804.6924961728757660891988956571854,0,30.406589245609460995
2022-01-03 01:25:00,-1097999257128,288900575121220704470,193890.0,193883.0,193883.0,193890.0,4122541512,289984225987030589728,33208874859233875992,3800.8898954208153956093190988174666,3804.3120649663791281763812575314325,4122.541512,289.984225987030589728
2022-01-03 01:26:00,-192697975821,50729902284834712981,193892.0,193892.0,193892.0,193892.0,398784061,50834791376594781319,33208874859233875992,3800.1298314532264357898967615661850,3800.8898954208153956093190988174666,398.784061,50.834791376594781319
2022-01-03 01:27:00,0,0,193892.0,193892.0,193892.0,193892.0,0,0,33208874859233875992,3800.1298314532264357898967615661850,3800.1298314532264357898967615661850,0,0
2022-01-03 01:28:00,52576784549,-13777519923393565459,193891.0,193892.0,193890.0,193892.0,246298745067,51000000000000000000,33208874859233875992,3800.5098444363717584334757512423411,3800.1298314532264357898967615661850,246298.745067,51
2022-01-03 01:29:00,39160108811,-10297393050688030792,193891.0,193891.0,193891.0,193891.0,46231792850,1861698464764509837,33208874859233875992,3800.5098444363717584334757512423411,3800.5098444363717584334757512423411,46231.79285,1.861698464764509837
2022-01-03 01:30:00,557490600000,-146581362363994077174,193886.0,193886.0,193886.0,193886.0,563080600000,1470932252979684410,38968144950564591568,3802.4104794475813866871593666801149,3800.5098444363717584334757512423411,563080.6,1.47093225297968441
2022-01-03 01:31:00,-45600172310,11999768644191957373,193886.0,193886.0,193886.0,193886.0,2088677076,12548822290362607812,38968144950564591568,3802.4104794475813866871593666801149,3802.4104794475813866871593666801149,2088.677076,12.548822290362607812
2022-01-03 01:32:00,-23554364505,6201935115066875507,193887.0,193887.0,193887.0,193887.0,13936601614,9865690902179899043,38968144950564591568,3802.0302764199393927478845782222914,3802.4104794475813866871593666801149,13936.601614,9.865690902179899043
2022-01-03 01:33:00,-159018136132,41894121845131879837,193888.0,193885.0,193885.0,193888.0,173857951286,87595785409428260358,38968144950564591568,3801.6501114087985128965949187304199,3802.0302764199393927478845782222914,173857.951286,87.595785409428260358
2022-01-03 01:34:00,12499069928,-3286259200763251506,193888.0,193888.0,193888.0,193888.0,12499069928,0,38968144950564591568,3801.6501114087985128965949187304199,3801.6501114087985128965949187304199,12499.069928,0
2022-01-03 01:35:00,-74706121173,19662559609960562507,193888.0,193888.0,193888.0,193888.0,2425722837,20300368373571529195,38968144950564591568,3801.6501114087985128965949187304199,3801.6501114087985128965949187304199,2425.722837,20.300368373571529195
2022-01-03 01:36:00,0,0,193888.0,193888.0,193888.0,193888.0,0,0,38968144950564591568,3801.6501114087985128965949187304199,3801.6501114087985128965949187304199,0,0
2022-01-03 01:37:00,7315385422,-1918933927723677577,193888.0,193888.0,193888.0,193888.0,24543188266,4534270330553299688,38968144950564591568,3801.6501114087985128965949187304199,3801.6501114087985128965949187304199,24543.188266,4.534270330553299688
2022-01-03 01:38:00,544199457070,-143055981383252419122,193884.0,193888.0,193884.0,193888.0,544199457070,0,38968144950564591568,3803.1709995675756974403106654250469,3801.6501114087985128965949187304199,544199.45707,0
2022-01-03 01:39:00,-87447074950,23008840804667189427,193885.0,193884.0,193884.0,193885.0,9997599567,25636558829381469662,38968144950564591568,3802.7907204955261448258280826167837,3803.1709995675756974403106654250469,9997.599567,25.636558829381469662
2022-01-03 01:40:00,-375929582980,98945115496916076865,193888.0,193884.0,193884.0,193888.0,90310885503,122680977236126114546,38968144950564591568,3801.6501114087985128965949187304199,3802.7907204955261448258280826167837,90310.885503,122.680977236126114546
2022-01-03 01:41:00,2682025707,-699893051842557333,193888.0,193887.0,193887.0,193888.0,22650000000,5255099723122999296,38968144950564591568,3801.6501114087985128965949187304199,3801.6501114087985128965949187304199,22650,5.255099723122999296
2022-01-03 01:42:00,6546092236,-1717570451799067722,193888.0,193888.0,193888.0,193888.0,19825000000,3494743588003119104,38968144950564591568,3801.6501114087985128965949187304199,3801.6501114087985128965949187304199,19825,3.494743588003119104
2022-01-03 01:43:00,3000000000,-788741167481875917,193888.0,193888.0,193888.0,193888.0,3000000000,0,38968144950564591568,3801.6501114087985128965949187304199,3801.6501114087985128965949187304199,3000,0
2022-01-03 01:44:00,-964203872126,253878180008333525227,193897.0,193897.0,193897.0,193897.0,39405415060,264247949347189555014,33208874859233875992,3798.2303364239965925765587432503849,3801.6501114087985128965949187304199,39405.41506,264.247949347189555014
2022-01-03 01:45:00,199614916058,-52520237919182645604,193895.0,193896.0,193895.0,193896.0,213896640333,3761688112445652992,33208874859233875992,3798.9900204735847561350399807646228,3798.2303364239965925765587432503849,213896.640333,3.761688112445652992
2022-01-03 01:46:00,0,0,193895.0,193895.0,193895.0,193895.0,0,0,33208874859233875992,3798.9900204735847561350399807646228,3798.9900204735847561350399807646228,0,0
2022-01-03 01:47:00,4636729740,-1215926339217384730,193895.0,193894.0,193894.0,193895.0,19825000000,4000000000000000000,33208874859233875992,3798.9900204735847561350399807646228,3798.9900204735847561350399807646228,19825,4
2022-01-03 01:48:00,-239706072620,63138440922441886562,193897.0,193895.0,193895.0,193897.0,5000000000,64453936639358032169,33208874859233875992,3798.2303364239965925765587432503849,3798.9900204735847561350399807646228,5000,64.453936639358032169
2022-01-03 01:49:00,-27537675283,7254770669290544773,193897.0,193897.0,193897.0,193897.0,2153028481,7821364106598693667,33208874859233875992,3798.2303364239965925765587432503849,3798.2303364239965925765587432503849,2153.028481,7.821364106598693667
2022-01-03 01:50:00,2000000000,-526336491225724167,193897.0,193897.0,193897.0,193897.0,2000000000,0,33208874859233875992,3798.2303364239965925765587432503849,3798.2303364239965925765587432503849,2000,0
2022-01-03 01:51:00,-12831315819,3380192093209468707,193897.0,193897.0,193897.0,193897.0,0,3380192093209468707,33208874859233875992,3798.2303364239965925765587432503849,3798.2303364239965925765587432503849,0,3.380192093209468707
2022-01-03 01:52:00,-105855524099,27890220773920003670,193898.0,193897.0,193897.0,193898.0,10496591616,30652630648655238462,33208874859233875992,3797.8505513688597066058981534350426,3798.2303364239965925765587432503849,10496.591616,30.652630648655238462
2022-01-03 01:53:00,497494700000,-130908059058868328771,193894.0,193894.0,193894.0,193894.0,497494700000,0,33208874859233875992,3799.3699194756321146106534847626967,3797.8505513688597066058981534350426,497494.7,0
2022-01-03 01:54:00,-18906716101,4996893025681140594,193894.0,193894.0,193894.0,193894.0,68624749659,23050750014711194803,33208874859233875992,3799.3699194756321146106534847626967,3799.3699194756321146106534847626967,68624.749659,23.050750014711194803
2022-01-03 01:55:00,277397019598,-72946241038802970063,193891.0,193894.0,193891.0,193894.0,354300262945,20250292541418263123,33208874859233875992,3800.5098444363717584334757512423411,3799.3699194756321146106534847626967,354300.262945,20.250292541418263123
2022-01-03 01:56:00,721161897663,-189602747771739128277,193885.0,193885.0,193885.0,193885.0,741177000000,5266004143478479538,38968144950564591568,3802.7907204955261448258280826167837,3800.5098444363717584334757512423411,741177,5.266004143478479538
2022-01-03 01:57:00,-133610723808,35211953037308908765,193886.0,193887.0,193886.0,193887.0,214841318373,91689956303634759259,38968144950564591568,3802.4104794475813866871593666801149,3802.7907204955261448258280826167837,214841.318373,91.689956303634759259
2022-01-03 01:58:00,110443972716,-29028436662329108748,193885.0,193885.0,193885.0,193885.0,120443972716,2631101129916161938,38968144950564591568,3802.7907204955261448258280826167837,3802.4104794475813866871593666801149,120443.972716,2.631101129916161938
2022-01-03 01:59:00,-27328523743,7190457847629025510,193885.0,193885.0,193885.0,193885.0,0,7190457847629025510,38968144950564591568,3802.7907204955261448258280826167837,3802.7907204955261448258280826167837,0,7.19045784762902551
2022-01-03 02:00:00,-14309200060,3764985027573650919,193885.0,193885.0,193885.0,193885.0,0,3764985027573650919,38968144950564591568,3802.7907204955261448258280826167837,3802.7907204955261448258280826167837,0,3.764985027573650919
2022-01-03 02:01:00,-281364297397,74040667885485581929,193888.0,193888.0,193888.0,193888.0,0,74040667885485581929,38968144950564591568,3801.6501114087985128965949187304199,3802.7907204955261448258280826167837,0,74.040667885485581929
2022-01-03 02:02:00,79011455840,-20771887869895146197,193887.0,193887.0,193887.0,193887.0,82213144211,842562500000000000,38968144950564591568,3802.0302764199393927478845782222914,3801.6501114087985128965949187304199,82213.144211,0.8425625
2022-01-03 02:03:00,0,0,193887.0,193887.0,193887.0,193887.0,0,0,38968144950564591568,3802.0302764199393927478845782222914,3802.0302764199393927478845782222914,0,0
2022-01-03 02:04:00,10500000000,-2760429406287425292,193887.0,193887.0,193887.0,193887.0,10500000000,0,38968144950564591568,3802.0302764199393927478845782222914,3802.0302764199393927478845782222914,10500,0
2022-01-03 02:05:00,-234737632400,61779587311925238763,193889.0,193887.0,193887.0,193889.0,0,61779587311925238763,38968144950564591568,3801.2699844103574771488800307273478,3802.0302764199393927478845782222914,0,61.779587311925238763
2022-01-03 02:06:00,-58565521603,15415489368775891696,193889.0,193889.0,193889.0,193889.0,0,15415489368775891696,38968144950564591568,3801.2699844103574771488800307273478,3801.2699844103574771488800307273478,0,15.415489368775891696
2022-01-03 02:07:00,-1666506360630,439030887896436306142,193906.0,193906.0,193906.0,193906.0,36576584584,448664940943994610121,33162254255604310186,3794.8136376983463444615792621400572,3801.2699844103574771488800307273478,36576.584584,448.664940943994610121
2022-01-03 02:08:00,-12694985534,3347090257598622589,193906.0,193906.0,193906.0,193906.0,0,3347090257598622589,33162254255604310186,3794.8136376983463444615792621400572,3794.8136376983463444615792621400572,0,3.347090257598622589
2022-01-03 02:09:00,-44636405992,11772173896620225338,193906.0,193906.0,193906.0,193906.0,12342910618,15023366494841392208,33162254255604310186,3794.8136376983463444615792621400572,3794.8136376983463444615792621400572,12342.910618,15.023366494841392208
2022-01-03 02:10:00,0,0,193906.0,193906.0,193906.0,193906.0,0,0,33162254255604310186,3794.8136376983463444615792621400572,3794.8136376983463444615792621400572,0,0
2022-01-03 02:11:00,-75923793013,20045778579812300821,193907.0,193907.0,193906.0,193907.0,100084593970,46410252268047452891,33162254255604310186,3794.4341942789184526163176303770194,3794.8136376983463444615792621400572,100084.59397,46.410252268047452891
2022-01-03 02:12:00,-59173112077,15614743119230558083,193908.0,193908.0,193907.0,193908.0,42078436569,26700000000000000000,33162254255604310186,3794.0547888000384487714404863283840,3794.4341942789184526163176303770194,42078.436569,26.7
2022-01-03 02:13:00,0,0,193908.0,193908.0,193908.0,193908.0,0,0,33162254255604310186,3794.0547888000384487714404863283840,3794.0547888000384487714404863283840,0,0
2022-01-03 02:14:00,-1028824585501,271481119889640635040,193918.0,193907.0,193907.0,193919.0,154266269482,312163905507849931145,33162254255604310186,3790.2628199069513957872146471183444,3794.0547888000384487714404863283840,154266.269482,312.163905507849931145
2022-01-03 02:15:00,17146282092,-4521514310123033498,193917.0,193917.0,193917.0,193917.0,17146282092,0,33162254255604310186,3790.6418461889420909267933685830514,3790.2628199069513957872146471183444,17146.282092,0
2022-01-03 02:16:00,-163104169193,43108024659642533886,193919.0,193920.0,193919.0,193920.0,193054540090,94026522219522494332,33162254255604310186,3789.8838315237990158856260845098900,3790.6418461889420909267933685830514,193054.54009,94.026522219522494332
2022-01-03 02:17:00,-266575865818,70393864593468424461,193922.0,193922.0,193921.0,193922.0,26504336064,77385964393392513924,33199845580359678569,3788.7470937294786133235411438471777,3789.8838315237990158856260845098900,26504.336064,77.385964393392513924
2022-01-03 02:18:00,1288881309606,-339778662093074626277,193909.0,193923.0,193909.0,193923.0,1395573073298,28176110003572718927,33162254255604310186,3793.6754212579126575056899173366532,3788.7470937294786133235411438471777,1395573.073298,28.176110003572718927
2022-01-03 02:19:00,683167921,-180000000000000000,193909.0,193909.0,193909.0,193909.0,683167921,0,33162254255604310186,3793.6754212579126575056899173366532,3793.6754212579126575056899173366532,683.167921,0
2022-01-03 02:20:00,421629580233,-111033709818115441021,193905.0,193909.0,193904.0,193909.0,549226690910,33638064761203255469,33162254255604310186,3795.1931190621161790960254200662709,3793.6754212579126575056899173366532,549226.69091,33.638064761203255469
2022-01-03 02:21:00,-65229604641,17219643160121766109,193906.0,193906.0,193906.0,193906.0,84993584321,39606735261720227397,33162254255604310186,3794.8136376983463444615792621400572,3795.1931190621161790960254200662709,84993.584321,39.606735261720227397
2022-01-03 02:22:00,-52314453897,13798640535403788113,193906.0,193906.0,193906.0,193906.0,21161534988,19372519438131017925,33162254255604310186,3794.8136376983463444615792621400572,3794.8136376983463444615792621400572,21161.534988,19.372519438131017925
2022-01-03 02:23:00,11627195592,-3062585603727190139,193906.0,193906.0,193906.0,193906.0,11627195592,0,33162254255604310186,3794.8136376983463444615792621400572,3794.8136376983463444615792621400572,11627.195592,0
2022-01-03 02:24:00,-23677021090,6242769294680225557,193906.0,193906.0,193906.0,193906.0,0,6242769294680225557,33162254255604310186,3794.8136376983463444615792621400572,3794.8136376983463444615792621400572,0,6.242769294680225557
2022-01-03 02:25:00,-144595848708,38136649474868043846,193908.0,193907.0,193907.0,193908.0,33540796166,46972648103378635551,33162254255604310186,3794.0547888000384487714404863283840,3794.8136376983463444615792621400572,33540.796166,46.972648103378635551
2022-01-03 02:26:00,1636883169,-424953737406455192,193908.0,193908.0,193908.0,193908.0,25408231666,6268630100114651584,33162254255604310186,3794.0547888000384487714404863283840,3794.0547888000384487714404863283840,25408.231666,6.268630100114651584
2022-01-03 02:27:00,13474426441,-3544680268497549726,193907.0,193907.0,193907.0,193908.0,32435130870,5000000000000000000,33162254255604310186,3794.4341942789184526163176303770194,3794.0547888000384487714404863283840,32435.13087,5
2022-01-03 02:28:00,0,0,193907.0,193907.0,193907.0,193907.0,0,0,33162254255604310186,3794.4341942789184526163176303770194,3794.4341942789184526163176303770194,0,0
2022-01-03 02:29:00,3555758004,-935115178474039932,193907.0,193907.0,193907.0,193907.0,9623295192,1600000000000000000,33162254255604310186,3794.4341942789184526163176303770194,3794.4341942789184526163176303770194,9623.295192,1.6
2022-01-03 02:30:00,-208719921673,55044902573976375550,193909.0,193909.0,193909.0,193909.0,0,55044902573976375550,33162254255604310186,3793.6754212579126575056899173366532,3794.4341942789184526163176303770194,0,55.04490257397637555
2022-01-03 02:31:00,0,0,193909.0,193909.0,193909.0,193909.0,0,0,33162254255604310186,3793.6754212579126575056899173366532,3793.6754212579126575056899173366532,0,0
2022-01-03 02:32:00,-206595238,55228465993375175,193909.0,193909.0,193909.0,193909.0,2800000000,793000000000000000,33162254255604310186,3793.6754212579126575056899173366532,3793.6754212579126575056899173366532,2800,0.793
2022-01-03 02:33:00,-16788887391,4436728334680405530,193910.0,193909.0,193909.0,193910.0,32500000000,13000000000000000000,33162254255604310186,3793.2960916487477827274171756190889,3793.6754212579126575056899173366532,32500,13
2022-01-03 02:34:00,15468979733,-4074999765358889469,193909.0,193909.0,193909.0,193909.0,19070833922,950000000000000000,33162254255604310186,3793.6754212579126575056899173366532,3793.2960916487477827274171756190889,19070.833922,0.95
2022-01-03 02:35:00,879348661538,-231598674685751779138,193901.0,193909.0,193901.0,193909.0,883460930397,1084627518394235041,33162254255604310186,3796.7114240365093212901949469238237,3793.6754212579126575056899173366532,883460.930397,1.084627518394235041
2022-01-03 02:36:00,-143188938775,37810081439102712378,193902.0,193901.0,193899.0,193902.0,278340261338,111082046614885464564,33162254255604310186,3796.3317908574235789323017167521488,3796.7114240365093212901949469238237,278340.261338,111.082046614885464564
2022-01-03 02:37:00,40270704166,-10603072919238292291,193902.0,193902.0,193902.0,193902.0,40270704166,0,33162254255604310186,3796.3317908574235789323017167521488,3796.3317908574235789323017167521488,40270.704166,0
2022-01-03 02:38:00,0,0,193902.0,193902.0,193902.0,193902.0,0,0,33162254255604310186,3796.3317908574235789323017167521488,3796.3317908574235789323017167521488,0,0
2022-01-03 02:39:00,88765918890,-23370142723107815109,193901.0,193901.0,193901.0,193901.0,88765918890,0,33162254255604310186,3796.7114240365093212901949469238237,3796.3317908574235789323017167521488,88765.91889,0
2022-01-03 02:40:00,185733818042,-48893124014075732081,193899.0,193900.0,193899.0,193900.0,185733818042,0,33208874859233875992,3797.4708042884308635195461988151604,3796.7114240365093212901949469238237,185733.818042,0
2022-01-03 02:41:00,4830612758,-1271506438658392291,193899.0,193899.0,193899.0,193899.0,4830612758,0,33208874859233875992,3797.4708042884308635195461988151604,3797.4708042884308635195461988151604,4830.612758,0
2022-01-03 02:42:00,-36228046923,9553367397724985963,193899.0,193899.0,193899.0,193900.0,29561375228,17334836736203822417,33208874859233875992,3797.4708042884308635195461988151604,3797.4708042884308635195461988151604,29561.375228,17.334836736203822417
2022-01-03 02:43:00,52225626780,-13746852764281595215,193899.0,193899.0,193899.0,193899.0,52225626780,0,33208874859233875992,3797.4708042884308635195461988151604,3797.4708042884308635195461988151604,52225.62678,0
2022-01-03 02:44:00,932619304770,-245365500010571904198,193890.0,193899.0,193890.0,193899.0,936193376361,941687500000000000,33208874859233875992,3800.8898954208153956093190988174666,3797.4708042884308635195461988151604,936193.376361,0.9416875
2022-01-03 02:45:00,-37292547925,9816967526723939125,193890.0,193890.0,193890.0,193890.0,0,9816967526723939125,33208874859233875992,3800.8898954208153956093190988174666,3800.8898954208153956093190988174666,0,9.816967526723939125
2022-01-03 02:46:00,-7530926165,1982500000000000000,193890.0,193890.0,193890.0,193890.0,0,1982500000000000000,33208874859233875992,3800.8898954208153956093190988174666,3800.8898954208153956093190988174666,0,1.9825
2022-01-03 02:47:00,-980482777047,258234752922491971499,193900.0,193890.0,193890.0,193900.0,619205768,258397595085548890137,33162254255604310186,3797.0910951789129722223239664185140,3800.8898954208153956093190988174666,619.205768,258.397595085548890137
2022-01-03 02:48:00,36926661665,-9720314321297635254,193900.0,193900.0,193900.0,193900.0,36926661665,0,33162254255604310186,3797.0910951789129722223239664185140,3797.0910951789129722223239664185140,36926.661665,0
2022-01-03 02:49:00,-72675246259,19150000000000000000,193900.0,193900.0,193900.0,193900.0,0,19150000000000000000,33162254255604310186,3797.0910951789129722223239664185140,3797.0910951789129722223239664185140,0,19.15
2022-01-03 02:50:00,18816176562,-4953255055369217565,193900.0,193900.0,193900.0,193900.0,18816176562,0,33162254255604310186,3797.0910951789129722223239664185140,3797.0910951789129722223239664185140,18816.176562,0
2022-01-03 02:51:00,15109773539,-3977498828061635536,193900.0,193900.0,193900.0,193900.0,15109773539,0,33162254255604310186,3797.0910951789129722223239664185140,3797.0910951789129722223239664185140,15109.773539,0
2022-01-03 02:52:00,-448458888874,118195585708899212876,193904.0,193904.0,193904.0,193904.0,0,118195585708899212876,33162254255604310186,3795.5726383740223907139350226082803,3797.0910951789129722223239664185140,0,118.195585708899212876
2022-01-03 02:53:00,-3647373316,961512500000000000,193904.0,193904.0,193904.0,193904.0,0,961512500000000000,33162254255604310186,3795.5726383740223907139350226082803,3795.5726383740223907139350226082803,0,0.9615125
2022-01-03 02:54:00,25083265872,-6605662441495833693,193904.0,193904.0,193904.0,193904.0,25283265872,52723528698555751,33162254255604310186,3795.5726383740223907139350226082803,3795.5726383740223907139350226082803,25283.265872,0.052723528698555751
2022-01-03 02:55:00,633026303068,-166654160003377012397,193898.0,193898.0,193898.0,193898.0,635303744722,600000000000000000,33208874859233875992,3797.8505513688597066058981534350426,3795.5726383740223907139350226082803,635303.744722,0.6
2022-01-03 02:56:00,-13514513321,3560403802620920950,193898.0,193898.0,193898.0,193898.0,0,3560403802620920950,33208874859233875992,3797.8505513688597066058981534350426,3797.8505513688597066058981534350426,0,3.56040380262092095
2022-01-03 02:57:00,-15307158177,4034380829628495155,193898.0,193898.0,193898.0,193898.0,6254072351,5680377244289849523,33208874859233875992,3797.8505513688597066058981534350426,3797.8505513688597066058981534350426,6254.072351,5.680377244289849523
2022-01-03 02:58:00,78991713789,-20785022994329983104,193897.0,193898.0,193897.0,193898.0,94998948954,4217119784380804668,33209954426927633838,3798.2303364239965925765587432503849,3797.8505513688597066058981534350426,94998.948954,4.217119784380804668
2022-01-03 02:59:00,3799797932,-1000000000000000000,193897.0,193897.0,193897.0,193897.0,3799797932,0,33209954426927633838,3798.2303364239965925765587432503849,3798.2303364239965925765587432503849,3799.797932,0
2022-01-03 03:00:00,16417213134,-4320076444897131450,193897.0,193897.0,193897.0,193897.0,18049523243,430000000000000000,33209954426927633838,3798.2303364239965925765587432503849,3798.2303364239965925765587432503849,18049.523243,0.43
2022-01-03 03:01:00,-35249163731,9541689370330273395,193898.0,193897.0,193896.0,193906.0,971145552269,265221511466299269244,33209954426927633838,3797.8505513688597066058981534350426,3798.2303364239965925765587432503849,971145.552269,265.221511466299269244
2022-01-03 03:02:00,836396053312,-220029805932885232399,193889.0,193892.0,193889.0,193892.0,836396053312,0,38969224518258349414,3801.2699844103574771488800307273478,3797.8505513688597066058981534350426,836396.053312,0
2022-01-03 03:03:00,0,0,193889.0,193889.0,193889.0,193889.0,0,0,38969224518258349414,3801.2699844103574771488800307273478,3801.2699844103574771488800307273478,0,0
2022-01-03 03:04:00,35314011853,-9286106110008742790,193889.0,193889.0,193889.0,193889.0,35314011853,0,38969224518258349414,3801.2699844103574771488800307273478,3801.2699844103574771488800307273478,35314.011853,0
2022-01-03 03:05:00,95533868593,-25118863729666360615,193888.0,193888.0,193888.0,193888.0,100000000000,1175467908227993768,38969224518258349414,3801.6501114087985128965949187304199,3801.2699844103574771488800307273478,100000,1.175467908227993768
2022-01-03 03:06:00,4215081795,-1108283656596558864,193888.0,193888.0,193888.0,193888.0,4215081795,0,38969224518258349414,3801.6501114087985128965949187304199,3801.6501114087985128965949187304199,4215.081795,0
2022-01-03 03:07:00,-46629795780,12283462042629850492,193889.0,193888.0,193888.0,193889.0,39784081498,22743814280848526728,38969224518258349414,3801.2699844103574771488800307273478,3801.6501114087985128965949187304199,39784.081498,22.743814280848526728
2022-01-03 03:08:00,0,0,193889.0,193889.0,193889.0,193889.0,0,0,38969224518258349414,3801.2699844103574771488800307273478,3801.2699844103574771488800307273478,0,0
2022-01-03 03:09:00,20017854268,-5263503692611885925,193888.0,193888.0,193888.0,193888.0,20017854268,0,38969224518258349414,3801.6501114087985128965949187304199,3801.2699844103574771488800307273478,20017.854268,0
2022-01-03 03:10:00,53797353675,-14145066247524992954,193888.0,193888.0,193888.0,193888.0,53797353675,0,38969224518258349414,3801.6501114087985128965949187304199,3801.6501114087985128965949187304199,53797.353675,0
2022-01-03 03:11:00,-30898059100,8132153002840407728,193888.0,193888.0,193888.0,193888.0,0,8132153002840407728,38969224518258349414,3801.6501114087985128965949187304199,3801.6501114087985128965949187304199,0,8.132153002840407728
2022-01-03 03:12:00,-3155017982,830776600920835443,193888.0,193888.0,193888.0,193888.0,1467593627,1216657024217760861,38969224518258349414,3801.6501114087985128965949187304199,3801.6501114087985128965949187304199,1467.593627,1.216657024217760861
2022-01-03 03:13:00,-43399597960,11422853806879745998,193889.0,193889.0,193889.0,193889.0,0,11422853806879745998,38969224518258349414,3801.2699844103574771488800307273478,3801.6501114087985128965949187304199,0,11.422853806879745998
2022-01-03 03:14:00,-406500780310,107013672892505905388,193893.0,193889.0,193889.0,193893.0,250000000,107079409366427236062,33209954426927633838,3799.7498564675796778221145501111763,3801.2699844103574771488800307273478,250,107.079409366427236062
2022-01-03 03:15:00,-1108601337927,292061163998494706939,193903.0,193897.0,193897.0,193903.0,0,292061163998494706939,33163333823298068032,3795.9521956378597929530064161105383,3799.7498564675796778221145501111763,0,292.061163998494706939
2022-01-03 03:16:00,184779151614,-48651346174945424261,193902.0,193903.0,193902.0,193903.0,192562159053,2051510000000000000,33163333823298068032,3796.3317908574235789323017167521488,3795.9521956378597929530064161105383,192562.159053,2.05151
2022-01-03 03:17:00,37641046618,-9906788440899537915,193901.0,193901.0,193901.0,193901.0,49915918115,3234846701212175621,33163333823298068032,3796.7114240365093212901949469238237,3796.3317908574235789323017167521488,49915.918115,3.234846701212175621
2022-01-03 03:18:00,-104778540973,27614295989474510974,193902.0,193902.0,193902.0,193902.0,0,27614295989474510974,33163333823298068032,3796.3317908574235789323017167521488,3796.7114240365093212901949469238237,0,27.614295989474510974
2022-01-03 03:19:00,26462671281,-6955603351680287668,193902.0,193902.0,193902.0,193902.0,71647806750,11909012663580192044,33163333823298068032,3796.3317908574235789323017167521488,3796.3317908574235789323017167521488,71647.80675,11.909012663580192044
2022-01-03 03:20:00,0,0,193902.0,193902.0,193902.0,193902.0,0,0,33163333823298068032,3796.3317908574235789323017167521488,3796.3317908574235789323017167521488,0,0
2022-01-03 03:21:00,750356000,-197562931680790001,193902.0,193902.0,193902.0,193902.0,750356000,0,33163333823298068032,3796.3317908574235789323017167521488,3796.3317908574235789323017167521488,750.356,0
2022-01-03 03:22:00,31703802073,-8347233378963512440,193902.0,193902.0,193902.0,193902.0,31703802073,0,33163333823298068032,3796.3317908574235789323017167521488,3796.3317908574235789323017167521488,31703.802073,0
2022-01-03 03:23:00,-105174298444,27719848632810086489,193903.0,193902.0,193902.0,193903.0,0,27719848632810086489,33163333823298068032,3795.9521956378597929530064161105383,3796.3317908574235789323017167521488,0,27.719848632810086489
2022-01-03 03:24:00,220548553412,-58026811501539974067,193901.0,193904.0,193900.0,193904.0,371632302965,39822670817539147296,33163333823298068032,3796.7114240365093212901949469238237,3795.9521956378597929530064161105383,371632.302965,39.822670817539147296
2022-01-03 03:25:00,-2012196258,530250000000000000,193901.0,193901.0,193901.0,193901.0,0,530250000000000000,33163333823298068032,3796.7114240365093212901949469238237,3796.7114240365093212901949469238237,0,0.53025
2022-01-03 03:26:00,-24242870791,6388515707107179806,193901.0,193901.0,193901.0,193901.0,0,6388515707107179806,33163333823298068032,3796.7114240365093212901949469238237,3796.7114240365093212901949469238237,0,6.388515707107179806
2022-01-03 03:27:00,690186733758,-181636746937844074733,193894.0,193894.0,193894.0,193894.0,695123200000,1300000000000000000,33209954426927633838,3799.3699194756321146106534847626967,3796.7114240365093212901949469238237,695123.2,1.3
2022-01-03 03:28:00,-79894764268,21056482285263931460,193895.0,193895.0,193895.0,193895.0,59329164936,36666685521677759109,33209954426927633838,3798.9900204735847561350399807646228,3799.3699194756321146106534847626967,59329.164936,36.666685521677759109
2022-01-03 03:29:00,208108942303,-54647032551492545998,193893.0,193895.0,193893.0,193898.0,594508371541,101777499383148525189,33209954426927633838,3799.7498564675796778221145501111763,3798.9900204735847561350399807646228,594508.371541,101.777499383148525189
2022-01-03 03:30:00,50000000000,-13152216912235313753,193892.0,193892.0,193892.0,193892.0,50000000000,0,33209954426927633838,3800.1298314532264357898967615661850,3799.7498564675796778221145501111763,50000,0
2022-01-03 03:31:00,336390512225,-88468979668577057300,193889.0,193889.0,193889.0,193889.0,336390512225,0,38969224518258349414,3801.2699844103574771488800307273478,3800.1298314532264357898967615661850,336390.512225,0
2022-01-03 03:32:00,254351437914,-66829218900520722619,193887.0,193889.0,193887.0,193891.0,430317076505,46320090511406439460,38969224518258349414,3802.0302764199393927478845782222914,3801.2699844103574771488800307273478,430317.076505,46.32009051140643946
2022-01-03 03:33:00,-590737004388,155540691288543979926,193892.0,193887.0,193887.0,193893.0,159553564106,197504741962402633578,33209954426927633838,3800.1298314532264357898967615661850,3802.0302764199393927478845782222914,159553.564106,197.504741962402633578
2022-01-03 03:34:00,-94943866153,25000000000000000000,193893.0,193893.0,193893.0,193893.0,0,25000000000000000000,33209954426927633838,3799.7498564675796778221145501111763,3800.1298314532264357898967615661850,0,25
2022-01-03 03:35:00,-8138863528,2143180414022077180,193893.0,193893.0,193893.0,193893.0,0,2143180414022077180,33209954426927633838,3799.7498564675796778221145501111763,3799.7498564675796778221145501111763,0,2.14318041402207718
2022-01-03 03:36:00,-29540499675,7778946711384966451,193894.0,193894.0,193894.0,193894.0,0,7778946711384966451,33209954426927633838,3799.3699194756321146106534847626967,3799.7498564675796778221145501111763,0,7.778946711384966451
2022-01-03 03:37:00,-446110907397,117507852502451754870,193898.0,193898.0,193898.0,193898.0,20713815022,122959510820250000000,33209954426927633838,3797.8505513688597066058981534350426,3799.3699194756321146106534847626967,20713.815022,122.95951082025
2022-01-03 03:38:00,-4461645470371,1177993460342651492684,193942.0,193907.0,193907.0,193942.0,4460625000,1179168500160912191819,33174013022918048008,3781.1775500795992895117556816146744,3797.8505513688597066058981534350426,4460.625,1179.168500160912191819
2022-01-03 03:39:00,0,0,193942.0,193942.0,193942.0,193942.0,0,0,33174013022918048008,3781.1775500795992895117556816146744,3781.1775500795992895117556816146744,0,0
2022-01-03 03:40:00,104647565198,-27602020463023585471,193941.0,193942.0,193941.0,193944.0,327762677710,59043532324834456274,33174013022918048008,3781.5556678346072494407068571828361,3781.1775500795992895117556816146744,327762.67771,59.043532324834456274
2022-01-03 03:41:00,23786215690,-6285566412403317979,193940.0,193940.0,193940.0,193940.0,28879627721,1347563411083283552,33174013022918048008,3781.9338234013907101656509278685519,3781.5556678346072494407068571828361,28879.627721,1.347563411083283552
2022-01-03 03:42:00,19295995980,-5100000000000000000,193940.0,193940.0,193940.0,193940.0,19295995980,0,33174013022918048008,3781.9338234013907101656509278685519,3781.9338234013907101656509278685519,19295.99598,0
2022-01-03 03:43:00,-4693434516,1241723886766509134,193940.0,193940.0,193940.0,193940.0,0,1241723886766509134,33174013022918048008,3781.9338234013907101656509278685519,3781.9338234013907101656509278685519,0,1.241723886766509134
2022-01-03 03:44:00,7738384844,-2038638234892916258,193940.0,193940.0,193940.0,193940.0,32791885721,6628191867567253281,33174013022918048008,3781.9338234013907101656509278685519,3781.9338234013907101656509278685519,32791.885721,6.628191867567253281
2022-01-03 03:45:00,28853559288,-7622896052235621476,193940.0,193940.0,193940.0,193940.0,40192875250,3000000000000000000,33174013022918048008,3781.9338234013907101656509278685519,3781.9338234013907101656509278685519,40192.87525,3
2022-01-03 03:46:00,-10356388417,2747057515893897472,193940.0,193940.0,193940.0,193940.0,27167615226,9927430729079586816,33174013022918048008,3781.9338234013907101656509278685519,3781.9338234013907101656509278685519,27167.615226,9.927430729079586816
2022-01-03 03:47:00,32967057289,-8712903178172279669,193940.0,193940.0,193940.0,193940.0,32967057289,0,33174013022918048008,3781.9338234013907101656509278685519,3781.9338234013907101656509278685519,32967.057289,0
2022-01-03 03:48:00,-6317065413,1676654539646066895,193940.0,193940.0,193940.0,193940.0,20646562826,7133316618454247634,33174013022918048008,3781.9338234013907101656509278685519,3781.9338234013907101656509278685519,20646.562826,7.133316618454247634
2022-01-03 03:49:00,185325164772,-48974876451464419958,193938.0,193938.0,193938.0,193938.0,185325164772,0,33174013022918048008,3782.6902479854092223215911597106367,3781.9338234013907101656509278685519,185325.164772,0
2022-01-03 03:50:00,35994169057,-9510952615839844622,193938.0,193938.0,193938.0,193938.0,35994169057,0,33174013022918048008,3782.6902479854092223215911597106367,3782.6902479854092223215911597106367,35994.169057,0
2022-01-03 03:51:00,287452213196,-75943168646980617807,193935.0,193935.0,193935.0,193935.0,287452213196,0,33174013022918048008,3783.8251685442949748985497159286072,3782.6902479854092223215911597106367,287452.213196,0
2022-01-03 03:52:00,480114729637,-126663718758972642709,193930.0,193936.0,193928.0,193938.0,979833519717,132124897967324280252,33174013022918048008,3785.7174595489241204513619542234573,3783.8251685442949748985497159286072,979833.519717,132.124897967324280252
2022-01-03 03:53:00,-22935620933,6061883161295455694,193930.0,193930.0,193930.0,193930.0,0,6061883161295455694,33174013022918048008,3785.7174595489241204513619542234573,3785.7174595489241204513619542234573,0,6.061883161295455694
2022-01-03 03:54:00,16474490206,-4338514534613272187,193930.0,193930.0,193930.0,193930.0,59439805663,11355708829102843792,33174013022918048008,3785.7174595489241204513619542234573,3785.7174595489241204513619542234573,59439.805663,11.355708829102843792
2022-01-03 03:55:00,4559083382,-1198380164174082690,193930.0,193930.0,193930.0,193930.0,24890086615,5373379199402291075,33174013022918048008,3785.7174595489241204513619542234573,3785.7174595489241204513619542234573,24890.086615,5.373379199402291075
2022-01-03 03:56:00,1889883941,-498991716266627840,193930.0,193930.0,193930.0,193930.0,1889883941,0,33174013022918048008,3785.7174595489241204513619542234573,3785.7174595489241204513619542234573,1889.883941,0
2022-01-03 03:57:00,37987233851,-10029687253303926932,193930.0,193930.0,193930.0,193930.0,37987233851,0,33174013022918048008,3785.7174595489241204513619542234573,3785.7174595489241204513619542234573,37987.233851,0
2022-01-03 03:58:00,0,0,193930.0,193930.0,193930.0,193930.0,0,0,33174013022918048008,3785.7174595489241204513619542234573,3785.7174595489241204513619542234573,0,0
2022-01-03 03:59:00,-85245294251,22547137362868996782,193930.0,193930.0,193930.0,193931.0,64184862674,39495358235590096142,33174013022918048008,3785.7174595489241204513619542234573,3785.7174595489241204513619542234573,64184.862674,39.495358235590096142
2022-01-03 04:00:00,22205270567,-5863126697086986634,193930.0,193930.0,193930.0,193930.0,22205270567,0,33174013022918048008,3785.7174595489241204513619542234573,3785.7174595489241204513619542234573,22205.270567,0
2022-01-03 04:01:00,31676584083,-8363731703018922433,193930.0,193930.0,193930.0,193930.0,31676584083,0,33174013022918048008,3785.7174595489241204513619542234573,3785.7174595489241204513619542234573,31676.584083,0
2022-01-03 04:02:00,-171936163049,45446527927295209913,193932.0,193930.0,193930.0,193932.0,2960526252,46228197668508069525,33174013022918048008,3784.9604296133971448884128227747763,3785.7174595489241204513619542234573,2960.526252,46.228197668508069525
2022-01-03 04:03:00,202536752049,-53479698670352107005,193930.0,193932.0,193930.0,193932.0,202536752049,0,33174013022918048008,3785.7174595489241204513619542234573,3784.9604296133971448884128227747763,202536.752049,0
2022-01-03 04:04:00,-266541106470,70452652910824243819,193932.0,193930.0,193930.0,193932.0,0,70452652910824243819,33174013022918048008,3784.9604296133971448884128227747763,3785.7174595489241204513619542234573,0,70.452652910824243819
2022-01-03 04:05:00,1050981104178,-277413117268918845837,193922.0,193931.0,193922.0,193931.0,1050981104178,0,33200925148053436415,3788.7470937294786133235411438471777,3784.9604296133971448884128227747763,1050981.104178,0
2022-01-03 04:06:00,64656140861,-17057085181896815848,193921.0,193922.0,193921.0,193922.0,64656140861,0,33200925148053436415,3789.1259684388515611848734979615652,3788.7470937294786133235411438471777,64656.140861,0
2022-01-03 04:07:00,-10974344084,2898252088091121876,193921.0,193921.0,193921.0,193921.0,999538814,3161937343220168722,33200925148053436415,3789.1259684388515611848734979615652,3789.1259684388515611848734979615652,999.538814,3.161937343220168722
2022-01-03 04:08:00,1337133127621,-352512861460652943784,193908.0,193922.0,193908.0,193922.0,1341736946712,1215736906928435173,33163333823298068032,3794.0547888000384487714404863283840,3789.1259684388515611848734979615652,1341736.946712,1.215736906928435173
2022-01-03 04:09:00,-1061709796,280000000000000000,193908.0,193908.0,193908.0,193908.0,0,280000000000000000,33163333823298068032,3794.0547888000384487714404863283840,3794.0547888000384487714404863283840,0,0.28
2022-01-03 04:10:00,-34579161758,9119567574354603340,193909.0,193909.0,193909.0,193909.0,0,9119567574354603340,33163333823298068032,3793.6754212579126575056899173366532,3794.0547888000384487714404863283840,0,9.11956757435460334
2022-01-03 04:11:00,-99723100325,26301717697295744952,193910.0,193909.0,193909.0,193910.0,0,26301717697295744952,33163333823298068032,3793.2960916487477827274171756190889,3793.6754212579126575056899173366532,0,26.301717697295744952
2022-01-03 04:12:00,-9718697248,2563419380825941655,193910.0,193910.0,193910.0,193910.0,0,2563419380825941655,33163333823298068032,3793.2960916487477827274171756190889,3793.2960916487477827274171756190889,0,2.563419380825941655
2022-01-03 04:13:00,-8598482713,2268113772942693789,193910.0,193910.0,193910.0,193910.0,544785926,2411664802924888990,33163333823298068032,3793.2960916487477827274171756190889,3793.2960916487477827274171756190889,544.785926,2.41166480292488899
2022-01-03 04:14:00,-24282411985,6404928998434210818,193910.0,193910.0,193910.0,193910.0,0,6404928998434210818,33163333823298068032,3793.2960916487477827274171756190889,3793.2960916487477827274171756190889,0,6.404928998434210818
2022-01-03 04:15:00,-3791154942,1000000000000000000,193910.0,193910.0,193910.0,193910.0,0,1000000000000000000,33163333823298068032,3793.2960916487477827274171756190889,3793.2960916487477827274171756190889,0,1
2022-01-03 04:16:00,21866998027,-5758173740066284633,193910.0,193910.0,193910.0,193910.0,36685227635,3908667635030297333,33163333823298068032,3793.2960916487477827274171756190889,3793.2960916487477827274171756190889,36685.227635,3.908667635030297333
2022-01-03 04:17:00,90764188549,-23915574473067913269,193909.0,193909.0,193909.0,193909.0,90764188549,0,33163333823298068032,3793.6754212579126575056899173366532,3793.2960916487477827274171756190889,90764.188549,0
2022-01-03 04:18:00,35156509701,-9262126158492325391,193909.0,193909.0,193909.0,193909.0,37954203095,737873841507674609,33163333823298068032,3793.6754212579126575056899173366532,3793.6754212579126575056899173366532,37954.203095,0.737873841507674609
2022-01-03 04:19:00,-60621953828,15988883789074429995,193909.0,193909.0,193909.0,193909.0,1238021233,16315068374925324614,33163333823298068032,3793.6754212579126575056899173366532,3793.6754212579126575056899173366532,1238.021233,16.315068374925324614
2022-01-03 04:20:00,-30749798274,8110377119918356188,193910.0,193910.0,193910.0,193910.0,0,8110377119918356188,33163333823298068032,3793.2960916487477827274171756190889,3793.6754212579126575056899173366532,0,8.110377119918356188
2022-01-03 04:21:00,0,0,193910.0,193910.0,193910.0,193910.0,0,0,33163333823298068032,3793.2960916487477827274171756190889,3793.2960916487477827274171756190889,0,0
2022-01-03 04:22:00,-508720481806,134214534236651178255,193915.0,193910.0,193910.0,193915.0,8000000000,136322478869746265566,33163333823298068032,3791.4000124645983412343996365247042,3793.2960916487477827274171756190889,8000,136.322478869746265566
2022-01-03 04:23:00,6738482098,-1766145253717060531,193915.0,193914.0,193914.0,193915.0,45719871699,10286505211908415666,33163333823298068032,3791.4000124645983412343996365247042,3791.4000124645983412343996365247042,45719.871699,10.286505211908415666
2022-01-03 04:24:00,0,0,193915.0,193915.0,193915.0,193915.0,0,0,33163333823298068032,3791.4000124645983412343996365247042,3791.4000124645983412343996365247042,0,0
2022-01-03 04:25:00,-2249008454,594119844229027691,193915.0,193915.0,193915.0,193915.0,2403000000,1227608972175813321,33163333823298068032,3791.4000124645983412343996365247042,3791.4000124645983412343996365247042,2403,1.227608972175813321
2022-01-03 04:26:00,0,0,193915.0,193915.0,193915.0,193915.0,0,0,33163333823298068032,3791.4000124645983412343996365247042,3791.4000124645983412343996365247042,0,0
2022-01-03 04:27:00,390948570449,-103037187649464777555,193911.0,193915.0,193911.0,193915.0,416056584702,6625787266616786944,33163333823298068032,3792.9167999687509076366535102680620,3791.4000124645983412343996365247042,416056.584702,6.625787266616786944
2022-01-03 04:28:00,-77581843083,20465868610358850701,193911.0,193911.0,193911.0,193911.0,0,20465868610358850701,33163333823298068032,3792.9167999687509076366535102680620,3792.9167999687509076366535102680620,0,20.465868610358850701
2022-01-03 04:29:00,5000000000,-1317713892650168622,193911.0,193911.0,193911.0,193911.0,5000000000,0,33163333823298068032,3792.9167999687509076366535102680620,3792.9167999687509076366535102680620,5000,0
2022-01-03 04:30:00,-20586801296,5432292556140912893,193912.0,193911.0,193911.0,193912.0,5000000000,6750000000000000000,33163333823298068032,3792.5375462141294946871847917888858,3792.9167999687509076366535102680620,5000,6.75
2022-01-03 04:31:00,22255906745,-5864723702684022270,193911.0,193911.0,193911.0,193911.0,24909367822,700000000000000000,33163333823298068032,3792.9167999687509076366535102680620,3792.5375462141294946871847917888858,24909.367822,0.7
2022-01-03 04:32:00,-947667637,250000000000000000,193911.0,193911.0,193911.0,193911.0,0,250000000000000000,33163333823298068032,3792.9167999687509076366535102680620,3792.9167999687509076366535102680620,0,0.25
2022-01-03 04:33:00,-11674570802,3079835823761276534,193912.0,193912.0,193912.0,193912.0,0,3079835823761276534,33163333823298068032,3792.5375462141294946871847917888858,3792.9167999687509076366535102680620,0,3.079835823761276534
2022-01-03 04:34:00,-4784862419,1266028087259256326,193912.0,193912.0,193912.0,193912.0,14168088962,5000000000000000000,33163333823298068032,3792.5375462141294946871847917888858,3792.5375462141294946871847917888858,14168.088962,5
2022-01-03 04:35:00,713000000000,-187842895397750238880,193905.0,193909.0,193905.0,193909.0,713000000000,0,33163333823298068032,3795.1931190621161790960254200662709,3792.5375462141294946871847917888858,713000,0
2022-01-03 04:36:00,0,0,193905.0,193905.0,193905.0,193905.0,0,0,33163333823298068032,3795.1931190621161790960254200662709,3795.1931190621161790960254200662709,0,0
2022-01-03 04:37:00,-14910988206,3934021777977895527,193905.0,193905.0,193904.0,193905.0,11647776559,7001590378126084730,33163333823298068032,3795.1931190621161790960254200662709,3795.1931190621161790960254200662709,11647.776559,7.00159037812608473
2022-01-03 04:38:00,-21653751104,5709634977369495361,193905.0,193905.0,193905.0,193905.0,3797001226,6709634977369495361,33163333823298068032,3795.1931190621161790960254200662709,3795.1931190621161790960254200662709,3797.001226,6.709634977369495361
2022-01-03 04:39:00,0,0,193905.0,193905.0,193905.0,193905.0,0,0,33163333823298068032,3795.1931190621161790960254200662709,3795.1931190621161790960254200662709,0,0
2022-01-03 04:40:00,1395663131,-362410675508464438,193905.0,193905.0,193905.0,193905.0,21000994554,5168708448229112998,33163333823298068032,3795.1931190621161790960254200662709,3795.1931190621161790960254200662709,21000.994554,5.168708448229112998
2022-01-03 04:41:00,-16028142265,4226008030643615519,193905.0,193905.0,193905.0,193905.0,1500000000,4621064909140704535,33163333823298068032,3795.1931190621161790960254200662709,3795.1931190621161790960254200662709,1500,4.621064909140704535
2022-01-03 04:42:00,-173838076224,45847827659788217463,193907.0,193906.0,193905.0,193907.0,50851830822,59241574145190683601,33163333823298068032,3794.4341942789184526163176303770194,3795.1931190621161790960254200662709,50851.830822,59.241574145190683601
2022-01-03 04:43:00,585977400000,-154314165356748149023,193901.0,193901.0,193901.0,193901.0,585977400000,0,33163333823298068032,3796.7114240365093212901949469238237,3794.4341942789184526163176303770194,585977.4,0
2022-01-03 04:44:00,0,0,193901.0,193901.0,193901.0,193901.0,0,0,33163333823298068032,3796.7114240365093212901949469238237,3796.7114240365093212901949469238237,0,0
2022-01-03 04:45:00,0,0,193901.0,193901.0,193901.0,193901.0,0,0,33163333823298068032,3796.7114240365093212901949469238237,3796.7114240365093212901949469238237,0,0
2022-01-03 04:46:00,0,0,193901.0,193901.0,193901.0,193901.0,0,0,33163333823298068032,3796.7114240365093212901949469238237,3796.7114240365093212901949469238237,0,0
2022-01-03 04:47:00,139606369036,-36751579290030630776,193900.0,193901.0,193900.0,193901.0,139606369036,0,33163333823298068032,3797.0910951789129722223239664185140,3796.7114240365093212901949469238237,139606.369036,0
2022-01-03 04:48:00,-61920850798,16319420482315783055,193900.0,193900.0,193900.0,193900.0,11286510228,19290604276990012999,33163333823298068032,3797.0910951789129722223239664185140,3797.0910951789129722223239664185140,11286.510228,19.290604276990012999
2022-01-03 04:49:00,0,0,193900.0,193900.0,193900.0,193900.0,0,0,33163333823298068032,3797.0910951789129722223239664185140,3797.0910951789129722223239664185140,0,0
2022-01-03 04:50:00,-116763089041,30778255446981152038,193901.0,193901.0,193901.0,193902.0,30057882299,38691996664496610678,33163333823298068032,3796.7114240365093212901949469238237,3797.0910951789129722223239664185140,30057.882299,38.691996664496610678
2022-01-03 04:51:00,-499214451819,131596624224686185648,193906.0,193906.0,193906.0,193906.0,0,131596624224686185648,33163333823298068032,3794.8136376983463444615792621400572,3796.7114240365093212901949469238237,0,131.596624224686185648
2022-01-03 04:52:00,-90383208529,23832559485955199150,193907.0,193906.0,193906.0,193907.0,0,23832559485955199150,33163333823298068032,3794.4341942789184526163176303770194,3794.8136376983463444615792621400572,0,23.83255948595519915
2022-01-03 04:53:00,0,0,193907.0,193907.0,193907.0,193907.0,0,0,33163333823298068032,3794.4341942789184526163176303770194,3794.4341942789184526163176303770194,0,0
2022-01-03 04:54:00,41726547469,-10991863555162706926,193907.0,193907.0,193907.0,193907.0,41726547469,0,33163333823298068032,3794.4341942789184526163176303770194,3794.4341942789184526163176303770194,41726.547469,0
2022-01-03 04:55:00,26974761266,-7101348698947556553,193907.0,193907.0,193907.0,193907.0,43171906864,4270964981615883527,33163333823298068032,3794.4341942789184526163176303770194,3794.4341942789184526163176303770194,43171.906864,4.270964981615883527
2022-01-03 04:56:00,-9581377647,2527726682790467597,193907.0,193907.0,193907.0,193907.0,5014231187,3848560087780940659,33163333823298068032,3794.4341942789184526163176303770194,3794.4341942789184526163176303770194,5014.231187,3.848560087780940659
2022-01-03 04:57:00,191484998517,-50433042803686111414,193905.0,193905.0,193905.0,193905.0,200968012000,2500000000000000000,33163333823298068032,3795.1931190621161790960254200662709,3794.4341942789184526163176303770194,200968.012,2.5
2022-01-03 04:58:00,-128150578151,33786550572275316727,193906.0,193905.0,193905.0,193906.0,113895219,33816550572275316727,33163333823298068032,3794.8136376983463444615792621400572,3795.1931190621161790960254200662709,113.895219,33.816550572275316727
2022-01-03 04:59:00,-8685273403,2290000000000000000,193906.0,193906.0,193906.0,193906.0,0,2290000000000000000,33163333823298068032,3794.8136376983463444615792621400572,3794.8136376983463444615792621400572,0,2.29
2022-01-03 05:00:00,-41731131404,11032286437494587845,193907.0,193908.0,193907.0,193908.0,109964790751,40000000000000000000,33163333823298068032,3794.4341942789184526163176303770194,3794.8136376983463444615792621400572,109964.790751,40
2022-01-03 05:01:00,85157685009,-22426795976467908811,193906.0,193907.0,193906.0,193907.0,99992403074,3911518326066135174,33163333823298068032,3794.8136376983463444615792621400572,3794.4341942789184526163176303770194,99992.403074,3.911518326066135174
2022-01-03 05:02:00,-23623978494,6228643522240508881,193906.0,193906.0,193906.0,193906.0,0,6228643522240508881,33163333823298068032,3794.8136376983463444615792621400572,3794.8136376983463444615792621400572,0,6.228643522240508881
2022-01-03 05:03:00,0,0,193906.0,193906.0,193906.0,193906.0,0,0,33163333823298068032,3794.8136376983463444615792621400572,3794.8136376983463444615792621400572,0,0
2022-01-03 05:04:00,0,0,193906.0,193906.0,193906.0,193906.0,0,0,33163333823298068032,3794.8136376983463444615792621400572,3794.8136376983463444615792621400572,0,0
2022-01-03 05:05:00,290706661324,-76529735589198888924,193903.0,193907.0,193903.0,193907.0,407105299999,30691499436412298218,33163333823298068032,3795.9521956378597929530064161105383,3794.8136376983463444615792621400572,407105.299999,30.691499436412298218
2022-01-03 05:06:00,96379169875,-25375573808762404757,193902.0,193903.0,193902.0,193903.0,104004100000,2009626047745442262,33163333823298068032,3796.3317908574235789323017167521488,3795.9521956378597929530064161105383,104004.1,2.009626047745442262
2022-01-03 05:07:00,0,0,193902.0,193902.0,193902.0,193902.0,0,0,33163333823298068032,3796.3317908574235789323017167521488,3796.3317908574235789323017167521488,0,0
2022-01-03 05:08:00,-44749997858,11794608616531052501,193903.0,193902.0,193902.0,193903.0,0,11794608616531052501,33163333823298068032,3795.9521956378597929530064161105383,3796.3317908574235789323017167521488,0,11.794608616531052501
2022-01-03 05:09:00,0,0,193903.0,193903.0,193903.0,193903.0,0,0,33163333823298068032,3795.9521956378597929530064161105383,3795.9521956378597929530064161105383,0,0
2022-01-03 05:10:00,-9821438001,2588673000000000000,193903.0,193903.0,193903.0,193903.0,0,2588673000000000000,33163333823298068032,3795.9521956378597929530064161105383,3795.9521956378597929530064161105383,0,2.588673
2022-01-03 05:11:00,14539635150,-3828372023474567592,193903.0,193903.0,193903.0,193903.0,14743196592,53653092844059920,33163333823298068032,3795.9521956378597929530064161105383,3795.9521956378597929530064161105383,14743.196592,0.05365309284405992
2022-01-03 05:12:00,-123876106765,32659481486059975347,193904.0,193904.0,193904.0,193904.0,27785085175,39976496140305018445,33163333823298068032,3795.5726383740223907139350226082803,3795.9521956378597929530064161105383,27785.085175,39.976496140305018445
2022-01-03 05:13:00,-379462699019,100056586026884722147,193907.0,193905.0,193904.0,193907.0,39260372125,110396292480922883735,33037682816235241603,3794.4341942789184526163176303770194,3795.5726383740223907139350226082803,39260.372125,110.396292480922883735
2022-01-03 05:14:00,0,0,193907.0,193907.0,193907.0,193907.0,0,0,33037682816235241603,3794.4341942789184526163176303770194,3794.4341942789184526163176303770194,0,0
2022-01-03 05:15:00,206254406741,-54329622991726304613,193905.0,193906.0,193905.0,193906.0,206633700255,100000000000000000,33037682816235241603,3795.1931190621161790960254200662709,3794.4341942789184526163176303770194,206633.700255,0.1
2022-01-03 05:16:00,-630558513800,166297875680565960392,193912.0,193912.0,193912.0,193912.0,3000000000,167088520283373588104,33037682816235241603,3792.5375462141294946871847917888858,3795.1931190621161790960254200662709,3000,167.088520283373588104
2022-01-03 05:17:00,1539114362,-405629916413926941,193912.0,193912.0,193912.0,193912.0,1539114362,0,33037682816235241603,3792.5375462141294946871847917888858,3792.5375462141294946871847917888858,1539.114362,0
2022-01-03 05:18:00,277306060489,-73068190159997045579,193909.0,193912.0,193909.0,193912.0,296835969918,5152236433008620192,33037682816235241603,3793.6754212579126575056899173366532,3792.5375462141294946871847917888858,296835.969918,5.152236433008620192
2022-01-03 05:19:00,116606578003,-30681296231468808390,193908.0,193910.0,193908.0,193910.0,268067659466,39948777938945004513,33037682816235241603,3794.0547888000384487714404863283840,3793.6754212579126575056899173366532,268067.659466,39.948777938945004513
2022-01-03 05:20:00,0,0,193908.0,193908.0,193908.0,193908.0,0,0,33037682816235241603,3794.0547888000384487714404863283840,3794.0547888000384487714404863283840,0,0
2022-01-03 05:21:00,21712720972,-5720056887997983003,193908.0,193908.0,193908.0,193908.0,21712720972,0,33037682816235241603,3794.0547888000384487714404863283840,3794.0547888000384487714404863283840,21712.720972,0
2022-01-03 05:22:00,-60564338687,15974653277291385251,193908.0,193908.0,193908.0,193908.0,11950552897,19123081629066917153,33037682816235241603,3794.0547888000384487714404863283840,3794.0547888000384487714404863283840,11950.552897,19.123081629066917153
2022-01-03 05:23:00,296021791,-70976340057133380,193908.0,193908.0,193908.0,193908.0,26892245758,7014026131948032526,33037682816235241603,3794.0547888000384487714404863283840,3794.0547888000384487714404863283840,26892.245758,7.014026131948032526
2022-01-03 05:24:00,80691377436,-21250962828487073289,193907.0,193908.0,193907.0,193908.0,106402912059,6780000000000000000,33037682816235241603,3794.4341942789184526163176303770194,3794.0547888000384487714404863283840,106402.912059,6.78
2022-01-03 05:25:00,-22283379359,5877469788247729729,193908.0,193907.0,193907.0,193908.0,5000000000,7194668056469679661,33037682816235241603,3794.0547888000384487714404863283840,3794.4341942789184526163176303770194,5000,7.194668056469679661
2022-01-03 05:26:00,-189276310188,49917560358951733178,193909.0,193909.0,193909.0,193909.0,0,49917560358951733178,33037682816235241603,3793.6754212579126575056899173366532,3794.0547888000384487714404863283840,0,49.917560358951733178
2022-01-03 05:27:00,2758743426047,-725926507510805694431,193883.0,193883.0,193883.0,193883.0,2758743426047,0,38843573511195522985,3803.5513166675324550100546964915879,3793.6754212579126575056899173366532,2758743.426047,0
2022-01-03 05:28:00,296349263173,-77869957832069304600,193881.0,193883.0,193881.0,193883.0,305903144804,2512690107362836480,38843573511195522985,3804.3120649663791281763812575314325,3803.5513166675324550100546964915879,305903.144804,2.51269010736283648
2022-01-03 05:29:00,0,0,193881.0,193881.0,193881.0,193881.0,0,0,38843573511195522985,3804.3120649663791281763812575314325,3804.3120649663791281763812575314325,0,0
2022-01-03 05:30:00,2052833283534,-538909987881996952400,193864.0,193864.0,193864.0,193864.0,2052833283534,0,39863188122860312546,3810.7845719290681928764153767267785,3804.3120649663791281763812575314325,2052833.283534,0
2022-01-03 05:31:00,1630969629560,-427513765654342834628,193851.0,193864.0,193851.0,193864.0,1662305089477,8227568445770183999,39863188122860312546,3815.7415653746989939202889928911831,3810.7845719290681928764153767267785,1662305.089477,8.227568445770183999
2022-01-03 05:32:00,-57679714142,15124904897218578535,193851.0,193851.0,193851.0,193851.0,0,15124904897218578535,39851682463650992412,3815.7415653746989939202889928911831,3815.7415653746989939202889928911831,0,15.124904897218578535
2022-01-03 05:33:00,0,0,193851.0,193851.0,193851.0,193851.0,0,0,39851682463650992412,3815.7415653746989939202889928911831,3815.7415653746989939202889928911831,0,0
2022-01-03 05:34:00,1056215586197,-276511970895256239078,193843.0,193846.0,193841.0,193846.0,1293614999962,62193477231401667036,39817398728362449561,3818.7952272483452980200064087452032,3815.7415653746989939202889928911831,1293614.999962,62.193477231401667036
2022-01-03 05:35:00,-5583578178,1462920357905171273,193843.0,193843.0,193843.0,193843.0,0,1462920357905171273,39817398728362449561,3818.7952272483452980200064087452032,3818.7952272483452980200064087452032,0,1.462920357905171273
2022-01-03 05:36:00,-9431390462,2472125785484435679,193843.0,193843.0,193843.0,193843.0,4000000000,3519106523701706752,39817398728362449561,3818.7952272483452980200064087452032,3818.7952272483452980200064087452032,4000,3.519106523701706752
2022-01-03 05:37:00,-47486362868,12441985374590270810,193843.0,193843.0,193843.0,193843.0,0,12441985374590270810,39817398728362449561,3818.7952272483452980200064087452032,3818.7952272483452980200064087452032,0,12.44198537459027081
2022-01-03 05:38:00,0,0,193843.0,193843.0,193843.0,193843.0,0,0,39817398728362449561,3818.7952272483452980200064087452032,3818.7952272483452980200064087452032,0,0
2022-01-03 05:39:00,76963976089,-20140135043085203759,193843.0,193843.0,193843.0,193844.0,95785373037,4931477467696759933,39817398728362449561,3818.7952272483452980200064087452032,3818.7952272483452980200064087452032,95785.373037,4.931477467696759933
2022-01-03 05:40:00,-60505732287,15864695318138292213,193843.0,193842.0,193842.0,193843.0,44962507712,27632899615186509126,39817398728362449561,3818.7952272483452980200064087452032,3818.7952272483452980200064087452032,44962.507712,27.632899615186509126
2022-01-03 05:41:00,0,0,193843.0,193843.0,193843.0,193843.0,0,0,39817398728362449561,3818.7952272483452980200064087452032,3818.7952272483452980200064087452032,0,0
2022-01-03 05:42:00,-4375258267,1146592649353203611,193843.0,193843.0,193843.0,193843.0,819438492,1361081730408913284,39817398728362449561,3818.7952272483452980200064087452032,3818.7952272483452980200064087452032,819.438492,1.361081730408913284
2022-01-03 05:43:00,-26952084141,7061907617376276562,193844.0,193843.0,193843.0,193844.0,0,7061907617376276562,39817398728362449561,3818.4133859097543225877476339818026,3818.7952272483452980200064087452032,0,7.061907617376276562
2022-01-03 05:44:00,200000000,-52351604015545754,193844.0,193844.0,193844.0,193844.0,200000000,0,39817398728362449561,3818.4133859097543225877476339818026,3818.4133859097543225877476339818026,200,0
2022-01-03 05:45:00,74077819468,-19389878292379047284,193843.0,193843.0,193843.0,193843.0,74077819468,0,39817398728362449561,3818.7952272483452980200064087452032,3818.4133859097543225877476339818026,74077.819468,0
2022-01-03 05:46:00,172567829099,-45160290214264815427,193841.0,193841.0,193841.0,193841.0,191028430356,4836040493331961492,39817398728362449561,3819.5590244817472395630633902270121,3818.7952272483452980200064087452032,191028.430356,4.836040493331961492
2022-01-03 05:47:00,-916774094672,240254926668595569718,193849.0,193849.0,193849.0,193849.0,1667800108,240691723873767639883,39817398728362449561,3816.5047518451895874660629898926498,3819.5590244817472395630633902270121,1667.800108,240.691723873767639883
2022-01-03 05:48:00,-1230270014841,322692264119130663403,193859.0,193849.0,193849.0,193859.0,0,322692264119130663403,39851682463650992412,3812.6903453315996710293573642388345,3816.5047518451895874660629898926498,0,322.692264119130663403
2022-01-03 05:49:00,-157937834116,41449495753140245867,193860.0,193860.0,193860.0,193860.0,0,41449495753140245867,39851682463650992412,3812.3091144201576552638309811407174,3812.6903453315996710293573642388345,0,41.449495753140245867
2022-01-03 05:50:00,0,0,193860.0,193860.0,193860.0,193860.0,0,0,39851682463650992412,3812.3091144201576552638309811407174,3812.3091144201576552638309811407174,0,0
2022-01-03 05:51:00,-42790644356,11230971594358459076,193861.0,193861.0,193861.0,193861.0,0,11230971594358459076,39851682463650992412,3811.9279216279948557782531558251369,3812.3091144201576552638309811407174,0,11.230971594358459076
2022-01-03 05:52:00,0,0,193861.0,193861.0,193861.0,193861.0,0,0,39851682463650992412,3811.9279216279948557782531558251369,3811.9279216279948557782531558251369,0,0
2022-01-03 05:53:00,0,0,193861.0,193861.0,193861.0,193861.0,0,0,39851682463650992412,3811.9279216279948557782531558251369,3811.9279216279948557782531558251369,0,0
2022-01-03 05:54:00,-51797426965,13595443674710687395,193861.0,193861.0,193861.0,193861.0,0,13595443674710687395,39851682463650992412,3811.9279216279948557782531558251369,3811.9279216279948557782531558251369,0,13.595443674710687395
2022-01-03 05:55:00,273619770981,-71726375100209772676,193859.0,193861.0,193859.0,193861.0,324142946846,13261404511956664060,39851682463650992412,3812.6903453315996710293573642388345,3811.9279216279948557782531558251369,324142.946846,13.26140451195666406
2022-01-03 05:56:00,-91689739147,24062166573104412790,193860.0,193859.0,193859.0,193860.0,0,24062166573104412790,39851682463650992412,3812.3091144201576552638309811407174,3812.6903453315996710293573642388345,0,24.06216657310441279
2022-01-03 05:57:00,14322219112,-3742023862685856941,193859.0,193859.0,193859.0,193860.0,63568728161,12924254560681964258,39851682463650992412,3812.6903453315996710293573642388345,3812.3091144201576552638309811407174,63568.728161,12.924254560681964258
2022-01-03 05:58:00,131098959881,-34364051594877794961,193858.0,193860.0,193858.0,193860.0,149945240590,4946000000000000000,39851682463650992412,3813.0716143661328309964602999752595,3812.6903453315996710293573642388345,149945.24059,4.946
2022-01-03 05:59:00,-100041178371,26252782189712335829,193859.0,193859.0,193859.0,193859.0,0,26252782189712335829,39851682463650992412,3812.6903453315996710293573642388345,3813.0716143661328309964602999752595,0,26.252782189712335829
2022-01-03 06:00:00,-241844408046,63473570699476813850,193861.0,193861.0,193861.0,193861.0,0,63473570699476813850,39851682463650992412,3811.9279216279948557782531558251369,3812.6903453315996710293573642388345,0,63.47357069947681385
2022-01-03 06:01:00,-380978410,100000000000000000,193861.0,193861.0,193861.0,193861.0,0,100000000000000000,39851682463650992412,3811.9279216279948557782531558251369,3811.9279216279948557782531558251369,0,0.1
2022-01-03 06:02:00,0,0,193861.0,193861.0,193861.0,193861.0,0,0,39851682463650992412,3811.9279216279948557782531558251369,3811.9279216279948557782531558251369,0,0
2022-01-03 06:03:00,-52618663022,13811752851776490629,193862.0,193862.0,193862.0,193862.0,0,13811752851776490629,39851682463650992412,3811.5467669512997258056725885662807,3811.9279216279948557782531558251369,0,13.811752851776490629
2022-01-03 06:04:00,103501612295,-27138199120438599129,193861.0,193862.0,193861.0,193862.0,111051534138,1981792433921748793,39851682463650992412,3811.9279216279948557782531558251369,3811.5467669512997258056725885662807,111051.534138,1.981792433921748793
2022-01-03 06:05:00,9799662541,-2545878653098619400,193861.0,193861.0,193861.0,193861.0,100000000000,23675864296723762194,39851682463650992412,3811.9279216279948557782531558251369,3811.9279216279948557782531558251369,100000,23.675864296723762194
2022-01-03 06:06:00,0,0,193861.0,193861.0,193861.0,193861.0,0,0,39851682463650992412,3811.9279216279948557782531558251369,3811.9279216279948557782531558251369,0,0
2022-01-03 06:07:00,3813789860,-1000000000000000000,193861.0,193861.0,193861.0,193861.0,3813789860,0,39851682463650992412,3811.9279216279948557782531558251369,3811.9279216279948557782531558251369,3813.78986,0
2022-01-03 06:08:00,4987156053,-1307659416632746046,193861.0,193861.0,193861.0,193861.0,4987156053,0,39851682463650992412,3811.9279216279948557782531558251369,3811.9279216279948557782531558251369,4987.156053,0
2022-01-03 06:09:00,-58956264046,15474462492048896252,193861.0,193861.0,193861.0,193861.0,0,15474462492048896252,39851682463650992412,3811.9279216279948557782531558251369,3811.9279216279948557782531558251369,0,15.474462492048896252
2022-01-03 06:10:00,-12953726936,3400110632418752921,193861.0,193861.0,193861.0,193861.0,0,3400110632418752921,39851682463650992412,3811.9279216279948557782531558251369,3811.9279216279948557782531558251369,0,3.400110632418752921
2022-01-03 06:11:00,-175875663767,46174432773949963868,193863.0,193861.0,193861.0,193863.0,25997449703,52991847617741059263,39851682463650992412,3811.1656503862610996957030182644510,3811.9279216279948557782531558251369,25997.449703,52.991847617741059263
2022-01-03 06:12:00,19900000000,-5218886535804407753,193862.0,193862.0,193862.0,193862.0,19900000000,0,39851682463650992412,3811.5467669512997258056725885662807,3811.1656503862610996957030182644510,19900,0
2022-01-03 06:13:00,918127800000,-240692436630387814562,193855.0,193855.0,193855.0,193855.0,918127800000,0,39851682463650992412,3814.2156502464041734441103007900541,3811.5467669512997258056725885662807,918127.8,0
2022-01-03 06:14:00,497024114,-126550031520512870,193855.0,193855.0,193855.0,193855.0,14601842146,3700000000000000000,39851682463650992412,3814.2156502464041734441103007900541,3814.2156502464041734441103007900541,14601.842146,3.7
2022-01-03 06:15:00,-1380130441,362673966978894468,193855.0,193855.0,193855.0,193855.0,2432000000,1000000000000000000,39851682463650992412,3814.2156502464041734441103007900541,3814.2156502464041734441103007900541,2432,1
2022-01-03 06:16:00,-100570204166,26387042163313115233,193856.0,193856.0,193856.0,193856.0,16578383490,30731926916421836098,39851682463650992412,3813.8342668197222012239879019998580,3814.2156502464041734441103007900541,16578.38349,30.731926916421836098
2022-01-03 06:17:00,-25235361893,6620359136425189558,193856.0,193856.0,193856.0,193856.0,0,6620359136425189558,39851682463650992412,3813.8342668197222012239879019998580,3813.8342668197222012239879019998580,0,6.620359136425189558
2022-01-03 06:18:00,-1140242541936,299344154967133355071,193865.0,193854.0,193854.0,193865.0,251649184847,365297401574803177472,39851682463650992412,3810.4035315759106018162337533514467,3813.8342668197222012239879019998580,251649.184847,365.297401574803177472
2022-01-03 06:19:00,0,0,193865.0,193865.0,193865.0,193865.0,0,0,39851682463650992412,3810.4035315759106018162337533514467,3810.4035315759106018162337533514467,0,0
2022-01-03 06:20:00,0,0,193865.0,193865.0,193865.0,193865.0,0,0,39851682463650992412,3810.4035315759106018162337533514467,3810.4035315759106018162337533514467,0,0
2022-01-03 06:21:00,-871275298239,229041787548842726878,193872.0,193878.0,193872.0,193878.0,654974374160,401027519912089932442,39847498929936241008,3807.7373156968024098711733450712537,3810.4035315759106018162337533514467,654974.37416,401.027519912089932442
2022-01-03 06:22:00,-60659611019,15948207934101277613,193873.0,193873.0,193873.0,193873.0,30000000000,23824112597145393972,39847498929936241008,3807.3565800387985300181715279184646,3807.7373156968024098711733450712537,30000,23.824112597145393972
2022-01-03 06:23:00,0,0,193873.0,193873.0,193873.0,193873.0,0,0,39847498929936241008,3807.3565800387985300181715279184646,3807.3565800387985300181715279184646,0,0
2022-01-03 06:24:00,-23342703401,6134279742816309889,193873.0,193873.0,193873.0,193873.0,0,6134279742816309889,39847498929936241008,3807.3565800387985300181715279184646,3807.3565800387985300181715279184646,0,6.134279742816309889
2022-01-03 06:25:00,-24022633881,6316767811462746585,193873.0,193873.0,193873.0,193873.0,14029733732,10000000000000000000,39847498929936241008,3807.3565800387985300181715279184646,3807.3565800387985300181715279184646,14029.733732,10
2022-01-03 06:26:00,21254814898,-5580128619226554952,193873.0,193873.0,193873.0,193873.0,21254814898,0,39847498929936241008,3807.3565800387985300181715279184646,3807.3565800387985300181715279184646,21254.814898,0
2022-01-03 06:27:00,-19939715389,5261359478796158844,193873.0,193874.0,193873.0,193874.0,80895105133,26500000000000000000,39847498929936241008,3807.3565800387985300181715279184646,3807.3565800387985300181715279184646,80895.105133,26.5
2022-01-03 06:28:00,-558024321,146648564956096242,193873.0,193873.0,193873.0,193873.0,0,146648564956096242,39847498929936241008,3807.3565800387985300181715279184646,3807.3565800387985300181715279184646,0,0.146648564956096242
2022-01-03 06:29:00,251475084969,-66014745446025818008,193871.0,193872.0,193871.0,193872.0,251475084969,0,39847498929936241008,3808.1180894283720901121604624057632,3807.3565800387985300181715279184646,251475.084969,0
2022-01-03 06:30:00,-786723724700,206837510435270816892,193878.0,193872.0,193872.0,193880.0,239277620807,269690208022239062384,39847498929936241008,3805.4534727190353029711743963283089,3808.1180894283720901121604624057632,239277.620807,269.690208022239062384
2022-01-03 06:31:00,486045821473,-127624699616463359369,193874.0,193874.0,193873.0,193874.0,526584127666,10653707979026234716,39847498929936241008,3806.9758824505534746707044574727167,3805.4534727190353029711743963283089,526584.127666,10.653707979026234716
2022-01-03 06:32:00,2075632599,-536778676306451643,193874.0,193874.0,193874.0,193874.0,33182204206,8175151339142589435,39847498929936241008,3806.9758824505534746707044574727167,3806.9758824505534746707044574727167,33182.204206,8.175151339142589435
2022-01-03 06:33:00,-4028899000,1062383107165575221,193874.0,193874.0,193874.0,193874.0,13500000000,4606800000000000000,39847498929936241008,3806.9758824505534746707044574727167,3806.9758824505534746707044574727167,13500,4.6068
2022-01-03 06:34:00,-56574590212,14868750000000000000,193874.0,193874.0,193874.0,193874.0,0,14868750000000000000,39847498929936241008,3806.9758824505534746707044574727167,3806.9758824505534746707044574727167,0,14.86875
2022-01-03 06:35:00,0,0,193874.0,193874.0,193874.0,193874.0,0,0,39847498929936241008,3806.9758824505534746707044574727167,3806.9758824505534746707044574727167,0,0
2022-01-03 06:36:00,0,0,193874.0,193874.0,193874.0,193874.0,0,0,39847498929936241008,3806.9758824505534746707044574727167,3806.9758824505534746707044574727167,0,0
2022-01-03 06:37:00,113764035856,-29868508607577245157,193873.0,193874.0,193873.0,193874.0,113764035856,0,39847498929936241008,3807.3565800387985300181715279184646,3806.9758824505534746707044574727167,113764.035856,0
2022-01-03 06:38:00,0,0,193873.0,193873.0,193873.0,193873.0,0,0,39847498929936241008,3807.3565800387985300181715279184646,3807.3565800387985300181715279184646,0,0
2022-01-03 06:39:00,0,0,193873.0,193873.0,193873.0,193873.0,0,0,39847498929936241008,3807.3565800387985300181715279184646,3807.3565800387985300181715279184646,0,0
2022-01-03 06:40:00,-5734786076,1507442353388590008,193873.0,193873.0,193873.0,193873.0,1315853688,1852900812484295849,39847498929936241008,3807.3565800387985300181715279184646,3807.3565800387985300181715279184646,1315.853688,1.852900812484295849
2022-01-03 06:41:00,-23129496477,6078482282825123527,193873.0,193873.0,193873.0,193873.0,0,6078482282825123527,39847498929936241008,3807.3565800387985300181715279184646,3807.3565800387985300181715279184646,0,6.078482282825123527
2022-01-03 06:42:00,50078339135,-13147395719272049958,193873.0,193873.0,193873.0,193873.0,50078339135,0,39847498929936241008,3807.3565800387985300181715279184646,3807.3565800387985300181715279184646,50078.339135,0
2022-01-03 06:43:00,118390700360,-31079285632311998455,193872.0,193873.0,193872.0,193873.0,120198734462,475094361273431117,39847498929936241008,3807.7373156968024098711733450712537,3807.3565800387985300181715279184646,120198.734462,0.475094361273431117
2022-01-03 06:44:00,69327512360,-18198372585854053750,193871.0,193872.0,193871.0,193872.0,69327512360,0,39847498929936241008,3808.1180894283720901121604624057632,3807.7373156968024098711733450712537,69327.51236,0
2022-01-03 06:45:00,-5137877690,1350000000000000000,193872.0,193872.0,193872.0,193872.0,0,1350000000000000000,39847498929936241008,3807.7373156968024098711733450712537,3808.1180894283720901121604624057632,0,1.35
2022-01-03 06:46:00,-19490280000,5121208236279081597,193872.0,193872.0,193872.0,193872.0,0,5121208236279081597,39847498929936241008,3807.7373156968024098711733450712537,3807.7373156968024098711733450712537,0,5.121208236279081597
2022-01-03 06:47:00,0,0,193872.0,193872.0,193872.0,193872.0,0,0,39847498929936241008,3807.7373156968024098711733450712537,3807.7373156968024098711733450712537,0,0
2022-01-03 06:48:00,2551424395,-669739092672285704,193872.0,193872.0,193872.0,193872.0,2551424395,0,39847498929936241008,3807.7373156968024098711733450712537,3807.7373156968024098711733450712537,2551.424395,0
2022-01-03 06:49:00,-83052403029,21827359080150399060,193872.0,193872.0,193872.0,193872.0,14810334056,25715296858838460716,39847498929936241008,3807.7373156968024098711733450712537,3807.7373156968024098711733450712537,14810.334056,25.715296858838460716
2022-01-03 06:50:00,6696721466,-1757975792730261539,193872.0,193872.0,193872.0,193872.0,6696721466,0,39847498929936241008,3807.7373156968024098711733450712537,3807.7373156968024098711733450712537,6696.721466,0
2022-01-03 06:51:00,4614754622,-1210117393323677946,193872.0,193872.0,193872.0,193872.0,9600000000,1310000000000000000,39847498929936241008,3807.7373156968024098711733450712537,3807.7373156968024098711733450712537,9600,1.31
2022-01-03 06:52:00,105469242206,-27685670775172442075,193871.0,193872.0,193871.0,193872.0,105469242206,0,39847498929936241008,3808.1180894283720901121604624057632,3807.7373156968024098711733450712537,105469.242206,0
2022-01-03 06:53:00,700000000,-183742034830472889,193871.0,193871.0,193871.0,193871.0,700000000,0,39847498929936241008,3808.1180894283720901121604624057632,3808.1180894283720901121604624057632,700,0
2022-01-03 06:54:00,-19426351412,5104338094350380571,193872.0,193872.0,193872.0,193872.0,0,5104338094350380571,39847498929936241008,3807.7373156968024098711733450712537,3808.1180894283720901121604624057632,0,5.104338094350380571
2022-01-03 06:55:00,0,0,193872.0,193872.0,193872.0,193872.0,0,0,39847498929936241008,3807.7373156968024098711733450712537,3807.7373156968024098711733450712537,0,0
2022-01-03 06:56:00,-1070922129175,281513157805226163439,193880.0,193880.0,193880.0,193880.0,0,281513157805226163439,40133497025887868692,3804.6924961728757660891988956571854,3807.7373156968024098711733450712537,0,281.513157805226163439
2022-01-03 06:57:00,0,0,193880.0,193880.0,193880.0,193880.0,0,0,40133497025887868692,3804.6924961728757660891988956571854,3804.6924961728757660891988956571854,0,0
2022-01-03 06:58:00,490556291,-128879587269417045,193880.0,193880.0,193880.0,193880.0,490556291,0,40133497025887868692,3804.6924961728757660891988956571854,3804.6924961728757660891988956571854,490.556291,0
2022-01-03 06:59:00,-8017240145,2108414061220975726,193880.0,193880.0,193880.0,193880.0,0,2108414061220975726,40133497025887868692,3804.6924961728757660891988956571854,3804.6924961728757660891988956571854,0,2.108414061220975726
2022-01-03 07:00:00,0,0,193880.0,193880.0,193880.0,193880.0,0,0,40133497025887868692,3804.6924961728757660891988956571854,3804.6924961728757660891988956571854,0,0
2022-01-03 07:01:00,-83458579353,21949229291418111393,193881.0,193880.0,193880.0,193881.0,235875173,22011199544989576264,40133497025887868692,3804.3120649663791281763812575314325,3804.6924961728757660891988956571854,235.875173,22.011199544989576264
2022-01-03 07:02:00,-70497115382,18542981719186271921,193882.0,193882.0,193882.0,193882.0,5545133292,20000000000000000000,40133497025887868692,3803.9316717991992082555557019612383,3804.3120649663791281763812575314325,5545.133292,20
2022-01-03 07:03:00,0,0,193882.0,193882.0,193882.0,193882.0,0,0,40133497025887868692,3803.9316717991992082555557019612383,3803.9316717991992082555557019612383,0,0
2022-01-03 07:04:00,-34217640908,9000000000000000000,193882.0,193882.0,193882.0,193882.0,0,9000000000000000000,40133497025887868692,3803.9316717991992082555557019612383,3803.9316717991992082555557019612383,0,9
2022-01-03 07:05:00,2456110361,-644374289077776562,193882.0,193882.0,193882.0,193882.0,6258031279,1000000000000000000,40133497025887868692,3803.9316717991992082555557019612383,3803.9316717991992082555557019612383,6258.031279,1
2022-01-03 07:06:00,-2949335822,775750977018161465,193882.0,193882.0,193882.0,193882.0,0,775750977018161465,40133497025887868692,3803.9316717991992082555557019612383,3803.9316717991992082555557019612383,0,0.775750977018161465
2022-01-03 07:07:00,-151319903467,39803496988076546213,193883.0,193883.0,193883.0,193883.0,0,39803496988076546213,40133497025887868692,3803.5513166675324550100546964915879,3803.9316717991992082555557019612383,0,39.803496988076546213
2022-01-03 07:08:00,12326415786,-3239306003773941644,193883.0,193883.0,193883.0,193883.0,12326415786,0,40197256184235515677,3803.5513166675324550100546964915879,3803.5513166675324550100546964915879,12326.415786,0
2022-01-03 07:09:00,-161896716,43886496133052998,193883.0,193883.0,193883.0,193883.0,4938103284,1341580533535922885,40197256184235515677,3803.5513166675324550100546964915879,3803.5513166675324550100546964915879,4938.103284,1.341580533535922885
2022-01-03 07:10:00,5000000000,-1313960140992256621,193883.0,193883.0,193883.0,193883.0,5000000000,0,40197256184235515677,3803.5513166675324550100546964915879,3803.5513166675324550100546964915879,5000,0
2022-01-03 07:11:00,0,0,193883.0,193883.0,193883.0,193883.0,0,0,40197256184235515677,3803.5513166675324550100546964915879,3803.5513166675324550100546964915879,0,0
2022-01-03 07:12:00,0,0,193883.0,193883.0,193883.0,193883.0,0,0,40197256184235515677,3803.5513166675324550100546964915879,3803.5513166675324550100546964915879,0,0
2022-01-03 07:13:00,0,0,193883.0,193883.0,193883.0,193883.0,0,0,40197256184235515677,3803.5513166675324550100546964915879,3803.5513166675324550100546964915879,0,0
2022-01-03 07:14:00,-3243624248,853251029707431583,193883.0,193883.0,193883.0,193883.0,0,853251029707431583,40197256184235515677,3803.5513166675324550100546964915879,3803.5513166675324550100546964915879,0,0.853251029707431583
2022-01-03 07:15:00,432161101211,-113548775820973797221,193879.0,193881.0,193879.0,193881.0,432161101211,0,39911258088283887993,3805.0729654224930536658078155467542,3803.5513166675324550100546964915879,432161.101211,0
2022-01-03 07:16:00,25504581203,-6700000000000000000,193879.0,193879.0,193879.0,193879.0,25504581203,0,39911258088283887993,3805.0729654224930536658078155467542,3805.0729654224930536658078155467542,25504.581203,0
2022-01-03 07:17:00,-437451151183,115051631273387423146,193883.0,193880.0,193880.0,193883.0,0,115051631273387423146,40197256184235515677,3803.5513166675324550100546964915879,3805.0729654224930536658078155467542,0,115.051631273387423146
2022-01-03 07:18:00,306781988108,-80508046660907796584,193880.0,193883.0,193877.0,193883.0,689407878659,100610000000000000000,40197256184235515677,3804.6924961728757660891988956571854,3803.5513166675324550100546964915879,689407.878659,100.61
2022-01-03 07:19:00,-422498630343,111130456867949607342,193884.0,193884.0,193884.0,193884.0,1258371484,111461172862600770579,40197256184235515677,3803.1709995675756974403106654250469,3804.6924961728757660891988956571854,1258.371484,111.461172862600770579
2022-01-03 07:20:00,5509045399,-1447843089922405867,193884.0,193884.0,193884.0,193884.0,5509045399,0,40197256184235515677,3803.1709995675756974403106654250469,3803.1709995675756974403106654250469,5509.045399,0
2022-01-03 07:21:00,178625499646,-46926140018627324644,193882.0,193884.0,193882.0,193884.0,236782588233,15300000000000000000,40197256184235515677,3803.9316717991992082555557019612383,3803.1709995675756974403106654250469,236782.588233,15.3
2022-01-03 07:22:00,0,0,193882.0,193882.0,193882.0,193882.0,0,0,40197256184235515677,3803.9316717991992082555557019612383,3803.9316717991992082555557019612383,0,0
2022-01-03 07:23:00,2071802904,-544414535813978686,193882.0,193882.0,193882.0,193882.0,2071802904,0,40237212849943276877,3803.9316717991992082555557019612383,3803.9316717991992082555557019612383,2071.802904,0
2022-01-03 07:24:00,54908194809,-14428077749636052879,193882.0,193882.0,193882.0,193882.0,54908194809,0,40237212849943276877,3803.9316717991992082555557019612383,3803.9316717991992082555557019612383,54908.194809,0
2022-01-03 07:25:00,137319585255,-36077832651624109289,193881.0,193881.0,193881.0,193881.0,146712563478,2470300253022438589,40237212849943276877,3804.3120649663791281763812575314325,3803.9316717991992082555557019612383,146712.563478,2.470300253022438589
2022-01-03 07:26:00,19434236858,-5105964139164322999,193881.0,193881.0,193881.0,193881.0,19434236858,0,40237212849943276877,3804.3120649663791281763812575314325,3804.3120649663791281763812575314325,19434.236858,0
2022-01-03 07:27:00,0,0,193881.0,193881.0,193881.0,193881.0,0,0,40237212849943276877,3804.3120649663791281763812575314325,3804.3120649663791281763812575314325,0,0
2022-01-03 07:28:00,-85588049328,22510971000691931111,193881.0,193881.0,193881.0,193881.0,4898453665,23798024757493439928,40237212849943276877,3804.3120649663791281763812575314325,3804.3120649663791281763812575314325,4898.453665,23.798024757493439928
2022-01-03 07:29:00,-1021666461,268707967653320431,193881.0,193881.0,193881.0,193881.0,0,268707967653320431,40237212849943276877,3804.3120649663791281763812575314325,3804.3120649663791281763812575314325,0,0.268707967653320431
2022-01-03 07:30:00,0,0,193881.0,193881.0,193881.0,193881.0,0,0,40237212849943276877,3804.3120649663791281763812575314325,3804.3120649663791281763812575314325,0,0
2022-01-03 07:31:00,137061173296,-36000378488873297457,193880.0,193881.0,193880.0,193881.0,175086558852,10000000000000000000,40237212849943276877,3804.6924961728757660891988956571854,3804.3120649663791281763812575314325,175086.558852,10
2022-01-03 07:32:00,-58709273094,15445001568245547885,193881.0,193880.0,193880.0,193881.0,19925327574,20679694719751447796,40237212849943276877,3804.3120649663791281763812575314325,3804.6924961728757660891988956571854,19925.327574,20.679694719751447796
2022-01-03 07:33:00,188247852110,-49454621225069759339,193879.0,193879.0,193879.0,193879.0,188247852110,0,39951214753991649193,3805.0729654224930536658078155467542,3804.3120649663791281763812575314325,188247.85211,0
2022-01-03 07:34:00,6000000000,-1576137135745116247,193879.0,193879.0,193879.0,193879.0,6000000000,0,39951214753991649193,3805.0729654224930536658078155467542,3805.0729654224930536658078155467542,6000,0
2022-01-03 07:35:00,922838086022,-242328605266279638966,193872.0,193872.0,193872.0,193872.0,922838086022,0,39951214753991649193,3807.7373156968024098711733450712537,3805.0729654224930536658078155467542,922838.086022,0
2022-01-03 07:36:00,18428141364,-4837209997098894424,193871.0,193871.0,193871.0,193871.0,18428141364,0,39951214753991649193,3808.1180894283720901121604624057632,3807.7373156968024098711733450712537,18428.141364,0
2022-01-03 07:37:00,38822862246,-10189254466232340300,193871.0,193871.0,193871.0,193871.0,43152198056,1137500000000000000,39951214753991649193,3808.1180894283720901121604624057632,3808.1180894283720901121604624057632,43152.198056,1.1375
2022-01-03 07:38:00,-29653997917,7800675591243897623,193871.0,193872.0,193871.0,193872.0,35046351965,17000000000000000000,39951214753991649193,3808.1180894283720901121604624057632,3808.1180894283720901121604624057632,35046.351965,17
2022-01-03 07:39:00,-121409117398,31920640337673100536,193872.0,193871.0,193871.0,193873.0,72036180796,50831395928514797010,39951214753991649193,3807.7373156968024098711733450712537,3808.1180894283720901121604624057632,72036.180796,50.83139592851479701
2022-01-03 07:40:00,-432647356058,113715180407253506640,193876.0,193872.0,193872.0,193876.0,23941276183,120000000000000000000,39951214753991649193,3806.2146014681138372221216609193134,3807.7373156968024098711733450712537,23941.276183,120
2022-01-03 07:41:00,-34811071813,9154327410485468571,193876.0,193876.0,193876.0,193876.0,13336912508,12656706021188127350,39951214753991649193,3806.2146014681138372221216609193134,3806.2146014681138372221216609193134,13336.912508,12.65670602118812735
2022-01-03 07:42:00,-374161436339,98372526386926729410,193879.0,193876.0,193876.0,193879.0,0,98372526386926729410,39951214753991649193,3805.0729654224930536658078155467542,3806.2146014681138372221216609193134,0,98.37252638692672941
2022-01-03 07:43:00,-7461447780,1962685012904481854,193879.0,193879.0,193879.0,193879.0,2500000000,2619413568577296779,39951214753991649193,3805.0729654224930536658078155467542,3805.0729654224930536658078155467542,2500,2.619413568577296779
2022-01-03 07:44:00,40206920837,-10561915661021388440,193879.0,193879.0,193879.0,193879.0,40206920837,0,39951214753991649193,3805.0729654224930536658078155467542,3805.0729654224930536658078155467542,40206.920837,0
2022-01-03 07:45:00,-811649225,216049305084912019,193879.0,193879.0,193879.0,193879.0,9996949905,2842107601108265271,39951214753991649193,3805.0729654224930536658078155467542,3805.0729654224930536658078155467542,9996.949905,2.842107601108265271
2022-01-03 07:46:00,-3600000000,946613348584386030,193879.0,193879.0,193879.0,193879.0,0,946613348584386030,39951214753991649193,3805.0729654224930536658078155467542,3805.0729654224930536658078155467542,0,0.94661334858438603
2022-01-03 07:47:00,-331230993698,87108758291199601458,193882.0,193881.0,193881.0,193882.0,1500000000,87502892373517480207,40237212849943276877,3803.9316717991992082555557019612383,3805.0729654224930536658078155467542,1500,87.502892373517480207
2022-01-03 07:48:00,6000000000,-1576531567111975705,193882.0,193882.0,193882.0,193882.0,6000000000,0,40237212849943276877,3803.9316717991992082555557019612383,3803.9316717991992082555557019612383,6000,0
2022-01-03 07:49:00,-7467551004,1965403428084112125,193882.0,193881.0,193881.0,193882.0,4945150000,3264761880100552765,40237212849943276877,3803.9316717991992082555557019612383,3803.9316717991992082555557019612383,4945.15,3.264761880100552765
2022-01-03 07:50:00,25856282922,-6793828106018826896,193881.0,193882.0,193881.0,193882.0,25856282922,0,40237212849943276877,3804.3120649663791281763812575314325,3803.9316717991992082555557019612383,25856.282922,0
2022-01-03 07:51:00,-12042193783,3167277114063499772,193881.0,193881.0,193881.0,193881.0,0,3167277114063499772,40237212849943276877,3804.3120649663791281763812575314325,3804.3120649663791281763812575314325,0,3.167277114063499772
2022-01-03 07:52:00,299626868374,-78717235290316190255,193879.0,193881.0,193879.0,193881.0,304217643418,1207450606509527581,39951214753991649193,3805.0729654224930536658078155467542,3804.3120649663791281763812575314325,304217.643418,1.207450606509527581
2022-01-03 07:53:00,-1140889144,300000000000000000,193879.0,193879.0,193879.0,193879.0,0,300000000000000000,39951214753991649193,3805.0729654224930536658078155467542,3805.0729654224930536658078155467542,0,0.3
2022-01-03 07:54:00,50581340534,-13286941733555374270,193879.0,193879.0,193879.0,193879.0,50581340534,0,39951214753991649193,3805.0729654224930536658078155467542,3805.0729654224930536658078155467542,50581.340534,0
2022-01-03 07:55:00,1211241545922,-318011810170323323248,193869.0,193878.0,193869.0,193878.0,1211241545922,0,39955398287706400597,3808.8797511274386588139037956198519,3805.0729654224930536658078155467542,1211241.545922,0
2022-01-03 07:56:00,24809134157,-6509381733747678024,193869.0,193869.0,193869.0,193869.0,28616072159,1000000000000000000,39955398287706400597,3808.8797511274386588139037956198519,3808.8797511274386588139037956198519,28616.072159,1
2022-01-03 07:57:00,72340981919,-18982385633047226005,193868.0,193868.0,193868.0,193868.0,74227903334,495625000000000000,39955398287706400597,3809.2606391025514026797851859994104,3808.8797511274386588139037956198519,74227.903334,0.495625
2022-01-03 07:58:00,0,0,193868.0,193868.0,193868.0,193868.0,0,0,39955398287706400597,3809.2606391025514026797851859994104,3809.2606391025514026797851859994104,0,0
2022-01-03 07:59:00,440651464120,-115602708050887529213,193864.0,193865.0,193864.0,193865.0,455501615010,3899173245093339818,39955398287706400597,3810.7845719290681928764153767267785,3809.2606391025514026797851859994104,455501.61501,3.899173245093339818
2022-01-03 08:00:00,12515596697,-3282911947130194116,193864.0,193864.0,193864.0,193864.0,12515596697,0,39955398287706400597,3810.7845719290681928764153767267785,3810.7845719290681928764153767267785,12515.596697,0
2022-01-03 08:01:00,17437862502,-4573994643504315916,193864.0,193864.0,193864.0,193864.0,17437862502,0,39955398287706400597,3810.7845719290681928764153767267785,3810.7845719290681928764153767267785,17437.862502,0
2022-01-03 08:02:00,184747849376,-48419105155054294751,193863.0,193864.0,193862.0,193864.0,324751485005,36752800555646436730,39955398287706400597,3811.1656503862610996957030182644510,3810.7845719290681928764153767267785,324751.485005,36.75280055564643673
2022-01-03 08:03:00,5564896815,-1458454440949100883,193863.0,193863.0,193863.0,193863.0,9374097853,1000000000000000000,39955398287706400597,3811.1656503862610996957030182644510,3811.1656503862610996957030182644510,9374.097853,1
2022-01-03 08:04:00,199432721514,-52299037270170972367,193861.0,193861.0,193861.0,193861.0,199432721514,0,39955398287706400597,3811.9279216279948557782531558251369,3811.1656503862610996957030182644510,199432.721514,0
2022-01-03 08:05:00,20086458700,-5266984316459886812,193861.0,193861.0,193861.0,193861.0,20086458700,0,39955398287706400597,3811.9279216279948557782531558251369,3811.9279216279948557782531558251369,20086.4587,0
2022-01-03 08:06:00,718295229086,-188291555507196327832,193855.0,193855.0,193855.0,193855.0,719743823884,380000000000000000,39955398287706400597,3814.2156502464041734441103007900541,3811.9279216279948557782531558251369,719743.823884,0.38
2022-01-03 08:07:00,863765241598,-226229434088436802723,193848.0,193847.0,193847.0,193848.0,1056691713815,50570019784706959906,39921114552417857746,3816.8864023203741064248095961916430,3814.2156502464041734441103007900541,1056691.713815,50.570019784706959906
2022-01-03 08:08:00,-1351427388126,354456955369882836044,193859.0,193859.0,193859.0,193859.0,0,354456955369882836044,39955398287706400597,3812.6903453315996710293573642388345,3816.8864023203741064248095961916430,0,354.456955369882836044
2022-01-03 08:09:00,-100026232518,26250655142619215692,193860.0,193860.0,193860.0,193860.0,0,26250655142619215692,39955398287706400597,3812.3091144201576552638309811407174,3812.6903453315996710293573642388345,0,26.250655142619215692
2022-01-03 08:10:00,-42698386871,11224902505085973539,193860.0,193860.0,193860.0,193860.0,70838499597,29798390145396457836,39955398287706400597,3812.3091144201576552638309811407174,3812.3091144201576552638309811407174,70838.499597,29.798390145396457836
2022-01-03 08:11:00,29367799444,-7700000000000000000,193860.0,193860.0,193860.0,193860.0,29367799444,0,39955398287706400597,3812.3091144201576552638309811407174,3812.3091144201576552638309811407174,29367.799444,0
2022-01-03 08:12:00,2142477946688,-561075424787164584164,193843.0,193845.0,193842.0,193850.0,2795446148006,171145930238762029607,39921114552417857746,3818.7952272483452980200064087452032,3812.3091144201576552638309811407174,2795446.148006,171.145930238762029607
2022-01-03 08:13:00,0,0,193843.0,193843.0,193843.0,193843.0,0,0,39921114552417857746,3818.7952272483452980200064087452032,3818.7952272483452980200064087452032,0,0
2022-01-03 08:14:00,-45824759099,12006129628775959745,193843.0,193843.0,193843.0,193843.0,0,12006129628775959745,39921114552417857746,3818.7952272483452980200064087452032,3818.7952272483452980200064087452032,0,12.006129628775959745
2022-01-03 08:15:00,-59920882187,15700000000000000000,193843.0,193843.0,193843.0,193843.0,0,15700000000000000000,39921114552417857746,3818.7952272483452980200064087452032,3818.7952272483452980200064087452032,0,15.7
2022-01-03 08:16:00,-784427817684,205600000000000000000,193850.0,193844.0,193844.0,193850.0,0,205600000000000000000,39955398287706400597,3816.1231395312364638196810217904743,3818.7952272483452980200064087452032,0,205.6
2022-01-03 08:17:00,-81335861818,21325764974065961257,193850.0,193850.0,193850.0,193850.0,0,21325764974065961257,39955398287706400597,3816.1231395312364638196810217904743,3816.1231395312364638196810217904743,0,21.325764974065961257
2022-01-03 08:18:00,-114978699053,30149108900206161037,193851.0,193851.0,193851.0,193851.0,0,30149108900206161037,39955398287706400597,3815.7415653746989939202889928911831,3816.1231395312364638196810217904743,0,30.149108900206161037
2022-01-03 08:19:00,-1120667231,293869282570297980,193851.0,193851.0,193851.0,193851.0,0,293869282570297980,39955398287706400597,3815.7415653746989939202889928911831,3815.7415653746989939202889928911831,0,0.29386928257029798
2022-01-03 08:20:00,8781737373,-2300000000000000000,193851.0,193851.0,193851.0,193851.0,10688495964,500000000000000000,39955398287706400597,3815.7415653746989939202889928911831,3815.7415653746989939202889928911831,10688.495964,0.5
2022-01-03 08:21:00,-1029648414,270000000000000000,193851.0,193851.0,193851.0,193851.0,0,270000000000000000,39955398287706400597,3815.7415653746989939202889928911831,3815.7415653746989939202889928911831,0,0.27
2022-01-03 08:22:00,-91856045108,24087897660706519931,193852.0,193852.0,193852.0,193852.0,0,24087897660706519931,39955398287706400597,3815.3600293717618177385151413770477,3815.7415653746989939202889928911831,0,24.087897660706519931
2022-01-03 08:23:00,86235152792,-22579164482837890022,193851.0,193852.0,193851.0,193852.0,132696480285,12183461053872565734,39955398287706400597,3815.7415653746989939202889928911831,3815.3600293717618177385151413770477,132696.480285,12.183461053872565734
2022-01-03 08:24:00,-2676687850,701899916491571216,193851.0,193851.0,193851.0,193851.0,0,701899916491571216,39955398287706400597,3815.7415653746989939202889928911831,3815.7415653746989939202889928911831,0,0.701899916491571216
2022-01-03 08:25:00,-9109046894,2388649757650388734,193851.0,193851.0,193851.0,193851.0,0,2388649757650388734,39955398287706400597,3815.7415653746989939202889928911831,3815.7415653746989939202889928911831,0,2.388649757650388734
2022-01-03 08:26:00,-1134159565,297409953618337593,193851.0,193851.0,193851.0,193851.0,0,297409953618337593,39955398287706400597,3815.7415653746989939202889928911831,3815.7415653746989939202889928911831,0,0.297409953618337593
2022-01-03 08:27:00,26891264419,-7044556055920549910,193851.0,193851.0,193851.0,193851.0,26891264419,0,39955398287706400597,3815.7415653746989939202889928911831,3815.7415653746989939202889928911831,26891.264419,0
2022-01-03 08:28:00,-8909511717,2337243968215002905,193851.0,193851.0,193851.0,193851.0,3622442279,3286193080404407247,39955398287706400597,3815.7415653746989939202889928911831,3815.7415653746989939202889928911831,3622.442279,3.286193080404407247
2022-01-03 08:29:00,29055262767,-7607644308261738137,193851.0,193851.0,193851.0,193851.0,43111521000,3685932828960809511,39955398287706400597,3815.7415653746989939202889928911831,3815.7415653746989939202889928911831,43111.521,3.685932828960809511
2022-01-03 08:30:00,219866430637,-57590214147298820050,193849.0,193851.0,193849.0,193851.0,220958581680,286332591190063497,39921114552417857746,3816.5047518451895874660629898926498,3815.7415653746989939202889928911831,220958.58168,0.286332591190063497
2022-01-03 08:31:00,1407313104,-367648489946996920,193849.0,193849.0,193849.0,193849.0,5000000000,941905000000000000,39921114552417857746,3816.5047518451895874660629898926498,3816.5047518451895874660629898926498,5000,0.941905
2022-01-03 08:32:00,-7628541124,2000000000000000000,193849.0,193849.0,193849.0,193849.0,0,2000000000000000000,39921114552417857746,3816.5047518451895874660629898926498,3816.5047518451895874660629898926498,0,2
2022-01-03 08:33:00,8857967854,-2320000000000000000,193849.0,193849.0,193849.0,193849.0,8857967854,0,39921114552417857746,3816.5047518451895874660629898926498,3816.5047518451895874660629898926498,8857.967854,0
2022-01-03 08:34:00,-92301261612,24199735162360125186,193850.0,193850.0,193850.0,193850.0,0,24199735162360125186,39955398287706400597,3816.1231395312364638196810217904743,3816.5047518451895874660629898926498,0,24.199735162360125186
2022-01-03 08:35:00,0,0,193850.0,193850.0,193850.0,193850.0,0,0,39955398287706400597,3816.1231395312364638196810217904743,3816.1231395312364638196810217904743,0,0
2022-01-03 08:36:00,-1285184731692,337140536018090136743,193860.0,193860.0,193860.0,193860.0,0,337140536018090136743,39955398287706400597,3812.3091144201576552638309811407174,3816.1231395312364638196810217904743,0,337.140536018090136743
2022-01-03 08:37:00,-7620943535,2000238116786947923,193861.0,193861.0,193861.0,193861.0,0,2000238116786947923,39955398287706400597,3811.9279216279948557782531558251369,3812.3091144201576552638309811407174,0,2.000238116786947923
2022-01-03 08:38:00,19647630614,-5151091606798225511,193860.0,193860.0,193860.0,193860.0,21787934992,561755029684810001,39955398287706400597,3812.3091144201576552638309811407174,3811.9279216279948557782531558251369,21787.934992,0.561755029684810001
2022-01-03 08:39:00,-546938133575,143598360934593864569,193865.0,193860.0,193860.0,193865.0,59961506343,159319896532939030000,39955398287706400597,3810.4035315759106018162337533514467,3812.3091144201576552638309811407174,59961.506343,159.31989653293903
2022-01-03 08:40:00,2304000000,-604376621690061652,193865.0,193865.0,193865.0,193865.0,2304000000,0,39955398287706400597,3810.4035315759106018162337533514467,3810.4035315759106018162337533514467,2304,0
2022-01-03 08:41:00,-325496716065,85494240393693542609,193867.0,193868.0,193867.0,193868.0,55282963882,100000000000000000000,39955398287706400597,3809.6415651664616578200531645180116,3810.4035315759106018162337533514467,55282.963882,100
2022-01-03 08:42:00,-117248346442,30800427760093671857,193868.0,193867.0,193867.0,193868.0,15000000000,34736182658660866829,39955398287706400597,3809.2606391025514026797851859994104,3809.6415651664616578200531645180116,15000,34.736182658660866829
2022-01-03 08:43:00,95867022479,-25155507919228453523,193868.0,193868.0,193868.0,193868.0,95867022479,0,39955398287706400597,3809.2606391025514026797851859994104,3809.2606391025514026797851859994104,95867.022479,0
2022-01-03 08:44:00,0,0,193868.0,193868.0,193868.0,193868.0,0,0,39955398287706400597,3809.2606391025514026797851859994104,3809.2606391025514026797851859994104,0,0
2022-01-03 08:45:00,-20000000000,5253090677071662096,193868.0,193868.0,193868.0,193868.0,0,5253090677071662096,39955398287706400597,3809.2606391025514026797851859994104,3809.2606391025514026797851859994104,0,5.253090677071662096
2022-01-03 08:46:00,0,0,193868.0,193868.0,193868.0,193868.0,0,0,39955398287706400597,3809.2606391025514026797851859994104,3809.2606391025514026797851859994104,0,0
2022-01-03 08:47:00,28420891860,-7457387670545148768,193868.0,193868.0,193868.0,193868.0,28420891860,0,39955398287706400597,3809.2606391025514026797851859994104,3809.2606391025514026797851859994104,28420.89186,0
2022-01-03 08:48:00,-7378893914,1938226878386943916,193868.0,193868.0,193868.0,193868.0,571509000,2088183962971478302,39955398287706400597,3809.2606391025514026797851859994104,3809.2606391025514026797851859994104,571.509,2.088183962971478302
2022-01-03 08:49:00,1800000000,-472300932276060201,193868.0,193868.0,193868.0,193868.0,1800000000,0,39955398287706400597,3809.2606391025514026797851859994104,3809.2606391025514026797851859994104,1800,0
2022-01-03 08:50:00,1260457243,-330541934417929540,193868.0,193868.0,193868.0,193868.0,1977492087,188330548347388819,39955398287706400597,3809.2606391025514026797851859994104,3809.2606391025514026797851859994104,1977.492087,0.188330548347388819
2022-01-03 08:51:00,37163137268,-9749395159699907538,193867.0,193867.0,193867.0,193867.0,43463873385,1654843924704659813,39955398287706400597,3809.6415651664616578200531645180116,3809.2606391025514026797851859994104,43463.873385,1.654843924704659813
2022-01-03 08:52:00,19437913974,-5100000000000000000,193867.0,193867.0,193867.0,193867.0,19818664096,100000000000000000,39955398287706400597,3809.6415651664616578200531645180116,3809.6415651664616578200531645180116,19818.664096,0.1
2022-01-03 08:53:00,6148692431,-1613167724216727147,193867.0,193867.0,193867.0,193867.0,6541622201,103198746474998660,39955398287706400597,3809.6415651664616578200531645180116,3809.6415651664616578200531645180116,6541.622201,0.10319874647499866
2022-01-03 08:54:00,322326190,-84570516811095823,193867.0,193867.0,193867.0,193867.0,322326190,0,39955398287706400597,3809.6415651664616578200531645180116,3809.6415651664616578200531645180116,322.32619,0
2022-01-03 08:55:00,-27841105168,7312217676312789457,193867.0,193867.0,193867.0,193867.0,0,7312217676312789457,39955398287706400597,3809.6415651664616578200531645180116,3809.6415651664616578200531645180116,0,7.312217676312789457
2022-01-03 08:56:00,-21728303672,5706859656541853037,193867.0,193867.0,193867.0,193867.0,0,5706859656541853037,39955398287706400597,3809.6415651664616578200531645180116,3809.6415651664616578200531645180116,0,5.706859656541853037
2022-01-03 08:57:00,-5937263535,1559618624174571783,193868.0,193868.0,193868.0,193868.0,763685131,1760000000000000000,39955398287706400597,3809.2606391025514026797851859994104,3809.6415651664616578200531645180116,763.685131,1.76
2022-01-03 08:58:00,60000000000,-15742857853841113699,193867.0,193867.0,193867.0,193867.0,60000000000,0,39955398287706400597,3809.6415651664616578200531645180116,3809.2606391025514026797851859994104,60000,0
2022-01-03 08:59:00,-4098791935,1076733475181048071,193867.0,193867.0,193867.0,193867.0,901208065,1313188438224574116,39955398287706400597,3809.6415651664616578200531645180116,3809.6415651664616578200531645180116,901.208065,1.313188438224574116
2022-01-03 09:00:00,318188101187,-83470304459187740157,193864.0,193867.0,193864.0,193867.0,332201499682,3679721490949077312,39955398287706400597,3810.7845719290681928764153767267785,3809.6415651664616578200531645180116,332201.499682,3.679721490949077312
2022-01-03 09:01:00,7672451472,-2012537590132515403,193864.0,193864.0,193864.0,193864.0,7672451472,0,39955398287706400597,3810.7845719290681928764153767267785,3810.7845719290681928764153767267785,7672.451472,0
2022-01-03 09:02:00,0,0,193864.0,193864.0,193864.0,193864.0,0,0,39955398287706400597,3810.7845719290681928764153767267785,3810.7845719290681928764153767267785,0,0
2022-01-03 09:03:00,591526589950,-155123886710288440998,193860.0,193861.0,193860.0,193861.0,591526589950,0,39955398287706400597,3812.3091144201576552638309811407174,3810.7845719290681928764153767267785,591526.58995,0
2022-01-03 09:04:00,538093367561,-141041815441029177611,193855.0,193857.0,193855.0,193857.0,557153590669,5000000000000000000,39955398287706400597,3814.2156502464041734441103007900541,3812.3091144201576552638309811407174,557153.590669,5
2022-01-03 09:05:00,0,0,193855.0,193855.0,193855.0,193855.0,0,0,39955398287706400597,3814.2156502464041734441103007900541,3814.2156502464041734441103007900541,0,0
2022-01-03 09:06:00,-135887660224,35649161338529481047,193856.0,193855.0,193855.0,193856.0,0,35649161338529481047,39955398287706400597,3813.8342668197222012239879019998580,3814.2156502464041734441103007900541,0,35.649161338529481047
2022-01-03 09:07:00,0,0,193856.0,193856.0,193856.0,193856.0,0,0,39955398287706400597,3813.8342668197222012239879019998580,3813.8342668197222012239879019998580,0,0
2022-01-03 09:08:00,31756506052,-8323115820034439216,193856.0,193856.0,193856.0,193856.0,31756506052,0,39955398287706400597,3813.8342668197222012239879019998580,3813.8342668197222012239879019998580,31756.506052,0
2022-01-03 09:09:00,5500000000,-1441482450161529143,193856.0,193856.0,193856.0,193856.0,5500000000,0,39955398287706400597,3813.8342668197222012239879019998580,3813.8342668197222012239879019998580,5500,0
2022-01-03 09:10:00,-21691573901,5690821820573746988,193856.0,193856.0,193856.0,193856.0,0,5690821820573746988,39955398287706400597,3813.8342668197222012239879019998580,3813.8342668197222012239879019998580,0,5.690821820573746988
2022-01-03 09:11:00,-124782377588,32738815425552379047,193857.0,193856.0,193856.0,193857.0,0,32738815425552379047,39955398287706400597,3813.4529215275694442795599460052522,3813.8342668197222012239879019998580,0,32.738815425552379047
2022-01-03 09:12:00,59934409472,-15709521324940140603,193857.0,193857.0,193857.0,193857.0,59934409472,0,39955398287706400597,3813.4529215275694442795599460052522,3813.4529215275694442795599460052522,59934.409472,0
2022-01-03 09:13:00,216011567202,-56602559540169178611,193855.0,193857.0,193855.0,193857.0,255328091477,10315555460184611602,39955398287706400597,3814.2156502464041734441103007900541,3813.4529215275694442795599460052522,255328.091477,10.315555460184611602
2022-01-03 09:14:00,-1375109309162,360923267901972421883,193866.0,193855.0,193855.0,193866.0,3117822431,361740322372330810224,39955398287706400597,3810.0225293229783039858351698344633,3814.2156502464041734441103007900541,3117.822431,361.740322372330810224
2022-01-03 09:15:00,-7330113151,1925000000000000000,193866.0,193866.0,193866.0,193866.0,0,1925000000000000000,39955398287706400597,3810.0225293229783039858351698344633,3810.0225293229783039858351698344633,0,1.925
2022-01-03 09:16:00,-2263950328926,595095842184251252575,193885.0,193872.0,193872.0,193885.0,0,595095842184251252575,40237212849943276877,3802.7907204955261448258280826167837,3810.0225293229783039858351698344633,0,595.095842184251252575
2022-01-03 09:17:00,-1825783129996,480739923359778524486,193901.0,193885.0,193885.0,193901.0,0,480739923359778524486,34402871148484554429,3796.7114240365093212901949469238237,3802.7907204955261448258280826167837,0,480.739923359778524486
2022-01-03 09:18:00,616268248844,-162194888152366254415,193895.0,193895.0,193895.0,193895.0,617103556587,220000000000000000,34449491752114120235,3798.9900204735847561350399807646228,3796.7114240365093212901949469238237,617103.556587,0.22
2022-01-03 09:19:00,-285674161673,75261981889888682476,193898.0,193895.0,193895.0,193898.0,46000270836,87365318980875000000,34449491752114120235,3797.8505513688597066058981534350426,3798.9900204735847561350399807646228,46000.270836,87.365318980875
2022-01-03 09:20:00,-1082413694464,285304221635883892736,193908.0,193908.0,193908.0,193908.0,0,285304221635883892736,34402871148484554429,3794.0547888000384487714404863283840,3797.8505513688597066058981534350426,0,285.304221635883892736
2022-01-03 09:21:00,141803647130,-37356024097345910483,193907.0,193908.0,193907.0,193908.0,141803647130,0,34402871148484554429,3794.4341942789184526163176303770194,3794.0547888000384487714404863283840,141803.64713,0
2022-01-03 09:22:00,517365100000,-136249640971998152012,193902.0,193907.0,193902.0,193907.0,517365100000,0,34402871148484554429,3796.3317908574235789323017167521488,3794.4341942789184526163176303770194,517365.1,0
2022-01-03 09:23:00,0,0,193902.0,193902.0,193902.0,193902.0,0,0,34402871148484554429,3796.3317908574235789323017167521488,3796.3317908574235789323017167521488,0,0
2022-01-03 09:24:00,57857723238,-15232871119486848442,193901.0,193902.0,193901.0,193902.0,57857723238,0,34402871148484554429,3796.7114240365093212901949469238237,3796.3317908574235789323017167521488,57857.723238,0
2022-01-03 09:25:00,5660944072,-1490377497350287112,193901.0,193901.0,193901.0,193901.0,5660944072,0,34402871148484554429,3796.7114240365093212901949469238237,3796.7114240365093212901949469238237,5660.944072,0
2022-01-03 09:26:00,61194464082,-16110383024430076644,193901.0,193901.0,193901.0,193901.0,61194464082,0,34402871148484554429,3796.7114240365093212901949469238237,3796.7114240365093212901949469238237,61194.464082,0
2022-01-03 09:27:00,50000000000,-13162578214694837800,193900.0,193900.0,193900.0,193900.0,50000000000,0,34402871148484554429,3797.0910951789129722223239664185140,3796.7114240365093212901949469238237,50000,0
2022-01-03 09:28:00,-25514837934,6725339973838907404,193900.0,193900.0,193900.0,193900.0,7115967031,8598625851487604792,34402871148484554429,3797.0910951789129722223239664185140,3797.0910951789129722223239664185140,7115.967031,8.598625851487604792
2022-01-03 09:29:00,-94832883297,24991627642639966123,193901.0,193901.0,193901.0,193901.0,2310000000,25599772363262147197,34402871148484554429,3796.7114240365093212901949469238237,3797.0910951789129722223239664185140,2310,25.599772363262147197
2022-01-03 09:30:00,3298311132,-868230606643230546,193901.0,193901.0,193901.0,193901.0,3798311132,131769393356769454,34402901918854158993,3796.7114240365093212901949469238237,3796.7114240365093212901949469238237,3798.311132,0.131769393356769454
2022-01-03 09:31:00,75404496856,-19851370334531803610,193901.0,193901.0,193901.0,193901.0,75404496856,0,34402901918854158993,3796.7114240365093212901949469238237,3796.7114240365093212901949469238237,75404.496856,0
2022-01-03 09:32:00,499996552,-131626917344266206,193901.0,193901.0,193901.0,193901.0,499996552,0,34402901918854158993,3796.7114240365093212901949469238237,3796.7114240365093212901949469238237,499.996552,0
2022-01-03 09:33:00,-4112163679,1083635533684098272,193901.0,193901.0,193901.0,193901.0,0,1083635533684098272,34402901918854158993,3796.7114240365093212901949469238237,3796.7114240365093212901949469238237,0,1.083635533684098272
2022-01-03 09:34:00,88812245514,-23375432812362862618,193900.0,193901.0,193900.0,193901.0,103991303912,4000000000000000000,34402901918854158993,3797.0910951789129722223239664185140,3796.7114240365093212901949469238237,103991.303912,4
2022-01-03 09:35:00,-2011398578,530000000000000000,193900.0,193900.0,193900.0,193900.0,0,530000000000000000,34402901918854158993,3797.0910951789129722223239664185140,3797.0910951789129722223239664185140,0,0.53
2022-01-03 09:36:00,18473611878,-4862860060558016216,193900.0,193900.0,193900.0,193900.0,18473611878,0,34402901918854158993,3797.0910951789129722223239664185140,3797.0910951789129722223239664185140,18473.611878,0
2022-01-03 09:37:00,0,0,193900.0,193900.0,193900.0,193900.0,0,0,34402901918854158993,3797.0910951789129722223239664185140,3797.0910951789129722223239664185140,0,0
2022-01-03 09:38:00,363549942691,-95680582750156661916,193896.0,193900.0,193896.0,193900.0,365309181877,463549191648281225,34449522522483724799,3798.6101594576389922358163991247065,3797.0910951789129722223239664185140,365309.181877,0.463549191648281225
2022-01-03 09:39:00,1120505395644,-294697777148995760114,193886.0,193892.0,193886.0,193892.0,1120505395644,0,40237243620312881441,3802.4104794475813866871593666801149,3798.6101594576389922358163991247065,1120505.395644,0
2022-01-03 09:40:00,-10451515510,2753146292148707815,193886.0,193886.0,193886.0,193886.0,11082785744,5666566884033480930,40237243620312881441,3802.4104794475813866871593666801149,3802.4104794475813866871593666801149,11082.785744,5.66656688403348093
2022-01-03 09:41:00,-41762874000,10998115004666593731,193887.0,193886.0,193886.0,193887.0,31646198897,19317314104732301217,40237243620312881441,3802.0302764199393927478845782222914,3802.4104794475813866871593666801149,31646.198897,19.317314104732301217
2022-01-03 09:42:00,-77849491533,20486875000000000000,193887.0,193887.0,193887.0,193887.0,0,20486875000000000000,40237243620312881441,3802.0302764199393927478845782222914,3802.0302764199393927478845782222914,0,20.486875
2022-01-03 09:43:00,0,0,193887.0,193887.0,193887.0,193887.0,0,0,40237243620312881441,3802.0302764199393927478845782222914,3802.0302764199393927478845782222914,0,0
2022-01-03 09:44:00,-163674136720,43090523925290114024,193889.0,193887.0,193887.0,193889.0,52595504700,56917876826580673588,40237243620312881441,3801.2699844103574771488800307273478,3802.0302764199393927478845782222914,52595.5047,56.917876826580673588
2022-01-03 09:45:00,24672213351,-6486944630937588346,193888.0,193888.0,193888.0,193888.0,25812029337,300000000000000000,40237243620312881441,3801.6501114087985128965949187304199,3801.2699844103574771488800307273478,25812.029337,0.3
2022-01-03 09:46:00,6016882122,-1582043030252721025,193888.0,193888.0,193888.0,193888.0,6016882122,0,40237243620312881441,3801.6501114087985128965949187304199,3801.6501114087985128965949187304199,6016.882122,0
2022-01-03 09:47:00,27231168040,-7159904692566773479,193888.0,193888.0,193888.0,193888.0,27231168040,0,40237243620312881441,3801.6501114087985128965949187304199,3801.6501114087985128965949187304199,27231.16804,0
2022-01-03 09:48:00,662803237484,-174220912050774087583,193883.0,193885.0,193883.0,193885.0,669803237484,1841346473074660588,40237243620312881441,3803.5513166675324550100546964915879,3801.6501114087985128965949187304199,669803.237484,1.841346473074660588
2022-01-03 09:49:00,-7252901552,1908674975734290082,193883.0,193883.0,193883.0,193883.0,3011255024,2700000000000000000,40237243620312881441,3803.5513166675324550100546964915879,3803.5513166675324550100546964915879,3011.255024,2.7
2022-01-03 09:50:00,-4613477842,1213585796900134694,193883.0,193883.0,193883.0,193883.0,0,1213585796900134694,40237243620312881441,3803.5513166675324550100546964915879,3803.5513166675324550100546964915879,0,1.213585796900134694
2022-01-03 09:51:00,696418450309,-182960261632867980468,193877.0,193878.0,193877.0,193878.0,696418450309,0,39951245524361253757,3805.8340180663072065014715137679402,3803.5513166675324550100546964915879,696418.450309,0
2022-01-03 09:52:00,0,0,193877.0,193877.0,193877.0,193877.0,0,0,39951245524361253757,3805.8340180663072065014715137679402,3805.8340180663072065014715137679402,0,0
2022-01-03 09:53:00,1105459671964,-290208297638662627867,193868.0,193874.0,193868.0,193874.0,1111969334565,1710262601000000000,39955429058076005161,3809.2606391025514026797851859994104,3805.8340180663072065014715137679402,1111969.334565,1.710262601
2022-01-03 09:54:00,10300000000,-2702777158376869431,193868.0,193868.0,193868.0,193868.0,10300000000,0,39955429058076005161,3809.2606391025514026797851859994104,3809.2606391025514026797851859994104,10300,0
2022-01-03 09:55:00,3500000000,-918414285617346206,193868.0,193868.0,193868.0,193868.0,3500000000,0,39955429058076005161,3809.2606391025514026797851859994104,3809.2606391025514026797851859994104,3500,0
2022-01-03 09:56:00,-161231610934,42354325885514093573,193869.0,193868.0,193868.0,193869.0,5500000275,43797566009740415058,39955429058076005161,3808.8797511274386588139037956198519,3809.2606391025514026797851859994104,5500.000275,43.797566009740415058
2022-01-03 09:57:00,0,0,193869.0,193869.0,193869.0,193869.0,0,0,39955429058076005161,3808.8797511274386588139037956198519,3808.8797511274386588139037956198519,0,0
2022-01-03 09:58:00,0,0,193869.0,193869.0,193869.0,193869.0,0,0,39955429058076005161,3808.8797511274386588139037956198519,3808.8797511274386588139037956198519,0,0
2022-01-03 09:59:00,1649292069684,-432547781837019728431,193856.0,193858.0,193856.0,193858.0,1649292069684,0,39955429058076005161,3813.8342668197222012239879019998580,3808.8797511274386588139037956198519,1649292.069684,0
2022-01-03 10:00:00,0,0,193856.0,193856.0,193856.0,193856.0,0,0,39955429058076005161,3813.8342668197222012239879019998580,3813.8342668197222012239879019998580,0,0
2022-01-03 10:01:00,-6456392843,1693837563348028318,193856.0,193856.0,193856.0,193856.0,0,1693837563348028318,39955429058076005161,3813.8342668197222012239879019998580,3813.8342668197222012239879019998580,0,1.693837563348028318
2022-01-03 10:02:00,-93870073988,24627857465266439145,193857.0,193856.0,193856.0,193857.0,0,24627857465266439145,39955429058076005161,3813.4529215275694442795599460052522,3813.8342668197222012239879019998580,0,24.627857465266439145
2022-01-03 10:03:00,-6727468683,1765098162426343549,193857.0,193857.0,193857.0,193857.0,0,1765098162426343549,39955429058076005161,3813.4529215275694442795599460052522,3813.4529215275694442795599460052522,0,1.765098162426343549
2022-01-03 10:04:00,-34916478492,9161254425869065656,193857.0,193857.0,193857.0,193857.0,0,9161254425869065656,39955429058076005161,3813.4529215275694442795599460052522,3813.4529215275694442795599460052522,0,9.161254425869065656
2022-01-03 10:05:00,-17569814593,4610000000000002300,193857.0,193857.0,193857.0,193857.0,0,4610000000000002300,39955429058076005161,3813.4529215275694442795599460052522,3813.4529215275694442795599460052522,0,4.6100000000000023
2022-01-03 10:06:00,-26725493670,7017546727573786761,193858.0,193857.0,193857.0,193858.0,19582864430,12150757109832974193,39955429058076005161,3813.0716143661328309964602999752595,3813.4529215275694442795599460052522,19582.86443,12.150757109832974193
2022-01-03 10:07:00,0,0,193858.0,193858.0,193858.0,193858.0,0,0,39955429058076005161,3813.0716143661328309964602999752595,3813.0716143661328309964602999752595,0,0
2022-01-03 10:08:00,0,0,193858.0,193858.0,193858.0,193858.0,0,0,39955429058076005161,3813.0716143661328309964602999752595,3813.0716143661328309964602999752595,0,0
2022-01-03 10:09:00,0,0,193858.0,193858.0,193858.0,193858.0,0,0,39955429058076005161,3813.0716143661328309964602999752595,3813.0716143661328309964602999752595,0,0
2022-01-03 10:10:00,861835235486,-225831486175950189533,193851.0,193857.0,193851.0,193857.0,861835235486,0,39955429058076005161,3815.7415653746989939202889928911831,3813.0716143661328309964602999752595,861835.235486,0
2022-01-03 10:11:00,-1936058970,507647170585920971,193851.0,193851.0,193851.0,193851.0,0,507647170585920971,39955429058076005161,3815.7415653746989939202889928911831,3815.7415653746989939202889928911831,0,0.507647170585920971
2022-01-03 10:12:00,2401469981061,-628434832285290394624,193831.0,193851.0,193831.0,193851.0,2411471223309,2620837706888420189,38937891625991190904,3823.3803027662173068922989373609357,3815.7415653746989939202889928911831,2411471.223309,2.620837706888420189
2022-01-03 10:13:00,-148726817077,38922947360997280555,193832.0,193832.0,193832.0,193832.0,0,38922947360997280555,38937891625991190904,3822.9980029659207148208168556753665,3823.3803027662173068922989373609357,0,38.922947360997280555
2022-01-03 10:14:00,-353319213049,92485630209375000000,193835.0,193833.0,193833.0,193835.0,0,92485630209375000000,38937891625991190904,3821.8513329066868702262361911607068,3822.9980029659207148208168556753665,0,92.485630209375
2022-01-03 10:15:00,-442231291155,115797720917516682659,193839.0,193837.0,193837.0,193839.0,0,115797720917516682659,38937891625991190904,3820.3229744822338338284483985356951,3821.8513329066868702262361911607068,0,115.797720917516682659
2022-01-03 10:16:00,-35046636554,9178738722418210970,193839.0,193839.0,193839.0,193839.0,0,9178738722418210970,38937891625991190904,3820.3229744822338338284483985356951,3820.3229744822338338284483985356951,0,9.17873872241821097
2022-01-03 10:17:00,-17565133929,4600421479084938480,193839.0,193839.0,193839.0,193839.0,0,4600421479084938480,38937891625991190904,3820.3229744822338338284483985356951,3820.3229744822338338284483985356951,0,4.60042147908493848
2022-01-03 10:18:00,457594574767,-119704166431751506087,193835.0,193839.0,193835.0,193839.0,461802452865,1101657670049430440,38937891625991190904,3821.8513329066868702262361911607068,3820.3229744822338338284483985356951,461802.452865,1.10165767004943044
2022-01-03 10:19:00,-299633176475,78456374386617437661,193838.0,193838.0,193838.0,193838.0,0,78456374386617437661,38937891625991190904,3820.7050067796820572118312433755463,3821.8513329066868702262361911607068,0,78.456374386617437661
2022-01-03 10:20:00,0,0,193838.0,193838.0,193838.0,193838.0,0,0,38937891625991190904,3820.7050067796820572118312433755463,3820.7050067796820572118312433755463,0,0
2022-01-03 10:21:00,-1909313568,500000000000000000,193838.0,193838.0,193838.0,193838.0,0,500000000000000000,38937891625991190904,3820.7050067796820572118312433755463,3820.7050067796820572118312433755463,0,0.5
2022-01-03 10:22:00,-13852836215,3627724425894632391,193838.0,193838.0,193838.0,193838.0,0,3627724425894632391,38937891625991190904,3820.7050067796820572118312433755463,3820.7050067796820572118312433755463,0,3.627724425894632391
2022-01-03 10:23:00,30200841140,-7900163161436520897,193838.0,193838.0,193838.0,193838.0,33064851497,750000000000000000,38937891625991190904,3820.7050067796820572118312433755463,3820.7050067796820572118312433755463,33064.851497,0.75
2022-01-03 10:24:00,0,0,193838.0,193838.0,193838.0,193838.0,0,0,38937891625991190904,3820.7050067796820572118312433755463,3820.7050067796820572118312433755463,0,0
2022-01-03 10:25:00,-8187494972,2144073750000000000,193838.0,193838.0,193838.0,193838.0,0,2144073750000000000,38937891625991190904,3820.7050067796820572118312433755463,3820.7050067796820572118312433755463,0,2.14407375
2022-01-03 10:26:00,-49207071861,12886250000000000000,193838.0,193838.0,193838.0,193838.0,0,12886250000000000000,38937891625991190904,3820.7050067796820572118312433755463,3820.7050067796820572118312433755463,0,12.88625
2022-01-03 10:27:00,-295907247998,77503518075334608807,193841.0,193841.0,193841.0,193841.0,3300000000,78367080014779235325,39921145322787462310,3819.5590244817472395630633902270121,3820.7050067796820572118312433755463,3300,78.367080014779235325
2022-01-03 10:28:00,-188100582019,49276516899621703963,193842.0,193841.0,193841.0,193842.0,1462111249,49659188182659293640,39921145322787462310,3819.1771067710701325498084093860730,3819.5590244817472395630633902270121,1462.111249,49.65918818265929364
2022-01-03 10:29:00,-7871068360,2064125000000000000,193842.0,193842.0,193842.0,193842.0,7641606638,4064125000000000000,39921145322787462310,3819.1771067710701325498084093860730,3819.1771067710701325498084093860730,7641.606638,4.064125
2022-01-03 10:30:00,-987139349271,258723176207939790474,193850.0,193850.0,193850.0,193850.0,1561870719,259132283670551054315,39955429058076005161,3816.1231395312364638196810217904743,3819.1771067710701325498084093860730,1561.870719,259.132283670551054315
2022-01-03 10:31:00,20045202509,-5250522041083134084,193850.0,193850.0,193850.0,193850.0,20045202509,0,39955429058076005161,3816.1231395312364638196810217904743,3816.1231395312364638196810217904743,20045.202509,0
2022-01-03 10:32:00,-58853426818,15431389266225852716,193851.0,193850.0,193850.0,193851.0,0,15431389266225852716,39955429058076005161,3815.7415653746989939202889928911831,3816.1231395312364638196810217904743,0,15.431389266225852716
2022-01-03 10:33:00,64359882537,-16858275540984404923,193850.0,193851.0,193850.0,193851.0,64359882537,0,39955429058076005161,3816.1231395312364638196810217904743,3815.7415653746989939202889928911831,64359.882537,0
2022-01-03 10:34:00,24000000000,-6286278343786100250,193850.0,193850.0,193850.0,193850.0,24000000000,0,39955429058076005161,3816.1231395312364638196810217904743,3816.1231395312364638196810217904743,24000,0
2022-01-03 10:35:00,147900028675,-38735879532023847869,193849.0,193850.0,193849.0,193850.0,150268818806,621068566407183483,39921145322787462310,3816.5047518451895874660629898926498,3816.1231395312364638196810217904743,150268.818806,0.621068566407183483
2022-01-03 10:36:00,0,0,193849.0,193849.0,193849.0,193849.0,0,0,39921145322787462310,3816.5047518451895874660629898926498,3816.5047518451895874660629898926498,0,0
2022-01-03 10:37:00,375581113167,-98316642583216595466,193846.0,193849.0,193846.0,193849.0,493700183629,30961629589386756745,39921145322787462310,3817.6498177697022044498356223589748,3816.5047518451895874660629898926498,493700.183629,30.961629589386756745
2022-01-03 10:38:00,809782560098,-211941658692629018536,193839.0,193841.0,193839.0,193842.0,816318296215,1712151746461200824,38937891625991190904,3820.3229744822338338284483985356951,3817.6498177697022044498356223589748,816318.296215,1.712151746461200824
2022-01-03 10:39:00,1000000000,-261642525184998258,193839.0,193839.0,193839.0,193839.0,1000000000,0,38937891625991190904,3820.3229744822338338284483985356951,3820.3229744822338338284483985356951,1000,0
2022-01-03 10:40:00,-12581408793,3295141726935962972,193839.0,193839.0,193839.0,193839.0,0,3295141726935962972,38937891625991190904,3820.3229744822338338284483985356951,3820.3229744822338338284483985356951,0,3.295141726935962972
2022-01-03 10:41:00,14324356967,-3722313437551288085,193839.0,193839.0,193838.0,193839.0,111954580807,25568697974169571497,38937891625991190904,3820.3229744822338338284483985356951,3820.3229744822338338284483985356951,111954.580807,25.568697974169571497
2022-01-03 10:42:00,559202982774,-146270035556990193216,193834.0,193834.0,193834.0,193834.0,585977400000,7008990104320339947,38937891625991190904,3822.2335180399775389132588147798255,3820.3229744822338338284483985356951,585977.4,7.008990104320339947
2022-01-03 10:43:00,-52042828458,13626560266855364133,193835.0,193834.0,193834.0,193835.0,9075571812,16000000000000000000,38937891625991190904,3821.8513329066868702262361911607068,3822.2335180399775389132588147798255,9075.571812,16
2022-01-03 10:44:00,-1600914732,419109515497270513,193835.0,193835.0,193835.0,193835.0,0,419109515497270513,38937891625991190904,3821.8513329066868702262361911607068,3821.8513329066868702262361911607068,0,0.419109515497270513
2022-01-03 10:45:00,-678533118,180057670496354337,193835.0,193835.0,193835.0,193835.0,9252900575,2600000000000000000,38937891625991190904,3821.8513329066868702262361911607068,3821.8513329066868702262361911607068,9252.900575,2.6
2022-01-03 10:46:00,1672144021761,-436743923795028164192,193821.0,193826.0,193821.0,193833.0,2714441475977,272688306823016807063,38964862592228490451,3827.2054040490057059510048239400753,3821.8513329066868702262361911607068,2714441.475977,272.688306823016807063
2022-01-03 10:47:00,21799014287,-5693193731634559017,193821.0,193821.0,193821.0,193821.0,21799014287,0,38964862592228490451,3827.2054040490057059510048239400753,3827.2054040490057059510048239400753,21799.014287,0
2022-01-03 10:48:00,0,0,193821.0,193821.0,193821.0,193821.0,0,0,38964862592228490451,3827.2054040490057059510048239400753,3827.2054040490057059510048239400753,0,0
2022-01-03 10:49:00,-39883792038,10426852092961109912,193821.0,193821.0,193821.0,193821.0,0,10426852092961109912,38964862592228490451,3827.2054040490057059510048239400753,3827.2054040490057059510048239400753,0,10.426852092961109912
2022-01-03 10:50:00,0,0,193821.0,193821.0,193821.0,193821.0,0,0,38964862592228490451,3827.2054040490057059510048239400753,3827.2054040490057059510048239400753,0,0
2022-01-03 10:51:00,36268232582,-9471923933791794715,193821.0,193821.0,193821.0,193821.0,37203833000,244598917976216937,38964862592228490451,3827.2054040490057059510048239400753,3827.2054040490057059510048239400753,37203.833,0.244598917976216937
2022-01-03 10:52:00,33488763813,-8746002083553651944,193821.0,193821.0,193821.0,193821.0,33488763813,0,38964862592228490451,3827.2054040490057059510048239400753,3827.2054040490057059510048239400753,33488.763813,0
2022-01-03 10:53:00,7000000000,-1828105304825638824,193821.0,193821.0,193821.0,193821.0,7000000000,0,38964862592228490451,3827.2054040490057059510048239400753,3827.2054040490057059510048239400753,7000,0
2022-01-03 10:54:00,64229209427,-16769374587286224192,193820.0,193821.0,193820.0,193821.0,79900000000,4096661132367808762,38964862592228490451,3827.5881245894106065215999244224680,3827.2054040490057059510048239400753,79900,4.096661132367808762
2022-01-03 10:55:00,26687393048,-6968447438521790127,193820.0,193820.0,193820.0,193820.0,29395016984,707769000000000000,38964862592228490451,3827.5881245894106065215999244224680,3827.5881245894106065215999244224680,29395.016984,0.707769
2022-01-03 10:56:00,-10369083544,2710477543592884919,193820.0,193820.0,193820.0,193820.0,0,2710477543592884919,38964862592228490451,3827.5881245894106065215999244224680,3827.5881245894106065215999244224680,0,2.710477543592884919
2022-01-03 10:57:00,1441539742,-376297088604075031,193820.0,193820.0,193820.0,193820.0,2000000000,145981883069287941,38964862592228490451,3827.5881245894106065215999244224680,3827.5881245894106065215999244224680,2000,0.145981883069287941
2022-01-03 10:58:00,-67130352405,17548411517207393353,193820.0,193820.0,193820.0,193820.0,0,17548411517207393353,38964862592228490451,3827.5881245894106065215999244224680,3827.5881245894106065215999244224680,0,17.548411517207393353
2022-01-03 10:59:00,-10564682639,2761781628598155242,193820.0,193820.0,193820.0,193820.0,0,2761781628598155242,38964862592228490451,3827.5881245894106065215999244224680,3827.5881245894106065215999244224680,0,2.761781628598155242
2022-01-03 11:00:00,-11341646329,2965236922015050935,193821.0,193821.0,193821.0,193821.0,1213960909,3282273512386548463,38964862592228490451,3827.2054040490057059510048239400753,3827.5881245894106065215999244224680,1213.960909,3.282273512386548463
2022-01-03 11:01:00,2180877074144,-569035729740139497086,193803.0,193812.0,193802.0,193812.0,2199912776700,4968384076214435840,38991568911613297728,3834.1002325247331737440938308755351,3827.2054040490057059510048239400753,2199912.7767,4.96838407621443584
2022-01-03 11:02:00,-5698051886,1487212754371876913,193803.0,193803.0,193803.0,193803.0,1199849885,1800000000000000000,38991568911613297728,3834.1002325247331737440938308755351,3834.1002325247331737440938308755351,1199.849885,1.8
2022-01-03 11:03:00,-39145392273,10215132398748199889,193803.0,193803.0,193803.0,193803.0,0,10215132398748199889,38991568911613297728,3834.1002325247331737440938308755351,3834.1002325247331737440938308755351,0,10.215132398748199889
2022-01-03 11:04:00,-1050177800,274052276650662063,193803.0,193803.0,193803.0,193803.0,0,274052276650662063,38991568911613297728,3834.1002325247331737440938308755351,3834.1002325247331737440938308755351,0,0.274052276650662063
2022-01-03 11:05:00,836958397574,-218117135013156273169,193796.0,193798.0,193796.0,193798.0,836958397574,0,38991568911613297728,3836.7849079827562454540485683792347,3834.1002325247331737440938308755351,836958.397574,0
2022-01-03 11:06:00,444370077797,-115730015690034118857,193792.0,193792.0,193792.0,193792.0,499993542054,14499672294183842917,38991568911613297728,3838.3198521683913502280267383069393,3836.7849079827562454540485683792347,499993.542054,14.499672294183842917
2022-01-03 11:07:00,-124527203279,32464530281354570180,193793.0,193793.0,193793.0,193793.0,3540856844,33386739659440799049,38991568911613297728,3837.9360585625350967183549028166606,3838.3198521683913502280267383069393,3540.856844,33.386739659440799049
2022-01-03 11:08:00,-309441495620,80692134683368395320,193796.0,193796.0,193796.0,193796.0,29987973524,88504532027760012970,38991568911613297728,3836.7849079827562454540485683792347,3837.9360585625350967183549028166606,29987.973524,88.50453202776001297
2022-01-03 11:09:00,28825015608,-7509243471350477397,193796.0,193796.0,193796.0,193796.0,28825015608,0,38991568911613297728,3836.7849079827562454540485683792347,3836.7849079827562454540485683792347,28825.015608,0
2022-01-03 11:10:00,-2320350827659,605657296757392848275,193815.0,193812.0,193812.0,193815.0,0,605657296757392848275,38988799756696194030,3829.5023014487955658441536585610859,3836.7849079827562454540485683792347,0,605.657296757392848275
2022-01-03 11:11:00,1017695584971,-265510568537060298954,193806.0,193810.0,193806.0,193810.0,1039650993717,5732703716587193757,38991568911613297728,3832.9502324626544532960087749095022,3829.5023014487955658441536585610859,1039650.993717,5.732703716587193757
2022-01-03 11:12:00,-24906633242,6502458358715472957,193807.0,193807.0,193807.0,193807.0,1917221597,7002458358715472957,38991568911613297728,3832.5669757650779455014586290465974,3832.9502324626544532960087749095022,1917.221597,7.002458358715472957
2022-01-03 11:13:00,-5362822915,1400000000000000000,193807.0,193807.0,193807.0,193807.0,0,1400000000000000000,38991568911613297728,3832.5669757650779455014586290465974,3832.5669757650779455014586290465974,0,1.4
2022-01-03 11:14:00,819157661315,-213560710229272069080,193800.0,193801.0,193800.0,193801.0,819157661315,0,38991568911613297728,3835.2505776213316696707370045213556,3832.5669757650779455014586290465974,819157.661315,0
2022-01-03 11:15:00,-36278149576,9464799751005996344,193800.0,193800.0,193800.0,193800.0,1570639373,9874151254387866119,38991568911613297728,3835.2505776213316696707370045213556,3835.2505776213316696707370045213556,1570.639373,9.874151254387866119
2022-01-03 11:16:00,188493211714,-49122365390487857230,193799.0,193800.0,193799.0,193800.0,189441480983,247392128767829554,38991568911613297728,3835.6341026790938028377040782218084,3835.2505776213316696707370045213556,189441.480983,0.247392128767829554
2022-01-03 11:17:00,63219211555,-16467223189005547152,193798.0,193799.0,193798.0,193799.0,87825742742,6418611398957262149,38991568911613297728,3836.0176660893617122179878486296311,3835.6341026790938028377040782218084,87825.742742,6.418611398957262149
2022-01-03 11:18:00,-472829860654,123354068295712095208,193802.0,193802.0,193802.0,193802.0,0,123354068295712095208,38991568911613297728,3834.4836425479856470614682402586205,3836.0176660893617122179878486296311,0,123.354068295712095208
2022-01-03 11:19:00,-599049687,158314928540243095,193802.0,193802.0,193802.0,193802.0,7672000000,2158206432937448922,38991568911613297728,3834.4836425479856470614682402586205,3834.4836425479856470614682402586205,7672,2.158206432937448922
2022-01-03 11:20:00,294903824456,-76855194277620140441,193800.0,193801.0,193799.0,193801.0,331276512260,9488480470000000000,38991568911613297728,3835.2505776213316696707370045213556,3834.4836425479856470614682402586205,331276.51226,9.48848047
2022-01-03 11:21:00,456123908102,-118847479203399872219,193796.0,193799.0,193796.0,193799.0,460623908102,1173479606957181065,38991568911613297728,3836.7849079827562454540485683792347,3835.2505776213316696707370045213556,460623.908102,1.173479606957181065
2022-01-03 11:22:00,-118027449745,30779962727077918212,193797.0,193796.0,193796.0,193797.0,0,30779962727077918212,38991568911613297728,3836.4012678559706483892096474144938,3836.7849079827562454540485683792347,0,30.779962727077918212
2022-01-03 11:23:00,1329370033183,-346161342443432028016,193786.0,193793.0,193786.0,193793.0,1330387259324,265000000000000000,38991568911613297728,3840.6234199044423650503151975954742,3836.4012678559706483892096474144938,1330387.259324,0.265
2022-01-03 11:24:00,198750341,-51397454799731160,193786.0,193786.0,193786.0,193786.0,1457054443,327804101444020297,38991568911613297728,3840.6234199044423650503151975954742,3840.6234199044423650503151975954742,1457.054443,0.327804101444020297
2022-01-03 11:25:00,-30198895322,7867286346136569588,193786.0,193786.0,193786.0,193786.0,0,7867286346136569588,38991568911613297728,3840.6234199044423650503151975954742,3840.6234199044423650503151975954742,0,7.867286346136569588
2022-01-03 11:26:00,0,0,193786.0,193786.0,193786.0,193786.0,0,0,38991568911613297728,3840.6234199044423650503151975954742,3840.6234199044423650503151975954742,0,0
2022-01-03 11:27:00,-1434467630222,373993131412392833669,193798.0,193794.0,193792.0,193798.0,249863463769,439068831412392833669,38991568911613297728,3836.0176660893617122179878486296311,3840.6234199044423650503151975954742,249863.463769,439.068831412392833669
2022-01-03 11:28:00,592093506764,-154186378588123789143,193793.0,193795.0,193791.0,193795.0,808231895015,56342410563886229425,38991568911613297728,3837.9360585625350967183549028166606,3836.0176660893617122179878486296311,808231.895015,56.342410563886229425
2022-01-03 11:29:00,101199379289,-26355279976844891804,193792.0,193793.0,193792.0,193793.0,101199379289,0,38991568911613297728,3838.3198521683913502280267383069393,3837.9360585625350967183549028166606,101199.379289,0
2022-01-03 11:30:00,21330964302,-5554751358778130320,193792.0,193792.0,193792.0,193792.0,22000000000,174400412480707947,38991568911613297728,3838.3198521683913502280267383069393,3838.3198521683913502280267383069393,22000,0.174400412480707947
2022-01-03 11:31:00,-1788574512927,466581786787383240556,193807.0,193806.0,193806.0,193807.0,3000000000,467364160000637057675,38991568911613297728,3832.5669757650779455014586290465974,3838.3198521683913502280267383069393,3000,467.364160000637057675
2022-01-03 11:32:00,670803193364,-174836713274336214475,193801.0,193807.0,193801.0,193809.0,900979354410,60095634035195325033,38991568911613297728,3834.8670909122404456261743870826448,3832.5669757650779455014586290465974,900979.35441,60.095634035195325033
2022-01-03 11:33:00,57775708116,-15059168660703730084,193801.0,193801.0,193801.0,193801.0,57775708116,0,38991568911613297728,3834.8670909122404456261743870826448,3834.8670909122404456261743870826448,57775.708116,0
2022-01-03 11:34:00,29041221752,-7569287407249591436,193801.0,193801.0,193801.0,193801.0,29041221752,0,38991568911613297728,3834.8670909122404456261743870826448,3834.8670909122404456261743870826448,29041.221752,0
2022-01-03 11:35:00,-383232004333,100000000000000000000,193804.0,193804.0,193804.0,193804.0,0,100000000000000000000,38991568911613297728,3833.7168608386493088132125096245725,3834.8670909122404456261743870826448,0,100
2022-01-03 11:36:00,-47951202531,12515021246676536863,193804.0,193804.0,193804.0,193804.0,1800000000,12984324226036378454,38991568911613297728,3833.7168608386493088132125096245725,3833.7168608386493088132125096245725,1800,12.984324226036378454
2022-01-03 11:37:00,0,0,193804.0,193804.0,193804.0,193804.0,0,0,38991568911613297728,3833.7168608386493088132125096245725,3833.7168608386493088132125096245725,0,0
2022-01-03 11:38:00,50570029187,-13184780596258970095,193804.0,193804.0,193804.0,193804.0,50711705548,36974609891100440,38991568911613297728,3833.7168608386493088132125096245725,3833.7168608386493088132125096245725,50711.705548,0.03697460989110044
2022-01-03 11:39:00,-6827694967,1785806497768622823,193804.0,193804.0,193804.0,193804.0,15000000000,5696559523821384834,38991568911613297728,3833.7168608386493088132125096245725,3833.7168608386493088132125096245725,15000,5.696559523821384834
2022-01-03 11:40:00,-24980655596,6519540926097190835,193804.0,193804.0,193804.0,193804.0,0,6519540926097190835,38991568911613297728,3833.7168608386493088132125096245725,3833.7168608386493088132125096245725,0,6.519540926097190835
2022-01-03 11:41:00,-41250000000,10765868018775655876,193804.0,193804.0,193804.0,193804.0,0,10765868018775655876,38991568911613297728,3833.7168608386493088132125096245725,3833.7168608386493088132125096245725,0,10.765868018775655876
2022-01-03 11:42:00,0,0,193804.0,193804.0,193804.0,193804.0,0,0,38991568911613297728,3833.7168608386493088132125096245725,3833.7168608386493088132125096245725,0,0
2022-01-03 11:43:00,7317939103,-1907331899131898589,193804.0,193804.0,193804.0,193804.0,10000000000,700000000000000000,38991568911613297728,3833.7168608386493088132125096245725,3833.7168608386493088132125096245725,10000,0.7
2022-01-03 11:44:00,-35168088696,9178780423716995185,193805.0,193805.0,193805.0,193805.0,0,9178780423716995185,38991568911613297728,3833.3335274859007187413383757869921,3833.7168608386493088132125096245725,0,9.178780423716995185
2022-01-03 11:45:00,200971800504,-52397085011076860255,193803.0,193803.0,193803.0,193803.0,200971800504,0,38991568911613297728,3834.1002325247331737440938308755351,3833.3335274859007187413383757869921,200971.800504,0
2022-01-03 11:46:00,49846046537,-12993131020907138687,193802.0,193803.0,193802.0,193803.0,54870000000,1311042538517512767,38991568911613297728,3834.4836425479856470614682402586205,3834.1002325247331737440938308755351,54870,1.311042538517512767
2022-01-03 11:47:00,7073769006,-1844028154893317688,193802.0,193802.0,193802.0,193802.0,7073769006,0,38991568911613297728,3834.4836425479856470614682402586205,3834.4836425479856470614682402586205,7073.769006,0
2022-01-03 11:48:00,-281723950989,73541230899973430581,193805.0,193802.0,193802.0,193805.0,69199388002,91582008568750884177,38991568911613297728,3833.3335274859007187413383757869921,3834.4836425479856470614682402586205,69199.388002,91.582008568750884177
2022-01-03 11:49:00,67568981272,-17617812941572918693,193804.0,193805.0,193804.0,193805.0,67568981272,0,38991568911613297728,3833.7168608386493088132125096245725,3833.3335274859007187413383757869921,67568.981272,0
2022-01-03 11:50:00,291160001527,-75905254044273921308,193802.0,193802.0,193802.0,193802.0,291160001527,0,38991568911613297728,3834.4836425479856470614682402586205,3833.7168608386493088132125096245725,291160.001527,0
2022-01-03 11:51:00,-12482459813,3257155663158038046,193802.0,193802.0,193802.0,193802.0,400000000,3361422859469413772,38991568911613297728,3834.4836425479856470614682402586205,3834.4836425479856470614682402586205,400,3.361422859469413772
2022-01-03 11:52:00,14694781570,-3821266171335146617,193802.0,193802.0,193802.0,193802.0,50000000000,9212381687292048224,38991568911613297728,3834.4836425479856470614682402586205,3834.4836425479856470614682402586205,50000,9.212381687292048224
2022-01-03 11:53:00,-80566049922,21022673995413300002,193802.0,193802.0,193802.0,193802.0,0,21022673995413300002,38991568911613297728,3834.4836425479856470614682402586205,3834.4836425479856470614682402586205,0,21.022673995413300002
2022-01-03 11:54:00,-339992440762,88749095970092182312,193805.0,193802.0,193802.0,193806.0,65098358732,105724497415084548127,38991568911613297728,3833.3335274859007187413383757869921,3834.4836425479856470614682402586205,65098.358732,105.724497415084548127
2022-01-03 11:55:00,-267176032813,69745834883944468701,193807.0,193805.0,193805.0,193807.0,0,69745834883944468701,38991568911613297728,3832.5669757650779455014586290465974,3833.3335274859007187413383757869921,0,69.745834883944468701
2022-01-03 11:56:00,331875385327,-86546559963918915221,193805.0,193807.0,193805.0,193807.0,331875385327,0,38991568911613297728,3833.3335274859007187413383757869921,3832.5669757650779455014586290465974,331875.385327,0
2022-01-03 11:57:00,492049952184,-128273016897876687608,193801.0,193802.0,193801.0,193802.0,492624887256,150000000000000000,38991568911613297728,3834.8670909122404456261743870826448,3833.3335274859007187413383757869921,492624.887256,0.15
2022-01-03 11:58:00,84880680166,-22110699783753263642,193800.0,193801.0,193800.0,193801.0,129643182282,11678495659839362212,38991568911613297728,3835.2505776213316696707370045213556,3834.8670909122404456261743870826448,129643.182282,11.678495659839362212
2022-01-03 11:59:00,79629286830,-20745488201459396220,193799.0,193800.0,193799.0,193800.0,105733004157,6810000000000000000,38991568911613297728,3835.6341026790938028377040782218084,3835.2505776213316696707370045213556,105733.004157,6.81
2022-01-03 12:00:00,9877500000,-2574093307941911235,193799.0,193799.0,193799.0,193799.0,9877500000,0,38991568911613297728,3835.6341026790938028377040782218084,3835.6341026790938028377040782218084,9877.5,0
2022-01-03 12:01:00,0,0,193799.0,193799.0,193799.0,193799.0,0,0,38991568911613297728,3835.6341026790938028377040782218084,3835.6341026790938028377040782218084,0,0
2022-01-03 12:02:00,26011387480,-6777288753393818952,193799.0,193799.0,193799.0,193799.0,30698584287,1222711246606181048,38991568911613297728,3835.6341026790938028377040782218084,3835.6341026790938028377040782218084,30698.584287,1.222711246606181048
2022-01-03 12:03:00,-459756676862,120083685360987747717,193803.0,193799.0,193795.0,193803.0,500910794606,250591488250652753920,38991568911613297728,3834.1002325247331737440938308755351,3835.6341026790938028377040782218084,500910.794606,250.59148825065275392
2022-01-03 12:04:00,-678269436509,177068950165914296082,193808.0,193809.0,193808.0,193809.0,81426527795,198309033942545635563,38991568911613297728,3832.1837573893390116002985991866784,3834.1002325247331737440938308755351,81426.527795,198.309033942545635563
2022-01-03 12:05:00,-2665116687316,696636472119251043900,193831.0,193821.0,193821.0,193831.0,0,696636472119251043900,38937891625991190904,3823.3803027662173068922989373609357,3832.1837573893390116002985991866784,0,696.6364721192510439
2022-01-03 12:06:00,334224847057,-87358467211937064593,193828.0,193830.0,193828.0,193830.0,341267987281,1842955556807123637,38964862592228490451,3824.5274315622796353736520511180035,3823.3803027662173068922989373609357,341267.987281,1.842955556807123637
2022-01-03 12:07:00,896680636222,-234251803498582015822,193820.0,193828.0,193820.0,193828.0,914356676385,4621471654444490998,38964862592228490451,3827.5881245894106065215999244224680,3824.5274315622796353736520511180035,914356.676385,4.621471654444490998
2022-01-03 12:08:00,352184417361,-91959006150039753476,193817.0,193820.0,193817.0,193820.0,355990189335,994585062981649516,38988799756696194030,3828.7365158582587555104640106543133,3827.5881245894106065215999244224680,355990.189335,0.994585062981649516
2022-01-03 12:09:00,696442625229,-181771377195214248774,193812.0,193815.0,193812.0,193815.0,696442625229,0,38988799756696194030,3830.6512670281287502792226755491077,3828.7365158582587555104640106543133,696442.625229,0
2022-01-03 12:10:00,-603854760,158710253323146963,193812.0,193812.0,193812.0,193812.0,3799150000,1150000000000000000,38988799756696194030,3830.6512670281287502792226755491077,3830.6512670281287502792226755491077,3799.15,1.15
2022-01-03 12:11:00,250770170292,-65425318000308931403,193810.0,193810.0,193810.0,193810.0,250770170292,0,38988799756696194030,3831.4174355880470463105660228764432,3830.6512670281287502792226755491077,250770.170292,0
2022-01-03 12:12:00,175159309135,-45687066415838087224,193808.0,193808.0,193808.0,193808.0,188583860416,3505064011402443435,38991568911613297728,3832.1837573893390116002985991866784,3831.4174355880470463105660228764432,188583.860416,3.505064011402443435
2022-01-03 12:13:00,762168600000,-198735688996908664919,193802.0,193802.0,193802.0,193802.0,762168600000,0,38991568911613297728,3834.4836425479856470614682402586205,3832.1837573893390116002985991866784,762168.6,0
2022-01-03 12:14:00,268022429276,-69855127647338718405,193800.0,193802.0,193799.0,193802.0,275689078108,2000000000000000000,38991568911613297728,3835.2505776213316696707370045213556,3834.4836425479856470614682402586205,275689.078108,2
2022-01-03 12:15:00,0,0,193800.0,193800.0,193800.0,193800.0,0,0,38991568911613297728,3835.2505776213316696707370045213556,3835.2505776213316696707370045213556,0,0
2022-01-03 12:16:00,-7651554001,2020836597285434621,193800.0,193799.0,193799.0,193800.0,94944711391,26763429955796535434,38991568911613297728,3835.2505776213316696707370045213556,3835.2505776213316696707370045213556,94944.711391,26.763429955796535434
2022-01-03 12:17:00,13894356322,-3618596812479734353,193800.0,193800.0,193800.0,193800.0,23159298297,2416979367078749351,38991568911613297728,3835.2505776213316696707370045213556,3835.2505776213316696707370045213556,23159.298297,2.416979367078749351
2022-01-03 12:18:00,64223797954,-16733884958958472418,193799.0,193799.0,193799.0,193799.0,75577039628,2961666521451808220,38991568911613297728,3835.6341026790938028377040782218084,3835.2505776213316696707370045213556,75577.039628,2.96166652145180822
2022-01-03 12:19:00,797532489144,-207730537991057619266,193792.0,193799.0,193791.0,193799.0,927462370277,33869462826472109716,38991568911613297728,3838.3198521683913502280267383069393,3835.6341026790938028377040782218084,927462.370277,33.869462826472109716
2022-01-03 12:20:00,-940220029835,245195614183726485869,193800.0,193793.0,193793.0,193800.0,624711208,245358430149869215768,38991568911613297728,3835.2505776213316696707370045213556,3838.3198521683913502280267383069393,624.711208,245.358430149869215768
2022-01-03 12:21:00,-303305292305,79154419987328270364,193803.0,193800.0,193800.0,193803.0,61920400221,95296949555375000000,38991568911613297728,3834.1002325247331737440938308755351,3835.2505776213316696707370045213556,61920.400221,95.296949555375
2022-01-03 12:22:00,-43885425057,11457369520165029042,193803.0,193803.0,193803.0,193803.0,19775397701,16612875284826006271,38991568911613297728,3834.1002325247331737440938308755351,3834.1002325247331737440938308755351,19775.397701,16.612875284826006271
2022-01-03 12:23:00,-208055524362,54304338378781451461,193805.0,193803.0,193803.0,193805.0,19623339850,59420118760592103498,38991568911613297728,3833.3335274859007187413383757869921,3834.1002325247331737440938308755351,19623.33985,59.420118760592103498
2022-01-03 12:24:00,-5363833817,1400000000000000000,193805.0,193805.0,193805.0,193805.0,0,1400000000000000000,38991568911613297728,3833.3335274859007187413383757869921,3833.3335274859007187413383757869921,0,1.4
2022-01-03 12:25:00,-1137598823,297725321124991965,193805.0,193805.0,193805.0,193805.0,3076836049,1100000000000000000,38991568911613297728,3833.3335274859007187413383757869921,3833.3335274859007187413383757869921,3076.836049,1.1
2022-01-03 12:26:00,95444671621,-24884761165081442304,193804.0,193804.0,193804.0,193804.0,100000000000,1188881704815868746,38991568911613297728,3833.7168608386493088132125096245725,3833.3335274859007187413383757869921,100000,1.188881704815868746
2022-01-03 12:27:00,5003205105,-1303119193329515777,193804.0,193804.0,193804.0,193804.0,10165112290,1347185000000000000,38991568911613297728,3833.7168608386493088132125096245725,3833.7168608386493088132125096245725,10165.11229,1.347185
2022-01-03 12:28:00,-4037506593,1053971143164249763,193804.0,193804.0,193804.0,193804.0,900000000,1288625000000000000,38991568911613297728,3833.7168608386493088132125096245725,3833.7168608386493088132125096245725,900,1.288625
2022-01-03 12:29:00,-724138882490,189047780679694391405,193810.0,193804.0,193804.0,193810.0,0,189047780679694391405,38988799756696194030,3831.4174355880470463105660228764432,3833.7168608386493088132125096245725,0,189.047780679694391405
2022-01-03 12:30:00,0,0,193810.0,193810.0,193810.0,193810.0,0,0,38988799756696194030,3831.4174355880470463105660228764432,3831.4174355880470463105660228764432,0,0
2022-01-03 12:31:00,0,0,193810.0,193810.0,193810.0,193810.0,0,0,38988799756696194030,3831.4174355880470463105660228764432,3831.4174355880470463105660228764432,0,0
2022-01-03 12:32:00,-22975613195,6000000000000000000,193810.0,193810.0,193810.0,193810.0,0,6000000000000000000,38988799756696194030,3831.4174355880470463105660228764432,3831.4174355880470463105660228764432,0,6
2022-01-03 12:33:00,-3063382038,800000000000000000,193810.0,193810.0,193810.0,193810.0,0,800000000000000000,38988799756696194030,3831.4174355880470463105660228764432,3831.4174355880470463105660228764432,0,0.8
2022-01-03 12:34:00,40000000000,-10435368025906383912,193810.0,193810.0,193810.0,193810.0,40000000000,0,38988799756696194030,3831.4174355880470463105660228764432,3831.4174355880470463105660228764432,40000,0
2022-01-03 12:35:00,-32053515404,8463528518882091311,193810.0,193810.0,193808.0,193811.0,355963521925,101321418287644124416,38988799756696194030,3831.4174355880470463105660228764432,3831.4174355880470463105660228764432,355963.521925,101.321418287644124416
2022-01-03 12:36:00,-301174978495,78667382100298710439,193813.0,193813.0,193813.0,193813.0,24288887391,85005679111597383806,38988799756696194030,3830.2682402041083394452781477343346,3831.4174355880470463105660228764432,24288.887391,85.005679111597383806
2022-01-03 12:37:00,15000000000,-3914255370462241144,193813.0,193813.0,193813.0,193813.0,15000000000,0,38988799756696194030,3830.2682402041083394452781477343346,3830.2682402041083394452781477343346,15000,0
2022-01-03 12:38:00,-607435255182,158709741637540692266,193818.0,193816.0,193816.0,193818.0,6500000000,160406456554845234161,39028449633833204861,3828.3536804902097345370103096233510,3830.2682402041083394452781477343346,6500,160.406456554845234161
2022-01-03 12:39:00,-1411283335,371010988287588306,193818.0,193818.0,193818.0,193818.0,8358760251,2553323548683773994,39028449633833204861,3828.3536804902097345370103096233510,3828.3536804902097345370103096233510,8358.760251,2.553323548683773994
2022-01-03 12:40:00,-135759021711,35483013194148719364,193819.0,193818.0,193818.0,193819.0,5810229903,37000000000000000000,39028449633833204861,3827.9708834018695475822520844149076,3828.3536804902097345370103096233510,5810.229903,37
2022-01-03 12:41:00,102023849248,-26638305172067365544,193818.0,193819.0,193818.0,193819.0,102023849248,0,39028449633833204861,3828.3536804902097345370103096233510,3827.9708834018695475822520844149076,102023.849248,0
2022-01-03 12:42:00,74585996366,-19471273892121692646,193817.0,193818.0,193817.0,193818.0,80785996366,1620283548584456118,39206739301446138230,3828.7365158582587555104640106543133,3828.3536804902097345370103096233510,80785.996366,1.620283548584456118
2022-01-03 12:43:00,-84180859060,22000000000000000000,193818.0,193818.0,193818.0,193818.0,0,22000000000000000000,39206739301446138230,3828.3536804902097345370103096233510,3828.7365158582587555104640106543133,0,22
2022-01-03 12:44:00,-9183013008,2400000000000000000,193818.0,193818.0,193818.0,193818.0,0,2400000000000000000,39206739301446138230,3828.3536804902097345370103096233510,3828.3536804902097345370103096233510,0,2.4
2022-01-03 12:45:00,-174109644775,45515204008360198962,193819.0,193818.0,193818.0,193819.0,30000000000,53347908430950943901,39206739301446138230,3827.9708834018695475822520844149076,3828.3536804902097345370103096233510,30000,53.347908430950943901
2022-01-03 12:46:00,240041468166,-62675555299944378132,193817.0,193819.0,193817.0,193819.0,240460000002,109399201061216289,39202096313275458776,3828.7365158582587555104640106543133,3827.9708834018695475822520844149076,240460.000002,0.109399201061216289
2022-01-03 12:47:00,-1591433706712,416178074688368578102,193831.0,193831.0,193831.0,193831.0,5000000000,417485181291982967633,39151188182570455650,3823.3803027662173068922989373609357,3828.7365158582587555104640106543133,5000,417.485181291982967633
2022-01-03 12:48:00,-15285608460,4000000000000000000,193831.0,193831.0,193831.0,193831.0,0,4000000000000000000,39151188182570455650,3823.3803027662173068922989373609357,3823.3803027662173068922989373609357,0,4
2022-01-03 12:49:00,62576765103,-16357171388787694044,193830.0,193831.0,193830.0,193831.0,68232551180,1480034045768303588,39151188182570455650,3823.7626407964939286229881672546723,3823.3803027662173068922989373609357,68232.55118,1.480034045768303588
2022-01-03 12:50:00,28475033150,-7443587402555078564,193830.0,193830.0,193830.0,193830.0,28475033150,0,39151188182570455650,3823.7626407964939286229881672546723,3823.7626407964939286229881672546723,28475.03315,0
2022-01-03 12:51:00,21776135916,-5692327284490876304,193830.0,193830.0,193830.0,193830.0,21776135916,0,39151188182570455650,3823.7626407964939286229881672546723,3823.7626407964939286229881672546723,21776.135916,0
2022-01-03 12:52:00,-977297996055,255852618273630710895,193838.0,193829.0,193829.0,193838.0,107963106805,284073006240198012325,39151188182570455650,3820.7050067796820572118312433755463,3823.7626407964939286229881672546723,107963.106805,284.073006240198012325
2022-01-03 12:53:00,0,0,193838.0,193838.0,193838.0,193838.0,0,0,39151188182570455650,3820.7050067796820572118312433755463,3820.7050067796820572118312433755463,0,0
2022-01-03 12:54:00,-2489734555,653141967413563585,193838.0,193838.0,193838.0,193838.0,4383838849,1800000000000000000,39151188182570455650,3820.7050067796820572118312433755463,3820.7050067796820572118312433755463,4383.838849,1.8
2022-01-03 12:55:00,-287204410428,75245748612106345484,193840.0,193841.0,193840.0,193841.0,98000000000,100890799734811148450,39118704119824980204,3819.9409803841954142870196965660373,3820.7050067796820572118312433755463,98000,100.89079973481114845
2022-01-03 12:56:00,63401602,-16590524514444834,193840.0,193840.0,193840.0,193840.0,63401602,0,39118704119824980204,3819.9409803841954142870196965660373,3819.9409803841954142870196965660373,63.401602,0
2022-01-03 12:57:00,0,0,193840.0,193840.0,193840.0,193840.0,0,0,39118704119824980204,3819.9409803841954142870196965660373,3819.9409803841954142870196965660373,0,0
2022-01-03 12:58:00,150724375572,-39438129678675134745,193839.0,193839.0,193839.0,193839.0,150724375572,0,39151188182570455650,3820.3229744822338338284483985356951,3819.9409803841954142870196965660373,150724.375572,0
2022-01-03 12:59:00,158690642794,-41517254277391710473,193838.0,193838.0,193838.0,193838.0,158690642794,0,39151188182570455650,3820.7050067796820572118312433755463,3820.3229744822338338284483985356951,158690.642794,0
2022-01-03 13:00:00,0,0,193838.0,193838.0,193838.0,193838.0,0,0,39151188182570455650,3820.7050067796820572118312433755463,3820.7050067796820572118312433755463,0,0
2022-01-03 13:01:00,583415960861,-152559275018630211900,193833.0,193837.0,193833.0,193838.0,696022199999,29486589661734341173,39151188182570455650,3822.6157413917815366671501406613017,3820.7050067796820572118312433755463,696022.199999,29.486589661734341173
2022-01-03 13:02:00,18657076114,-4876036170269653501,193833.0,193833.0,193833.0,193833.0,27794372364,2391590901436802971,39151188182570455650,3822.6157413917815366671501406613017,3822.6157413917815366671501406613017,27794.372364,2.391590901436802971
2022-01-03 13:03:00,-87016129854,22776273884387046337,193833.0,193833.0,193833.0,193833.0,0,22776273884387046337,39151188182570455650,3822.6157413917815366671501406613017,3822.6157413917815366671501406613017,0,22.776273884387046337
2022-01-03 13:04:00,-8132359112,2128710158649302408,193834.0,193834.0,193834.0,193834.0,0,2128710158649302408,39151188182570455650,3822.2335180399775389132588147798255,3822.6157413917815366671501406613017,0,2.128710158649302408
2022-01-03 13:05:00,-109945262083,28795243453467884323,193834.0,193833.0,193833.0,193834.0,56500000000,43569490478407110652,39151188182570455650,3822.2335180399775389132588147798255,3822.2335180399775389132588147798255,56500,43.569490478407110652
2022-01-03 13:06:00,-93221627089,24404747272968423551,193835.0,193835.0,193835.0,193835.0,0,24404747272968423551,39151188182570455650,3821.8513329066868702262361911607068,3822.2335180399775389132588147798255,0,24.404747272968423551
2022-01-03 13:07:00,2000000000,-523081784852847891,193835.0,193835.0,193835.0,193835.0,2000000000,0,39151188182570455650,3821.8513329066868702262361911607068,3821.8513329066868702262361911607068,2000,0
2022-01-03 13:08:00,-33787843635,8846385978206021418,193835.0,193835.0,193835.0,193835.0,2000000000,9369466952015235583,39151188182570455650,3821.8513329066868702262361911607068,3821.8513329066868702262361911607068,2000,9.369466952015235583
2022-01-03 13:09:00,70677816263,-18453909514417967142,193835.0,193835.0,193834.0,193836.0,189852016626,31198363746704260236,39151188182570455650,3821.8513329066868702262361911607068,3821.8513329066868702262361911607068,189852.016626,31.198363746704260236
2022-01-03 13:10:00,-50457273802,13209709809085568217,193835.0,193835.0,193835.0,193835.0,0,13209709809085568217,39151188182570455650,3821.8513329066868702262361911607068,3821.8513329066868702262361911607068,0,13.209709809085568217
2022-01-03 13:11:00,19414412014,-5073676056772126207,193835.0,193835.0,193835.0,193835.0,34693278822,4000000000000000000,39151188182570455650,3821.8513329066868702262361911607068,3821.8513329066868702262361911607068,34693.278822,4
2022-01-03 13:12:00,-26341998156,6896544608022565389,193835.0,193835.0,193835.0,193835.0,395561212,7000000000000000000,39151188182570455650,3821.8513329066868702262361911607068,3821.8513329066868702262361911607068,395.561212,7
2022-01-03 13:13:00,-116675347543,30550931759115525296,193836.0,193836.0,193836.0,193836.0,11656769515,33600000000000000000,39151188182570455650,3821.4691859880880614200941817425329,3821.8513329066868702262361911607068,11656.769515,33.6
2022-01-03 13:14:00,13343897995,-3490348840077252995,193836.0,193836.0,193836.0,193836.0,13343897995,0,39151188182570455650,3821.4691859880880614200941817425329,3821.4691859880880614200941817425329,13343.897995,0
2022-01-03 13:15:00,-5474315047,1433367744079330531,193836.0,193836.0,193836.0,193836.0,110027465,1462147348077883442,39151188182570455650,3821.4691859880880614200941817425329,3821.4691859880880614200941817425329,110.027465,1.462147348077883442
2022-01-03 13:16:00,23828421395,-6232706700321514254,193836.0,193836.0,193836.0,193836.0,23828421395,0,39151188182570455650,3821.4691859880880614200941817425329,3821.4691859880880614200941817425329,23828.421395,0
2022-01-03 13:17:00,2442287180527,-638169726628724198888,193816.0,193833.0,193816.0,193833.0,2442287180527,0,39202096313275458776,3829.1193895098445813860150570553780,3821.4691859880880614200941817425329,2442287.180527,0
2022-01-03 13:18:00,0,0,193816.0,193816.0,193816.0,193816.0,0,0,39202096313275458776,3829.1193895098445813860150570553780,3829.1193895098445813860150570553780,0,0
2022-01-03 13:19:00,71090726116,-18550075725227532988,193815.0,193815.0,193815.0,193815.0,96693006197,6689377177375925142,39202096313275458776,3829.5023014487955658441536585610859,3829.1193895098445813860150570553780,96693.006197,6.689377177375925142
2022-01-03 13:20:00,-890054323666,232641664350408173768,193823.0,193815.0,193815.0,193823.0,1273309402,232974025523560271872,39178159148807755197,3826.4400777690511180368862663179473,3829.5023014487955658441536585610859,1273.309402,232.974025523560271872
2022-01-03 13:21:00,168947855745,-44125144263611107828,193821.0,193823.0,193821.0,193823.0,181264465913,3220152373292217520,39178159148807755197,3827.2054040490057059510048239400753,3826.4400777690511180368862663179473,181264.465913,3.22015237329221752
2022-01-03 13:22:00,5410016337,-1411768830501932854,193821.0,193821.0,193821.0,193821.0,10000000000,1200000000000000000,39178159148807755197,3827.2054040490057059510048239400753,3827.2054040490057059510048239400753,10000,1.2
2022-01-03 13:23:00,155192253614,-40517886107613807611,193820.0,193821.0,193820.0,193821.0,201040814453,11984757733897241589,39178159148807755197,3827.5881245894106065215999244224680,3827.2054040490057059510048239400753,201040.814453,11.984757733897241589
2022-01-03 13:24:00,-5423599974,1417752390753063486,193820.0,193820.0,193820.0,193820.0,0,1417752390753063486,39178159148807755197,3827.5881245894106065215999244224680,3827.5881245894106065215999244224680,0,1.417752390753063486
2022-01-03 13:25:00,0,0,193820.0,193820.0,193820.0,193820.0,0,0,39178159148807755197,3827.5881245894106065215999244224680,3827.5881245894106065215999244224680,0,0
2022-01-03 13:26:00,0,0,193820.0,193820.0,193820.0,193820.0,0,0,39178159148807755197,3827.5881245894106065215999244224680,3827.5881245894106065215999244224680,0,0
2022-01-03 13:27:00,0,0,193820.0,193820.0,193820.0,193820.0,0,0,39178159148807755197,3827.5881245894106065215999244224680,3827.5881245894106065215999244224680,0,0
2022-01-03 13:28:00,-20073790951,5261990070040519097,193820.0,193820.0,193820.0,193820.0,55710968586,19810279669504930539,39178159148807755197,3827.5881245894106065215999244224680,3827.5881245894106065215999244224680,55710.968586,19.810279669504930539
2022-01-03 13:29:00,-101319323019,26490638846783105428,193821.0,193821.0,193821.0,193821.0,14254678692,30213503325085167295,39178159148807755197,3827.2054040490057059510048239400753,3827.5881245894106065215999244224680,14254.678692,30.213503325085167295
2022-01-03 13:30:00,30146937585,-7873369354406568028,193821.0,193821.0,193821.0,193821.0,30146937585,0,39178159148807755197,3827.2054040490057059510048239400753,3827.2054040490057059510048239400753,30146.937585,0
2022-01-03 13:31:00,-149395683554,39070349204366433130,193822.0,193821.0,193821.0,193822.0,46814754837,51298369062573076656,39178159148807755197,3826.8227217768280231486899549445794,3827.2054040490057059510048239400753,46814.754837,51.298369062573076656
2022-01-03 13:32:00,-11842359365,3096280766183470284,193822.0,193822.0,193822.0,193822.0,0,3096280766183470284,39178159148807755197,3826.8227217768280231486899549445794,3826.8227217768280231486899549445794,0,3.096280766183470284
2022-01-03 13:33:00,310264695501,-80863576890390223222,193820.0,193822.0,193816.0,193822.0,947695569433,166598081487000000000,39178159148807755197,3827.5881245894106065215999244224680,3826.8227217768280231486899549445794,947695.569433,166.598081487
2022-01-03 13:34:00,-642954349360,168108721140713357700,193825.0,193820.0,193820.0,193825.0,2500000000,168761896342118495294,39178159148807755197,3825.6749045313957935642154875782778,3827.5881245894106065215999244224680,2500,168.761896342118495294
2022-01-03 13:35:00,168957115759,-44136283888958663082,193823.0,193825.0,193823.0,193825.0,184385476286,4035004634518943883,39178159148807755197,3826.4400777690511180368862663179473,3825.6749045313957935642154875782778,184385.476286,4.035004634518943883
2022-01-03 13:36:00,0,0,193823.0,193823.0,193823.0,193823.0,0,0,39178159148807755197,3826.4400777690511180368862663179473,3826.4400777690511180368862663179473,0,0
2022-01-03 13:37:00,-5368500925,1408283421619469430,193823.0,193823.0,193823.0,193823.0,17002958665,5850000000000000000,39178159148807755197,3826.4400777690511180368862663179473,3826.4400777690511180368862663179473,17002.958665,5.85
2022-01-03 13:38:00,0,0,193823.0,193823.0,193823.0,193823.0,0,0,39178159148807755197,3826.4400777690511180368862663179473,3826.4400777690511180368862663179473,0,0
2022-01-03 13:39:00,7629091975,-1992976218965551792,193823.0,193823.0,193823.0,193823.0,7629091975,0,39199713898662164527,3826.4400777690511180368862663179473,3826.4400777690511180368862663179473,7629.091975,0
2022-01-03 13:40:00,-469998685268,122925826408358362895,193827.0,193824.0,193824.0,193827.0,0,122925826408358362895,39199713898662164527,3824.9098843054358633371894163231171,3826.4400777690511180368862663179473,0,122.925826408358362895
2022-01-03 13:41:00,-15286443173,3998994863655361326,193827.0,193827.0,193827.0,193827.0,386493000,4100000000000000000,39199713898662164527,3824.9098843054358633371894163231171,3824.9098843054358633371894163231171,386.493,4.1
2022-01-03 13:42:00,-22013802322,5764319855556230066,193828.0,193828.0,193827.0,193828.0,20944594487,11238005161691365687,39199713898662164527,3824.5274315622796353736520511180035,3824.9098843054358633371894163231171,20944.594487,11.238005161691365687
2022-01-03 13:43:00,200000000000,-52264143120540410366,193826.0,193826.0,193826.0,193826.0,200000000000,0,39199713898662164527,3825.2923752938664069235231352647515,3824.5274315622796353736520511180035,200000,0
2022-01-03 13:44:00,-18922858357,4949709154953181645,193826.0,193826.0,193826.0,193826.0,746175891,5144684919316801122,39199713898662164527,3825.2923752938664069235231352647515,3825.2923752938664069235231352647515,746.175891,5.144684919316801122
2022-01-03 13:45:00,-21278610521,5570242479077219800,193826.0,193826.0,193826.0,193826.0,17052241214,10026158067835424558,39199713898662164527,3825.2923752938664069235231352647515,3825.2923752938664069235231352647515,17052.241214,10.026158067835424558
2022-01-03 13:46:00,-14849655907,3884238496704123271,193826.0,193826.0,193826.0,193826.0,0,3884238496704123271,39199713898662164527,3825.2923752938664069235231352647515,3825.2923752938664069235231352647515,0,3.884238496704123271
2022-01-03 13:47:00,15942716431,-4157943270553787620,193826.0,193827.0,193826.0,193827.0,46676772037,8039187700058631705,39199713898662164527,3825.2923752938664069235231352647515,3825.2923752938664069235231352647515,46676.772037,8.039187700058631705
2022-01-03 13:48:00,-146277396209,38269673846010726877,193827.0,193826.0,193826.0,193827.0,21859979859,43981873643122264277,39199713898662164527,3824.9098843054358633371894163231171,3825.2923752938664069235231352647515,21859.979859,43.981873643122264277
2022-01-03 13:49:00,0,0,193827.0,193827.0,193827.0,193827.0,0,0,39199713898662164527,3824.9098843054358633371894163231171,3824.9098843054358633371894163231171,0,0
2022-01-03 13:50:00,209703289602,-54788947227885545849,193826.0,193828.0,193826.0,193828.0,247917785185,9995891681669022249,39199713898662164527,3825.2923752938664069235231352647515,3824.9098843054358633371894163231171,247917.785185,9.995891681669022249
2022-01-03 13:51:00,95052004508,-24813603372343703356,193825.0,193826.0,193824.0,193826.0,178956330754,21943813733335272482,39199713898662164527,3825.6749045313957935642154875782778,3825.2923752938664069235231352647515,178956.330754,21.943813733335272482
2022-01-03 13:52:00,45562802069,-11904128947377158817,193825.0,193825.0,193825.0,193825.0,45562802069,0,39199713898662164527,3825.6749045313957935642154875782778,3825.6749045313957935642154875782778,45562.802069,0
2022-01-03 13:53:00,359530866897,-93913698944249057488,193822.0,193825.0,193822.0,193825.0,377657401931,4740580056210928303,39199713898662164527,3826.8227217768280231486899549445794,3825.6749045313957935642154875782778,377657.401931,4.740580056210928303
2022-01-03 13:54:00,-154190814439,40315387536956114287,193823.0,193822.0,193822.0,193823.0,0,40315387536956114287,39199713898662164527,3826.4400777690511180368862663179473,3826.8227217768280231486899549445794,0,40.315387536956114287
2022-01-03 13:55:00,0,0,193823.0,193823.0,193823.0,193823.0,0,0,39199713898662164527,3826.4400777690511180368862663179473,3826.4400777690511180368862663179473,0,0
2022-01-03 13:56:00,-2134627851,558164878817230848,193823.0,193823.0,193823.0,193823.0,0,558164878817230848,39199713898662164527,3826.4400777690511180368862663179473,3826.4400777690511180368862663179473,0,0.558164878817230848
2022-01-03 13:57:00,-3300846691,863743649631497920,193823.0,193823.0,193823.0,193823.0,2420000000,1495898008772076088,39199713898662164527,3826.4400777690511180368862663179473,3826.4400777690511180368862663179473,2420,1.495898008772076088
2022-01-03 13:58:00,-981664372333,256803989528155056708,193831.0,193823.0,193823.0,193831.0,47408024258,269194877041585449799,39172742932424864980,3823.3803027662173068922989373609357,3826.4400777690511180368862663179473,47408.024258,269.194877041585449799
2022-01-03 13:59:00,-2203418828,576621888269169292,193831.0,193831.0,193831.0,193831.0,0,576621888269169292,39172742932424864980,3823.3803027662173068922989373609357,3823.3803027662173068922989373609357,0,0.576621888269169292
2022-01-03 14:00:00,-1127036931348,295076579580626478319,193840.0,193840.0,193840.0,193840.0,0,295076579580626478319,39140258869679389534,3819.9409803841954142870196965660373,3823.3803027662173068922989373609357,0,295.076579580626478319
2022-01-03 14:01:00,0,0,193840.0,193840.0,193840.0,193840.0,0,0,39140258869679389534,3819.9409803841954142870196965660373,3819.9409803841954142870196965660373,0,0
2022-01-03 14:02:00,85221566526,-22299676852388033204,193840.0,193840.0,193840.0,193840.0,85221566526,0,39140258869679389534,3819.9409803841954142870196965660373,3819.9409803841954142870196965660373,85221.566526,0
2022-01-03 14:03:00,79435772198,-20784311302000845471,193839.0,193839.0,193839.0,193839.0,79435772198,0,39172742932424864980,3820.3229744822338338284483985356951,3819.9409803841954142870196965660373,79435.772198,0
2022-01-03 14:04:00,0,0,193839.0,193839.0,193839.0,193839.0,0,0,39172742932424864980,3820.3229744822338338284483985356951,3820.3229744822338338284483985356951,0,0
2022-01-03 14:05:00,0,0,193839.0,193839.0,193839.0,193839.0,0,0,39172742932424864980,3820.3229744822338338284483985356951,3820.3229744822338338284483985356951,0,0
2022-01-03 14:06:00,-1828652005597,479375408994006911701,193854.0,193857.0,193854.0,193857.0,322554221217,563906940246709985704,39174542604967932385,3814.5970718114288138614547118201350,3820.3229744822338338284483985356951,322554.221217,563.906940246709985704
2022-01-03 14:07:00,0,0,193854.0,193854.0,193854.0,193854.0,0,0,39174542604967932385,3814.5970718114288138614547118201350,3814.5970718114288138614547118201350,0,0
2022-01-03 14:08:00,-459050084126,120431152384924859502,193858.0,193858.0,193858.0,193858.0,0,120431152384924859502,39174542604967932385,3813.0716143661328309964602999752595,3814.5970718114288138614547118201350,0,120.431152384924859502
2022-01-03 14:09:00,-644665574217,169238348221691622562,193863.0,193862.0,193862.0,193864.0,129690554703,203254310132194329103,39174542604967932385,3811.1656503862610996957030182644510,3813.0716143661328309964602999752595,129690.554703,203.254310132194329103
2022-01-03 14:10:00,1330796613411,-348843948918435367635,193852.0,193863.0,193852.0,193863.0,1330796613411,0,39174542604967932385,3815.3600293717618177385151413770477,3811.1656503862610996957030182644510,1330796.613411,0
2022-01-03 14:11:00,35177532945,-9215942786494257679,193852.0,193852.0,193852.0,193852.0,35177532945,0,39174542604967932385,3815.3600293717618177385151413770477,3815.3600293717618177385151413770477,35177.532945,0
2022-01-03 14:12:00,196550875293,-51487771736138938305,193850.0,193852.0,193850.0,193852.0,198227562474,439694891425945212,39174542604967932385,3816.1231395312364638196810217904743,3815.3600293717618177385151413770477,198227.562474,0.439694891425945212
2022-01-03 14:13:00,14777743687,-3870820595294382806,193850.0,193850.0,193850.0,193850.0,14777743687,0,39174542604967932385,3816.1231395312364638196810217904743,3816.1231395312364638196810217904743,14777.743687,0
2022-01-03 14:14:00,-23626150743,6194751314378605820,193850.0,193850.0,193850.0,193850.0,0,6194751314378605820,39174542604967932385,3816.1231395312364638196810217904743,3816.1231395312364638196810217904743,0,6.19475131437860582
2022-01-03 14:15:00,23578730156,-6175937115972910902,193850.0,193850.0,193850.0,193850.0,24341517441,200000000000000000,39174542604967932385,3816.1231395312364638196810217904743,3816.1231395312364638196810217904743,24341.517441,0.2
2022-01-03 14:16:00,-189025929632,49565785720218625613,193852.0,193851.0,193851.0,193852.0,0,49565785720218625613,39174542604967932385,3815.3600293717618177385151413770477,3816.1231395312364638196810217904743,0,49.565785720218625613
2022-01-03 14:17:00,321367425494,-84175538971673906916,193849.0,193852.0,193849.0,193852.0,335000000000,3574000955967894000,39140258869679389534,3816.5047518451895874660629898926498,3815.3600293717618177385151413770477,335000,3.574000955967894
2022-01-03 14:18:00,59910126617,-15690410723203840943,193849.0,193849.0,193849.0,193849.0,59910126617,0,39140258869679389534,3816.5047518451895874660629898926498,3816.5047518451895874660629898926498,59910.126617,0
2022-01-03 14:19:00,654081864764,-171252934581601025621,193843.0,193845.0,193843.0,193845.0,654081864764,0,39140258869679389534,3818.7952272483452980200064087452032,3816.5047518451895874660629898926498,654081.864764,0
2022-01-03 14:20:00,-313064345244,82064544312549378839,193846.0,193842.0,193842.0,193846.0,103000000000,109023761572760236368,39140258869679389534,3817.6498177697022044498356223589748,3818.7952272483452980200064087452032,103000,109.023761572760236368
2022-01-03 14:21:00,836970415285,-219056582620857232235,193839.0,193846.0,193839.0,193846.0,845747100000,2300000000000000000,39172742932424864980,3820.3229744822338338284483985356951,3817.6498177697022044498356223589748,845747.1,2.3
2022-01-03 14:22:00,20073482683,-5249340308312245909,193839.0,193839.0,193839.0,193839.0,30000000000,2599698032524181310,39172742932424864980,3820.3229744822338338284483985356951,3820.3229744822338338284483985356951,30000,2.59969803252418131
2022-01-03 14:23:00,4693363271,-1217647053839682768,193839.0,193839.0,193839.0,193839.0,44000000000,10294368652599036139,39172742932424864980,3820.3229744822338338284483985356951,3820.3229744822338338284483985356951,44000,10.294368652599036139
2022-01-03 14:24:00,-32660277749,8573519179070064508,193839.0,193840.0,193839.0,193840.0,75855767905,28420954101231448439,39172742932424864980,3820.3229744822338338284483985356951,3820.3229744822338338284483985356951,75855.767905,28.420954101231448439
2022-01-03 14:25:00,-34857057041,9131114126956473714,193839.0,193839.0,193839.0,193839.0,7142999651,11000000000000000000,39172742932424864980,3820.3229744822338338284483985356951,3820.3229744822338338284483985356951,7142.999651,11
2022-01-03 14:26:00,107398351870,-28096002223114139937,193838.0,193839.0,193838.0,193839.0,119697228992,3221006446048909697,39172742932424864980,3820.7050067796820572118312433755463,3820.3229744822338338284483985356951,119697.228992,3.221006446048909697
2022-01-03 14:27:00,-251178334017,65786843116671442840,193840.0,193840.0,193840.0,193840.0,0,65786843116671442840,39164502808552961389,3819.9409803841954142870196965660373,3820.7050067796820572118312433755463,0,65.78684311667144284
2022-01-03 14:28:00,6348354137,-1661221446973013660,193840.0,193840.0,193840.0,193840.0,6348354137,0,39164502808552961389,3819.9409803841954142870196965660373,3819.9409803841954142870196965660373,6348.354137,0
2022-01-03 14:29:00,90094068180,-23558434546197150775,193840.0,193840.0,193840.0,193841.0,152024452576,16221827883841221278,39164502808552961389,3819.9409803841954142870196965660373,3819.9409803841954142870196965660373,152024.452576,16.221827883841221278
2022-01-03 14:30:00,1038288900000,-271559592254435227151,193831.0,193831.0,193831.0,193831.0,1038288900000,0,39196986871298436835,3823.3803027662173068922989373609357,3819.9409803841954142870196965660373,1038288.9,0
2022-01-03 14:31:00,251324685693,-65690140325884978596,193829.0,193831.0,193829.0,193831.0,280747899908,7700000000000000000,39223957837535736382,3824.1450170605735780158504660714004,3823.3803027662173068922989373609357,280747.899908,7.7
2022-01-03 14:32:00,1100906635924,-287621112884271394990,193820.0,193829.0,193820.0,193829.0,1110243432311,2442895542420139500,39223957837535736382,3827.5881245894106065215999244224680,3824.1450170605735780158504660714004,1110243.432311,2.4428955424201395
2022-01-03 14:33:00,1179183927449,-307784434741163086504,193810.0,193820.0,193810.0,193820.0,1182220501380,793000000000000000,39247895002003439961,3831.4174355880470463105660228764432,3827.5881245894106065215999244224680,1182220.50138,0.793
2022-01-03 14:34:00,294023285622,-76537556589836061240,193808.0,193815.0,193808.0,193815.0,908970948547,160632219852000497395,39250664156920543659,3832.1837573893390116002985991866784,3831.4174355880470463105660228764432,908970.948547,160.632219852000497395
2022-01-03 14:35:00,-800775993955,209140972086443252326,193814.0,193814.0,193814.0,193814.0,0,209140972086443252326,39247895002003439961,3829.8852516789404454007380739269387,3832.1837573893390116002985991866784,0,209.140972086443252326
2022-01-03 14:36:00,2557641006275,-666835918267556961936,193793.0,193807.0,193793.0,193807.0,2561127936978,910000000000000000,39250664156920543659,3837.9360585625350967183549028166606,3829.8852516789404454007380739269387,2561127.936978,0.91
2022-01-03 14:37:00,2647530760145,-688769519733386470931,193772.0,193786.0,193771.0,193786.0,2755867033994,28182744605937177705,39186904998572896674,3846.0037890579921455543028670522046,3837.9360585625350967183549028166606,2755867.033994,28.182744605937177705
2022-01-03 14:38:00,-44885327578,11676822379036556995,193772.0,193772.0,193772.0,193772.0,0,11676822379036556995,39186904998572896674,3846.0037890579921455543028670522046,3846.0037890579921455543028670522046,0,11.676822379036556995
2022-01-03 14:39:00,-1949020683538,507465080561008692884,193788.0,193786.0,193786.0,193788.0,58891597529,522794496392861521240,39250664156920543659,3839.8554104238035001122577449239167,3846.0037890579921455543028670522046,58891.597529,522.79449639286152124
2022-01-03 14:40:00,207739994911,-54059387926182524496,193786.0,193788.0,193786.0,193788.0,256544748971,12717160231439589669,39250664156920543659,3840.6234199044423650503151975954742,3839.8554104238035001122577449239167,256544.748971,12.717160231439589669
2022-01-03 14:41:00,-53112235232,13837400969351472716,193787.0,193787.0,193787.0,193787.0,0,13837400969351472716,39250664156920543659,3840.2393959648458804622689706984062,3840.6234199044423650503151975954742,0,13.837400969351472716
2022-01-03 14:42:00,4216815541,-1094361274060273307,193787.0,193787.0,193787.0,193787.0,16406250877,3175774794317177846,39250664156920543659,3840.2393959648458804622689706984062,3840.2393959648458804622689706984062,16406.250877,3.175774794317177846
2022-01-03 14:43:00,-10462756042,2725937500000000000,193787.0,193787.0,193787.0,193787.0,0,2725937500000000000,39250664156920543659,3840.2393959648458804622689706984062,3840.2393959648458804622689706984062,0,2.7259375
2022-01-03 14:44:00,-1151461405,300000000000000000,193787.0,193787.0,193787.0,193787.0,0,300000000000000000,39250664156920543659,3840.2393959648458804622689706984062,3840.2393959648458804622689706984062,0,0.3
2022-01-03 14:45:00,-1225497272510,319780969788364995475,193797.0,193787.0,193787.0,193806.0,1267948198435,650282530134240614177,39250664156920543659,3836.4012678559706483892096474144938,3840.2393959648458804622689706984062,1267948.198435,650.282530134240614177
2022-01-03 14:46:00,-1171668884879,305720314591086398872,193807.0,193803.0,193803.0,193807.0,0,305720314591086398872,39234888308437631713,3832.5669757650779455014586290465974,3836.4012678559706483892096474144938,0,305.720314591086398872
2022-01-03 14:47:00,-3540907328385,925717130348907384846,193836.0,193817.0,193817.0,193836.0,10000000000,928327963097684602496,39181211022815524889,3821.4691859880880614200941817425329,3832.5669757650779455014586290465974,10000,928.327963097684602496
2022-01-03 14:48:00,-1830215496733,479575746076873284870,193851.0,193836.0,193835.0,193851.0,126141426199,512573628451536580075,39183010695358592294,3815.7415653746989939202889928911831,3821.4691859880880614200941817425329,126141.426199,512.573628451536580075
2022-01-03 14:49:00,563235527205,-147502526061619110826,193846.0,193851.0,193846.0,193851.0,570290849247,1850000000000000000,37921533008256411649,3817.6498177697022044498356223589748,3815.7415653746989939202889928911831,570290.849247,1.85
2022-01-03 14:50:00,-539908421839,141556378192394295869,193851.0,193851.0,193851.0,193851.0,80000000000,162512640418600797218,37955816743544954500,3815.7415653746989939202889928911831,3817.6498177697022044498356223589748,80000,162.512640418600797218
2022-01-03 14:51:00,1385400201337,-362680000898126587436,193839.0,193847.0,193839.0,193847.0,1403868907799,4840392457594509421,37969709965487034179,3820.3229744822338338284483985356951,3815.7415653746989939202889928911831,1403868.907799,4.840392457594509421
2022-01-03 14:52:00,-40708328778,10662389597889533893,193839.0,193839.0,193839.0,193839.0,2972000000,11440000000000000000,37969709965487034179,3820.3229744822338338284483985356951,3820.3229744822338338284483985356951,2972,11.44
2022-01-03 14:53:00,-3167880717239,830812297936063963894,193866.0,193860.0,193860.0,193866.0,400000000,830917172016700443829,37971509638030101584,3810.0225293229783039858351698344633,3820.3229744822338338284483985356951,400,830.917172016700443829
2022-01-03 14:54:00,-1122095034926,294848497484496954176,193876.0,193865.0,193865.0,193876.0,104826833321,322348921052631597056,37967326104315350180,3806.2146014681138372221216609193134,3810.0225293229783039858351698344633,104826.833321,322.348921052631597056
2022-01-03 14:55:00,5659169187,-1482262731532978525,193876.0,193876.0,193876.0,193876.0,20337702086,3858531999903014164,37967326104315350180,3806.2146014681138372221216609193134,3806.2146014681138372221216609193134,20337.702086,3.858531999903014164
2022-01-03 14:56:00,352080101041,-92443520214354595670,193873.0,193873.0,193873.0,193873.0,352080101041,0,37967326104315350180,3807.3565800387985300181715279184646,3806.2146014681138372221216609193134,352080.101041,0
2022-01-03 14:57:00,18097288659,-4750444147804299394,193873.0,193873.0,193873.0,193873.0,20000000000,500000000000000000,37967326104315350180,3807.3565800387985300181715279184646,3807.3565800387985300181715279184646,20000,0.5
2022-01-03 14:58:00,17402752487,-4568543515039693301,193872.0,193872.0,193872.0,193872.0,17402752487,0,37967326104315350180,3807.7373156968024098711733450712537,3807.3565800387985300181715279184646,17402.752487,0
2022-01-03 14:59:00,-46189562033,12144122857269375144,193873.0,193873.0,193873.0,193873.0,23701450586,18366452942782752157,37967326104315350180,3807.3565800387985300181715279184646,3807.7373156968024098711733450712537,23701.450586,18.366452942782752157
2022-01-03 15:00:00,-57286917003,15058188241330731081,193873.0,193873.0,193873.0,193873.0,13000000000,18471223160099632435,37967326104315350180,3807.3565800387985300181715279184646,3807.3565800387985300181715279184646,13000,18.471223160099632435
2022-01-03 15:01:00,1402663146845,-367729264140762583997,193861.0,193873.0,193852.0,193873.0,2566109261184,305250432357087904364,37971509638030101584,3811.9279216279948557782531558251369,3807.3565800387985300181715279184646,2566109.261184,305.250432357087904364
2022-01-03 15:02:00,-613043432080,160962217919615300286,193867.0,193867.0,193867.0,193867.0,12912500000,164350000000000000000,37971509638030101584,3809.6415651664616578200531645180116,3811.9279216279948557782531558251369,12912.5,164.35
2022-01-03 15:03:00,-525833544352,138136875067560873899,193871.0,193867.0,193867.0,193871.0,32383208117,146636965093365135414,37967326104315350180,3808.1180894283720901121604624057632,3809.6415651664616578200531645180116,32383.208117,146.636965093365135414
2022-01-03 15:04:00,163889512581,-43014154347869260397,193870.0,193870.0,193870.0,193870.0,166554067780,700000000000000000,37967326104315350180,3808.4989012373149273211716784520035,3808.1180894283720901121604624057632,166554.06778,0.7
2022-01-03 15:05:00,-267683466,70978881065094525,193870.0,193870.0,193870.0,193870.0,2500000000,727090154406130495,37967326104315350180,3808.4989012373149273211716784520035,3808.4989012373149273211716784520035,2500,0.727090154406130495
2022-01-03 15:06:00,9473089302,-2486147575725370917,193870.0,193870.0,193870.0,193870.0,9473089302,0,37967326104315350180,3808.4989012373149273211716784520035,3808.4989012373149273211716784520035,9473.089302,0
2022-01-03 15:07:00,-3248882071273,854680741149963606427,193898.0,193893.0,193893.0,193898.0,0,854680741149963606427,33263406129290621759,3797.8505513688597066058981534350426,3808.4989012373149273211716784520035,0,854.680741149963606427
2022-01-03 15:08:00,-314023368916,82805067137889741772,193901.0,193896.0,193896.0,193901.0,234411773878,144498974357002131319,33216785525661055953,3796.7114240365093212901949469238237,3797.8505513688597066058981534350426,234411.773878,144.498974357002131319
2022-01-03 15:09:00,-747168994306,196976779935600910877,193908.0,193905.0,193905.0,193908.0,0,196976779935600910877,33216785525661055953,3794.0547888000384487714404863283840,3796.7114240365093212901949469238237,0,196.976779935600910877
2022-01-03 15:10:00,434649041782,-114336141773908078627,193904.0,193908.0,193904.0,193912.0,1017621313490,153758025238972763545,33216785525661055953,3795.5726383740223907139350226082803,3794.0547888000384487714404863283840,1017621.31349,153.758025238972763545
2022-01-03 15:11:00,988847200000,-260288889501318693499,193895.0,193895.0,193895.0,193895.0,988847200000,0,33263406129290621759,3798.9900204735847561350399807646228,3795.5726383740223907139350226082803,988847.2,0
2022-01-03 15:12:00,94086842598,-24752891343304822518,193894.0,193894.0,193894.0,193894.0,94086842598,0,33263406129290621759,3799.3699194756321146106534847626967,3798.9900204735847561350399807646228,94086.842598,0
2022-01-03 15:13:00,349489279497,-91923174774117479205,193890.0,193894.0,193890.0,193894.0,359121771322,2536589966541058002,33263406129290621759,3800.8898954208153956093190988174666,3799.3699194756321146106534847626967,359121.771322,2.536589966541058002
2022-01-03 15:14:00,1538309042115,-404282385136325455494,193877.0,193890.0,193877.0,193890.0,1563845227750,6722409911441295957,37967326104315350180,3805.8340180663072065014715137679402,3800.8898954208153956093190988174666,1563845.22775,6.722409911441295957
2022-01-03 15:15:00,863188380346,-226621348475160732549,193870.0,193870.0,193870.0,193870.0,892129127300,7603063778618493325,37967326104315350180,3808.4989012373149273211716784520035,3805.8340180663072065014715137679402,892129.1273,7.603063778618493325
2022-01-03 15:16:00,256561945075,-67324710573270495927,193868.0,193869.0,193868.0,193869.0,268414918995,3113252507411684328,37971509638030101584,3809.2606391025514026797851859994104,3808.4989012373149273211716784520035,268414.918995,3.113252507411684328
2022-01-03 15:17:00,-1355034458,355909683826398743,193868.0,193868.0,193868.0,193868.0,0,355909683826398743,37971509638030101584,3809.2606391025514026797851859994104,3809.2606391025514026797851859994104,0,0.355909683826398743
2022-01-03 15:18:00,0,0,193868.0,193868.0,193868.0,193868.0,0,0,37971509638030101584,3809.2606391025514026797851859994104,3809.2606391025514026797851859994104,0,0
2022-01-03 15:19:00,-98060271936,25757338307917850372,193869.0,193869.0,193869.0,193869.0,0,25757338307917850372,37971509638030101584,3808.8797511274386588139037956198519,3809.2606391025514026797851859994104,0,25.757338307917850372
2022-01-03 15:20:00,1022213729183,-267987978237769369489,193860.0,193869.0,193855.0,193869.0,1560371481248,141213996156680733324,37971509638030101584,3812.3091144201576552638309811407174,3808.8797511274386588139037956198519,1560371.481248,141.213996156680733324
2022-01-03 15:21:00,0,0,193860.0,193860.0,193860.0,193860.0,0,0,37971509638030101584,3812.3091144201576552638309811407174,3812.3091144201576552638309811407174,0,0
2022-01-03 15:22:00,-1055930027235,277254331590360286453,193869.0,193869.0,193869.0,193869.0,0,277254331590360286453,37971509638030101584,3808.8797511274386588139037956198519,3812.3091144201576552638309811407174,0,277.254331590360286453
2022-01-03 15:23:00,1674491217,-439427273282720191,193869.0,193869.0,193869.0,193869.0,1674491217,0,37971509638030101584,3808.8797511274386588139037956198519,3808.8797511274386588139037956198519,1674.491217,0
2022-01-03 15:24:00,42918703988,-11194818204639462907,193869.0,193867.0,193867.0,193869.0,301409409890,67895709542586238469,37971509638030101584,3808.8797511274386588139037956198519,3808.8797511274386588139037956198519,301409.40989,67.895709542586238469
2022-01-03 15:25:00,-38351336590,10076811715718165961,193869.0,193868.0,193868.0,193869.0,9996393500,12700000000000000000,37971509638030101584,3808.8797511274386588139037956198519,3808.8797511274386588139037956198519,9996.3935,12.7
2022-01-03 15:26:00,-238225356192,62585630405122267088,193871.0,193869.0,193869.0,193871.0,3237208067,63435179787995464544,37967326104315350180,3808.1180894283720901121604624057632,3808.8797511274386588139037956198519,3237.208067,63.435179787995464544
2022-01-03 15:27:00,275000000,-72181041192223739,193871.0,193871.0,193871.0,193871.0,275000000,0,37967326104315350180,3808.1180894283720901121604624057632,3808.1180894283720901121604624057632,275,0
2022-01-03 15:28:00,875812673220,-229769569348632604728,193863.0,193871.0,193863.0,193871.0,970297660038,24825000000000000000,37971509638030101584,3811.1656503862610996957030182644510,3808.1180894283720901121604624057632,970297.660038,24.825
2022-01-03 15:29:00,2000000000,-524560520996575118,193863.0,193863.0,193863.0,193863.0,2000000000,0,37971509638030101584,3811.1656503862610996957030182644510,3811.1656503862610996957030182644510,2000,0
2022-01-03 15:30:00,-281492333884,73914339964686070684,193866.0,193866.0,193866.0,193866.0,6700000000,75672038492350067468,37971509638030101584,3810.0225293229783039858351698344633,3811.1656503862610996957030182644510,6700,75.672038492350067468
2022-01-03 15:31:00,-430354754369,113036330755941953027,193870.0,193866.0,193866.0,193870.0,7673110296,115049412649941252641,37967326104315350180,3808.4989012373149273211716784520035,3810.0225293229783039858351698344633,7673.110296,115.049412649941252641
2022-01-03 15:32:00,32322680693,-8476318187219376258,193869.0,193869.0,193869.0,193869.0,56349437236,6311740229337607055,37971509638030101584,3808.8797511274386588139037956198519,3808.4989012373149273211716784520035,56349.437236,6.311740229337607055
2022-01-03 15:33:00,-341707425794,89798901569631313695,193872.0,193869.0,193869.0,193872.0,80110364233,110823585570599631124,37967326104315350180,3807.7373156968024098711733450712537,3808.8797511274386588139037956198519,80110.364233,110.823585570599631124
2022-01-03 15:34:00,41188153009,-10805044180687674926,193872.0,193872.0,193872.0,193872.0,67895994937,7018138402285663489,37967326104315350180,3807.7373156968024098711733450712537,3807.7373156968024098711733450712537,67895.994937,7.018138402285663489
2022-01-03 15:35:00,7558870908,-1970351229681375032,193872.0,193872.0,193871.0,193872.0,60253178729,13845703681643060943,37967326104315350180,3807.7373156968024098711733450712537,3807.7373156968024098711733450712537,60253.178729,13.845703681643060943
2022-01-03 15:36:00,0,0,193872.0,193872.0,193872.0,193872.0,0,0,37967326104315350180,3807.7373156968024098711733450712537,3807.7373156968024098711733450712537,0,0
2022-01-03 15:37:00,-186697957283,49064689487850404744,193873.0,193872.0,193872.0,193873.0,14940675966,52987147074308407296,37967326104315350180,3807.3565800387985300181715279184646,3807.7373156968024098711733450712537,14940.675966,52.987147074308407296
2022-01-03 15:38:00,-232951010145,61229980561420249094,193875.0,193873.0,193873.0,193875.0,14476492748,65030610855320979433,37967326104315350180,3806.5952229282606486058438730854098,3807.3565800387985300181715279184646,14476.492748,65.030610855320979433
2022-01-03 15:39:00,-13740742735,3611971281086058819,193875.0,193875.0,193875.0,193875.0,500000000,3743267204528137462,37967326104315350180,3806.5952229282606486058438730854098,3806.5952229282606486058438730854098,500,3.743267204528137462
2022-01-03 15:40:00,-5706494095,1500000000000000000,193875.0,193875.0,193875.0,193875.0,0,1500000000000000000,37967326104315350180,3806.5952229282606486058438730854098,3806.5952229282606486058438730854098,0,1.5
2022-01-03 15:41:00,-31408278708,8256061213451973580,193876.0,193876.0,193876.0,193876.0,0,8256061213451973580,37967326104315350180,3806.2146014681138372221216609193134,3806.5952229282606486058438730854098,0,8.25606121345197358
2022-01-03 15:42:00,-70250450232,18467016145236918272,193876.0,193876.0,193876.0,193876.0,0,18467016145236918272,37967326104315350180,3806.2146014681138372221216609193134,3806.2146014681138372221216609193134,0,18.467016145236918272
2022-01-03 15:43:00,-11400933848,2998038177598680145,193876.0,193876.0,193876.0,193876.0,3518536361,3922071494543748584,37967326104315350180,3806.2146014681138372221216609193134,3806.2146014681138372221216609193134,3518.536361,3.922071494543748584
2022-01-03 15:44:00,-170785030956,44900000000000000000,193878.0,193878.0,193878.0,193878.0,0,44900000000000000000,37967326104315350180,3805.4534727190353029711743963283089,3806.2146014681138372221216609193134,0,44.9
2022-01-03 15:45:00,-102103887639,26846607755766358744,193879.0,193879.0,193879.0,193879.0,0,26846607755766358744,37967326104315350180,3805.0729654224930536658078155467542,3805.4534727190353029711743963283089,0,26.846607755766358744
2022-01-03 15:46:00,-14596152694,3840792980779324309,193879.0,193879.0,193879.0,193879.0,10550233501,6612184993521205248,37967326104315350180,3805.0729654224930536658078155467542,3805.0729654224930536658078155467542,10550.233501,6.612184993521205248
2022-01-03 15:47:00,-121086118842,31841263033388658893,193880.0,193879.0,193879.0,193880.0,589657000,31996162805720853480,39269066771869722601,3804.6924961728757660891988956571854,3805.0729654224930536658078155467542,589.657,31.99616280572085348
2022-01-03 15:48:00,-328536369755,86419734598038762673,193883.0,193880.0,193880.0,193883.0,41455400576,97312388870960933003,39269066771869722601,3803.5513166675324550100546964915879,3804.6924961728757660891988956571854,41455.400576,97.312388870960933003
2022-01-03 15:49:00,-98491749964,25928241345076447785,193883.0,193884.0,193883.0,193884.0,73053231623,45127189862098513125,39269066771869722601,3803.5513166675324550100546964915879,3803.5513166675324550100546964915879,73053.231623,45.127189862098513125
2022-01-03 15:50:00,-1047386121135,275661272275528544215,193893.0,193884.0,193884.0,193893.0,21871480000,281414525000703434994,33263406129290621759,3799.7498564675796778221145501111763,3803.5513166675324550100546964915879,21871.48,281.414525000703434994
2022-01-03 15:51:00,-2762714175029,728428883047197586138,193920.0,193896.0,193896.0,193920.0,869356051,728657790456931415334,33199184143854229321,3789.5048810356954463409919853113620,3799.7498564675796778221145501111763,869.356051,728.657790456931415334
2022-01-03 15:52:00,-75748930523,20000000000000000000,193920.0,193920.0,193920.0,193920.0,0,20000000000000000000,33199184143854229321,3789.5048810356954463409919853113620,3789.5048810356954463409919853113620,0,20
2022-01-03 15:53:00,-1193303572922,315301605243026463172,193932.0,193925.0,193925.0,193933.0,141491836200,352668052197799257840,31870842844817175073,3784.9604296133971448884128227747763,3789.5048810356954463409919853113620,141491.8362,352.66805219779925784
2022-01-03 15:54:00,191676310714,-50614278778392196194,193930.0,193930.0,193930.0,193930.0,191676310714,0,31870842844817175073,3785.7174595489241204513619542234573,3784.9604296133971448884128227747763,191676.310714,0
2022-01-03 15:55:00,-195265666916,51620095810344202308,193932.0,193932.0,193932.0,193932.0,23873874991,57924807510860205150,31870842844817175073,3784.9604296133971448884128227747763,3785.7174595489241204513619542234573,23873.874991,57.92480751086020515
2022-01-03 15:56:00,217637642842,-57468250473448946731,193930.0,193931.0,193930.0,193931.0,220912617118,865573793008484044,31870842844817175073,3785.7174595489241204513619542234573,3784.9604296133971448884128227747763,220912.617118,0.865573793008484044
2022-01-03 15:57:00,258016726824,-68100953172923694224,193927.0,193929.0,193927.0,193929.0,312345722287,14354872702757378305,33199184143854229321,3786.8532883620983016147699004710331,3785.7174595489241204513619542234573,312345.722287,14.354872702757378305
2022-01-03 15:58:00,-349382610713,92343719024528245964,193931.0,193927.0,193927.0,193931.0,44242532065,104023826872345067356,31870842844817175073,3785.3389256563584846029016640570539,3786.8532883620983016147699004710331,44242.532065,104.023826872345067356
2022-01-03 15:59:00,2372996700,-619298148705799591,193931.0,193931.0,193931.0,193931.0,30000000000,7302426171035582887,31870842844817175073,3785.3389256563584846029016640570539,3785.3389256563584846029016640570539,30000,7.302426171035582887
2022-01-03 16:00:00,-1481111800840,391806882420339949037,193946.0,193945.0,193944.0,193946.0,101647454134,418685105820080405101,31870842844817175073,3779.6654571017121387585713688266100,3785.3389256563584846029016640570539,101647.454134,418.685105820080405101
2022-01-03 16:01:00,1977004651401,-522298417138059739711,193926.0,193931.0,193926.0,193931.0,1977004651401,0,33199184143854229321,3787.2319736909345114449313774610801,3779.6654571017121387585713688266100,1977004.651401,0
2022-01-03 16:02:00,-156395956032,41321140382158534793,193927.0,193927.0,193927.0,193927.0,0,41321140382158534793,33199184143854229321,3786.8532883620983016147699004710331,3787.2319736909345114449313774610801,0,41.321140382158534793
2022-01-03 16:03:00,1320737380825,-348397377843387932382,193915.0,193916.0,193914.0,193916.0,1341096910842,5372575000000000000,33216785525661055953,3791.4000124645983412343996365247042,3786.8532883620983016147699004710331,1341096.910842,5.372575
2022-01-03 16:04:00,-30405851172,8024423837261442594,193915.0,193915.0,193915.0,193915.0,2183326091,8600000000000000000,33216785525661055953,3791.4000124645983412343996365247042,3791.4000124645983412343996365247042,2183.326091,8.6
2022-01-03 16:05:00,-49260738395,13000000000000000000,193915.0,193915.0,193915.0,193915.0,0,13000000000000000000,33216785525661055953,3791.4000124645983412343996365247042,3791.4000124645983412343996365247042,0,13
2022-01-03 16:06:00,-708550030522,187117341744282561833,193922.0,193913.0,193913.0,193922.0,228712984581,247414569310077098359,33199184143854229321,3788.7470937294786133235411438471777,3791.4000124645983412343996365247042,228712.984581,247.414569310077098359
2022-01-03 16:07:00,-3035219052534,802797460077718586619,193953.0,193922.0,193922.0,193953.0,6553786873,804527845209955286150,31542193317514056645,3777.0207492706563858603318881629559,3788.7470937294786133235411438471777,6553.786873,804.52784520995528615
2022-01-03 16:08:00,-2712974430775,719717217960362370668,193984.0,193987.0,193984.0,193987.0,104291113747,747406702127659614208,10624616127132153569,3765.3306983809125828609203334612615,3777.0207492706563858603318881629559,104291.113747,747.406702127659614208
2022-01-03 16:09:00,591166868902,-156841069445724406196,193975.0,193983.0,193975.0,193983.0,596435803956,1400000000000000000,31494760227463435561,3768.7208518448420478894542294457024,3765.3306983809125828609203334612615,596435.803956,1.4
2022-01-03 16:10:00,567804509893,-150539110122135603603,193969.0,193975.0,193969.0,193975.0,603511336847,9475057558153960165,31500747884170156569,3770.9826497394568001887967134539027,3768.7208518448420478894542294457024,603511.336847,9.475057558153960165
2022-01-03 16:11:00,-4145786826,1100000000000000000,193969.0,193969.0,193969.0,193969.0,0,1100000000000000000,31500747884170156569,3770.9826497394568001887967134539027,3770.9826497394568001887967134539027,0,1.1
2022-01-03 16:12:00,4229825257,-1115811996390039055,193969.0,193969.0,193969.0,193969.0,24450725745,5365135649836164461,31500747884170156569,3770.9826497394568001887967134539027,3770.9826497394568001887967134539027,24450.725745,5.365135649836164461
2022-01-03 16:13:00,7963513180,-2101832359032528866,193969.0,193969.0,193969.0,193969.0,41883484182,9000000000000000000,31500747884170156569,3770.9826497394568001887967134539027,3770.9826497394568001887967134539027,41883.484182,9
2022-01-03 16:14:00,-1312848221161,349463355812033364218,193988.0,194015.0,193988.0,194034.0,3269878015285,1219836317725157862773,10624616127132153569,3763.8249425593366185005913844643258,3770.9826497394568001887967134539027,3269878.015285,1219.836317725157862773
2022-01-03 16:15:00,-34134106223,9074885001696055576,193990.0,193990.0,193990.0,193990.0,0,9074885001696055576,24228498277792039465,3763.0722904705196098734206016098014,3763.8249425593366185005913844643258,0,9.074885001696055576
2022-01-03 16:16:00,-345872753222,92046488833543766172,193994.0,193990.0,193990.0,193997.0,250826232269,158707564490162234221,24228498277792039465,3761.5674377863121719180340455906335,3763.0722904705196098734206016098014,250826.232269,158.707564490162234221
2022-01-03 16:17:00,-614991589573,163753901968646993640,194002.0,193999.0,193999.0,194008.0,376000534615,263777123137021786459,24225666616640628060,3758.5595375490967346588104482456441,3761.5674377863121719180340455906335,376000.534615,263.777123137021786459
2022-01-03 16:18:00,581258083005,-154522034316238116610,193995.0,193994.0,193994.0,193995.0,596243164142,3986134036210197013,24228498277792039465,3761.1913186544467272453095146391682,3758.5595375490967346588104482456441,596243.164142,3.986134036210197013
2022-01-03 16:19:00,-75940612018,20251993229534943043,193996.0,193998.0,193995.0,193998.0,188113239169,70251993229534943043,24228498277792039465,3760.8152371307336538799215224869178,3761.1913186544467272453095146391682,188113.239169,70.251993229534943043
2022-01-03 16:20:00,-1572482702589,419707480180725013299,194017.0,194040.0,194017.0,194085.0,3466323056866,1345415097256635085504,23821585351815588808,3752.9262059595473452583431161304305,3760.8152371307336538799215224869178,3466323.056866,1345.415097256635085504
2022-01-03 16:21:00,11294054924,-2980154316482262572,194017.0,194017.0,194016.0,194017.0,115827107479,27867040583125323151,23821585351815588808,3752.9262059595473452583431161304305,3752.9262059595473452583431161304305,115827.107479,27.867040583125323151
2022-01-03 16:22:00,-915786689895,244366453426549619809,194030.0,194029.0,194029.0,194032.0,217064340167,302259627158924000349,22422843450712365107,3748.0508153477487335940588424885263,3752.9262059595473452583431161304305,217064.340167,302.259627158924000349
2022-01-03 16:23:00,-263235944053,70392562007577086526,194034.0,194029.0,194025.0,194034.0,403633750619,178012375931878679235,22422843450712365107,3746.5519697517432686477996555094260,3748.0508153477487335940588424885263,403633.750619,178.012375931878679235
2022-01-03 16:24:00,0,0,194034.0,194034.0,194034.0,194034.0,0,0,22422843450712365107,3746.5519697517432686477996555094260,3746.5519697517432686477996555094260,0,0
2022-01-03 16:25:00,-1319582684932,352880138776106746609,194056.0,194034.0,194034.0,194057.0,528660515419,494007554694749166795,10250390161583800461,3738.3190266164886434581394545760475,3746.5519697517432686477996555094260,528660.515419,494.007554694749166795
2022-01-03 16:26:00,220644200034,-58972664390468412328,194049.0,194051.0,194049.0,194051.0,226911034842,1676503932977696194,23906597938488549321,3740.9366351129700258044187028313054,3738.3190266164886434581394545760475,226911.034842,1.676503932977696194
2022-01-03 16:27:00,1038825475605,-277325029140982284332,194035.0,194048.0,194033.0,194048.0,1222248216666,48992845143142251934,22422843450712365107,3746.1773520165416144863510204073844,3740.9366351129700258044187028313054,1222248.216666,48.992845143142251934
2022-01-03 16:28:00,152580606033,-40647602768360369745,194033.0,194034.0,194031.0,194035.0,370184857560,58107367989232429614,22422843450712365107,3746.9266249487184429746644354749744,3746.1773520165416144863510204073844,370184.85756,58.107367989232429614
2022-01-03 16:29:00,83053937256,-22056556254174758480,194031.0,194036.0,194030.0,194037.0,446056200000,96942835598137808688,22422843450712365107,3747.6760477429744361504437981087153,3746.9266249487184429746644354749744,446056.2,96.942835598137808688
2022-01-03 16:30:00,-513496100671,137148188589849075651,194039.0,194037.0,194037.0,194039.0,945389038,137400531485687467227,22422843450712365107,3744.6792556185597619775744710606057,3747.6760477429744361504437981087153,945.389038,137.400531485687467227
2022-01-03 16:31:00,487180072004,-129918078161875185237,194032.0,194040.0,194031.0,194042.0,762902098249,73674725353249997270,22422843450712365107,3747.3013176112133148189619019185230,3744.6792556185597619775744710606057,762902.098249,73.67472535324999727
2022-01-03 16:32:00,513970599081,-137040179649076180603,194024.0,194024.0,194024.0,194024.0,513970599081,0,22431805977795087170,3750.3002081195463236045901101695065,3747.3013176112133148189619019185230,513970.599081,0
2022-01-03 16:33:00,311225797328,-82756436225392840259,194020.0,194033.0,194019.0,194033.0,971104142611,176122202738056994313,22431805977795087170,3751.8005532358082051693103597380302,3750.3002081195463236045901101695065,971104.142611,176.122202738056994313
2022-01-03 16:34:00,-44175428751,11780937982599989974,194020.0,194020.0,194020.0,194020.0,0,11780937982599989974,22431805977795087170,3751.8005532358082051693103597380302,3751.8005532358082051693103597380302,0,11.780937982599989974
2022-01-03 16:35:00,-263034617104,70163156560444431361,194024.0,194024.0,194024.0,194024.0,0,70163156560444431361,22649076855728956840,3750.3002081195463236045901101695065,3751.8005532358082051693103597380302,0,70.163156560444431361
2022-01-03 16:36:00,80939225342,-21531310859740189019,194023.0,194026.0,194023.0,194026.0,231298864519,40118078196368457498,22665810128171999119,3750.6752381403582782369505691805240,3750.3002081195463236045901101695065,231298.864519,40.118078196368457498
2022-01-03 16:37:00,-75622122917,20239129330415426422,194024.0,194019.0,194019.0,194024.0,242604091669,84881455940707076691,22665810128171999119,3750.3002081195463236045901101695065,3750.6752381403582782369505691805240,242604.091669,84.881455940707076691
2022-01-03 16:38:00,-6796379415,1814099102418190135,194024.0,194024.0,194024.0,194024.0,3211778579,2670123849950164716,22665810128171999119,3750.3002081195463236045901101695065,3750.3002081195463236045901101695065,3211.778579,2.670123849950164716
2022-01-03 16:39:00,17259064335,-4600000000000000000,194024.0,194024.0,194024.0,194024.0,17259064335,0,22665810128171999119,3750.3002081195463236045901101695065,3750.3002081195463236045901101695065,17259.064335,0
2022-01-03 16:40:00,-37394243879,9976680083862561744,194024.0,194024.0,194024.0,194024.0,0,9976680083862561744,22665810128171999119,3750.3002081195463236045901101695065,3750.3002081195463236045901101695065,0,9.976680083862561744
2022-01-03 16:41:00,94003671644,-24864111317168188927,194023.0,194024.0,194023.0,194034.0,805111335718,189817372891271061449,22665810128171999119,3750.6752381403582782369505691805240,3750.3002081195463236045901101695065,805111.335718,189.817372891271061449
2022-01-03 16:42:00,-61365641781,16371139088717578886,194024.0,194023.0,194023.0,194024.0,0,16371139088717578886,22665810128171999119,3750.3002081195463236045901101695065,3750.6752381403582782369505691805240,0,16.371139088717578886
2022-01-03 16:43:00,37881460297,-10089806113993577428,194023.0,194024.0,194023.0,194024.0,61447988250,6287019752917399320,22665810128171999119,3750.6752381403582782369505691805240,3750.3002081195463236045901101695065,61447.98825,6.28701975291739932
2022-01-03 16:44:00,219187829172,-58401913972962558656,194020.0,194021.0,194020.0,194021.0,237115695981,4781179694409121605,22665810128171999119,3751.8005532358082051693103597380302,3750.6752381403582782369505691805240,237115.695981,4.781179694409121605
2022-01-03 16:45:00,-440420067491,117530870623788062877,194027.0,194019.0,194018.0,194027.0,136963470511,154018064349548587686,22665810128171999119,3749.1753430376255694619468166966299,3751.8005532358082051693103597380302,136963.470511,154.018064349548587686
2022-01-03 16:46:00,-84393688833,22560353955474843456,194028.0,194030.0,194028.0,194030.0,140404702518,60000000000000000000,22665810128171999119,3748.8004629913264368182649901976100,3749.1753430376255694619468166966299,140404.702518,60
2022-01-03 16:47:00,-293036938729,78231534640439078337,194032.0,194032.0,194032.0,194032.0,18346625434,83125346793623168868,22656847601089277056,3747.3013176112133148189619019185230,3748.8004629913264368182649901976100,18346.625434,83.125346793623168868
2022-01-03 16:48:00,-55452982096,14806974057324293447,194033.0,194033.0,194033.0,194033.0,0,14806974057324293447,22656847601089277056,3746.9266249487184429746644354749744,3747.3013176112133148189619019185230,0,14.806974057324293447
2022-01-03 16:49:00,9151879460,-2428186050691816924,194033.0,194033.0,194032.0,194033.0,58500000000,13176969859696462639,22656847601089277056,3746.9266249487184429746644354749744,3746.9266249487184429746644354749744,58500,13.176969859696462639
2022-01-03 16:50:00,-355594115755,94980707250661399375,194038.0,194033.0,194033.0,194038.0,13435041239,98564587223331490000,22656847601089277056,3745.0537235441216179537722285077101,3746.9266249487184429746644354749744,13435.041239,98.56458722333149
2022-01-03 16:51:00,-1059221124826,283200363877162097850,194056.0,194052.0,194052.0,194056.0,0,283200363877162097850,10484394311960712410,3738.3190266164886434581394545760475,3745.0537235441216179537722285077101,0,283.20036387716209785
2022-01-03 16:52:00,12805428443,-3423545828214676636,194056.0,194056.0,194056.0,194056.0,13926352536,300000000000000000,10484394311960712410,3738.3190266164886434581394545760475,3738.3190266164886434581394545760475,13926.352536,0.3
2022-01-03 16:53:00,94401715721,-25236398386824720980,194053.0,194053.0,194053.0,194053.0,94401715721,0,10484394311960712410,3739.4406344777827075724526888000629,3738.3190266164886434581394545760475,94401.715721,0
2022-01-03 16:54:00,21478285174,-5739056478267178692,194052.0,194052.0,194052.0,194052.0,27809641495,1693875000000000000,10484394311960712410,3739.8145785412304858432099340689411,3739.4406344777827075724526888000629,27809.641495,1.693875
2022-01-03 16:55:00,1076296161309,-287415117830596533145,194036.0,194045.0,194036.0,194045.0,1076296161309,0,22656847601089277056,3745.8027717393676777185791624911351,3739.8145785412304858432099340689411,1076296.161309,0
2022-01-03 16:56:00,-5482350698,1468188300276893723,194036.0,194036.0,194036.0,194036.0,14266038719,5274894881164110851,22656847601089277056,3745.8027717393676777185791624911351,3745.8027717393676777185791624911351,14266.038719,5.274894881164110851
2022-01-03 16:57:00,-75029555561,20044101765592992567,194037.0,194037.0,194036.0,194037.0,7329367522,22000000000000000000,22656847601089277056,3745.4282289164760301155676057305591,3745.8027717393676777185791624911351,7329.367522,22
2022-01-03 16:58:00,-86411081643,23090510707351704555,194038.0,194037.0,194037.0,194038.0,20246005809,28493547370622258458,22656847601089277056,3745.0537235441216179537722285077101,3745.4282289164760301155676057305591,20246.005809,28.493547370622258458
2022-01-03 16:59:00,4870682580,-1300000000000000000,194038.0,194038.0,194038.0,194038.0,4870682580,0,22656847601089277056,3745.0537235441216179537722285077101,3745.0537235441216179537722285077101,4870.68258,0
2022-01-03 17:00:00,-87380132170,23358091183371704218,194039.0,194038.0,194038.0,194039.0,42450256943,34687807428586498252,22656847601089277056,3744.6792556185597619775744710606057,3745.0537235441216179537722285077101,42450.256943,34.687807428586498252
2022-01-03 17:01:00,43326161286,-11564940498725778296,194039.0,194039.0,194039.0,194039.0,43326161286,0,22656847601089277056,3744.6792556185597619775744710606057,3744.6792556185597619775744710606057,43326.161286,0
2022-01-03 17:02:00,201332963316,-53715873376950570598,194036.0,194039.0,194036.0,194039.0,261008345340,15944017000000000000,22656847601089277056,3745.8027717393676777185791624911351,3744.6792556185597619775744710606057,261008.34534,15.944017
2022-01-03 17:03:00,981760930097,-261755836362734328032,194022.0,194024.0,194020.0,194024.0,1107819107868,33621313891968820000,22665810128171999119,3751.0503056641723140647742642374412,3745.8027717393676777185791624911351,1107819.107868,33.62131389196882
2022-01-03 17:04:00,1791965033130,-476901381568541105063,193997.0,193998.0,193997.0,193999.0,1822064581501,8009999999999994000,24058421163343912162,3760.4391932114125126286586566212548,3751.0503056641723140647742642374412,1822064.581501,8.009999999999994
2022-01-03 17:05:00,-1033494756,274992887597764462,193997.0,193997.0,193997.0,193997.0,0,274992887597764462,24058421163343912162,3760.4391932114125126286586566212548,3760.4391932114125126286586566212548,0,0.274992887597764462
2022-01-03 17:06:00,-1028061214311,273754362743777266431,194011.0,193998.0,193997.0,194011.0,61111272397,290000000000000000000,24055589502192500757,3755.1785246971181213312791222615424,3760.4391932114125126286586566212548,61111.272397,290
2022-01-03 17:07:00,0,0,194011.0,194011.0,194011.0,194011.0,0,0,24055589502192500757,3755.1785246971181213312791222615424,3755.1785246971181213312791222615424,0,0
2022-01-03 17:08:00,-10556485436,2812817345684594025,194011.0,194011.0,194011.0,194011.0,0,2812817345684594025,24055589502192500757,3755.1785246971181213312791222615424,3755.1785246971181213312791222615424,0,2.812817345684594025
2022-01-03 17:09:00,244105619417,-64962569000601343436,194008.0,194011.0,194008.0,194011.0,262976009448,5026431689888150538,24055589502192500757,3756.3051909136381762059192640579251,3755.1785246971181213312791222615424,262976.009448,5.026431689888150538
2022-01-03 17:10:00,61808363836,-16442339608716091599,194007.0,194008.0,194007.0,194008.0,77815626273,4263568522578181442,24055589502192500757,3756.6808214327295400235398559843308,3756.3051909136381762059192640579251,77815.626273,4.263568522578181442
2022-01-03 17:11:00,78982548606,-20998667804106540867,194006.0,194007.0,194005.0,194007.0,138368798163,15815391341083883390,24055589502192500757,3757.0564895148728129775422099699325,3756.6808214327295400235398559843308,138368.798163,15.81539134108388339
2022-01-03 17:12:00,61773663055,-16410434022442389524,194005.0,194006.0,194005.0,194007.0,151158821523,23805840954149093830,24055589502192500757,3757.4321951638243002588399641909240,3757.0564895148728129775422099699325,151158.821523,23.80584095414909383
2022-01-03 17:13:00,-1135738188743,302693465211265932859,194021.0,194013.0,194013.0,194022.0,72461362540,322001127741247337337,22665810128171999119,3751.4254106947387312961807416638621,3757.4321951638243002588399641909240,72461.36254,322.001127741247337337
2022-01-03 17:14:00,-57032689033,15218327660138792975,194022.0,194021.0,194021.0,194022.0,25000000000,21880012215665599303,22665810128171999119,3751.0503056641723140647742642374412,3751.4254106947387312961807416638621,25000,21.880012215665599303
2022-01-03 17:15:00,-299864823308,80000000000000000000,194026.0,194026.0,194026.0,194026.0,0,80000000000000000000,22665810128171999119,3749.5502605719293320188930113782987,3751.0503056641723140647742642374412,0,80
2022-01-03 17:16:00,-184244579276,49172512404370976308,194029.0,194029.0,194029.0,194029.0,4978399132,50500000000000000000,22665810128171999119,3748.4256204292835084674182483727765,3749.5502605719293320188930113782987,4978.399132,50.5
2022-01-03 17:17:00,50190844475,-13364657239937972465,194028.0,194030.0,194028.0,194030.0,118298096049,18179765449176772371,22665810128171999119,3748.8004629913264368182649901976100,3748.4256204292835084674182483727765,118298.096049,18.179765449176772371
2022-01-03 17:18:00,-72902967589,19458808035489050963,194029.0,194028.0,194028.0,194029.0,1004734862,19726699564560594559,22665810128171999119,3748.4256204292835084674182483727765,3748.8004629913264368182649901976100,1004.734862,19.726699564560594559
2022-01-03 17:19:00,653567915643,-174193535228002249848,194020.0,194019.0,194019.0,194020.0,665230179651,3110000000000000000,22665810128171999119,3751.8005532358082051693103597380302,3748.4256204292835084674182483727765,665230.179651,3.11
2022-01-03 17:20:00,59811099303,-15933410425948563027,194019.0,194019.0,194019.0,194019.0,59811099303,0,24055589502192500757,3752.1757332911317859898272907740055,3751.8005532358082051693103597380302,59811.099303,0
2022-01-03 17:21:00,-316793527602,84493147347769090862,194023.0,194019.0,194019.0,194023.0,3080386249,85314037244847432972,22665810128171999119,3750.6752381403582782369505691805240,3752.1757332911317859898272907740055,3080.386249,85.314037244847432972
2022-01-03 17:22:00,431091647839,-114797225903589414173,194017.0,194016.0,194014.0,194017.0,639549523020,55569213308836728818,24055589502192500757,3752.9262059595473452583431161304305,3750.6752381403582782369505691805240,639549.52302,55.569213308836728818
2022-01-03 17:23:00,580248669699,-154476069211753257003,194009.0,194017.0,194009.0,194017.0,612572365911,8616246066619219335,24055589502192500757,3755.9295979538427919267265913987867,3752.9262059595473452583431161304305,612572.365911,8.616246066619219335
2022-01-03 17:24:00,0,0,194009.0,194009.0,194009.0,194009.0,0,0,24055589502192500757,3755.9295979538427919267265913987867,3755.9295979538427919267265913987867,0,0
2022-01-03 17:25:00,-77268363501,20592113127260980321,194010.0,194009.0,194009.0,194010.0,25211789256,27301756476680568832,24055589502192500757,3755.5540425495878331434122501737686,3755.9295979538427919267265913987867,25211.789256,27.301756476680568832
2022-01-03 17:26:00,580734000000,-154508438864017937315,194002.0,194002.0,194002.0,194002.0,580734000000,0,24055589502192500757,3758.5595375490967346588104482456441,3755.5540425495878331434122501737686,580734,0
2022-01-03 17:27:00,37097765129,-9860855255546899251,194002.0,194003.0,194002.0,194003.0,56402820065,5139144744453100749,24055589502192500757,3758.5595375490967346588104482456441,3758.5595375490967346588104482456441,56402.820065,5.139144744453100749
2022-01-03 17:28:00,1153821004695,-306562298231064787357,193982.0,194003.0,193982.0,194003.0,1271745177403,31389417528668511098,10454539012684026266,3766.0838021738957491866183461371541,3758.5595375490967346588104482456441,1271745.177403,31.389417528668511098
2022-01-03 17:29:00,878197663979,-232916795774401942888,193971.0,193983.0,193971.0,193983.0,964962000000,23032867852303948974,31324683113015308258,3770.2285663239063556785974371804942,3766.0838021738957491866183461371541,964962,23.032867852303948974
2022-01-03 17:30:00,-1012531357676,268870376915741016587,193986.0,193979.0,193979.0,193986.0,0,268870376915741016587,10454539012684026266,3764.5777451860979114176576877471317,3770.2285663239063556785974371804942,0,268.870376915741016587
2022-01-03 17:31:00,-35138113535,9343211910692815766,193988.0,193988.0,193988.0,193988.0,12296077058,12608564872048240340,10454539012684026266,3763.8249425593366185005913844643258,3764.5777451860979114176576877471317,12296.077058,12.60856487204824034
2022-01-03 17:32:00,1195934563102,-317205837497498320723,193970.0,193989.0,193969.0,193989.0,1316817481561,32092738173590320053,31324683113015308258,3770.6055891805387463141652969242134,3763.8249425593366185005913844643258,1316817.481561,32.092738173590320053
2022-01-03 17:33:00,119695470676,-31712865209205084622,193969.0,193969.0,193968.0,193969.0,174131716849,14442692225668170428,31096666619345117317,3770.9826497394568001887967134539027,3770.6055891805387463141652969242134,174131.716849,14.442692225668170428
2022-01-03 17:34:00,-47592025062,12627218059784549112,193969.0,193969.0,193969.0,193969.0,0,12627218059784549112,31096666619345117317,3770.9826497394568001887967134539027,3770.9826497394568001887967134539027,0,12.627218059784549112
2022-01-03 17:35:00,-201306514464,53418014481823634441,193971.0,193970.0,193970.0,193971.0,0,53418014481823634441,31324683113015308258,3770.2285663239063556785974371804942,3770.9826497394568001887967134539027,0,53.418014481823634441
2022-01-03 17:36:00,-163508264090,43396231146204315951,193973.0,193971.0,193971.0,193973.0,0,43396231146204315951,31324683113015308258,3769.4746337024195347474525991861323,3770.2285663239063556785974371804942,0,43.396231146204315951
2022-01-03 17:37:00,-51447538766,13659974682222133906,193973.0,193973.0,193973.0,193973.0,14747926813,17570573549548870675,31324683113015308258,3769.4746337024195347474525991861323,3769.4746337024195347474525991861323,14747.926813,17.570573549548870675
2022-01-03 17:38:00,-343212684918,91136300082005106235,193977.0,193977.0,193976.0,193977.0,61718000000,107507392140197652005,31324683113015308258,3767.9672207210256355520874564335379,3769.4746337024195347474525991861323,61718,107.507392140197652005
2022-01-03 17:39:00,-1637641607,436184188177085305,193977.0,193977.0,193977.0,193977.0,4998308997,1762097337618264426,31324683113015308258,3767.9672207210256355520874564335379,3767.9672207210256355520874564335379,4998.308997,1.762097337618264426
2022-01-03 17:40:00,-55992977589,14868750000000000000,193978.0,193978.0,193978.0,193978.0,0,14868750000000000000,31324683113015308258,3767.5904616748581497371137450590302,3767.9672207210256355520874564335379,0,14.86875
2022-01-03 17:41:00,-564471783008,149979630385626198074,193990.0,193990.0,193990.0,193990.0,0,149979630385626198074,24058421163343912162,3763.0722904705196098734206016098014,3767.5904616748581497371137450590302,0,149.979630385626198074
2022-01-03 17:42:00,819087514,-211593459817971996,193990.0,193991.0,193990.0,193991.0,23304969183,5978903230385035121,24058421163343912162,3763.0722904705196098734206016098014,3763.0722904705196098734206016098014,23304.969183,5.978903230385035121
2022-01-03 17:43:00,41996650753,-11155072883487291199,193990.0,193990.0,193990.0,193990.0,41996650753,0,24058421163343912162,3763.0722904705196098734206016098014,3763.0722904705196098734206016098014,41996.650753,0
2022-01-03 17:44:00,-14086892921,3745408269215721075,193990.0,193990.0,193990.0,193990.0,0,3745408269215721075,24058421163343912162,3763.0722904705196098734206016098014,3763.0722904705196098734206016098014,0,3.745408269215721075
2022-01-03 17:45:00,262387644107,-69638737899590155439,193982.0,193981.0,193981.0,193984.0,374312920982,29737500000000000000,10454539012684026266,3766.0838021738957491866183461371541,3763.0722904705196098734206016098014,374312.920982,29.7375
2022-01-03 17:46:00,25165631229,-6677627785678465250,193981.0,193982.0,193981.0,193982.0,30071889325,1303479672192514465,10454539012684026266,3766.4604105541131387615370079717697,3766.0838021738957491866183461371541,30071.889325,1.303479672192514465
2022-01-03 17:47:00,130224023734,-34553764151055146410,193979.0,193981.0,193979.0,193981.0,132823617248,690417561421947411,31324683113015308258,3767.2137403008280669304207029887321,3766.4604105541131387615370079717697,132823.617248,0.690417561421947411
2022-01-03 17:48:00,0,0,193979.0,193979.0,193979.0,193979.0,0,0,31324683113015308258,3767.2137403008280669304207029887321,3767.2137403008280669304207029887321,0,0
2022-01-03 17:49:00,-31864817422,8463181982860262720,193979.0,193979.0,193979.0,193979.0,592635159,8620425618429786054,31324683113015308258,3767.2137403008280669304207029887321,3767.2137403008280669304207029887321,592.635159,8.620425618429786054
2022-01-03 17:50:00,11387550786,-3021445191626303412,193979.0,193979.0,193979.0,193979.0,11387550786,0,31324683113015308258,3767.2137403008280669304207029887321,3767.2137403008280669304207029887321,11387.550786,0
2022-01-03 17:51:00,52979271271,-14056456136280068892,193978.0,193979.0,193978.0,193979.0,52979271271,0,31324683113015308258,3767.5904616748581497371137450590302,3767.2137403008280669304207029887321,52979.271271,0
2022-01-03 17:52:00,45109893670,-11965643826897921264,193978.0,193978.0,193978.0,193978.0,53770206432,2300000000000000000,31324683113015308258,3767.5904616748581497371137450590302,3767.5904616748581497371137450590302,53770.206432,2.3
2022-01-03 17:53:00,-34231707070,9090928159007009359,193978.0,193978.0,193978.0,193978.0,0,9090928159007009359,31324683113015308258,3767.5904616748581497371137450590302,3767.5904616748581497371137450590302,0,9.090928159007009359
2022-01-03 17:54:00,-8966573590,2381628654423255746,193978.0,193978.0,193978.0,193978.0,1200000000,2700000000000000000,31324683113015308258,3767.5904616748581497371137450590302,3767.5904616748581497371137450590302,1200,2.7
2022-01-03 17:55:00,-12727316314,3380399329962852821,193979.0,193978.0,193978.0,193979.0,1080000000,3666938476296295048,31324683113015308258,3767.2137403008280669304207029887321,3767.5904616748581497371137450590302,1080,3.666938476296295048
2022-01-03 17:56:00,0,0,193979.0,193979.0,193979.0,193979.0,0,0,31324683113015308258,3767.2137403008280669304207029887321,3767.2137403008280669304207029887321,0,0
2022-01-03 17:57:00,-613760919807,163136231434000398343,193992.0,193978.0,193978.0,193992.0,59719550007,178983238188114302412,24058421163343912162,3762.3197888895438122155393715800911,3767.2137403008280669304207029887321,59719.550007,178.983238188114302412
2022-01-03 17:58:00,255599584314,-67867710841620579480,193988.0,193988.0,193985.0,193988.0,357483557940,27080339614647163650,10454539012684026266,3763.8249425593366185005913844643258,3762.3197888895438122155393715800911,357483.55794,27.08033961464716365
2022-01-03 17:59:00,2476113922,-655553495995324646,193988.0,193987.0,193987.0,193988.0,10000000000,2000000000000000000,10454539012684026266,3763.8249425593366185005913844643258,3763.8249425593366185005913844643258,10000,2
2022-01-03 18:00:00,-24730611674,6574223783656236150,193988.0,193988.0,193988.0,193988.0,0,6574223783656236150,10454539012684026266,3763.8249425593366185005913844643258,3763.8249425593366185005913844643258,0,6.57422378365623615
2022-01-03 18:01:00,42901830320,-11378786504305613043,193987.0,193988.0,193987.0,193990.0,96447117169,14235749976323559169,10454539012684026266,3764.2013250535925521624414436027727,3763.8249425593366185005913844643258,96447.117169,14.235749976323559169
2022-01-03 18:02:00,441720805871,-117204209783617948638,193977.0,193987.0,193977.0,193988.0,523313618866,21676540676840682220,31324683113015308258,3767.9672207210256355520874564335379,3764.2013250535925521624414436027727,523313.618866,21.67654067684068222
2022-01-03 18:03:00,0,0,193977.0,193977.0,193977.0,193977.0,0,0,31324683113015308258,3767.9672207210256355520874564335379,3767.9672207210256355520874564335379,0,0
2022-01-03 18:04:00,-87527430023,23246942857752693871,193978.0,193978.0,193978.0,193978.0,10389725549,26003467782804582522,31324683113015308258,3767.5904616748581497371137450590302,3767.9672207210256355520874564335379,10389.725549,26.003467782804582522
2022-01-03 18:05:00,-40778038372,10838891137016354480,193979.0,193978.0,193978.0,193979.0,33768992009,19798145161909733146,31324683113015308258,3767.2137403008280669304207029887321,3767.5904616748581497371137450590302,33768.992009,19.798145161909733146
2022-01-03 18:06:00,-149824873135,39800000000000000000,193982.0,193982.0,193982.0,193982.0,13187009003,43300000000000000000,10454539012684026266,3766.0838021738957491866183461371541,3767.2137403008280669304207029887321,13187.009003,43.3
2022-01-03 18:07:00,-555046443692,147590108690090873968,193994.0,193995.0,193994.0,193995.0,92714922080,172227548910269332244,24058421163343912162,3761.5674377863121719180340455906335,3766.0838021738957491866183461371541,92714.92208,172.227548910269332244
2022-01-03 18:08:00,-381777730960,101574142015421074508,193999.0,193999.0,193999.0,193999.0,1000000000,101840000000000000000,24058421163343912162,3759.6872181709061496896592278790905,3761.5674377863121719180340455906335,1000,101.84
2022-01-03 18:09:00,-918632977860,244622785511318814479,194011.0,194010.0,194010.0,194011.0,1039328341,244899413333333377024,24055589502192500757,3755.1785246971181213312791222615424,3759.6872181709061496896592278790905,1039.328341,244.899413333333377024
2022-01-03 18:10:00,-162344605080,43312353030707517983,194014.0,194011.0,194011.0,194014.0,187474864735,93220789505667937232,24055589502192500757,3754.0521964128743144543005241608252,3755.1785246971181213312791222615424,187474.864735,93.220789505667937232
2022-01-03 18:11:00,-3500000000,932802608116295402,194014.0,194014.0,194014.0,194014.0,0,932802608116295402,24055589502192500757,3754.0521964128743144543005241608252,3754.0521964128743144543005241608252,0,0.932802608116295402
2022-01-03 18:12:00,778580102445,-207176104478503892504,194003.0,194014.0,194003.0,194014.0,819303098120,10852531257630249954,24055589502192500757,3758.1837191771790167571347347721645,3754.0521964128743144543005241608252,819303.09812,10.852531257630249954
2022-01-03 18:13:00,-67704867500,18026196492779829060,194004.0,194003.0,194003.0,194004.0,0,18026196492779829060,24055589502192500757,3757.8079383833406826888658481873451,3758.1837191771790167571347347721645,0,18.02619649277982906
2022-01-03 18:14:00,100000000000,-26597468848342445876,194003.0,194003.0,194003.0,194003.0,100000000000,0,24055589502192500757,3758.1837191771790167571347347721645,3757.8079383833406826888658481873451,100000,0
2022-01-03 18:15:00,-110801109226,29500000000000000000,194004.0,194004.0,194004.0,194004.0,0,29500000000000000000,24055589502192500757,3757.8079383833406826888658481873451,3758.1837191771790167571347347721645,0,29.5
2022-01-03 18:16:00,-5257943891,1400000000000000000,194004.0,194004.0,194004.0,194004.0,0,1400000000000000000,24055589502192500757,3757.8079383833406826888658481873451,3757.8079383833406826888658481873451,0,1.4
2022-01-03 18:17:00,-751131780,200000000000000000,194004.0,194004.0,194004.0,194004.0,0,200000000000000000,24055589502192500757,3757.8079383833406826888658481873451,3757.8079383833406826888658481873451,0,0.2
2022-01-03 18:18:00,0,0,194004.0,194004.0,194004.0,194004.0,0,0,24055589502192500757,3757.8079383833406826888658481873451,3757.8079383833406826888658481873451,0,0
2022-01-03 18:19:00,487971859995,-129748081288123135059,193998.0,194005.0,193998.0,194005.0,521528400000,8935135383506102815,24058421163343912162,3760.0631868927232403046281938018737,3757.8079383833406826888658481873451,521528.4,8.935135383506102815
2022-01-03 18:20:00,105661389813,-28071251689234571271,193996.0,193998.0,193996.0,193998.0,158141122528,13961996422148467846,24058421163343912162,3760.8152371307336538799215224869178,3760.0631868927232403046281938018737,158141.122528,13.961996422148467846
2022-01-03 18:21:00,37693715518,-10018164227323030484,193996.0,193996.0,193996.0,193996.0,37693715518,0,24058421163343912162,3760.8152371307336538799215224869178,3760.8152371307336538799215224869178,37693.715518,0
2022-01-03 18:22:00,0,0,193996.0,193996.0,193996.0,193996.0,0,0,24058421163343912162,3760.8152371307336538799215224869178,3760.8152371307336538799215224869178,0,0
2022-01-03 18:23:00,234475102676,-62302171592826700758,193992.0,193994.0,193992.0,193994.0,252106484714,4689284457237721437,24058421163343912162,3762.3197888895438122155393715800911,3760.8152371307336538799215224869178,252106.484714,4.689284457237721437
2022-01-03 18:24:00,-14174102602,3774044434992674230,193993.0,193993.0,193993.0,193993.0,16420321286,8136841193042614357,24058421163343912162,3761.9435945300908031352258489951911,3762.3197888895438122155393715800911,16420.321286,8.136841193042614357
2022-01-03 18:25:00,5000000000,-1328455571075031392,193993.0,193993.0,193993.0,193993.0,5000000000,0,24058421163343912162,3761.9435945300908031352258489951911,3761.9435945300908031352258489951911,5000,0
2022-01-03 18:26:00,-26738126983,7112543902750168132,193993.0,193993.0,193993.0,193993.0,4689704067,8358548423458060388,24058421163343912162,3761.9435945300908031352258489951911,3761.9435945300908031352258489951911,4689.704067,8.358548423458060388
2022-01-03 18:27:00,-19007372211,5055375000000000000,193993.0,193993.0,193993.0,193993.0,0,5055375000000000000,24058421163343912162,3761.9435945300908031352258489951911,3761.9435945300908031352258489951911,0,5.055375
2022-01-03 18:28:00,133993893406,-35599842655075331273,193991.0,193993.0,193991.0,193993.0,133993893406,0,24058421163343912162,3762.6960208684327665967609255172478,3761.9435945300908031352258489951911,133993.893406,0
2022-01-03 18:29:00,192573968018,-51126388496688211299,193988.0,193991.0,193988.0,193993.0,287530702298,25251563607282132483,10454539012684026266,3763.8249425593366185005913844643258,3762.6960208684327665967609255172478,287530.702298,25.251563607282132483
2022-01-03 18:30:00,66928953493,-17757506728118830228,193986.0,193988.0,193984.0,193988.0,122094488415,14660417851569471488,10454539012684026266,3764.5777451860979114176576877471317,3763.8249425593366185005913844643258,122094.488415,14.660417851569471488
2022-01-03 18:31:00,-148798616138,39557560953094395577,193990.0,193986.0,193986.0,193990.0,5805167922,41099327507906765541,24058421163343912162,3763.0722904705196098734206016098014,3764.5777451860979114176576877471317,5805.167922,41.099327507906765541
2022-01-03 18:32:00,53491189158,-14207628677599886204,193989.0,193989.0,193989.0,193989.0,53491565299,100000000000000,10454539012684026266,3763.4485976995666618344079436699585,3763.0722904705196098734206016098014,53491.565299,0.0001
2022-01-03 18:33:00,120576076079,-31988838456238585256,193985.0,193989.0,193984.0,193990.0,229070218665,28837567592968329463,10454539012684026266,3764.9542029606165212087994535159068,3763.4485976995666618344079436699585,229070.218665,28.837567592968329463
2022-01-03 18:34:00,-12659575465,3370116259242681367,193985.0,193985.0,193985.0,193985.0,21471036856,9070376862176865488,10454539012684026266,3764.9542029606165212087994535159068,3764.9542029606165212087994535159068,21471.036856,9.070376862176865488
2022-01-03 18:35:00,40586723111,-10769927184121413533,193984.0,193984.0,193984.0,193984.0,59999355901,5158559880308151160,10454539012684026266,3765.3306983809125828609203334612615,3764.9542029606165212087994535159068,59999.355901,5.15855988030815116
2022-01-03 18:36:00,-10586304752,2823859092809467384,193985.0,193984.0,193984.0,193986.0,40251409637,13510271648889448929,10454539012684026266,3764.9542029606165212087994535159068,3765.3306983809125828609203334612615,40251.409637,13.510271648889448929
2022-01-03 18:37:00,-978952406830,260387548911133115511,194001.0,194001.0,194001.0,194001.0,0,260387548911133115511,24055589502192500757,3758.9353935028516443322763292904667,3764.9542029606165212087994535159068,0,260.387548911133115511
2022-01-03 18:38:00,-90991092061,24225700066785419035,194002.0,194001.0,194000.0,194002.0,19676614929,29457690908684163396,24055589502192500757,3758.5595375490967346588104482456441,3758.9353935028516443322763292904667,19676.614929,29.457690908684163396
2022-01-03 18:39:00,-971586112012,258821432898735821553,194015.0,194001.0,194001.0,194015.0,50006547612,272121333333333344256,24055589502192500757,3753.6768287300013143228682373370920,3758.5595375490967346588104482456441,50006.547612,272.121333333333344256
2022-01-03 18:40:00,-499330485438,133143234690427771848,194022.0,194020.0,194020.0,194022.0,0,133143234690427771848,22665810128171999119,3751.0503056641723140647742642374412,3753.6768287300013143228682373370920,0,133.143234690427771848
2022-01-03 18:41:00,31369957485,-8356543527389191590,194021.0,194022.0,194021.0,194022.0,40485085789,2431357974721743778,22665810128171999119,3751.4254106947387312961807416638621,3751.0503056641723140647742642374412,40485.085789,2.431357974721743778
2022-01-03 18:42:00,10041720420,-2675680383395302866,194021.0,194021.0,194021.0,194021.0,10041720420,0,22665810128171999119,3751.4254106947387312961807416638621,3751.4254106947387312961807416638621,10041.72042,0
2022-01-03 18:43:00,232252231239,-61869985734057133004,194018.0,194018.0,194018.0,194018.0,248862642544,4428854445305402750,24055589502192500757,3752.5509508644608991684262735030845,3751.4254106947387312961807416638621,248862.642544,4.42885444530540275
2022-01-03 18:44:00,35775995870,-9529337448749797324,194018.0,194018.0,194018.0,194018.0,35775995870,0,24055589502192500757,3752.5509508644608991684262735030845,3752.5509508644608991684262735030845,35775.99587,0
2022-01-03 18:45:00,1877198168,-500000000000000000,194018.0,194018.0,194018.0,194018.0,1877198168,0,24055589502192500757,3752.5509508644608991684262735030845,3752.5509508644608991684262735030845,1877.198168,0
2022-01-03 18:46:00,-689689681643,184036054464777220864,194027.0,194031.0,194027.0,194031.0,229086591477,245123861694968533625,22665810128171999119,3749.1753430376255694619468166966299,3752.5509508644608991684262735030845,229086.591477,245.123861694968533625
2022-01-03 18:47:00,887821373,-236707024001764718,194027.0,194027.0,194027.0,194027.0,887821373,0,22665810128171999119,3749.1753430376255694619468166966299,3749.1753430376255694619468166966299,887.821373,0
2022-01-03 18:48:00,0,0,194027.0,194027.0,194027.0,194027.0,0,0,22665810128171999119,3749.1753430376255694619468166966299,3749.1753430376255694619468166966299,0,0
2022-01-03 18:49:00,19216305829,-5122998580259421110,194027.0,194027.0,194027.0,194027.0,20318442388,294133569126328946,22665810128171999119,3749.1753430376255694619468166966299,3749.1753430376255694619468166966299,20318.442388,0.294133569126328946
2022-01-03 18:50:00,-7050866094,1883679771469561053,194027.0,194027.0,194027.0,194027.0,7388637180,3853539966463169193,22665810128171999119,3749.1753430376255694619468166966299,3749.1753430376255694619468166966299,7388.63718,3.853539966463169193
2022-01-03 18:51:00,-213652632894,57029209296458964794,194030.0,194027.0,194027.0,194030.0,5000880000,58362913165455855833,22656847601089277056,3748.0508153477487335940588424885263,3749.1753430376255694619468166966299,5000.88,58.362913165455855833
2022-01-03 18:52:00,352779020050,-93954945486126510810,194025.0,194020.0,194020.0,194025.0,745704135449,104812261034507262179,22665810128171999119,3749.9252155979865249520949006794390,3748.0508153477487335940588424885263,745704.135449,104.812261034507262179
2022-01-03 18:53:00,739021139038,-196883487498261217154,194015.0,194020.0,194015.0,194020.0,756373440792,4625167458203888547,24055589502192500757,3753.6768287300013143228682373370920,3749.9252155979865249520949006794390,756373.440792,4.625167458203888547
2022-01-03 18:54:00,-34880406,9297304046598096,194015.0,194015.0,194015.0,194015.0,0,9297304046598096,24055589502192500757,3753.6768287300013143228682373370920,3753.6768287300013143228682373370920,0,0.009297304046598096
2022-01-03 18:55:00,-22469122983,6003851186237996973,194015.0,194014.0,194014.0,194015.0,55009730810,20651420489594416363,24055589502192500757,3753.6768287300013143228682373370920,3753.6768287300013143228682373370920,55009.73081,20.651420489594416363
2022-01-03 18:56:00,0,0,194015.0,194015.0,194015.0,194015.0,0,0,24055589502192500757,3753.6768287300013143228682373370920,3753.6768287300013143228682373370920,0,0
2022-01-03 18:57:00,-33715427570,8987261316699301590,194016.0,194015.0,194015.0,194016.0,0,8987261316699301590,24055589502192500757,3753.3014985801432999928689504420469,3753.6768287300013143228682373370920,0,8.98726131669930159
2022-01-03 18:58:00,154113173430,-41036329171532112130,194014.0,194015.0,194014.0,194015.0,154148058467,9297304046598096,24055589502192500757,3754.0521964128743144543005241608252,3753.3014985801432999928689504420469,154148.058467,0.009297304046598096
2022-01-03 18:59:00,-14933472935,3980000000000000000,194014.0,194014.0,194014.0,194014.0,0,3980000000000000000,24055589502192500757,3754.0521964128743144543005241608252,3754.0521964128743144543005241608252,0,3.98
2022-01-03 19:00:00,-153419617271,40924581502533519772,194016.0,194013.0,194012.0,194016.0,117181243936,72121797792214510023,24055589502192500757,3753.3014985801432999928689504420469,3754.0521964128743144543005241608252,117181.243936,72.121797792214510023
2022-01-03 19:01:00,-71440099025,19044966244440210709,194017.0,194016.0,194016.0,194017.0,0,19044966244440210709,24055589502192500757,3752.9262059595473452583431161304305,3753.3014985801432999928689504420469,0,19.044966244440210709
2022-01-03 19:02:00,562052602,-148293392491650497,194017.0,194017.0,194017.0,194017.0,5813357991,1400000000000000000,24055589502192500757,3752.9262059595473452583431161304305,3752.9262059595473452583431161304305,5813.357991,1.4
2022-01-03 19:03:00,-24670701423,6577300000000000000,194017.0,194017.0,194017.0,194017.0,0,6577300000000000000,24055589502192500757,3752.9262059595473452583431161304305,3752.9262059595473452583431161304305,0,6.5773
2022-01-03 19:04:00,-34475469381,9192464379058552473,194018.0,194017.0,194017.0,194018.0,3031960648,10000000000000000000,24055589502192500757,3752.5509508644608991684262735030845,3752.9262059595473452583431161304305,3031.960648,10
2022-01-03 19:05:00,-706304997253,188409328912250000000,194027.0,194018.0,194018.0,194027.0,3754410562,189409328912250000000,23040216270307414852,3749.1753430376255694619468166966299,3752.5509508644608991684262735030845,3754.410562,189.40932891225
2022-01-03 19:06:00,-46349510607,12377964080502878640,194028.0,194027.0,194027.0,194028.0,28293382398,19921519749258188348,23040216270307414852,3748.8004629913264368182649901976100,3749.1753430376255694619468166966299,28293.382398,19.921519749258188348
2022-01-03 19:07:00,-39901014867,10650000000000000000,194029.0,194029.0,194029.0,194029.0,0,10650000000000000000,23040216270307414852,3748.4256204292835084674182483727765,3748.8004629913264368182649901976100,0,10.65
2022-01-03 19:08:00,1267783762252,-337753964836062645347,194011.0,194029.0,194011.0,194029.0,1274254133039,1727066702981651151,24055589502192500757,3755.1785246971181213312791222615424,3748.4256204292835084674182483727765,1274254.133039,1.727066702981651151
2022-01-03 19:09:00,-35275325828,9399299465357863915,194012.0,194012.0,194012.0,194012.0,0,9399299465357863915,24055589502192500757,3754.8030443926788534459345288086622,3755.1785246971181213312791222615424,0,9.399299465357863915
2022-01-03 19:10:00,-3720036992,991250000000000000,194012.0,194012.0,194012.0,194012.0,0,991250000000000000,24055589502192500757,3754.8030443926788534459345288086622,3754.8030443926788534459345288086622,0,0.99125
2022-01-03 19:11:00,13937915265,-3709191962450948079,194011.0,194012.0,194011.0,194012.0,17690796032,1000000000000000000,24055589502192500757,3755.1785246971181213312791222615424,3754.8030443926788534459345288086622,17690.796032,1
2022-01-03 19:12:00,299975869146,-79834832620136973145,194007.0,194007.0,194007.0,194007.0,299975869146,0,24055589502192500757,3756.6808214327295400235398559843308,3755.1785246971181213312791222615424,299975.869146,0
2022-01-03 19:13:00,3591885933,-949749734094675816,194007.0,194007.0,194007.0,194008.0,26083410643,5990686540841893923,24055589502192500757,3756.6808214327295400235398559843308,3756.6808214327295400235398559843308,26083.410643,5.990686540841893923
2022-01-03 19:14:00,36472264794,-9703975269171549762,194007.0,194007.0,194007.0,194007.0,37980718680,401753976169277489,24055589502192500757,3756.6808214327295400235398559843308,3756.6808214327295400235398559843308,37980.71868,0.401753976169277489
2022-01-03 19:15:00,-808989076522,215580599086143568332,194018.0,194007.0,194007.0,194018.0,122812240,215613275606243105788,24055589502192500757,3752.5509508644608991684262735030845,3756.6808214327295400235398559843308,122.81224,215.613275606243105788
2022-01-03 19:16:00,398775861226,-106137313120591910912,194012.0,194019.0,194012.0,194020.0,595279278594,52397730453251239216,24055589502192500757,3754.8030443926788534459345288086622,3752.5509508644608991684262735030845,595279.278594,52.397730453251239216
2022-01-03 19:17:00,-2601291335,693448846993452049,194012.0,194012.0,194012.0,194012.0,924040251,939444113901291637,24055589502192500757,3754.8030443926788534459345288086622,3754.8030443926788534459345288086622,924.040251,0.939444113901291637
2022-01-03 19:18:00,399967158326,-106427634301589694047,194007.0,194012.0,194006.0,194012.0,482572644408,22000000000000000000,24055589502192500757,3756.6808214327295400235398559843308,3754.8030443926788534459345288086622,482572.644408,22
2022-01-03 19:19:00,24971682390,-6595391629868656218,194007.0,194007.0,194007.0,194009.0,208256201560,48821487395391304139,24055589502192500757,3756.6808214327295400235398559843308,3756.6808214327295400235398559843308,208256.20156,48.821487395391304139
2022-01-03 19:20:00,440520152414,-117169261081249251058,194001.0,194007.0,194001.0,194007.0,450491906217,2655804003611029698,24055589502192500757,3758.9353935028516443322763292904667,3756.6808214327295400235398559843308,450491.906217,2.655804003611029698
2022-01-03 19:21:00,-46786061956,12453873840117217022,194001.0,194001.0,194001.0,194001.0,1262104226,12789492326639475396,24055589502192500757,3758.9353935028516443322763292904667,3758.9353935028516443322763292904667,1262.104226,12.789492326639475396
2022-01-03 19:22:00,867911033,-230797226525579242,194001.0,194001.0,194001.0,194001.0,867911033,0,24055589502192500757,3758.9353935028516443322763292904667,3758.9353935028516443322763292904667,867.911033,0
2022-01-03 19:23:00,0,0,194001.0,194001.0,194001.0,194001.0,0,0,24055589502192500757,3758.9353935028516443322763292904667,3758.9353935028516443322763292904667,0,0
2022-01-03 19:24:00,-188049435313,50090139261200339762,194004.0,194001.0,194001.0,194005.0,101931291373,77199741724579292403,24055589502192500757,3757.8079383833406826888658481873451,3758.9353935028516443322763292904667,101931.291373,77.199741724579292403
2022-01-03 19:25:00,-7511513787,2000000000000000000,194004.0,194004.0,194004.0,194004.0,0,2000000000000000000,24055589502192500757,3757.8079383833406826888658481873451,3757.8079383833406826888658481873451,0,2
2022-01-03 19:26:00,0,0,194004.0,194004.0,194004.0,194004.0,0,0,24055589502192500757,3757.8079383833406826888658481873451,3757.8079383833406826888658481873451,0,0
2022-01-03 19:27:00,357503906907,-95070527237095295157,193999.0,194004.0,193999.0,194004.0,357503906907,0,24058421163343912162,3759.6872181709061496896592278790905,3757.8079383833406826888658481873451,357503.906907,0
2022-01-03 19:28:00,157194876653,-41788041621324514933,193997.0,193997.0,193997.0,193997.0,157194876653,0,24058421163343912162,3760.4391932114125126286586566212548,3759.6872181709061496896592278790905,157194.876653,0
2022-01-03 19:29:00,30128381673,-8002588866119043227,193997.0,193997.0,193997.0,193997.0,51181696482,5601649842020237690,24058421163343912162,3760.4391932114125126286586566212548,3760.4391932114125126286586566212548,51181.696482,5.60164984202023769
2022-01-03 19:30:00,0,0,193997.0,193997.0,193997.0,193997.0,0,0,24058421163343912162,3760.4391932114125126286586566212548,3760.4391932114125126286586566212548,0,0
2022-01-03 19:31:00,0,0,193997.0,193997.0,193997.0,193997.0,0,0,24058421163343912162,3760.4391932114125126286586566212548,3760.4391932114125126286586566212548,0,0
2022-01-03 19:32:00,70000000000,-18604889640370566222,193996.0,193996.0,193996.0,193996.0,70000000000,0,24058421163343912162,3760.8152371307336538799215224869178,3760.4391932114125126286586566212548,70000,0
2022-01-03 19:33:00,-492447172791,131054224950510883249,194002.0,193998.0,193998.0,194002.0,4000000000,132117815084953168933,24055589502192500757,3758.5595375490967346588104482456441,3760.8152371307336538799215224869178,4000,132.117815084953168933
2022-01-03 19:34:00,-17308876822,4610601701814050944,194003.0,194003.0,194003.0,194003.0,10000000000,7270172663431757824,24055589502192500757,3758.1837191771790167571347347721645,3758.5595375490967346588104482456441,10000,7.270172663431757824
2022-01-03 19:35:00,4662465907,-1240003570432054453,194003.0,194003.0,194003.0,194003.0,4662465907,0,24055589502192500757,3758.1837191771790167571347347721645,3758.1837191771790167571347347721645,4662.465907,0
2022-01-03 19:36:00,-52505786865,13978575987682233047,194003.0,194003.0,194003.0,194003.0,0,13978575987682233047,24055589502192500757,3758.1837191771790167571347347721645,3758.1837191771790167571347347721645,0,13.978575987682233047
2022-01-03 19:37:00,15305373578,-4070317156648317370,194003.0,194003.0,194003.0,194003.0,16995584067,450000000000000000,24055589502192500757,3758.1837191771790167571347347721645,3758.1837191771790167571347347721645,16995.584067,0.45
2022-01-03 19:38:00,-30303712112,8068020062471437766,194003.0,194003.0,194003.0,194003.0,0,8068020062471437766,24055589502192500757,3758.1837191771790167571347347721645,3758.1837191771790167571347347721645,0,8.068020062471437766
2022-01-03 19:39:00,-51326154809,13666029945783588826,194004.0,194004.0,194004.0,194004.0,1000000000,13932026607872348996,24055589502192500757,3757.8079383833406826888658481873451,3758.1837191771790167571347347721645,1000,13.932026607872348996
2022-01-03 19:40:00,20147515787,-5358150724010706561,194004.0,194004.0,194004.0,194004.0,23695399228,944640874611405523,24055589502192500757,3757.8079383833406826888658481873451,3757.8079383833406826888658481873451,23695.399228,0.944640874611405523
2022-01-03 19:41:00,-169138225076,45057759834402858404,194006.0,194003.0,194003.0,194006.0,69970136084,63668178953998171915,24055589502192500757,3757.0564895148728129775422099699325,3757.8079383833406826888658481873451,69970.136084,63.668178953998171915
2022-01-03 19:42:00,11555867294,-3058236459993938000,194006.0,194006.0,194005.0,194006.0,72331066797,16184789447973620601,24055589502192500757,3757.0564895148728129775422099699325,3757.0564895148728129775422099699325,72331.066797,16.184789447973620601
2022-01-03 19:43:00,-310819625626,82819807620247264200,194010.0,194006.0,194006.0,194011.0,102307283035,110049886914027556762,24055589502192500757,3755.5540425495878331434122501737686,3757.0564895148728129775422099699325,102307.283035,110.049886914027556762
2022-01-03 19:44:00,0,0,194010.0,194010.0,194010.0,194010.0,0,0,24055589502192500757,3755.5540425495878331434122501737686,3755.5540425495878331434122501737686,0,0
2022-01-03 19:45:00,246559728998,-65572998574456381203,194007.0,194012.0,194007.0,194012.0,396588250585,39975369466852299615,24055589502192500757,3756.6808214327295400235398559843308,3755.5540425495878331434122501737686,396588.250585,39.975369466852299615
2022-01-03 19:46:00,0,0,194007.0,194007.0,194007.0,194007.0,0,0,24055589502192500757,3756.6808214327295400235398559843308,3756.6808214327295400235398559843308,0,0
2022-01-03 19:47:00,497560105760,-132340791768290208799,194000.0,194007.0,194000.0,194007.0,497860105760,79900711917211132,24055589502192500757,3759.3112870422019294967095569233935,3756.6808214327295400235398559843308,497860.10576,0.079900711917211132
2022-01-03 19:48:00,10000000000,-2658881808229864140,194000.0,194000.0,194000.0,194000.0,10000000000,0,24055589502192500757,3759.3112870422019294967095569233935,3759.3112870422019294967095569233935,10000,0
2022-01-03 19:49:00,-1403883049822,374029484338573215093,194019.0,193999.0,193999.0,194019.0,99689011907,400539207843529252335,24055589502192500757,3752.1757332911317859898272907740055,3759.3112870422019294967095569233935,99689.011907,400.539207843529252335
2022-01-03 19:50:00,127536161545,-33971839000011651455,194017.0,194017.0,194017.0,194017.0,127536161545,0,24055589502192500757,3752.9262059595473452583431161304305,3752.1757332911317859898272907740055,127536.161545,0
2022-01-03 19:51:00,-38375230955,10235398352182915017,194018.0,194017.0,194017.0,194018.0,14134324109,14000000000000000000,24055589502192500757,3752.5509508644608991684262735030845,3752.9262059595473452583431161304305,14134.324109,14
2022-01-03 19:52:00,23000000000,-6126209303905220746,194018.0,194018.0,194018.0,194018.0,23000000000,0,24055589502192500757,3752.5509508644608991684262735030845,3752.5509508644608991684262735030845,23000,0
2022-01-03 19:53:00,3811427290,-1013532015958943557,194017.0,194018.0,194017.0,194018.0,10000000000,1650000000000000000,24055589502192500757,3752.9262059595473452583431161304305,3752.5509508644608991684262735030845,10000,1.65
2022-01-03 19:54:00,-21166817231,5649741926219306439,194018.0,194018.0,194017.0,194018.0,23288023541,11852500000000000000,24055589502192500757,3752.5509508644608991684262735030845,3752.9262059595473452583431161304305,23288.023541,11.8525
2022-01-03 19:55:00,-206733335059,55128184830238106455,194021.0,194020.0,194020.0,194021.0,0,55128184830238106455,23040216270307414852,3751.4254106947387312961807416638621,3752.5509508644608991684262735030845,0,55.128184830238106455
2022-01-03 19:56:00,54315112304,-14470109967241478725,194020.0,194021.0,194020.0,194021.0,57252760145,783477273832773945,23040216270307414852,3751.8005532358082051693103597380302,3751.4254106947387312961807416638621,57252.760145,0.783477273832773945
2022-01-03 19:57:00,-431647677174,115156861520303921959,194026.0,194019.0,194019.0,194026.0,34997939424,124480591860613427288,23040216270307414852,3749.5502605719293320188930113782987,3751.8005532358082051693103597380302,34997.939424,124.480591860613427288
2022-01-03 19:58:00,-579500027868,154699883859953273041,194034.0,194030.0,194030.0,194034.0,0,154699883859953273041,23031253743224692789,3746.5519697517432686477996555094260,3749.5502605719293320188930113782987,0,154.699883859953273041
2022-01-03 19:59:00,-1392889601584,372366287645393878863,194058.0,194034.0,194034.0,194058.0,14007960232,376103529411764748288,10858800454096128143,3737.5714749457847370528815077456842,3746.5519697517432686477996555094260,14007.960232,376.103529411764748288
2022-01-03 20:00:00,221633391761,-59249823077981352437,194051.0,194055.0,194051.0,194055.0,221633391761,0,10858800454096128143,3740.1885599990846088917942550623498,3737.5714749457847370528815077456842,221633.391761,0
2022-01-03 20:01:00,-8161301736,2184057234177908897,194051.0,194051.0,194051.0,194051.0,2968000000,2977232067837565804,10858800454096128143,3740.1885599990846088917942550623498,3740.1885599990846088917942550623498,2968,2.977232067837565804
2022-01-03 20:02:00,38587953007,-10312029922129343143,194050.0,194050.0,194050.0,194050.0,38587953007,0,10858800454096128143,3740.5625788550845173526834344878524,3740.1885599990846088917942550623498,38587.953007,0
2022-01-03 20:03:00,-428702777604,114767511605884111252,194063.0,194051.0,194051.0,194065.0,79495626578,136040279308021682679,10824727423486383528,3735.7032497132442432207324878770323,3740.5625788550845173526834344878524,79495.626578,136.040279308021682679
2022-01-03 20:04:00,-235699330662,63226149010883445978,194070.0,194078.0,194070.0,194079.0,282633783614,138935220591061476061,10823569567918776514,3733.0893031216342514956996738322141,3735.7032497132442432207324878770323,282633.783614,138.935220591061476061
2022-01-03 20:05:00,-74611935182,20000000000000000000,194072.0,194072.0,194072.0,194072.0,0,20000000000000000000,10823569567918776514,3732.3427972387585274026338730312736,3733.0893031216342514956996738322141,0,20
2022-01-03 20:06:00,-584706878806,156889952721221039459,194090.0,194072.0,194072.0,194090.0,2720000000,157618408864012453503,10729449458852103505,3725.6309582572740761438411122808522,3732.3427972387585274026338730312736,2720,157.618408864012453503
2022-01-03 20:07:00,393593768520,-105534485162449328390,194078.0,194086.0,194078.0,194086.0,393593768520,0,10823569567918776514,3730.1041751434385138955779758605945,3725.6309582572740761438411122808522,393593.76852,0
2022-01-03 20:08:00,238921163,-61524539898875893,194078.0,194078.0,194078.0,194078.0,9558833850,2500000000000000000,10823569567918776514,3730.1041751434385138955779758605945,3730.1041751434385138955779758605945,9558.83385,2.5
2022-01-03 20:09:00,-233801041536,62743039237604300403,194085.0,194081.0,194081.0,194086.0,23546543334,69057471472288459779,10823569567918776514,3727.4941463367567113446288262021548,3730.1041751434385138955779758605945,23546.543334,69.057471472288459779
2022-01-03 20:10:00,579923967913,-155373800776564997121,194068.0,194070.0,194068.0,194070.0,589400690215,2540000000000000000,10824727423486383528,3733.8359583131516095623413287239782,3727.4941463367567113446288262021548,589400.690215,2.54
2022-01-03 20:11:00,-53714414256,14395739724082721932,194069.0,194067.0,194067.0,194069.0,5000000000,15734182407496651887,10824727423486383528,3733.4626120519464149208492437995986,3733.8359583131516095623413287239782,5000,15.734182407496651887
2022-01-03 20:12:00,230799298186,-61771284358671877039,194062.0,194062.0,194062.0,194062.0,230799298186,0,10824727423486383528,3736.0768200382155676450545611258193,3733.4626120519464149208492437995986,230799.298186,0
2022-01-03 20:13:00,31186564197,-8333100608806700937,194061.0,194063.0,194061.0,194063.0,69992265190,10392919137720038358,10824727423486383528,3736.4504277202193892018190665819328,3736.0768200382155676450545611258193,69992.26519,10.392919137720038358
2022-01-03 20:14:00,-50009663509,13400681117705959508,194063.0,194063.0,194063.0,194064.0,28329121503,20980820091570376195,10824727423486383528,3735.7032497132442432207324878770323,3736.4504277202193892018190665819328,28329.121503,20.980820091570376195
2022-01-03 20:15:00,147438587918,-39440274719276272358,194058.0,194063.0,194058.0,194063.0,147438587918,0,10858800454096128143,3737.5714749457847370528815077456842,3735.7032497132442432207324878770323,147438.587918,0
2022-01-03 20:16:00,-14940015179,4000000000000000000,194059.0,194058.0,194058.0,194059.0,1121733814,4300000000000000000,10858800454096128143,3737.1977551702677102818533224134427,3737.5714749457847370528815077456842,1121.733814,4.3
2022-01-03 20:17:00,-16178838835,4334513917530599878,194059.0,194059.0,194059.0,194059.0,11046178038,7288827162099913285,10858800454096128143,3737.1977551702677102818533224134427,3737.1977551702677102818533224134427,11046.178038,7.288827162099913285
2022-01-03 20:18:00,2931956129,-784202916827526608,194059.0,194059.0,194059.0,194059.0,2931956129,0,10858800454096128143,3737.1977551702677102818533224134427,3737.1977551702677102818533224134427,2931.956129,0
2022-01-03 20:19:00,-665434276345,178339389235168907443,194079.0,194075.0,194075.0,194079.0,2613833817,179039636170400297893,10823569567918776514,3729.7312020232361902765503208285125,3737.1977551702677102818533224134427,2613.833817,179.039636170400297893
2022-01-03 20:20:00,-2644609128844,712883943636367877596,194161.0,194129.0,194099.0,194161.0,1940195198285,1235441105423884676479,10056100382337934193,3699.2739742896359834781355645735045,3729.7312020232361902765503208285125,1940195.198285,1235.441105423884676479
2022-01-03 20:21:00,1027941210912,-277302309154025577510,194129.0,194150.0,194129.0,194150.0,1027941210912,0,10972284033751684564,3711.1300177679842497113401173422291,3699.2739742896359834781355645735045,1027941.210912,0
2022-01-03 20:22:00,-1162906635707,314131510266566400424,194166.0,194170.0,194166.0,194170.0,142994056027,352795211736767755215,10056100382337934193,3697.4248920641386100891683044136270,3711.1300177679842497113401173422291,142994.056027,352.795211736767755215
2022-01-03 20:23:00,1002994455406,-270675250878229217559,194134.0,194162.0,194133.0,194162.0,1090480494158,23600244090888923451,10597877891616268831,3709.2750092987393453971222236015747,3697.4248920641386100891683044136270,1090480.494158,23.600244090888923451
2022-01-03 20:24:00,-263297920165,71050000000000000000,194142.0,194138.0,194138.0,194142.0,0,71050000000000000000,10485668925225603933,3706.3089241853130770553327752228488,3709.2750092987393453971222236015747,0,71.05
2022-01-03 20:25:00,-1113900603296,301339194712410304103,194178.0,194162.0,194161.0,194181.0,365669825914,400295532456733997763,9858855080780113450,3692.9908648397193301138257540590336,3706.3089241853130770553327752228488,365669.825914,400.295532456733997763
2022-01-03 20:26:00,186818326594,-50472200740310725527,194172.0,194176.0,194170.0,194183.0,468458559898,76306706678975486862,9858855080780113450,3695.2072133811182446744683576478506,3692.9908648397193301138257540590336,468458.559898,76.306706678975486862
2022-01-03 20:27:00,439592624746,-118505376994448505497,194157.0,194135.0,194121.0,194157.0,1605220330963,314580102381465302363,10330150348623439738,3700.7539058505877610742418003849795,3695.2072133811182446744683576478506,1605220.330963,314.580102381465302363
2022-01-03 20:28:00,-1336344896654,362115048766920301779,194203.0,194168.0,194168.0,194203.0,0,362115048766920301779,9168019812503620241,3683.7703791034894965964777433667027,3700.7539058505877610742418003849795,0,362.115048766920301779
2022-01-03 20:29:00,45352081386,-12290100233701871450,194201.0,194201.0,194199.0,194201.0,97628108074,14194504915001146253,9168019812503620241,3684.5071700170139855306920048801519,3683.7703791034894965964777433667027,97628.108074,14.194504915001146253
2022-01-03 20:30:00,655497550522,-177620991392430040720,194178.0,194199.0,194178.0,194199.0,655497550522,0,9858855080780113450,3692.9908648397193301138257540590336,3684.5071700170139855306920048801519,655497.550522,0
2022-01-03 20:31:00,367402294727,-99383708909079559476,194166.0,194169.0,194166.0,194169.0,367402294727,0,10056100382337934193,3697.4248920641386100891683044136270,3692.9908648397193301138257540590336,367402.294727,0
2022-01-03 20:32:00,-569879193549,154361989553838164443,194185.0,194167.0,194167.0,194185.0,3862205572,155406989553838164443,9832174076614798655,3690.4068049616399848075776126720293,3697.4248920641386100891683044136270,3862.205572,155.406989553838164443
2022-01-03 20:33:00,387453000000,-104874849309010601211,194172.0,194172.0,194172.0,194172.0,387453000000,0,9858855080780113450,3695.2072133811182446744683576478506,3690.4068049616399848075776126720293,387453,0
2022-01-03 20:34:00,-390238873613,105841198011760541994,194185.0,194171.0,194169.0,194185.0,391418547056,211743952204714646188,9832174076614798655,3690.4068049616399848075776126720293,3695.2072133811182446744683576478506,391418.547056,211.743952204714646188
2022-01-03 20:35:00,-12177727233,3316643183689051969,194186.0,194185.0,194185.0,194187.0,54842776622,18172382638700391517,9832174076614798655,3690.0378011815218326243151811539131,3690.4068049616399848075776126720293,54842.776622,18.172382638700391517
2022-01-03 20:36:00,618383760578,-167318242334564823971,194165.0,194177.0,194165.0,194177.0,650505235926,8692715307525787824,10056100382337934193,3697.7946345533450239501772212440728,3690.0378011815218326243151811539131,650505.235926,8.692715307525787824
2022-01-03 20:37:00,-147794215301,40000000000000000000,194170.0,194170.0,194170.0,194170.0,0,40000000000000000000,9858855080780113450,3695.9462917758666021345856980640631,3697.7946345533450239501772212440728,0,40
2022-01-03 20:38:00,-71436628820,19345393856303097114,194172.0,194169.0,194169.0,194172.0,15963971471,23662600535468795504,9858855080780113450,3695.2072133811182446744683576478506,3695.9462917758666021345856980640631,15963.971471,23.662600535468795504
2022-01-03 20:39:00,-159185548666,43124472437577640863,194178.0,194172.0,194171.0,194178.0,34245382933,52387526667447743066,9858855080780113450,3692.9908648397193301138257540590336,3695.2072133811182446744683576478506,34245.382933,52.387526667447743066
2022-01-03 20:40:00,-77547131201,21038822022638843769,194180.0,194183.0,194180.0,194183.0,99580198389,48000000000000000000,9832174076614798655,3692.2523774417072142539028309538114,3692.9908648397193301138257540590336,99580.198389,48
2022-01-03 20:41:00,-694057230335,188312952402461910142,194204.0,194180.0,194180.0,194205.0,20515190866,193880355241927491719,9168019812503620241,3683.4020388995995366428134620204997,3692.2523774417072142539028309538114,20515.190866,193.880355241927491719
2022-01-03 20:42:00,603534731882,-163599384180979726853,194183.0,194182.0,194182.0,194183.0,639929310994,9865000000000000000,9832174076614798655,3691.1449232267003624209389762703396,3683.4020388995995366428134620204997,639929.310994,9.865
2022-01-03 20:43:00,-130792989340,35462260765470051599,194188.0,194188.0,194188.0,194188.0,0,35462260765470051599,9832174076614798655,3689.2999043076612572962433595195779,3691.1449232267003624209389762703396,0,35.462260765470051599
2022-01-03 20:44:00,-156514122359,42638334250784261124,194193.0,194190.0,194190.0,194213.0,668719957792,224103967265534821093,9201725808156183607,3687.4558076213933966176025937233698,3689.2999043076612572962433595195779,668719.957792,224.103967265534821093
2022-01-03 20:45:00,418802022729,-113413928672969325939,194179.0,194184.0,194179.0,194188.0,524814924668,28744995073022261741,9858855080780113450,3692.6216026794513849753282212369078,3687.4558076213933966176025937233698,524814.924668,28.744995073022261741
2022-01-03 20:46:00,-91874451051,24974699485651120989,194182.0,194191.0,194182.0,194191.0,284338964682,102000000000000000000,9832174076614798655,3691.5140377190230324571810701679694,3692.6216026794513849753282212369078,284338.964682,102
2022-01-03 20:47:00,0,0,194182.0,194182.0,194182.0,194182.0,0,0,9832174076614798655,3691.5140377190230324571810701679694,3691.5140377190230324571810701679694,0,0
2022-01-03 20:48:00,82443678867,-22319957899630485482,194179.0,194181.0,194179.0,194181.0,82443678867,0,9858855080780113450,3692.6216026794513849753282212369078,3691.5140377190230324571810701679694,82443.678867,0
2022-01-03 20:49:00,0,0,194179.0,194179.0,194179.0,194179.0,0,0,9858855080780113450,3692.6216026794513849753282212369078,3692.6216026794513849753282212369078,0,0
2022-01-03 20:50:00,388498310286,-105004079452611447320,194166.0,194179.0,194165.0,194189.0,726237593110,91542882403590207221,10056100382337934193,3697.4248920641386100891683044136270,3692.6216026794513849753282212369078,726237.59311,91.542882403590207221
2022-01-03 20:51:00,-11295181727,3056694513807188745,194167.0,194166.0,194166.0,194167.0,0,3056694513807188745,10056100382337934193,3697.0551865454840616830000044131888,3697.4248920641386100891683044136270,0,3.056694513807188745
2022-01-03 20:52:00,-59396331698,16075654046228895914,194169.0,194168.0,194168.0,194169.0,0,16075654046228895914,10056100382337934193,3696.3158864050441887947991566338675,3697.0551865454840616830000044131888,0,16.075654046228895914
2022-01-03 20:53:00,-54704889430,14808681870668573885,194170.0,194170.0,194170.0,194170.0,0,14808681870668573885,9858855080780113450,3695.9462917758666021345856980640631,3696.3158864050441887947991566338675,0,14.808681870668573885
2022-01-03 20:54:00,-15294701583,4141320484629275834,194171.0,194171.0,194171.0,194171.0,2010129612,4685000000000000000,9858855080780113450,3695.5767341024563564989358044836152,3695.9462917758666021345856980640631,2010.129612,4.685
2022-01-03 20:55:00,-3064594118,832767102346123128,194171.0,194171.0,194171.0,194171.0,11289486054,3886165318286751747,9858855080780113450,3695.5767341024563564989358044836152,3695.5767341024563564989358044836152,11289.486054,3.886165318286751747
2022-01-03 20:56:00,66946827747,-18093304098360951554,194169.0,194167.0,194167.0,194169.0,110937693901,11906695901639048446,10056100382337934193,3696.3158864050441887947991566338675,3695.5767341024563564989358044836152,110937.693901,11.906695901639048446
2022-01-03 20:57:00,-65609867300,17761358209141936181,194171.0,194169.0,194169.0,194171.0,0,17761358209141936181,9858855080780113450,3695.5767341024563564989358044836152,3696.3158864050441887947991566338675,0,17.761358209141936181
2022-01-03 20:58:00,-20136169097,5451875000000000000,194172.0,194172.0,194172.0,194172.0,0,5451875000000000000,9858855080780113450,3695.2072133811182446744683576478506,3695.5767341024563564989358044836152,0,5.451875
2022-01-03 20:59:00,15019202572,-4062423776967821381,194171.0,194171.0,194171.0,194171.0,15019202572,0,9858855080780113450,3695.5767341024563564989358044836152,3695.2072133811182446744683576478506,15019.202572,0
2022-01-03 21:00:00,-165833437778,44911149138668972628,194177.0,194172.0,194172.0,194177.0,0,44911149138668972628,9858855080780113450,3693.3601639262033020468371366344404,3695.5767341024563564989358044836152,0,44.911149138668972628
2022-01-03 21:01:00,316168650530,-85507323364481541481,194166.0,194178.0,194166.0,194178.0,356033846710,10800000000000000000,10056100382337934193,3697.4248920641386100891683044136270,3693.3601639262033020468371366344404,356033.84671,10.8
2022-01-03 21:02:00,268208277041,-72323189412335991755,194157.0,194185.0,194157.0,194185.0,833431777621,153091250000000000000,10330150348623439738,3700.7539058505877610742418003849795,3697.4248920641386100891683044136270,833431.777621,153.09125
2022-01-03 21:03:00,63308522969,-17080680055779315093,194155.0,194153.0,194153.0,194155.0,128561866370,17637600739550816590,10330150348623439738,3701.4940936392969371323342594874748,3700.7539058505877610742418003849795,128561.86637,17.63760073955081659
2022-01-03 21:04:00,-552909006,149463750508792407,194155.0,194155.0,194155.0,194155.0,0,149463750508792407,10330150348623439738,3701.4940936392969371323342594874748,3701.4940936392969371323342594874748,0,0.149463750508792407
2022-01-03 21:05:00,0,0,194155.0,194155.0,194155.0,194155.0,0,0,10330150348623439738,3701.4940936392969371323342594874748,3701.4940936392969371323342594874748,0,0
2022-01-03 21:06:00,34633269420,-9352285612106300061,194154.0,194154.0,194154.0,194154.0,34633269420,0,10330150348623439738,3701.8642430486608668260474929134200,3701.4940936392969371323342594874748,34633.26942,0
2022-01-03 21:07:00,-461887966805,124947961578184578581,194169.0,194154.0,194154.0,194169.0,36991937759,134947961578184578581,10056100382337934193,3696.3158864050441887947991566338675,3701.8642430486608668260474929134200,36991.937759,134.947961578184578581
2022-01-03 21:08:00,633020219687,-170658695467901288567,194149.0,194169.0,194109.0,194169.0,1935687422976,351206085546146622063,10485668925225603933,3703.7155453936299955251739746938068,3696.3158864050441887947991566338675,1935687.422976,351.206085546146622063
2022-01-03 21:09:00,-58342405685,15762471974237079232,194151.0,194149.0,194149.0,194151.0,0,15762471974237079232,10330150348623439738,3702.9749133812046207889699728095494,3703.7155453936299955251739746938068,0,15.762471974237079232
2022-01-03 21:10:00,-297827462927,80510189189189189632,194160.0,194160.0,194160.0,194160.0,0,80510189189189189632,10056100382337934193,3699.6439016870649470764833781299606,3702.9749133812046207889699728095494,0,80.510189189189189632
2022-01-03 21:11:00,-263432766123,71279091318331040715,194169.0,194160.0,194160.0,194169.0,7551874210,73319456051024630809,10056100382337934193,3696.3158864050441887947991566338675,3699.6439016870649470764833781299606,7551.87421,73.319456051024630809
2022-01-03 21:12:00,0,0,194169.0,194169.0,194169.0,194169.0,0,0,10056100382337934193,3696.3158864050441887947991566338675,3696.3158864050441887947991566338675,0,0
2022-01-03 21:13:00,-191914622877,52002804260352172572,194175.0,194169.0,194169.0,194178.0,138383188295,89450000000000000000,9858855080780113450,3694.0988728925901819692795245301345,3696.3158864050441887947991566338675,138383.188295,89.45
2022-01-03 21:14:00,16622213756,-4491984910503062825,194175.0,194176.0,194175.0,194176.0,37601933194,5682701821457544120,9858855080780113450,3694.0988728925901819692795245301345,3694.0988728925901819692795245301345,37601.933194,5.68270182145754412
2022-01-03 21:15:00,406233124154,-109520375204631957886,194161.0,194137.0,194124.0,194161.0,1597817820831,321701571048836616812,10056100382337934193,3699.2739742896359834781355645735045,3694.0988728925901819692795245301345,1597817.820831,321.701571048836616812
2022-01-03 21:16:00,-61599783526,16663382440300589953,194163.0,194162.0,194162.0,194163.0,0,16663382440300589953,10056100382337934193,3698.5342304582020384884174961900917,3699.2739742896359834781355645735045,0,16.663382440300589953
2022-01-03 21:17:00,-187092278489,50634837910551636275,194170.0,194164.0,194164.0,194170.0,14197138976,54473496543086452642,9858855080780113450,3695.9462917758666021345856980640631,3698.5342304582020384884174961900917,14197.138976,54.473496543086452642
2022-01-03 21:18:00,38867386841,-10510342004173912174,194168.0,194168.0,194168.0,194168.0,38867386841,0,10056100382337934193,3696.6855179936846932136786365495333,3695.9462917758666021345856980640631,38867.386841,0
2022-01-03 21:19:00,155526338378,-42041734476211327145,194163.0,194167.0,194163.0,194167.0,161548082742,1629054224072120363,10056100382337934193,3698.5342304582020384884174961900917,3696.6855179936846932136786365495333,161548.082742,1.629054224072120363
2022-01-03 21:20:00,-70449100868,19060881847239776683,194165.0,194165.0,194165.0,194165.0,0,19060881847239776683,10056100382337934193,3697.7946345533450239501772212440728,3698.5342304582020384884174961900917,0,19.060881847239776683
2022-01-03 21:21:00,-80602875510,21813500000000000000,194168.0,194168.0,194168.0,194168.0,0,21813500000000000000,10056100382337934193,3696.6855179936846932136786365495333,3697.7946345533450239501772212440728,0,21.8135
2022-01-03 21:22:00,43575493427,-11776005915487901574,194167.0,194169.0,194167.0,194169.0,64728022697,5725393869193191773,10056100382337934193,3697.0551865454840616830000044131888,3696.6855179936846932136786365495333,64728.022697,5.725393869193191773
2022-01-03 21:23:00,305752133065,-82620676086033239414,194157.0,194160.0,194157.0,194160.0,305752133065,0,10330150348623439738,3700.7539058505877610742418003849795,3697.0551865454840616830000044131888,305752.133065,0
2022-01-03 21:24:00,273075369943,-73606900516091376761,194148.0,194151.0,194148.0,194164.0,700285172689,115506742454285244421,10485668925225603933,3704.0859169481693585247264920912771,3700.7539058505877610742418003849795,700285.172689,115.506742454285244421
2022-01-03 21:25:00,101208565453,-27290671991488218443,194145.0,194143.0,194143.0,194145.0,162498142034,16549608140661301248,10485668925225603933,3705.1972538495354036943128351392264,3704.0859169481693585247264920912771,162498.142034,16.549608140661301248
2022-01-03 21:26:00,0,0,194145.0,194145.0,194145.0,194145.0,0,0,10485668925225603933,3705.1972538495354036943128351392264,3705.1972538495354036943128351392264,0,0
2022-01-03 21:27:00,496954625512,-133933985714664111560,194130.0,194145.0,194127.0,194145.0,589627324619,24986008177989185273,10597877891616268831,3710.7589418737968700243376835738732,3705.1972538495354036943128351392264,589627.324619,24.986008177989185273
2022-01-03 21:28:00,25655330612,-6312265071422008798,194129.0,194132.0,194129.0,194202.0,2239499721003,599017467898360732839,10972284033751684564,3711.1300177679842497113401173422291,3710.7589418737968700243376835738732,2239499.721003,599.017467898360732839
2022-01-03 21:29:00,-244738988405,66006950969485325763,194136.0,194130.0,194130.0,194136.0,0,66006950969485325763,10597877891616268831,3708.5332655602946308680023144586641,3711.1300177679842497113401173422291,0,66.006950969485325763
2022-01-03 21:30:00,796051458835,-214284264528680894766,194112.0,194131.0,194112.0,194132.0,869184131648,19712435459323329765,10506304819371970518,3717.4439884594658781115487359101000,3708.5332655602946308680023144586641,869184.131648,19.712435459323329765
2022-01-03 21:31:00,-107599881620,28965312799098117826,194115.0,194112.0,194112.0,194115.0,0,28965312799098117826,10506304819371970518,3716.3289782723984814168968258740167,3717.4439884594658781115487359101000,0,28.965312799098117826
2022-01-03 21:32:00,402782958903,-108266146016223501521,194103.0,194116.0,194103.0,194116.0,413479406869,2879036510868348320,10649412215942625862,3720.7910266412273823187066770984875,3716.3289782723984814168968258740167,413479.406869,2.87903651086834832
2022-01-03 21:33:00,330530479822,-88745657434187934681,194093.0,194093.0,194093.0,194093.0,336185100000,1519000000000000000,10729449458852103505,3724.5134924704036674390289767495211,3720.7910266412273823187066770984875,336185.1,1.519
2022-01-03 21:34:00,305582234278,-81905825431698088811,194083.0,194088.0,194083.0,194095.0,541192772432,63285990354526654888,10823569567918776514,3728.2396824409655260544648654136855,3724.5134924704036674390289767495211,541192.772432,63.285990354526654888
2022-01-03 21:35:00,290937162572,-77931334741574658387,194075.0,194086.0,194074.0,194088.0,436221232134,38996728099894808119,10823569567918776514,3731.2233183028369039280455046345875,3728.2396824409655260544648654136855,436221.232134,38.996728099894808119
2022-01-03 21:36:00,-72595990566,19468557872801511876,194077.0,194075.0,194075.0,194077.0,0,19468557872801511876,10823569567918776514,3730.4771855609528577469675336581826,3731.2233183028369039280455046345875,0,19.468557872801511876
2022-01-03 21:37:00,0,0,194077.0,194077.0,194077.0,194077.0,0,0,10823569567918776514,3730.4771855609528577469675336581826,3730.4771855609528577469675336581826,0,0
2022-01-03 21:38:00,-11866305084,3182673900742450570,194077.0,194077.0,194077.0,194077.0,0,3182673900742450570,10823569567918776514,3730.4771855609528577469675336581826,3730.4771855609528577469675336581826,0,3.18267390074245057
2022-01-03 21:39:00,44254994026,-11846312119858896319,194076.0,194078.0,194076.0,194078.0,84973129487,10921921807550905275,10823569567918776514,3730.8502332795089530327422304115436,3730.4771855609528577469675336581826,84973.129487,10.921921807550905275
2022-01-03 21:40:00,-307109288589,82556544104828869878,194085.0,194089.0,194071.0,194089.0,587816764820,240103280292295759090,10823569567918776514,3727.4941463367567113446288262021548,3730.8502332795089530327422304115436,587816.76482,240.10328029229575909
2022-01-03 21:41:00,-56297114682,15113096480173810449,194087.0,194087.0,194087.0,194087.0,0,15113096480173810449,10823569567918776514,3726.7487593174056370431638230059180,3727.4941463367567113446288262021548,0,15.113096480173810449
2022-01-03 21:42:00,-11959984831,3213240580532968075,194087.0,194087.0,194087.0,194087.0,8278490969,5433608639533399255,10823569567918776514,3726.7487593174056370431638230059180,3726.7487593174056370431638230059180,8278.490969,5.433608639533399255
2022-01-03 21:43:00,-45732146184,12279245761822467249,194089.0,194088.0,194088.0,194089.0,0,12279245761822467249,10823569567918776514,3726.0035213530998035514554963920800,3726.7487593174056370431638230059180,0,12.279245761822467249
2022-01-03 21:44:00,-49765401868,13364128839876480131,194090.0,194090.0,194090.0,194090.0,23055830,13370314587796197641,10729449458852103505,3725.6309582572740761438411122808522,3726.0035213530998035514554963920800,23.05583,13.370314587796197641
2022-01-03 21:45:00,9208717507,-2463238736653153244,194090.0,194089.0,194089.0,194090.0,36669952291,7374704341951862452,10729449458852103505,3725.6309582572740761438411122808522,3725.6309582572740761438411122808522,36669.952291,7.374704341951862452
2022-01-03 21:46:00,0,0,194090.0,194090.0,194090.0,194090.0,0,0,10729449458852103505,3725.6309582572740761438411122808522,3725.6309582572740761438411122808522,0,0
2022-01-03 21:47:00,49996509038,-13412383444187549264,194088.0,194088.0,194088.0,194088.0,49996509038,0,10823569567918776514,3726.3761217052351135318106419417202,3725.6309582572740761438411122808522,49996.509038,0
2022-01-03 21:48:00,10788039221,-2863580260469846047,194088.0,194090.0,194087.0,194090.0,123369747821,30230140909224028315,10823569567918776514,3726.3761217052351135318106419417202,3726.3761217052351135318106419417202,123369.747821,30.230140909224028315
2022-01-03 21:49:00,82703112494,-22181291701349112962,194086.0,194086.0,194086.0,194086.0,82703112494,0,10823569567918776514,3727.1214341933373776068681393882150,3726.3761217052351135318106419417202,82703.112494,0
2022-01-03 21:50:00,-3500000000,939540258905194846,194086.0,194086.0,194086.0,194086.0,0,939540258905194846,10823569567918776514,3727.1214341933373776068681393882150,3727.1214341933373776068681393882150,0,0.939540258905194846
2022-01-03 21:51:00,-62838891337,16890299264003726419,194088.0,194086.0,194083.0,194088.0,75000000000,37001187178044717953,10823569567918776514,3726.3761217052351135318106419417202,3727.1214341933373776068681393882150,75000,37.001187178044717953
2022-01-03 21:52:00,-14012227359,3767627662614241570,194088.0,194088.0,194087.0,194088.0,20000000000,9132168329812697298,10823569567918776514,3726.3761217052351135318106419417202,3726.3761217052351135318106419417202,20000,9.132168329812697298
2022-01-03 21:53:00,-8991423875,2424940742493328974,194088.0,194087.0,194087.0,194088.0,39766385428,13091331035592997971,10823569567918776514,3726.3761217052351135318106419417202,3726.3761217052351135318106419417202,39766.385428,13.091331035592997971
2022-01-03 21:54:00,-130872100296,35159587950937037999,194092.0,194088.0,194088.0,194093.0,44528484681,47108625031237230381,10729449458852103505,3724.8859438196507078057728796471972,3726.3761217052351135318106419417202,44528.484681,47.108625031237230381
2022-01-03 21:55:00,55946571580,-15005452466250924353,194091.0,194093.0,194091.0,194093.0,80219599522,6520405921737656315,10729449458852103505,3725.2584324140326728765534569351581,3724.8859438196507078057728796471972,80219.599522,6.520405921737656315
2022-01-03 21:56:00,22623059399,-6036336401061738258,194090.0,194091.0,194086.0,194091.0,146705244814,33316867131755428999,10729449458852103505,3725.6309582572740761438411122808522,3725.2584324140326728765534569351581,146705.244814,33.316867131755428999
2022-01-03 21:57:00,-19047011158,5123350999295707937,194090.0,194090.0,194090.0,194091.0,29984249368,13168225699294133535,10729449458852103505,3725.6309582572740761438411122808522,3725.6309582572740761438411122808522,29984.249368,13.168225699294133535
2022-01-03 21:58:00,66375269980,-17806761977403934579,194088.0,194088.0,194088.0,194088.0,66375269980,0,10823569567918776514,3726.3761217052351135318106419417202,3725.6309582572740761438411122808522,66375.26998,0
2022-01-03 21:59:00,-76964946865,20673302609582018701,194091.0,194088.0,194088.0,194091.0,17161605130,25276771088235216065,10729449458852103505,3725.2584324140326728765534569351581,3726.3761217052351135318106419417202,17161.60513,25.276771088235216065
2022-01-03 22:00:00,32045466173,-8597694019544027970,194090.0,194090.0,194090.0,194090.0,32045466173,0,10729449458852103505,3725.6309582572740761438411122808522,3725.2584324140326728765534569351581,32045.466173,0
2022-01-03 22:01:00,207913121778,-55762131397802852160,194083.0,194084.0,194083.0,194084.0,207913121778,0,10823569567918776514,3728.2396824409655260544648654136855,3725.6309582572740761438411122808522,207913.121778,0
2022-01-03 22:02:00,-1788482865,480000000000000000,194084.0,194084.0,194084.0,194084.0,0,480000000000000000,10823569567918776514,3727.8668957513903870157632890847727,3728.2396824409655260544648654136855,0,0.48
2022-01-03 22:03:00,-40542804029,10882055593822282901,194085.0,194084.0,194084.0,194085.0,1203050433,11204653199564141801,10823569567918776514,3727.4941463367567113446288262021548,3727.8668957513903870157632890847727,1203.050433,11.204653199564141801
2022-01-03 22:04:00,0,0,194085.0,194085.0,194085.0,194085.0,0,0,10823569567918776514,3727.4941463367567113446288262021548,3727.4941463367567113446288262021548,0,0
2022-01-03 22:05:00,350842533875,-94026829804025345560,194074.0,194074.0,194074.0,194074.0,356138337894,1420000000000000000,10823569567918776514,3731.5964406346671876184383091850493,3727.4941463367567113446288262021548,356138.337894,1.42
2022-01-03 22:06:00,-38336972853,10280000000000000000,194075.0,194075.0,194075.0,194075.0,0,10280000000000000000,10823569567918776514,3731.2233183028369039280455046345875,3731.5964406346671876184383091850493,0,10.28
2022-01-03 22:07:00,-96528356957,25889210667925274451,194078.0,194077.0,194077.0,194078.0,0,25889210667925274451,10823569567918776514,3730.1041751434385138955779758605945,3731.2233183028369039280455046345875,0,25.889210667925274451
2022-01-03 22:08:00,-3793455638,1021757697830930828,194078.0,194079.0,194078.0,194079.0,15610636300,5205151601663940837,10823569567918776514,3730.1041751434385138955779758605945,3730.1041751434385138955779758605945,15610.6363,5.205151601663940837
2022-01-03 22:09:00,6888689422,-1845210774111922514,194078.0,194078.0,194078.0,194078.0,9804518467,782138028088448145,10823569567918776514,3730.1041751434385138955779758605945,3730.1041751434385138955779758605945,9804.518467,0.782138028088448145
2022-01-03 22:10:00,-22579367248,6056892452980420482,194079.0,194079.0,194079.0,194079.0,0,6056892452980420482,10823569567918776514,3729.7312020232361902765503208285125,3730.1041751434385138955779758605945,0,6.056892452980420482
2022-01-03 22:11:00,8912893545,-2388265728190830188,194079.0,194079.0,194079.0,194079.0,9912500000,268152986791078173,10823569567918776514,3729.7312020232361902765503208285125,3729.7312020232361902765503208285125,9912.5,0.268152986791078173
2022-01-03 22:12:00,433121977489,-115976249171882864210,194065.0,194078.0,194064.0,194078.0,496592692395,17004235544977116617,10824727423486383528,3734.9562211194581403980714696023982,3729.7312020232361902765503208285125,496592.692395,17.004235544977116617
2022-01-03 22:13:00,-214801080113,57563888863843591399,194072.0,194067.0,194067.0,194072.0,0,57563888863843591399,10823569567918776514,3732.3427972387585274026338730312736,3734.9562211194581403980714696023982,0,57.563888863843591399
2022-01-03 22:14:00,4790620310,-1282947606471585850,194072.0,194072.0,194072.0,194072.0,4790620310,0,10823569567918776514,3732.3427972387585274026338730312736,3732.3427972387585274026338730312736,4790.62031,0
2022-01-03 22:15:00,-375935588814,100898328830565836755,194083.0,194072.0,194068.0,194083.0,238286051612,164712191738143616615,10823569567918776514,3728.2396824409655260544648654136855,3732.3427972387585274026338730312736,238286.051612,164.712191738143616615
2022-01-03 22:16:00,368528035710,-98745583710466650398,194072.0,194072.0,194072.0,194072.0,384648435284,4321393178683073765,10823569567918776514,3732.3427972387585274026338730312736,3728.2396824409655260544648654136855,384648.435284,4.321393178683073765
2022-01-03 22:17:00,-56958374617,15274799484003178720,194074.0,194072.0,194072.0,194074.0,16000000000,19559880980650522556,10823569567918776514,3731.5964406346671876184383091850493,3732.3427972387585274026338730312736,16000,19.559880980650522556
2022-01-03 22:18:00,340063779431,-91024918062425451767,194063.0,194075.0,194063.0,194075.0,399433497708,15917673439050149125,10824727423486383528,3735.7032497132442432207324878770323,3731.5964406346671876184383091850493,399433.497708,15.917673439050149125
2022-01-03 22:19:00,-71241724192,19095280831512782562,194066.0,194062.0,194062.0,194066.0,42313957760,30416900000000000000,10824727423486383528,3734.5827628431738230157698926131382,3735.7032497132442432207324878770323,42313.95776,30.4169
2022-01-03 22:20:00,1156942417424,-309173785348627292875,194041.0,194050.0,194041.0,194050.0,1210243321831,14252384474779840202,24515008231000877003,3743.9304320928368736744708401478638,3734.5827628431738230157698926131382,1210243.321831,14.252384474779840202
2022-01-03 22:21:00,439560923089,-117242505496757623814,194035.0,194043.0,194033.0,194043.0,731281057362,77930239907904414806,23031253743224692789,3746.1773520165416144863510204073844,3743.9304320928368736744708401478638,731281.057362,77.930239907904414806
2022-01-03 22:22:00,-41183731744,11000000000000000000,194036.0,194036.0,194036.0,194036.0,0,11000000000000000000,23031253743224692789,3745.8027717393676777185791624911351,3746.1773520165416144863510204073844,0,11
2022-01-03 22:23:00,-318156901329,85000000000000000000,194040.0,194039.0,194039.0,194040.0,0,85000000000000000000,24515008231000877003,3744.3048251360461573618382872318793,3745.8027717393676777185791624911351,0,85
2022-01-03 22:24:00,230070704535,-61408942762210045032,194037.0,194037.0,194037.0,194037.0,230070704535,0,23031253743224692789,3745.4282289164760301155676057305591,3744.3048251360461573618382872318793,230070.704535,0
2022-01-03 22:25:00,471127596125,-125669340909635032169,194030.0,194037.0,194030.0,194037.0,540251533604,18460723909738133820,23031253743224692789,3748.0508153477487335940588424885263,3745.4282289164760301155676057305591,540251.533604,18.46072390973813382
2022-01-03 22:26:00,121429852723,-32373940652741283755,194029.0,194028.0,194028.0,194029.0,149936910616,7608740887159098382,23040216270307414852,3748.4256204292835084674182483727765,3748.0508153477487335940588424885263,149936.910616,7.608740887159098382
2022-01-03 22:27:00,1023960571365,-272790983467286297555,194014.0,194031.0,194014.0,194031.0,1200429900127,47107792000000000000,24055589502192500757,3754.0521964128743144543005241608252,3748.4256204292835084674182483727765,1200429.900127,47.107792
2022-01-03 22:28:00,1755461152251,-466656172626162869267,193990.0,194004.0,193990.0,194004.0,2533178384087,206921003663760067740,24058421163343912162,3763.0722904705196098734206016098014,3754.0521964128743144543005241608252,2533178.384087,206.92100366376006774
2022-01-03 22:29:00,517364678446,-136747287662367421533,193978.0,193991.0,193955.0,193991.0,2745688363338,591137487708576173808,31324683113015308258,3767.5904616748581497371137450590302,3763.0722904705196098734206016098014,2745688.363338,591.137487708576173808
2022-01-03 22:30:00,555516856550,-147289676056903300187,193972.0,193979.0,193972.0,193981.0,746123439502,50625750637774884864,31324683113015308258,3769.8515811657897767009273444460488,3767.5904616748581497371137450590302,746123.439502,50.625750637774884864
2022-01-03 22:31:00,-41008186862,10884615664111190016,193973.0,193973.0,193973.0,193973.0,0,10884615664111190016,31324683113015308258,3769.4746337024195347474525991861323,3769.8515811657897767009273444460488,0,10.884615664111190016
2022-01-03 22:32:00,-3205346368,850800000000000000,193973.0,193973.0,193973.0,193973.0,0,850800000000000000,31324683113015308258,3769.4746337024195347474525991861323,3769.4746337024195347474525991861323,0,0.8508
2022-01-03 22:33:00,273507405905,-72511728441006488213,193970.0,193970.0,193970.0,193970.0,284798689405,2996198254028259328,31324683113015308258,3770.6055891805387463141652969242134,3769.4746337024195347474525991861323,284798.689405,2.996198254028259328
2022-01-03 22:34:00,-27999801713,7431039216665466600,193970.0,193970.0,193970.0,193970.0,3772168834,8431039216665466600,31324683113015308258,3770.6055891805387463141652969242134,3770.6055891805387463141652969242134,3772.168834,8.4310392166654666
2022-01-03 22:35:00,-87336201191,23176958731249275910,193971.0,193971.0,193971.0,193971.0,0,23176958731249275910,31324683113015308258,3770.2285663239063556785974371804942,3770.6055891805387463141652969242134,0,23.17695873124927591
2022-01-03 22:36:00,39753423647,-10536612109633412556,193971.0,193971.0,193971.0,193971.0,50000000000,2719336577367833500,31324683113015308258,3770.2285663239063556785974371804942,3770.2285663239063556785974371804942,50000,2.7193365773678335
2022-01-03 22:37:00,40088076278,-10627612095147511175,193970.0,193971.0,193970.0,193971.0,40088076278,0,31324683113015308258,3770.6055891805387463141652969242134,3770.2285663239063556785974371804942,40088.076278,0
2022-01-03 22:38:00,0,0,193970.0,193970.0,193970.0,193970.0,0,0,31324683113015308258,3770.6055891805387463141652969242134,3770.6055891805387463141652969242134,0,0
2022-01-03 22:39:00,0,0,193970.0,193970.0,193970.0,193970.0,0,0,31324683113015308258,3770.6055891805387463141652969242134,3770.6055891805387463141652969242134,0,0
2022-01-03 22:40:00,-423786871004,112483554387806545967,193975.0,193972.0,193972.0,193975.0,0,112483554387806545967,31324683113015308258,3768.7208518448420478894542294457024,3770.6055891805387463141652969242134,0,112.483554387806545967
2022-01-03 22:41:00,-321339021497,85333833185237302912,193978.0,193975.0,193975.0,193978.0,35508019447,94752020902526818903,31324683113015308258,3767.5904616748581497371137450590302,3768.7208518448420478894542294457024,35508.019447,94.752020902526818903
2022-01-03 22:42:00,-779825000066,207277984099792092029,193994.0,193978.0,193978.0,193994.0,10000000000,209932291051698148171,24058421163343912162,3761.5674377863121719180340455906335,3767.5904616748581497371137450590302,10000,209.932291051698148171
2022-01-03 22:43:00,-1529051119568,407148447418285125102,194015.0,193995.0,193995.0,194015.0,39131476577,417557116331523821420,24055589502192500757,3753.6768287300013143228682373370920,3761.5674377863121719180340455906335,39131.476577,417.55711633152382142
2022-01-03 22:44:00,40288820151,-10727147252361817033,194014.0,194014.0,194014.0,194014.0,42518002392,594145318242725054,24055589502192500757,3754.0521964128743144543005241608252,3753.6768287300013143228682373370920,42518.002392,0.594145318242725054
2022-01-03 22:45:00,1018919217492,-271113809528926640439,194000.0,194014.0,194000.0,194014.0,1018919217492,0,24055589502192500757,3759.3112870422019294967095569233935,3754.0521964128743144543005241608252,1018919.217492,0
2022-01-03 22:46:00,100396423828,-26693197109292834646,193999.0,193999.0,193999.0,193999.0,100396423828,0,24058421163343912162,3759.6872181709061496896592278790905,3759.3112870422019294967095569233935,100396.423828,0
2022-01-03 22:47:00,-1461168906782,389249335270389885576,194019.0,193999.0,193999.0,194019.0,32998700000,398023263522222478580,24055589502192500757,3752.1757332911317859898272907740055,3759.6872181709061496896592278790905,32998.7,398.02326352222247858
2022-01-03 22:48:00,57650050991,-15356647571936364594,194018.0,194018.0,194018.0,194018.0,57650050991,0,24055589502192500757,3752.5509508644608991684262735030845,3752.1757332911317859898272907740055,57650.050991,0
2022-01-03 22:49:00,53501932289,-14250609718897222573,194017.0,194018.0,194017.0,194018.0,53501932289,0,24055589502192500757,3752.9262059595473452583431161304305,3752.5509508644608991684262735030845,53501.932289,0
2022-01-03 22:50:00,0,0,194017.0,194017.0,194017.0,194017.0,0,0,24055589502192500757,3752.9262059595473452583431161304305,3752.9262059595473452583431161304305,0,0
2022-01-03 22:51:00,-2220804365,592097979048597585,194017.0,194017.0,194017.0,194017.0,0,592097979048597585,24055589502192500757,3752.9262059595473452583431161304305,3752.9262059595473452583431161304305,0,0.592097979048597585
2022-01-03 22:52:00,-1780549016,477368256936870059,194017.0,194017.0,194017.0,194017.0,9931854226,3122693806527314494,24055589502192500757,3752.9262059595473452583431161304305,3752.9262059595473452583431161304305,9931.854226,3.122693806527314494
2022-01-03 22:53:00,-10239292275,2732635911664265223,194018.0,194017.0,194017.0,194018.0,10000000000,5396104838235540000,24055589502192500757,3752.5509508644608991684262735030845,3752.9262059595473452583431161304305,10000,5.39610483823554
2022-01-03 22:54:00,122762929245,-32693902067379562861,194016.0,194016.0,194016.0,194016.0,128678805853,1577022694897307700,24055589502192500757,3753.3014985801432999928689504420469,3752.5509508644608991684262735030845,128678.805853,1.5770226948973077
2022-01-03 22:55:00,-24912405438,6644161499885519231,194016.0,194016.0,194016.0,194016.0,11390246909,9677601984851218812,24055589502192500757,3753.3014985801432999928689504420469,3753.3014985801432999928689504420469,11390.246909,9.677601984851218812
2022-01-03 22:56:00,-6136496999,1639471353604427694,194016.0,194016.0,194016.0,194016.0,13414477923,5212037942237457946,24055589502192500757,3753.3014985801432999928689504420469,3753.3014985801432999928689504420469,13414.477923,5.212037942237457946
2022-01-03 22:57:00,367920827410,-97950816042026382371,194011.0,194013.0,194011.0,194013.0,402265831547,9151109610837581510,24055589502192500757,3755.1785246971181213312791222615424,3753.3014985801432999928689504420469,402265.831547,9.15110961083758151
2022-01-03 22:58:00,67198432089,-17885815467942637882,194010.0,194011.0,194010.0,194011.0,69750474325,680000000000000000,24055589502192500757,3755.5540425495878331434122501737686,3755.1785246971181213312791222615424,69750.474325,0.68
2022-01-03 22:59:00,0,0,194010.0,194010.0,194010.0,194010.0,0,0,24055589502192500757,3755.5540425495878331434122501737686,3755.5540425495878331434122501737686,0,0
2022-01-03 23:00:00,-13406681280,3572651006407079623,194011.0,194010.0,194010.0,194011.0,2613495382,4268263369562684027,24055589502192500757,3755.1785246971181213312791222615424,3755.5540425495878331434122501737686,2613.495382,4.268263369562684027
2022-01-03 23:01:00,-43284048725,11532653869519741652,194011.0,194011.0,194011.0,194011.0,0,11532653869519741652,24055589502192500757,3755.1785246971181213312791222615424,3755.1785246971181213312791222615424,0,11.532653869519741652
2022-01-03 23:02:00,-6671858265,1777718165155686949,194011.0,194011.0,194011.0,194011.0,0,1777718165155686949,24055589502192500757,3755.1785246971181213312791222615424,3755.1785246971181213312791222615424,0,1.777718165155686949
2022-01-03 23:03:00,-1391193508741,371040560000000000000,194031.0,194031.0,194031.0,194031.0,0,371040560000000000000,23031253743224692789,3747.6760477429744361504437981087153,3755.1785246971181213312791222615424,0,371.04056
2022-01-03 23:04:00,36445839407,-9719879321739139874,194030.0,194030.0,194030.0,194030.0,36445839407,0,23031253743224692789,3748.0508153477487335940588424885263,3747.6760477429744361504437981087153,36445.839407,0
2022-01-03 23:05:00,594096337247,-158369081776033903047,194022.0,194029.0,194022.0,194030.0,601438206987,1959833489726669187,23040216270307414852,3751.0503056641723140647742642374412,3748.0508153477487335940588424885263,601438.206987,1.959833489726669187
2022-01-03 23:06:00,1386090109999,-368990908820142495051,194003.0,194004.0,194003.0,194004.0,1386090109999,0,24055589502192500757,3758.1837191771790167571347347721645,3751.0503056641723140647742642374412,1386090.109999,0
2022-01-03 23:07:00,-5383719364,1433290420455336755,194003.0,194003.0,194003.0,194003.0,0,1433290420455336755,24055589502192500757,3758.1837191771790167571347347721645,3758.1837191771790167571347347721645,0,1.433290420455336755
2022-01-03 23:08:00,-91241382451,24301810600671593909,194004.0,194004.0,194004.0,194005.0,35000000000,33611840333273537495,24055589502192500757,3757.8079383833406826888658481873451,3758.1837191771790167571347347721645,35000,33.611840333273537495
2022-01-03 23:09:00,-15773843260,4200000000000000000,194004.0,194004.0,194004.0,194004.0,0,4200000000000000000,24055589502192500757,3757.8079383833406826888658481873451,3757.8079383833406826888658481873451,0,4.2
2022-01-03 23:10:00,6232709358,-1607906359134565861,194004.0,194003.0,194002.0,194005.0,194025578259,50000000000000000000,24055589502192500757,3757.8079383833406826888658481873451,3757.8079383833406826888658481873451,194025.578259,50
2022-01-03 23:11:00,915515508063,-243374288688295939226,193992.0,194004.0,193992.0,194004.0,915515508063,0,24058421163343912162,3762.3197888895438122155393715800911,3757.8079383833406826888658481873451,915515.508063,0
2022-01-03 23:12:00,10064745774,-2672505163212036530,193992.0,193992.0,193992.0,193992.0,15178777325,1360000000000000000,24058421163343912162,3762.3197888895438122155393715800911,3762.3197888895438122155393715800911,15178.777325,1.36
2022-01-03 23:13:00,0,0,193992.0,193992.0,193992.0,193992.0,0,0,24058421163343912162,3762.3197888895438122155393715800911,3762.3197888895438122155393715800911,0,0
2022-01-03 23:14:00,-187995127421,50000000000000000000,193994.0,193994.0,193994.0,193994.0,0,50000000000000000000,24058421163343912162,3761.5674377863121719180340455906335,3762.3197888895438122155393715800911,0,50
2022-01-03 23:15:00,48406839959,-12862838910377998833,193994.0,193994.0,193994.0,193994.0,48406839959,0,24058421163343912162,3761.5674377863121719180340455906335,3761.5674377863121719180340455906335,48406.839959,0
2022-01-03 23:16:00,-29388771902,7817137227949739214,193994.0,193994.0,193994.0,193994.0,500000000,7950000000000000000,24058421163343912162,3761.5674377863121719180340455906335,3761.5674377863121719180340455906335,500,7.95
2022-01-03 23:17:00,612298043,-162703107776876400,193994.0,193994.0,193994.0,193994.0,612298043,0,24058421163343912162,3761.5674377863121719180340455906335,3761.5674377863121719180340455906335,612.298043,0
2022-01-03 23:18:00,5000000000,-1328621668366496182,193994.0,193994.0,193994.0,193994.0,5000000000,0,24058421163343912162,3761.5674377863121719180340455906335,3761.5674377863121719180340455906335,5000,0
2022-01-03 23:19:00,-8270961276,2200000000000000000,193994.0,193994.0,193994.0,193994.0,0,2200000000000000000,24058421163343912162,3761.5674377863121719180340455906335,3761.5674377863121719180340455906335,0,2.2
2022-01-03 23:20:00,-16507830,9709437224400000,193994.0,193994.0,193994.0,193994.0,20000000000,5324165691847928527,24058421163343912162,3761.5674377863121719180340455906335,3761.5674377863121719180340455906335,20000,5.324165691847928527
2022-01-03 23:21:00,-64879394278,17258181286437398343,193995.0,193995.0,193995.0,193995.0,0,17258181286437398343,24058421163343912162,3761.1913186544467272453095146391682,3761.5674377863121719180340455906335,0,17.258181286437398343
2022-01-03 23:22:00,-58968746953,15694899725322349076,193996.0,193995.0,193995.0,193996.0,28792570465,23346798376866897636,24058421163343912162,3760.8152371307336538799215224869178,3761.1913186544467272453095146391682,28792.570465,23.346798376866897636
2022-01-03 23:23:00,-16847261330,4482046238178075819,193996.0,193996.0,193996.0,193996.0,0,4482046238178075819,24058421163343912162,3760.8152371307336538799215224869178,3760.8152371307336538799215224869178,0,4.482046238178075819
2022-01-03 23:24:00,-2226278527,592286906610200074,193996.0,193996.0,193996.0,193996.0,0,592286906610200074,24058421163343912162,3760.8152371307336538799215224869178,3760.8152371307336538799215224869178,0,0.592286906610200074
2022-01-03 23:25:00,0,0,193996.0,193996.0,193996.0,193996.0,0,0,24058421163343912162,3760.8152371307336538799215224869178,3760.8152371307336538799215224869178,0,0
2022-01-03 23:26:00,49611429697,-13183879438604391687,193995.0,193996.0,193995.0,193996.0,54498001655,1300000000000000000,24058421163343912162,3761.1913186544467272453095146391682,3760.8152371307336538799215224869178,54498.001655,1.3
2022-01-03 23:27:00,-4829035366,1285178565327900182,193995.0,193995.0,193995.0,193995.0,1975317300,1810138285687110773,24058421163343912162,3761.1913186544467272453095146391682,3761.1913186544467272453095146391682,1975.3173,1.810138285687110773
2022-01-03 23:28:00,-24972104114,6643385126505893673,193996.0,193996.0,193996.0,193996.0,0,6643385126505893673,24058421163343912162,3760.8152371307336538799215224869178,3761.1913186544467272453095146391682,0,6.643385126505893673
2022-01-03 23:29:00,405576900000,-107760883214922657192,193990.0,193996.0,193990.0,193996.0,405576900000,0,24058421163343912162,3763.0722904705196098734206016098014,3760.8152371307336538799215224869178,405576.9,0
2022-01-03 23:30:00,-89264718246,23736087393665885359,193991.0,193991.0,193991.0,193991.0,0,23736087393665885359,24058421163343912162,3762.6960208684327665967609255172478,3763.0722904705196098734206016098014,0,23.736087393665885359
2022-01-03 23:31:00,25931066439,-6887148363378587070,193991.0,193991.0,193991.0,193991.0,31566986876,1498725427216568439,24058421163343912162,3762.6960208684327665967609255172478,3762.6960208684327665967609255172478,31566.986876,1.498725427216568439
2022-01-03 23:32:00,49532910902,-13149674179056911110,193990.0,193991.0,193990.0,193991.0,80316773258,8186013904100650920,24058421163343912162,3763.0722904705196098734206016098014,3762.6960208684327665967609255172478,80316.773258,8.18601390410065092
2022-01-03 23:33:00,-30290534008,8054285568003520821,193991.0,193990.0,193990.0,193991.0,0,8054285568003520821,24058421163343912162,3762.6960208684327665967609255172478,3763.0722904705196098734206016098014,0,8.054285568003520821
2022-01-03 23:34:00,-40624249221,10802916633005772124,193991.0,193991.0,193991.0,193991.0,1376653671,11168625763880344163,24058421163343912162,3762.6960208684327665967609255172478,3762.6960208684327665967609255172478,1376.653671,11.168625763880344163
2022-01-03 23:35:00,410082450283,-108891984859627458424,193981.0,193991.0,193981.0,193991.0,411582450283,398882166116526616,10454539012684026266,3766.4604105541131387615370079717697,3762.6960208684327665967609255172478,411582.450283,0.398882166116526616
2022-01-03 23:36:00,-32956829676,8755228043672870790,193982.0,193981.0,193981.0,193982.0,0,8755228043672870790,10454539012684026266,3766.0838021738957491866183461371541,3766.4604105541131387615370079717697,0,8.75522804367287079
2022-01-03 23:37:00,949455194464,-251827768714356301157,193970.0,193971.0,193970.0,193971.0,949455194464,0,31324683113015308258,3770.6055891805387463141652969242134,3766.0838021738957491866183461371541,949455.194464,0
2022-01-03 23:38:00,1250159393461,-331132002236030699460,193957.0,193971.0,193956.0,193971.0,1516091596293,70515665129901424426,31138112052689017393,3775.5103185974958528440212658543720,3770.6055891805387463141652969242134,1516091.596293,70.515665129901424426
2022-01-03 23:39:00,-407511977739,108021845078820439754,193962.0,193958.0,193958.0,193962.0,0,108021845078820439754,31096666619345117317,3773.6231296326284572069447406069752,3775.5103185974958528440212658543720,0,108.021845078820439754
2022-01-03 23:40:00,-198501278347,52637781680021023825,193964.0,193962.0,193962.0,193964.0,11575805049,55703956743024507790,31096666619345117317,3772.8685182003032145610003949179838,3773.6231296326284572069447406069752,11575.805049,55.70395674302450779
2022-01-03 23:41:00,-280225022464,74334668135872074780,193967.0,193964.0,193964.0,193967.0,43037932788,85739959494211091739,31096666619345117317,3771.7368839792311889434024746845623,3772.8685182003032145610003949179838,43037.932788,85.739959494211091739
2022-01-03 23:42:00,-207402446385,55022786088164583351,193969.0,193969.0,193969.0,193969.0,0,55022786088164583351,31096666619345117317,3770.9826497394568001887967134539027,3771.7368839792311889434024746845623,0,55.022786088164583351
2022-01-03 23:43:00,-21237861786,5637398248535619089,193969.0,193969.0,193969.0,193969.0,9160020401,8065326369175977981,31096666619345117317,3770.9826497394568001887967134539027,3770.9826497394568001887967134539027,9160.020401,8.065326369175977981
2022-01-03 23:44:00,318696851305,-84455743037958298979,193966.0,193968.0,193966.0,193968.0,338696851305,5306090022348697419,31096666619345117317,3772.1140576676291120622968149320308,3770.9826497394568001887967134539027,338696.851305,5.306090022348697419
2022-01-03 23:45:00,-768889458425,204049130439031948421,193974.0,193966.0,193966.0,193975.0,101797345890,231045623177858788997,31487847826505631824,3769.0977239300265320942431748686444,3772.1140576676291120622968149320308,101797.34589,231.045623177858788997
2022-01-03 23:46:00,-597728658012,158723618691159944139,193980.0,193981.0,193980.0,193981.0,22521941291,164700425531914911744,10617703726174349832,3766.8370565951685500754131616725666,3769.0977239300265320942431748686444,22521.941291,164.700425531914911744
2022-01-03 23:47:00,99998896460,-26533680601301246774,193979.0,193979.0,193979.0,193979.0,99998896460,0,31487847826505631824,3767.2137403008280669304207029887321,3766.8370565951685500754131616725666,99998.89646,0
2022-01-03 23:48:00,-426987516835,113464056876503431078,193990.0,193990.0,193990.0,193990.0,5000000000,114792157795251709548,24221585876834235728,3763.0722904705196098734206016098014,3767.2137403008280669304207029887321,5000,114.792157795251709548
2022-01-03 23:49:00,0,0,193990.0,193990.0,193990.0,193990.0,0,0,24221585876834235728,3763.0722904705196098734206016098014,3763.0722904705196098734206016098014,0,0
2022-01-03 23:50:00,-3989071281,1060637500000000000,193990.0,193990.0,193990.0,193990.0,0,1060637500000000000,24221585876834235728,3763.0722904705196098734206016098014,3763.0722904705196098734206016098014,0,1.0606375
2022-01-03 23:51:00,0,0,193990.0,193990.0,193990.0,193990.0,0,0,24221585876834235728,3763.0722904705196098734206016098014,3763.0722904705196098734206016098014,0,0
2022-01-03 23:52:00,10797957872,-2863677183061055679,193990.0,193990.0,193990.0,193990.0,27588942799,4464381571570475246,24221585876834235728,3763.0722904705196098734206016098014,3763.0722904705196098734206016098014,27588.942799,4.464381571570475246
2022-01-03 23:53:00,108760313280,-28884374063934795595,193987.0,193990.0,193987.0,193990.0,110760313280,531766069874541160,10617703726174349832,3764.2013250535925521624414436027727,3763.0722904705196098734206016098014,110760.31328,0.53176606987454116
2022-01-03 23:54:00,-1166261923,310000000000000000,193987.0,193987.0,193987.0,193987.0,0,310000000000000000,10617703726174349832,3764.2013250535925521624414436027727,3764.2013250535925521624414436027727,0,0.31
2022-01-03 23:55:00,0,0,193987.0,193987.0,193987.0,193987.0,0,0,10617703726174349832,3764.2013250535925521624414436027727,3764.2013250535925521624414436027727,0,0
2022-01-03 23:56:00,98475841404,-26145446087224002400,193984.0,193986.0,193984.0,193986.0,98475841404,0,10617703726174349832,3765.3306983809125828609203334612615,3764.2013250535925521624414436027727,98475.841404,0
2022-01-03 23:57:00,-94696170597,25171753551737410688,193987.0,193983.0,193983.0,193987.0,18056810881,29965000000000000000,10617703726174349832,3764.2013250535925521624414436027727,3765.3306983809125828609203334612615,18056.810881,29.965
2022-01-03 23:58:00,4956250000,-1316063703157782012,193987.0,193987.0,193987.0,193987.0,4956250000,0,10617703726174349832,3764.2013250535925521624414436027727,3764.2013250535925521624414436027727,4956.25,0
2022-01-03 23:59:00,42295381325,-11223967026675387271,193985.0,193987.0,193985.0,193987.0,65526010721,6174919093232955273,10617703726174349832,3764.9542029606165212087994535159068,3764.2013250535925521624414436027727,65526.010721,6.174919093232955273
